Timestamp,Packet,Scenario,Type
1687799705.560075000,0,rover_s102_2x2_n2_15fps_1sp_aldrich.json,s102
1687799705.560389000,1,rover_s102_2x2_n2_15fps_1sp_aldrich.json,s102
1687799705.560604000,2,rover_s102_2x2_n2_15fps_1sp_aldrich.json,s102
1687799705.560889000,3,rover_s102_2x2_n2_15fps_1sp_aldrich.json,s102
1687799705.561079000,4,rover_s102_2x2_n2_15fps_1sp_aldrich.json,s102
1687799705.561081000,5,rover_s102_2x2_n2_15fps_1sp_aldrich.json,s102
1687799705.561372000,6,rover_s102_2x2_n2_15fps_1sp_aldrich.json,s102
1687799705.562360000,7,rover_s102_2x2_n2_15fps_1sp_aldrich.json,s102
1687799705.562362000,8,rover_s102_2x2_n2_15fps_1sp_aldrich.json,s102
1687799705.562598000,9,rover_s102_2x2_n2_15fps_1sp_aldrich.json,s102
1687799705.562811000,10,rover_s102_2x2_n2_15fps_1sp_aldrich.json,s102
1687799706.582182000,0,rover_s102_2x2_n2_15fps_1sp_aldrich.json,s102
1687799706.582348000,1,rover_s102_2x2_n2_15fps_1sp_aldrich.json,s102
1687799706.582942000,2,rover_s102_2x2_n2_15fps_1sp_aldrich.json,s102
1687799706.583040000,3,rover_s102_2x2_n2_15fps_1sp_aldrich.json,s102
1687799706.583132000,4,rover_s102_2x2_n2_15fps_1sp_aldrich.json,s102
1687799706.583787000,5,rover_s102_2x2_n2_15fps_1sp_aldrich.json,s102
1687799706.583904000,6,rover_s102_2x2_n2_15fps_1sp_aldrich.json,s102
1687799706.584820000,7,rover_s102_2x2_n2_15fps_1sp_aldrich.json,s102
1687799707.613814000,0,rover_s102_2x2_n2_15fps_1sp_aldrich.json,s102
1687799707.614246000,1,rover_s102_2x2_n2_15fps_1sp_aldrich.json,s102
1687799707.615453000,2,rover_s102_2x2_n2_15fps_1sp_aldrich.json,s102
1687799707.615454000,3,rover_s102_2x2_n2_15fps_1sp_aldrich.json,s102
1687799707.615565000,4,rover_s102_2x2_n2_15fps_1sp_aldrich.json,s102
1687799707.615700000,5,rover_s102_2x2_n2_15fps_1sp_aldrich.json,s102
1687799707.615819000,6,rover_s102_2x2_n2_15fps_1sp_aldrich.json,s102
1687799707.615920000,7,rover_s102_2x2_n2_15fps_1sp_aldrich.json,s102
1687799708.636075000,0,rover_s102_2x2_n2_15fps_1sp_aldrich.json,s102
1687799708.636413000,1,rover_s102_2x2_n2_15fps_1sp_aldrich.json,s102
1687799708.636655000,2,rover_s102_2x2_n2_15fps_1sp_aldrich.json,s102
1687799708.636959000,3,rover_s102_2x2_n2_15fps_1sp_aldrich.json,s102
1687799708.637175000,4,rover_s102_2x2_n2_15fps_1sp_aldrich.json,s102
1687799708.637419000,5,rover_s102_2x2_n2_15fps_1sp_aldrich.json,s102
1687799708.637422000,6,rover_s102_2x2_n2_15fps_1sp_aldrich.json,s102
1687799708.637787000,7,rover_s102_2x2_n2_15fps_1sp_aldrich.json,s102
1687799708.638004000,8,rover_s102_2x2_n2_15fps_1sp_aldrich.json,s102
1687799708.638663000,9,rover_s102_2x2_n2_15fps_1sp_aldrich.json,s102
1687799709.659992000,0,rover_s102_2x2_n2_15fps_1sp_aldrich.json,s102
1687799709.660193000,1,rover_s102_2x2_n2_15fps_1sp_aldrich.json,s102
1687799709.660284000,2,rover_s102_2x2_n2_15fps_1sp_aldrich.json,s102
1687799710.690545000,0,rover_s102_2x2_n2_15fps_1sp_aldrich.json,s102
1687799710.690932000,1,rover_s102_2x2_n2_15fps_1sp_aldrich.json,s102
1687799710.692116000,2,rover_s102_2x2_n2_15fps_1sp_aldrich.json,s102
1687799710.692118000,3,rover_s102_2x2_n2_15fps_1sp_aldrich.json,s102
1687799710.692237000,4,rover_s102_2x2_n2_15fps_1sp_aldrich.json,s102
1687799710.692367000,5,rover_s102_2x2_n2_15fps_1sp_aldrich.json,s102
1687799710.692505000,6,rover_s102_2x2_n2_15fps_1sp_aldrich.json,s102
1687799710.692605000,7,rover_s102_2x2_n2_15fps_1sp_aldrich.json,s102
1687799710.693173000,8,rover_s102_2x2_n2_15fps_1sp_aldrich.json,s102
1687799710.693316000,9,rover_s102_2x2_n2_15fps_1sp_aldrich.json,s102
1687799710.694238000,10,rover_s102_2x2_n2_15fps_1sp_aldrich.json,s102
1687799711.713946000,0,rover_s102_2x2_n2_15fps_1sp_aldrich.json,s102
1687799711.714156000,1,rover_s102_2x2_n2_15fps_1sp_aldrich.json,s102
1687799711.714680000,2,rover_s102_2x2_n2_15fps_1sp_aldrich.json,s102
1687799711.714784000,3,rover_s102_2x2_n2_15fps_1sp_aldrich.json,s102
1687799711.714886000,4,rover_s102_2x2_n2_15fps_1sp_aldrich.json,s102
1687799711.715484000,5,rover_s102_2x2_n2_15fps_1sp_aldrich.json,s102
1687799711.715589000,6,rover_s102_2x2_n2_15fps_1sp_aldrich.json,s102
1687799711.715675000,7,rover_s102_2x2_n2_15fps_1sp_aldrich.json,s102
1687799711.716565000,8,rover_s102_2x2_n2_15fps_1sp_aldrich.json,s102
1687799712.738035000,0,rover_s102_2x2_n2_15fps_1sp_aldrich.json,s102
1687799712.738246000,1,rover_s102_2x2_n2_15fps_1sp_aldrich.json,s102
1687799712.738831000,2,rover_s102_2x2_n2_15fps_1sp_aldrich.json,s102
1687799712.738933000,3,rover_s102_2x2_n2_15fps_1sp_aldrich.json,s102
1687799712.739351000,4,rover_s102_2x2_n2_15fps_1sp_aldrich.json,s102
1687799712.739448000,5,rover_s102_2x2_n2_15fps_1sp_aldrich.json,s102
1687799712.740008000,6,rover_s102_2x2_n2_15fps_1sp_aldrich.json,s102
1687799712.740398000,7,rover_s102_2x2_n2_15fps_1sp_aldrich.json,s102
1687799712.740400000,8,rover_s102_2x2_n2_15fps_1sp_aldrich.json,s102
1687799712.741320000,9,rover_s102_2x2_n2_15fps_1sp_aldrich.json,s102
1687799712.741419000,10,rover_s102_2x2_n2_15fps_1sp_aldrich.json,s102
1687799713.761530000,0,rover_s102_2x2_n2_15fps_1sp_aldrich.json,s102
1687799713.761999000,1,rover_s102_2x2_n2_15fps_1sp_aldrich.json,s102
1687799713.763459000,2,rover_s102_2x2_n2_15fps_1sp_aldrich.json,s102
1687799713.763460000,3,rover_s102_2x2_n2_15fps_1sp_aldrich.json,s102
1687799713.763598000,4,rover_s102_2x2_n2_15fps_1sp_aldrich.json,s102
1687799713.763729000,5,rover_s102_2x2_n2_15fps_1sp_aldrich.json,s102
1687799713.763843000,6,rover_s102_2x2_n2_15fps_1sp_aldrich.json,s102
1687799713.763924000,7,rover_s102_2x2_n2_15fps_1sp_aldrich.json,s102
1687799713.764289000,8,rover_s102_2x2_n2_15fps_1sp_aldrich.json,s102
1687799713.764391000,9,rover_s102_2x2_n2_15fps_1sp_aldrich.json,s102
1687799713.765047000,10,rover_s102_2x2_n2_15fps_1sp_aldrich.json,s102
1687799713.765753000,11,rover_s102_2x2_n2_15fps_1sp_aldrich.json,s102
1687799714.785437000,0,rover_s102_2x2_n2_15fps_1sp_aldrich.json,s102
1687799714.785635000,1,rover_s102_2x2_n2_15fps_1sp_aldrich.json,s102
1687799714.785727000,2,rover_s102_2x2_n2_15fps_1sp_aldrich.json,s102
1687799714.786160000,3,rover_s102_2x2_n2_15fps_1sp_aldrich.json,s102
1687799714.786261000,4,rover_s102_2x2_n2_15fps_1sp_aldrich.json,s102
1687799714.786359000,5,rover_s102_2x2_n2_15fps_1sp_aldrich.json,s102
1687799714.786867000,6,rover_s102_2x2_n2_15fps_1sp_aldrich.json,s102
1687799714.786975000,7,rover_s102_2x2_n2_15fps_1sp_aldrich.json,s102
1687799714.788255000,8,rover_s102_2x2_n2_15fps_1sp_aldrich.json,s102
1687799715.814736000,0,rover_s102_2x2_n2_15fps_1sp_aldrich.json,s102
1687799715.814956000,1,rover_s102_2x2_n2_15fps_1sp_aldrich.json,s102
1687799715.815067000,2,rover_s102_2x2_n2_15fps_1sp_aldrich.json,s102
1687799715.815473000,3,rover_s102_2x2_n2_15fps_1sp_aldrich.json,s102
1687799715.815589000,4,rover_s102_2x2_n2_15fps_1sp_aldrich.json,s102
1687799715.815693000,5,rover_s102_2x2_n2_15fps_1sp_aldrich.json,s102
1687799715.816063000,6,rover_s102_2x2_n2_15fps_1sp_aldrich.json,s102
1687799715.816180000,7,rover_s102_2x2_n2_15fps_1sp_aldrich.json,s102
1687799715.816930000,8,rover_s102_2x2_n2_15fps_1sp_aldrich.json,s102
1687799715.816932000,9,rover_s102_2x2_n2_15fps_1sp_aldrich.json,s102
1687799715.817079000,10,rover_s102_2x2_n2_15fps_1sp_aldrich.json,s102
1687799715.817864000,11,rover_s102_2x2_n2_15fps_1sp_aldrich.json,s102
1687799716.839510000,0,rover_s102_2x2_n2_15fps_1sp_aldrich.json,s102
1687799716.839880000,1,rover_s102_2x2_n2_15fps_1sp_aldrich.json,s102
1687799716.841183000,2,rover_s102_2x2_n2_15fps_1sp_aldrich.json,s102
1687799716.841185000,3,rover_s102_2x2_n2_15fps_1sp_aldrich.json,s102
1687799716.841324000,4,rover_s102_2x2_n2_15fps_1sp_aldrich.json,s102
1687799716.841443000,5,rover_s102_2x2_n2_15fps_1sp_aldrich.json,s102
1687799716.841554000,6,rover_s102_2x2_n2_15fps_1sp_aldrich.json,s102
1687799716.841645000,7,rover_s102_2x2_n2_15fps_1sp_aldrich.json,s102
1687799716.843434000,8,rover_s102_2x2_n2_15fps_1sp_aldrich.json,s102
1687799717.863687000,0,rover_s102_2x2_n2_15fps_1sp_aldrich.json,s102
1687799717.864357000,1,rover_s102_2x2_n2_15fps_1sp_aldrich.json,s102
1687799717.864476000,2,rover_s102_2x2_n2_15fps_1sp_aldrich.json,s102
1687799717.864478000,3,rover_s102_2x2_n2_15fps_1sp_aldrich.json,s102
1687799717.865103000,4,rover_s102_2x2_n2_15fps_1sp_aldrich.json,s102
1687799717.865227000,5,rover_s102_2x2_n2_15fps_1sp_aldrich.json,s102
1687799717.865610000,6,rover_s102_2x2_n2_15fps_1sp_aldrich.json,s102
1687799717.865700000,7,rover_s102_2x2_n2_15fps_1sp_aldrich.json,s102
1687799718.890126000,0,rover_s102_2x2_n2_15fps_1sp_aldrich.json,s102
1687799718.891669000,1,rover_s102_2x2_n2_15fps_1sp_aldrich.json,s102
1687799718.891795000,2,rover_s102_2x2_n2_15fps_1sp_aldrich.json,s102
1687799718.891891000,3,rover_s102_2x2_n2_15fps_1sp_aldrich.json,s102
1687799718.892414000,4,rover_s102_2x2_n2_15fps_1sp_aldrich.json,s102
1687799718.892509000,5,rover_s102_2x2_n2_15fps_1sp_aldrich.json,s102
1687799718.892631000,6,rover_s102_2x2_n2_15fps_1sp_aldrich.json,s102
1687799718.892633000,7,rover_s102_2x2_n2_15fps_1sp_aldrich.json,s102
1687799718.894351000,8,rover_s102_2x2_n2_15fps_1sp_aldrich.json,s102
1687799718.894473000,9,rover_s102_2x2_n2_15fps_1sp_aldrich.json,s102
1687799718.894896000,10,rover_s102_2x2_n2_15fps_1sp_aldrich.json,s102
1687799718.894994000,11,rover_s102_2x2_n2_15fps_1sp_aldrich.json,s102
1687799719.916717000,0,rover_s102_2x2_n2_15fps_1sp_aldrich.json,s102
1687799719.917093000,1,rover_s102_2x2_n2_15fps_1sp_aldrich.json,s102
1687799719.918372000,2,rover_s102_2x2_n2_15fps_1sp_aldrich.json,s102
1687799719.918374000,3,rover_s102_2x2_n2_15fps_1sp_aldrich.json,s102
1687799719.918560000,4,rover_s102_2x2_n2_15fps_1sp_aldrich.json,s102
1687799719.918668000,5,rover_s102_2x2_n2_15fps_1sp_aldrich.json,s102
1687799719.918805000,6,rover_s102_2x2_n2_15fps_1sp_aldrich.json,s102
1687799719.918896000,7,rover_s102_2x2_n2_15fps_1sp_aldrich.json,s102
1687799719.919307000,8,rover_s102_2x2_n2_15fps_1sp_aldrich.json,s102
1687799720.939859000,0,rover_s102_2x2_n2_15fps_1sp_aldrich.json,s102
1687799720.940069000,1,rover_s102_2x2_n2_15fps_1sp_aldrich.json,s102
1687799720.940524000,2,rover_s102_2x2_n2_15fps_1sp_aldrich.json,s102
1687799720.940526000,3,rover_s102_2x2_n2_15fps_1sp_aldrich.json,s102
1687799720.940657000,4,rover_s102_2x2_n2_15fps_1sp_aldrich.json,s102
1687799720.940755000,5,rover_s102_2x2_n2_15fps_1sp_aldrich.json,s102
1687799720.941225000,6,rover_s102_2x2_n2_15fps_1sp_aldrich.json,s102
1687799720.941326000,7,rover_s102_2x2_n2_15fps_1sp_aldrich.json,s102
1687799720.942047000,8,rover_s102_2x2_n2_15fps_1sp_aldrich.json,s102
1687799720.942175000,9,rover_s102_2x2_n2_15fps_1sp_aldrich.json,s102
1687799720.942263000,10,rover_s102_2x2_n2_15fps_1sp_aldrich.json,s102
1687799721.966845000,0,rover_s102_2x2_n2_15fps_1sp_aldrich.json,s102
1687799721.967053000,1,rover_s102_2x2_n2_15fps_1sp_aldrich.json,s102
1687799721.967156000,2,rover_s102_2x2_n2_15fps_1sp_aldrich.json,s102
1687799721.967258000,3,rover_s102_2x2_n2_15fps_1sp_aldrich.json,s102
1687799721.967689000,4,rover_s102_2x2_n2_15fps_1sp_aldrich.json,s102
1687799721.967789000,5,rover_s102_2x2_n2_15fps_1sp_aldrich.json,s102
1687799721.967880000,6,rover_s102_2x2_n2_15fps_1sp_aldrich.json,s102
1687799721.968536000,7,rover_s102_2x2_n2_15fps_1sp_aldrich.json,s102
1687799721.968652000,8,rover_s102_2x2_n2_15fps_1sp_aldrich.json,s102
1687799721.969076000,9,rover_s102_2x2_n2_15fps_1sp_aldrich.json,s102
1687799721.969212000,10,rover_s102_2x2_n2_15fps_1sp_aldrich.json,s102
1687799721.969213000,11,rover_s102_2x2_n2_15fps_1sp_aldrich.json,s102
1687799721.969868000,12,rover_s102_2x2_n2_15fps_1sp_aldrich.json,s102
1687799721.969984000,13,rover_s102_2x2_n2_15fps_1sp_aldrich.json,s102
1687799721.971116000,14,rover_s102_2x2_n2_15fps_1sp_aldrich.json,s102
1687799722.994603000,0,rover_s102_2x2_n2_15fps_1sp_aldrich.json,s102
1687799722.994983000,1,rover_s102_2x2_n2_15fps_1sp_aldrich.json,s102
1687799722.996489000,2,rover_s102_2x2_n2_15fps_1sp_aldrich.json,s102
1687799722.996491000,3,rover_s102_2x2_n2_15fps_1sp_aldrich.json,s102
1687799722.996639000,4,rover_s102_2x2_n2_15fps_1sp_aldrich.json,s102
1687799722.996741000,5,rover_s102_2x2_n2_15fps_1sp_aldrich.json,s102
1687799722.996859000,6,rover_s102_2x2_n2_15fps_1sp_aldrich.json,s102
1687799722.996947000,7,rover_s102_2x2_n2_15fps_1sp_aldrich.json,s102
1687799722.997332000,8,rover_s102_2x2_n2_15fps_1sp_aldrich.json,s102
1687799722.997441000,9,rover_s102_2x2_n2_15fps_1sp_aldrich.json,s102
1687799724.018576000,0,rover_s102_2x2_n2_15fps_1sp_aldrich.json,s102
1687799724.018796000,1,rover_s102_2x2_n2_15fps_1sp_aldrich.json,s102
1687799724.019350000,2,rover_s102_2x2_n2_15fps_1sp_aldrich.json,s102
1687799724.019467000,3,rover_s102_2x2_n2_15fps_1sp_aldrich.json,s102
1687799724.020122000,4,rover_s102_2x2_n2_15fps_1sp_aldrich.json,s102
1687799724.020240000,5,rover_s102_2x2_n2_15fps_1sp_aldrich.json,s102
1687799724.021146000,6,rover_s102_2x2_n2_15fps_1sp_aldrich.json,s102
1687799724.021148000,7,rover_s102_2x2_n2_15fps_1sp_aldrich.json,s102
1687799724.021287000,8,rover_s102_2x2_n2_15fps_1sp_aldrich.json,s102
1687799724.021947000,9,rover_s102_2x2_n2_15fps_1sp_aldrich.json,s102
1687799724.022062000,10,rover_s102_2x2_n2_15fps_1sp_aldrich.json,s102
1687799724.022709000,11,rover_s102_2x2_n2_15fps_1sp_aldrich.json,s102
1687799724.022823000,12,rover_s102_2x2_n2_15fps_1sp_aldrich.json,s102
1687799724.023876000,13,rover_s102_2x2_n2_15fps_1sp_aldrich.json,s102
1687799724.023877000,14,rover_s102_2x2_n2_15fps_1sp_aldrich.json,s102
1687799724.024031000,15,rover_s102_2x2_n2_15fps_1sp_aldrich.json,s102
1687799724.024908000,16,rover_s102_2x2_n2_15fps_1sp_aldrich.json,s102
1687799725.043933000,0,rover_s102_2x2_n2_15fps_1sp_aldrich.json,s102
1687799725.044130000,1,rover_s102_2x2_n2_15fps_1sp_aldrich.json,s102
1687799725.044244000,2,rover_s102_2x2_n2_15fps_1sp_aldrich.json,s102
1687799725.044323000,3,rover_s102_2x2_n2_15fps_1sp_aldrich.json,s102
1687799725.044777000,4,rover_s102_2x2_n2_15fps_1sp_aldrich.json,s102
1687799725.044887000,5,rover_s102_2x2_n2_15fps_1sp_aldrich.json,s102
1687799725.044975000,6,rover_s102_2x2_n2_15fps_1sp_aldrich.json,s102
1687799725.046179000,7,rover_s102_2x2_n2_15fps_1sp_aldrich.json,s102
1687799725.046323000,8,rover_s102_2x2_n2_15fps_1sp_aldrich.json,s102
1687799725.046654000,9,rover_s102_2x2_n2_15fps_1sp_aldrich.json,s102
1687799725.046775000,10,rover_s102_2x2_n2_15fps_1sp_aldrich.json,s102
1687799725.047477000,11,rover_s102_2x2_n2_15fps_1sp_aldrich.json,s102
1687799725.049739000,12,rover_s102_2x2_n2_15fps_1sp_aldrich.json,s102
1687799725.049864000,13,rover_s102_2x2_n2_15fps_1sp_aldrich.json,s102
1687799725.050634000,14,rover_s102_2x2_n2_15fps_1sp_aldrich.json,s102
1687799725.050748000,15,rover_s102_2x2_n2_15fps_1sp_aldrich.json,s102
1687799725.051941000,16,rover_s102_2x2_n2_15fps_1sp_aldrich.json,s102
1687799725.052063000,17,rover_s102_2x2_n2_15fps_1sp_aldrich.json,s102
1687799725.052923000,18,rover_s102_2x2_n2_15fps_1sp_aldrich.json,s102
1687799725.052925000,19,rover_s102_2x2_n2_15fps_1sp_aldrich.json,s102
1687799725.053073000,20,rover_s102_2x2_n2_15fps_1sp_aldrich.json,s102
1687799725.053908000,21,rover_s102_2x2_n2_15fps_1sp_aldrich.json,s102
1687799725.054039000,22,rover_s102_2x2_n2_15fps_1sp_aldrich.json,s102
1687799725.054629000,23,rover_s102_2x2_n2_15fps_1sp_aldrich.json,s102
1687799725.054736000,24,rover_s102_2x2_n2_15fps_1sp_aldrich.json,s102
1687799725.055581000,25,rover_s102_2x2_n2_15fps_1sp_aldrich.json,s102
1687799725.055582000,26,rover_s102_2x2_n2_15fps_1sp_aldrich.json,s102
1687799725.057092000,27,rover_s102_2x2_n2_15fps_1sp_aldrich.json,s102
1687799725.057440000,28,rover_s102_2x2_n2_15fps_1sp_aldrich.json,s102
1687799725.057441000,29,rover_s102_2x2_n2_15fps_1sp_aldrich.json,s102
1687799725.058204000,30,rover_s102_2x2_n2_15fps_1sp_aldrich.json,s102
1687799725.058306000,31,rover_s102_2x2_n2_15fps_1sp_aldrich.json,s102
1687799725.059074000,32,rover_s102_2x2_n2_15fps_1sp_aldrich.json,s102
1687799725.059197000,33,rover_s102_2x2_n2_15fps_1sp_aldrich.json,s102
1687799725.059579000,34,rover_s102_2x2_n2_15fps_1sp_aldrich.json,s102
1687799725.059690000,35,rover_s102_2x2_n2_15fps_1sp_aldrich.json,s102
1687799725.060301000,36,rover_s102_2x2_n2_15fps_1sp_aldrich.json,s102
1687799725.060412000,37,rover_s102_2x2_n2_15fps_1sp_aldrich.json,s102
1687799725.060798000,38,rover_s102_2x2_n2_15fps_1sp_aldrich.json,s102
1687799725.060799000,39,rover_s102_2x2_n2_15fps_1sp_aldrich.json,s102
1687799725.060926000,40,rover_s102_2x2_n2_15fps_1sp_aldrich.json,s102
1687799726.083602000,0,rover_s102_2x2_n2_15fps_1sp_aldrich.json,s102
1687799726.083953000,1,rover_s102_2x2_n2_15fps_1sp_aldrich.json,s102
1687799726.085183000,2,rover_s102_2x2_n2_15fps_1sp_aldrich.json,s102
1687799726.085184000,3,rover_s102_2x2_n2_15fps_1sp_aldrich.json,s102
1687799726.085325000,4,rover_s102_2x2_n2_15fps_1sp_aldrich.json,s102
1687799726.085451000,5,rover_s102_2x2_n2_15fps_1sp_aldrich.json,s102
1687799726.085607000,6,rover_s102_2x2_n2_15fps_1sp_aldrich.json,s102
1687799726.085693000,7,rover_s102_2x2_n2_15fps_1sp_aldrich.json,s102
1687799726.086164000,8,rover_s102_2x2_n2_15fps_1sp_aldrich.json,s102
1687799726.086282000,9,rover_s102_2x2_n2_15fps_1sp_aldrich.json,s102
1687799726.088425000,10,rover_s102_2x2_n2_15fps_1sp_aldrich.json,s102
1687799726.088858000,11,rover_s102_2x2_n2_15fps_1sp_aldrich.json,s102
1687799726.088962000,12,rover_s102_2x2_n2_15fps_1sp_aldrich.json,s102
1687799726.089603000,13,rover_s102_2x2_n2_15fps_1sp_aldrich.json,s102
1687799726.089712000,14,rover_s102_2x2_n2_15fps_1sp_aldrich.json,s102
1687799726.090294000,15,rover_s102_2x2_n2_15fps_1sp_aldrich.json,s102
1687799726.090397000,16,rover_s102_2x2_n2_15fps_1sp_aldrich.json,s102
1687799726.090898000,17,rover_s102_2x2_n2_15fps_1sp_aldrich.json,s102
1687799726.091012000,18,rover_s102_2x2_n2_15fps_1sp_aldrich.json,s102
1687799726.091554000,19,rover_s102_2x2_n2_15fps_1sp_aldrich.json,s102
1687799726.091665000,20,rover_s102_2x2_n2_15fps_1sp_aldrich.json,s102
1687799726.092143000,21,rover_s102_2x2_n2_15fps_1sp_aldrich.json,s102
1687799726.092253000,22,rover_s102_2x2_n2_15fps_1sp_aldrich.json,s102
1687799726.092734000,23,rover_s102_2x2_n2_15fps_1sp_aldrich.json,s102
1687799726.093126000,24,rover_s102_2x2_n2_15fps_1sp_aldrich.json,s102
1687799726.093207000,25,rover_s102_2x2_n2_15fps_1sp_aldrich.json,s102
1687799727.114270000,0,rover_s102_2x2_n2_15fps_1sp_aldrich.json,s102
1687799727.114889000,1,rover_s102_2x2_n2_15fps_1sp_aldrich.json,s102
1687799727.114983000,2,rover_s102_2x2_n2_15fps_1sp_aldrich.json,s102
1687799727.114985000,3,rover_s102_2x2_n2_15fps_1sp_aldrich.json,s102
1687799727.115541000,4,rover_s102_2x2_n2_15fps_1sp_aldrich.json,s102
1687799727.115899000,5,rover_s102_2x2_n2_15fps_1sp_aldrich.json,s102
1687799727.115901000,6,rover_s102_2x2_n2_15fps_1sp_aldrich.json,s102
1687799728.134729000,0,rover_s102_2x2_n2_15fps_1sp_aldrich.json,s102
1687799728.135442000,1,rover_s102_2x2_n2_15fps_1sp_aldrich.json,s102
1687799728.135538000,2,rover_s102_2x2_n2_15fps_1sp_aldrich.json,s102
1687799728.135625000,3,rover_s102_2x2_n2_15fps_1sp_aldrich.json,s102
1687799728.135626000,4,rover_s102_2x2_n2_15fps_1sp_aldrich.json,s102
1687799728.135816000,5,rover_s102_2x2_n2_15fps_1sp_aldrich.json,s102
1687799728.136166000,6,rover_s102_2x2_n2_15fps_1sp_aldrich.json,s102
1687799728.136262000,7,rover_s102_2x2_n2_15fps_1sp_aldrich.json,s102
1687799728.136758000,8,rover_s102_2x2_n2_15fps_1sp_aldrich.json,s102
1687799728.136864000,9,rover_s102_2x2_n2_15fps_1sp_aldrich.json,s102
1687799729.157449000,0,rover_s102_2x2_n2_15fps_1sp_aldrich.json,s102
1687799729.158019000,1,rover_s102_2x2_n2_15fps_1sp_aldrich.json,s102
1687799729.159343000,2,rover_s102_2x2_n2_15fps_1sp_aldrich.json,s102
1687799729.159344000,3,rover_s102_2x2_n2_15fps_1sp_aldrich.json,s102
1687799729.159479000,4,rover_s102_2x2_n2_15fps_1sp_aldrich.json,s102
1687799729.160068000,5,rover_s102_2x2_n2_15fps_1sp_aldrich.json,s102
1687799730.182184000,0,rover_s102_2x2_n2_15fps_1sp_aldrich.json,s102
1687799730.182383000,1,rover_s102_2x2_n2_15fps_1sp_aldrich.json,s102
1687799730.182478000,2,rover_s102_2x2_n2_15fps_1sp_aldrich.json,s102
1687799730.182480000,3,rover_s102_2x2_n2_15fps_1sp_aldrich.json,s102
1687799730.182601000,4,rover_s102_2x2_n2_15fps_1sp_aldrich.json,s102
1687799730.182921000,5,rover_s102_2x2_n2_15fps_1sp_aldrich.json,s102
1687799730.183281000,6,rover_s102_2x2_n2_15fps_1sp_aldrich.json,s102
1687799730.183282000,7,rover_s102_2x2_n2_15fps_1sp_aldrich.json,s102
1687799730.184282000,8,rover_s102_2x2_n2_15fps_1sp_aldrich.json,s102
1687799730.185143000,9,rover_s102_2x2_n2_15fps_1sp_aldrich.json,s102
1687799731.204759000,0,rover_s102_2x2_n2_15fps_1sp_aldrich.json,s102
1687799731.204969000,1,rover_s102_2x2_n2_15fps_1sp_aldrich.json,s102
1687799731.207485000,2,rover_s102_2x2_n2_15fps_1sp_aldrich.json,s102
1687799731.207606000,3,rover_s102_2x2_n2_15fps_1sp_aldrich.json,s102
1687799731.207690000,4,rover_s102_2x2_n2_15fps_1sp_aldrich.json,s102
1687799731.207692000,5,rover_s102_2x2_n2_15fps_1sp_aldrich.json,s102
1687799731.207788000,6,rover_s102_2x2_n2_15fps_1sp_aldrich.json,s102
1687799731.208563000,7,rover_s102_2x2_n2_15fps_1sp_aldrich.json,s102
1687799731.208565000,8,rover_s102_2x2_n2_15fps_1sp_aldrich.json,s102
1687799732.229980000,0,rover_s102_2x2_n2_15fps_1sp_aldrich.json,s102
1687799732.230356000,1,rover_s102_2x2_n2_15fps_1sp_aldrich.json,s102
1687799732.231749000,2,rover_s102_2x2_n2_15fps_1sp_aldrich.json,s102
1687799732.232877000,3,rover_s102_2x2_n2_15fps_1sp_aldrich.json,s102
1687799732.232960000,4,rover_s102_2x2_n2_15fps_1sp_aldrich.json,s102
1687799732.233021000,5,rover_s102_2x2_n2_15fps_1sp_aldrich.json,s102
1687799732.233023000,6,rover_s102_2x2_n2_15fps_1sp_aldrich.json,s102
1687799732.233143000,7,rover_s102_2x2_n2_15fps_1sp_aldrich.json,s102
1687799732.233446000,8,rover_s102_2x2_n2_15fps_1sp_aldrich.json,s102
1687799732.233536000,9,rover_s102_2x2_n2_15fps_1sp_aldrich.json,s102
1687799732.233622000,10,rover_s102_2x2_n2_15fps_1sp_aldrich.json,s102
1687799733.259554000,0,rover_s102_2x2_n2_15fps_1sp_aldrich.json,s102
1687799733.259772000,1,rover_s102_2x2_n2_15fps_1sp_aldrich.json,s102
1687799733.260813000,2,rover_s102_2x2_n2_15fps_1sp_aldrich.json,s102
1687799733.260897000,3,rover_s102_2x2_n2_15fps_1sp_aldrich.json,s102
1687799733.260991000,4,rover_s102_2x2_n2_15fps_1sp_aldrich.json,s102
1687799733.260993000,5,rover_s102_2x2_n2_15fps_1sp_aldrich.json,s102
1687799733.261107000,6,rover_s102_2x2_n2_15fps_1sp_aldrich.json,s102
1687799733.261744000,7,rover_s102_2x2_n2_15fps_1sp_aldrich.json,s102
1687799733.261852000,8,rover_s102_2x2_n2_15fps_1sp_aldrich.json,s102
1687799733.261952000,9,rover_s102_2x2_n2_15fps_1sp_aldrich.json,s102
1687799733.263993000,10,rover_s102_2x2_n2_15fps_1sp_aldrich.json,s102
1687799733.263995000,11,rover_s102_2x2_n2_15fps_1sp_aldrich.json,s102
1687799734.283288000,0,rover_s102_2x2_n2_15fps_1sp_aldrich.json,s102
1687799734.283519000,1,rover_s102_2x2_n2_15fps_1sp_aldrich.json,s102
1687799734.283611000,2,rover_s102_2x2_n2_15fps_1sp_aldrich.json,s102
1687799734.283612000,3,rover_s102_2x2_n2_15fps_1sp_aldrich.json,s102
1687799734.283783000,4,rover_s102_2x2_n2_15fps_1sp_aldrich.json,s102
1687799734.284426000,5,rover_s102_2x2_n2_15fps_1sp_aldrich.json,s102
1687799734.284428000,6,rover_s102_2x2_n2_15fps_1sp_aldrich.json,s102
1687799734.284569000,7,rover_s102_2x2_n2_15fps_1sp_aldrich.json,s102
1687799734.285191000,8,rover_s102_2x2_n2_15fps_1sp_aldrich.json,s102
1687799734.285301000,9,rover_s102_2x2_n2_15fps_1sp_aldrich.json,s102
1687799734.288148000,10,rover_s102_2x2_n2_15fps_1sp_aldrich.json,s102
1687799734.288150000,11,rover_s102_2x2_n2_15fps_1sp_aldrich.json,s102
1687799735.313676000,0,rover_s102_2x2_n2_15fps_1sp_aldrich.json,s102
1687799735.314769000,1,rover_s102_2x2_n2_15fps_1sp_aldrich.json,s102
1687799735.314872000,2,rover_s102_2x2_n2_15fps_1sp_aldrich.json,s102
1687799735.314873000,3,rover_s102_2x2_n2_15fps_1sp_aldrich.json,s102
1687799735.315017000,4,rover_s102_2x2_n2_15fps_1sp_aldrich.json,s102
1687799735.315147000,5,rover_s102_2x2_n2_15fps_1sp_aldrich.json,s102
1687799735.315969000,6,rover_s102_2x2_n2_15fps_1sp_aldrich.json,s102
1687799735.315971000,7,rover_s102_2x2_n2_15fps_1sp_aldrich.json,s102
1687799735.316122000,8,rover_s102_2x2_n2_15fps_1sp_aldrich.json,s102
1687799735.317018000,9,rover_s102_2x2_n2_15fps_1sp_aldrich.json,s102
1687799735.317153000,10,rover_s102_2x2_n2_15fps_1sp_aldrich.json,s102
1687799735.317853000,11,rover_s102_2x2_n2_15fps_1sp_aldrich.json,s102
1687799735.317975000,12,rover_s102_2x2_n2_15fps_1sp_aldrich.json,s102
1687799735.317977000,13,rover_s102_2x2_n2_15fps_1sp_aldrich.json,s102
1687799736.342403000,0,rover_s102_2x2_n2_15fps_1sp_aldrich.json,s102
1687799736.343792000,1,rover_s102_2x2_n2_15fps_1sp_aldrich.json,s102
1687799736.343794000,2,rover_s102_2x2_n2_15fps_1sp_aldrich.json,s102
1687799736.343939000,3,rover_s102_2x2_n2_15fps_1sp_aldrich.json,s102
1687799736.344427000,4,rover_s102_2x2_n2_15fps_1sp_aldrich.json,s102
1687799736.344522000,5,rover_s102_2x2_n2_15fps_1sp_aldrich.json,s102
1687799736.344523000,6,rover_s102_2x2_n2_15fps_1sp_aldrich.json,s102
1687799736.346691000,7,rover_s102_2x2_n2_15fps_1sp_aldrich.json,s102
1687799736.346693000,8,rover_s102_2x2_n2_15fps_1sp_aldrich.json,s102
1687799737.377510000,0,rover_s102_2x2_n2_15fps_1sp_aldrich.json,s102
1687799737.377716000,1,rover_s102_2x2_n2_15fps_1sp_aldrich.json,s102
1687799737.377811000,2,rover_s102_2x2_n2_15fps_1sp_aldrich.json,s102
1687799737.378364000,3,rover_s102_2x2_n2_15fps_1sp_aldrich.json,s102
1687799737.378536000,4,rover_s102_2x2_n2_15fps_1sp_aldrich.json,s102
1687799737.378633000,5,rover_s102_2x2_n2_15fps_1sp_aldrich.json,s102
1687799737.378754000,6,rover_s102_2x2_n2_15fps_1sp_aldrich.json,s102
1687799737.379488000,7,rover_s102_2x2_n2_15fps_1sp_aldrich.json,s102
1687799737.379603000,8,rover_s102_2x2_n2_15fps_1sp_aldrich.json,s102
1687799737.379701000,9,rover_s102_2x2_n2_15fps_1sp_aldrich.json,s102
1687799737.380924000,10,rover_s102_2x2_n2_15fps_1sp_aldrich.json,s102
1687799737.380925000,11,rover_s102_2x2_n2_15fps_1sp_aldrich.json,s102
1687799737.382350000,12,rover_s102_2x2_n2_15fps_1sp_aldrich.json,s102
1687799737.382352000,13,rover_s102_2x2_n2_15fps_1sp_aldrich.json,s102
1687799738.402576000,0,rover_s102_2x2_n2_15fps_1sp_aldrich.json,s102
1687799738.402959000,1,rover_s102_2x2_n2_15fps_1sp_aldrich.json,s102
1687799738.403951000,2,rover_s102_2x2_n2_15fps_1sp_aldrich.json,s102
1687799738.404077000,3,rover_s102_2x2_n2_15fps_1sp_aldrich.json,s102
1687799738.404185000,4,rover_s102_2x2_n2_15fps_1sp_aldrich.json,s102
1687799738.404310000,5,rover_s102_2x2_n2_15fps_1sp_aldrich.json,s102
1687799738.404401000,6,rover_s102_2x2_n2_15fps_1sp_aldrich.json,s102
1687799738.405018000,7,rover_s102_2x2_n2_15fps_1sp_aldrich.json,s102
1687799738.405127000,8,rover_s102_2x2_n2_15fps_1sp_aldrich.json,s102
1687799738.406086000,9,rover_s102_2x2_n2_15fps_1sp_aldrich.json,s102
1687799738.406232000,10,rover_s102_2x2_n2_15fps_1sp_aldrich.json,s102
1687799738.406797000,11,rover_s102_2x2_n2_15fps_1sp_aldrich.json,s102
1687799738.406896000,12,rover_s102_2x2_n2_15fps_1sp_aldrich.json,s102
1687799738.406994000,13,rover_s102_2x2_n2_15fps_1sp_aldrich.json,s102
1687799738.407621000,14,rover_s102_2x2_n2_15fps_1sp_aldrich.json,s102
1687799738.407736000,15,rover_s102_2x2_n2_15fps_1sp_aldrich.json,s102
1687799738.408119000,16,rover_s102_2x2_n2_15fps_1sp_aldrich.json,s102
1687799739.436754000,0,rover_s102_2x2_n2_15fps_1sp_aldrich.json,s102
1687799739.436966000,1,rover_s102_2x2_n2_15fps_1sp_aldrich.json,s102
1687799739.437069000,2,rover_s102_2x2_n2_15fps_1sp_aldrich.json,s102
1687799739.438313000,3,rover_s102_2x2_n2_15fps_1sp_aldrich.json,s102
1687799739.438315000,4,rover_s102_2x2_n2_15fps_1sp_aldrich.json,s102
1687799739.438510000,5,rover_s102_2x2_n2_15fps_1sp_aldrich.json,s102
1687799739.438601000,6,rover_s102_2x2_n2_15fps_1sp_aldrich.json,s102
1687799739.438704000,7,rover_s102_2x2_n2_15fps_1sp_aldrich.json,s102
1687799739.439377000,8,rover_s102_2x2_n2_15fps_1sp_aldrich.json,s102
1687799739.439490000,9,rover_s102_2x2_n2_15fps_1sp_aldrich.json,s102
1687799739.439577000,10,rover_s102_2x2_n2_15fps_1sp_aldrich.json,s102
1687799740.462844000,0,rover_s102_2x2_n2_15fps_1sp_aldrich.json,s102
1687799740.463181000,1,rover_s102_2x2_n2_15fps_1sp_aldrich.json,s102
1687799740.464206000,2,rover_s102_2x2_n2_15fps_1sp_aldrich.json,s102
1687799740.464208000,3,rover_s102_2x2_n2_15fps_1sp_aldrich.json,s102
1687799740.465422000,4,rover_s102_2x2_n2_15fps_1sp_aldrich.json,s102
1687799740.465424000,5,rover_s102_2x2_n2_15fps_1sp_aldrich.json,s102
1687799740.465545000,6,rover_s102_2x2_n2_15fps_1sp_aldrich.json,s102
1687799740.465634000,7,rover_s102_2x2_n2_15fps_1sp_aldrich.json,s102
1687799740.465732000,8,rover_s102_2x2_n2_15fps_1sp_aldrich.json,s102
1687799740.465734000,9,rover_s102_2x2_n2_15fps_1sp_aldrich.json,s102
1687799741.488357000,0,rover_s102_2x2_n2_15fps_1sp_aldrich.json,s102
1687799741.488781000,1,rover_s102_2x2_n2_15fps_1sp_aldrich.json,s102
1687799741.490336000,2,rover_s102_2x2_n2_15fps_1sp_aldrich.json,s102
1687799741.490494000,3,rover_s102_2x2_n2_15fps_1sp_aldrich.json,s102
1687799741.491524000,4,rover_s102_2x2_n2_15fps_1sp_aldrich.json,s102
1687799741.491526000,5,rover_s102_2x2_n2_15fps_1sp_aldrich.json,s102
1687799741.491640000,6,rover_s102_2x2_n2_15fps_1sp_aldrich.json,s102
1687799741.491729000,7,rover_s102_2x2_n2_15fps_1sp_aldrich.json,s102
1687799741.491828000,8,rover_s102_2x2_n2_15fps_1sp_aldrich.json,s102
1687799741.493029000,9,rover_s102_2x2_n2_15fps_1sp_aldrich.json,s102
1687799741.493145000,10,rover_s102_2x2_n2_15fps_1sp_aldrich.json,s102
1687799742.513198000,0,rover_s102_2x2_n2_15fps_1sp_aldrich.json,s102
1687799742.513403000,1,rover_s102_2x2_n2_15fps_1sp_aldrich.json,s102
1687799742.513503000,2,rover_s102_2x2_n2_15fps_1sp_aldrich.json,s102
1687799742.514137000,3,rover_s102_2x2_n2_15fps_1sp_aldrich.json,s102
1687799742.514139000,4,rover_s102_2x2_n2_15fps_1sp_aldrich.json,s102
1687799742.514263000,5,rover_s102_2x2_n2_15fps_1sp_aldrich.json,s102
1687799742.514364000,6,rover_s102_2x2_n2_15fps_1sp_aldrich.json,s102
1687799742.515759000,7,rover_s102_2x2_n2_15fps_1sp_aldrich.json,s102
1687799742.515760000,8,rover_s102_2x2_n2_15fps_1sp_aldrich.json,s102
1687799742.515893000,9,rover_s102_2x2_n2_15fps_1sp_aldrich.json,s102
1687799742.516016000,10,rover_s102_2x2_n2_15fps_1sp_aldrich.json,s102
1687799743.541040000,0,rover_s102_2x2_n2_15fps_1sp_aldrich.json,s102
1687799743.541291000,1,rover_s102_2x2_n2_15fps_1sp_aldrich.json,s102
1687799743.542002000,2,rover_s102_2x2_n2_15fps_1sp_aldrich.json,s102
1687799743.542138000,3,rover_s102_2x2_n2_15fps_1sp_aldrich.json,s102
1687799743.544445000,4,rover_s102_2x2_n2_15fps_1sp_aldrich.json,s102
1687799743.544548000,5,rover_s102_2x2_n2_15fps_1sp_aldrich.json,s102
1687799743.544550000,6,rover_s102_2x2_n2_15fps_1sp_aldrich.json,s102
1687799743.544643000,7,rover_s102_2x2_n2_15fps_1sp_aldrich.json,s102
1687799743.544724000,8,rover_s102_2x2_n2_15fps_1sp_aldrich.json,s102
1687799743.544812000,9,rover_s102_2x2_n2_15fps_1sp_aldrich.json,s102
1687799743.544813000,10,rover_s102_2x2_n2_15fps_1sp_aldrich.json,s102
1687799743.545110000,11,rover_s102_2x2_n2_15fps_1sp_aldrich.json,s102
1687799743.545188000,12,rover_s102_2x2_n2_15fps_1sp_aldrich.json,s102
1687799743.545277000,13,rover_s102_2x2_n2_15fps_1sp_aldrich.json,s102
1687799743.545680000,14,rover_s102_2x2_n2_15fps_1sp_aldrich.json,s102
1687799743.545796000,15,rover_s102_2x2_n2_15fps_1sp_aldrich.json,s102
1687799743.546847000,16,rover_s102_2x2_n2_15fps_1sp_aldrich.json,s102
1687799743.546955000,17,rover_s102_2x2_n2_15fps_1sp_aldrich.json,s102
1687799743.547045000,18,rover_s102_2x2_n2_15fps_1sp_aldrich.json,s102
1687799744.571060000,0,rover_s102_2x2_n2_15fps_1sp_aldrich.json,s102
1687799744.572231000,1,rover_s102_2x2_n2_15fps_1sp_aldrich.json,s102
1687799744.572332000,2,rover_s102_2x2_n2_15fps_1sp_aldrich.json,s102
1687799744.572451000,3,rover_s102_2x2_n2_15fps_1sp_aldrich.json,s102
1687799744.573142000,4,rover_s102_2x2_n2_15fps_1sp_aldrich.json,s102
1687799744.573250000,5,rover_s102_2x2_n2_15fps_1sp_aldrich.json,s102
1687799744.573860000,6,rover_s102_2x2_n2_15fps_1sp_aldrich.json,s102
1687799744.573861000,7,rover_s102_2x2_n2_15fps_1sp_aldrich.json,s102
1687799745.597271000,0,rover_s102_2x2_n2_15fps_1sp_aldrich.json,s102
1687799745.597502000,1,rover_s102_2x2_n2_15fps_1sp_aldrich.json,s102
1687799745.598227000,2,rover_s102_2x2_n2_15fps_1sp_aldrich.json,s102
1687799745.598355000,3,rover_s102_2x2_n2_15fps_1sp_aldrich.json,s102
1687799745.599162000,4,rover_s102_2x2_n2_15fps_1sp_aldrich.json,s102
1687799745.599241000,5,rover_s102_2x2_n2_15fps_1sp_aldrich.json,s102
1687799745.599372000,6,rover_s102_2x2_n2_15fps_1sp_aldrich.json,s102
1687799745.600128000,7,rover_s102_2x2_n2_15fps_1sp_aldrich.json,s102
1687799745.600130000,8,rover_s102_2x2_n2_15fps_1sp_aldrich.json,s102
1687799745.600263000,9,rover_s102_2x2_n2_15fps_1sp_aldrich.json,s102
1687799745.600363000,10,rover_s102_2x2_n2_15fps_1sp_aldrich.json,s102
1687799745.600464000,11,rover_s102_2x2_n2_15fps_1sp_aldrich.json,s102
1687799745.602227000,12,rover_s102_2x2_n2_15fps_1sp_aldrich.json,s102
1687799745.603570000,13,rover_s102_2x2_n2_15fps_1sp_aldrich.json,s102
1687799745.603650000,14,rover_s102_2x2_n2_15fps_1sp_aldrich.json,s102
1687799745.603652000,15,rover_s102_2x2_n2_15fps_1sp_aldrich.json,s102
1687799745.603767000,16,rover_s102_2x2_n2_15fps_1sp_aldrich.json,s102
1687799746.628917000,0,rover_s102_2x2_n2_15fps_1sp_aldrich.json,s102
1687799746.629525000,1,rover_s102_2x2_n2_15fps_1sp_aldrich.json,s102
1687799746.629636000,2,rover_s102_2x2_n2_15fps_1sp_aldrich.json,s102
1687799746.631611000,3,rover_s102_2x2_n2_15fps_1sp_aldrich.json,s102
1687799746.631742000,4,rover_s102_2x2_n2_15fps_1sp_aldrich.json,s102
1687799746.631829000,5,rover_s102_2x2_n2_15fps_1sp_aldrich.json,s102
1687799746.631831000,6,rover_s102_2x2_n2_15fps_1sp_aldrich.json,s102
1687799746.632017000,7,rover_s102_2x2_n2_15fps_1sp_aldrich.json,s102
1687799746.633020000,8,rover_s102_2x2_n2_15fps_1sp_aldrich.json,s102
1687799746.633126000,9,rover_s102_2x2_n2_15fps_1sp_aldrich.json,s102
1687799746.633231000,10,rover_s102_2x2_n2_15fps_1sp_aldrich.json,s102
1687799747.655327000,0,rover_s102_2x2_n2_15fps_1sp_aldrich.json,s102
1687799747.655870000,1,rover_s102_2x2_n2_15fps_1sp_aldrich.json,s102
1687799747.657493000,2,rover_s102_2x2_n2_15fps_1sp_aldrich.json,s102
1687799747.657495000,3,rover_s102_2x2_n2_15fps_1sp_aldrich.json,s102
1687799747.657665000,4,rover_s102_2x2_n2_15fps_1sp_aldrich.json,s102
1687799747.658312000,5,rover_s102_2x2_n2_15fps_1sp_aldrich.json,s102
1687799747.658397000,6,rover_s102_2x2_n2_15fps_1sp_aldrich.json,s102
1687799747.658532000,7,rover_s102_2x2_n2_15fps_1sp_aldrich.json,s102
1687799748.680282000,0,rover_s102_2x2_n2_15fps_1sp_aldrich.json,s102
1687799748.680485000,1,rover_s102_2x2_n2_15fps_1sp_aldrich.json,s102
1687799748.680574000,2,rover_s102_2x2_n2_15fps_1sp_aldrich.json,s102
1687799748.681768000,3,rover_s102_2x2_n2_15fps_1sp_aldrich.json,s102
1687799748.681770000,4,rover_s102_2x2_n2_15fps_1sp_aldrich.json,s102
1687799748.681917000,5,rover_s102_2x2_n2_15fps_1sp_aldrich.json,s102
1687799748.682054000,6,rover_s102_2x2_n2_15fps_1sp_aldrich.json,s102
1687799749.704995000,0,rover_s102_2x2_n2_15fps_1sp_aldrich.json,s102
1687799749.705575000,1,rover_s102_2x2_n2_15fps_1sp_aldrich.json,s102
1687799749.708588000,2,rover_s102_2x2_n2_15fps_1sp_aldrich.json,s102
1687799749.708590000,3,rover_s102_2x2_n2_15fps_1sp_aldrich.json,s102
1687799749.708710000,4,rover_s102_2x2_n2_15fps_1sp_aldrich.json,s102
1687799749.708790000,5,rover_s102_2x2_n2_15fps_1sp_aldrich.json,s102
1687799749.708866000,6,rover_s102_2x2_n2_15fps_1sp_aldrich.json,s102
1687799749.708868000,7,rover_s102_2x2_n2_15fps_1sp_aldrich.json,s102
1687799749.708968000,8,rover_s102_2x2_n2_15fps_1sp_aldrich.json,s102
1687799749.709060000,9,rover_s102_2x2_n2_15fps_1sp_aldrich.json,s102
1687799749.709149000,10,rover_s102_2x2_n2_15fps_1sp_aldrich.json,s102
1687799749.709771000,11,rover_s102_2x2_n2_15fps_1sp_aldrich.json,s102
1687799749.709883000,12,rover_s102_2x2_n2_15fps_1sp_aldrich.json,s102
1687799749.709885000,13,rover_s102_2x2_n2_15fps_1sp_aldrich.json,s102
1687799749.710034000,14,rover_s102_2x2_n2_15fps_1sp_aldrich.json,s102
1687799749.710804000,15,rover_s102_2x2_n2_15fps_1sp_aldrich.json,s102
1687799749.710914000,16,rover_s102_2x2_n2_15fps_1sp_aldrich.json,s102
1687799749.711009000,17,rover_s102_2x2_n2_15fps_1sp_aldrich.json,s102
1687799749.711823000,18,rover_s102_2x2_n2_15fps_1sp_aldrich.json,s102
1687799750.738982000,0,rover_s102_2x2_n2_15fps_1sp_aldrich.json,s102
1687799750.739331000,1,rover_s102_2x2_n2_15fps_1sp_aldrich.json,s102
1687799750.740215000,2,rover_s102_2x2_n2_15fps_1sp_aldrich.json,s102
1687799750.740311000,3,rover_s102_2x2_n2_15fps_1sp_aldrich.json,s102
1687799750.740410000,4,rover_s102_2x2_n2_15fps_1sp_aldrich.json,s102
1687799750.740577000,5,rover_s102_2x2_n2_15fps_1sp_aldrich.json,s102
1687799750.740672000,6,rover_s102_2x2_n2_15fps_1sp_aldrich.json,s102
1687799750.741225000,7,rover_s102_2x2_n2_15fps_1sp_aldrich.json,s102
1687799750.741317000,8,rover_s102_2x2_n2_15fps_1sp_aldrich.json,s102
1687799751.761987000,0,rover_s102_2x2_n2_15fps_1sp_aldrich.json,s102
1687799751.762213000,1,rover_s102_2x2_n2_15fps_1sp_aldrich.json,s102
1687799751.762313000,2,rover_s102_2x2_n2_15fps_1sp_aldrich.json,s102
1687799751.762701000,3,rover_s102_2x2_n2_15fps_1sp_aldrich.json,s102
1687799751.762823000,4,rover_s102_2x2_n2_15fps_1sp_aldrich.json,s102
1687799751.763293000,5,rover_s102_2x2_n2_15fps_1sp_aldrich.json,s102
1687799751.763400000,6,rover_s102_2x2_n2_15fps_1sp_aldrich.json,s102
1687799751.764210000,7,rover_s102_2x2_n2_15fps_1sp_aldrich.json,s102
1687799751.764561000,8,rover_s102_2x2_n2_15fps_1sp_aldrich.json,s102
1687799751.764642000,9,rover_s102_2x2_n2_15fps_1sp_aldrich.json,s102
1687799751.765576000,10,rover_s102_2x2_n2_15fps_1sp_aldrich.json,s102
1687799751.765687000,11,rover_s102_2x2_n2_15fps_1sp_aldrich.json,s102
1687799751.765784000,12,rover_s102_2x2_n2_15fps_1sp_aldrich.json,s102
1687799751.765873000,13,rover_s102_2x2_n2_15fps_1sp_aldrich.json,s102
1687799751.766652000,14,rover_s102_2x2_n2_15fps_1sp_aldrich.json,s102
1687799751.766761000,15,rover_s102_2x2_n2_15fps_1sp_aldrich.json,s102
1687799751.766851000,16,rover_s102_2x2_n2_15fps_1sp_aldrich.json,s102
1687799751.767540000,17,rover_s102_2x2_n2_15fps_1sp_aldrich.json,s102
1687799752.788737000,0,rover_s102_2x2_n2_15fps_1sp_aldrich.json,s102
1687799752.788939000,1,rover_s102_2x2_n2_15fps_1sp_aldrich.json,s102
1687799752.789061000,2,rover_s102_2x2_n2_15fps_1sp_aldrich.json,s102
1687799752.791035000,3,rover_s102_2x2_n2_15fps_1sp_aldrich.json,s102
1687799752.791186000,4,rover_s102_2x2_n2_15fps_1sp_aldrich.json,s102
1687799752.793239000,5,rover_s102_2x2_n2_15fps_1sp_aldrich.json,s102
1687799752.793241000,6,rover_s102_2x2_n2_15fps_1sp_aldrich.json,s102
1687799752.793356000,7,rover_s102_2x2_n2_15fps_1sp_aldrich.json,s102
1687799752.793422000,8,rover_s102_2x2_n2_15fps_1sp_aldrich.json,s102
1687799752.793496000,9,rover_s102_2x2_n2_15fps_1sp_aldrich.json,s102
1687799752.793497000,10,rover_s102_2x2_n2_15fps_1sp_aldrich.json,s102
1687799753.809285000,0,rover_s102_2x2_n2_15fps_1sp_aldrich.json,s102
1687799753.810033000,1,rover_s102_2x2_n2_15fps_1sp_aldrich.json,s102
1687799753.811192000,2,rover_s102_2x2_n2_15fps_1sp_aldrich.json,s102
1687799753.811322000,3,rover_s102_2x2_n2_15fps_1sp_aldrich.json,s102
1687799753.811437000,4,rover_s102_2x2_n2_15fps_1sp_aldrich.json,s102
1687799753.811560000,5,rover_s102_2x2_n2_15fps_1sp_aldrich.json,s102
1687799753.811562000,6,rover_s102_2x2_n2_15fps_1sp_aldrich.json,s102
1687799753.812424000,7,rover_s102_2x2_n2_15fps_1sp_aldrich.json,s102
1687799753.812543000,8,rover_s102_2x2_n2_15fps_1sp_aldrich.json,s102
1687799753.812793000,9,rover_s102_2x2_n2_15fps_1sp_aldrich.json,s102
1687799754.838142000,0,rover_s102_2x2_n2_15fps_1sp_aldrich.json,s102
1687799754.838355000,1,rover_s102_2x2_n2_15fps_1sp_aldrich.json,s102
1687799754.838618000,2,rover_s102_2x2_n2_15fps_1sp_aldrich.json,s102
1687799754.839712000,3,rover_s102_2x2_n2_15fps_1sp_aldrich.json,s102
1687799754.840510000,4,rover_s102_2x2_n2_15fps_1sp_aldrich.json,s102
1687799754.842276000,5,rover_s102_2x2_n2_15fps_1sp_aldrich.json,s102
1687799754.842388000,6,rover_s102_2x2_n2_15fps_1sp_aldrich.json,s102
1687799754.842390000,7,rover_s102_2x2_n2_15fps_1sp_aldrich.json,s102
1687799754.842474000,8,rover_s102_2x2_n2_15fps_1sp_aldrich.json,s102
1687799754.842538000,9,rover_s102_2x2_n2_15fps_1sp_aldrich.json,s102
1687799754.842629000,10,rover_s102_2x2_n2_15fps_1sp_aldrich.json,s102
1687799754.842630000,11,rover_s102_2x2_n2_15fps_1sp_aldrich.json,s102
1687799754.842734000,12,rover_s102_2x2_n2_15fps_1sp_aldrich.json,s102
1687799754.842836000,13,rover_s102_2x2_n2_15fps_1sp_aldrich.json,s102
1687799754.842935000,14,rover_s102_2x2_n2_15fps_1sp_aldrich.json,s102
1687799754.843256000,15,rover_s102_2x2_n2_15fps_1sp_aldrich.json,s102
1687799754.843356000,16,rover_s102_2x2_n2_15fps_1sp_aldrich.json,s102
1687799754.843455000,17,rover_s102_2x2_n2_15fps_1sp_aldrich.json,s102
1687799754.844545000,18,rover_s102_2x2_n2_15fps_1sp_aldrich.json,s102
1687799754.846200000,19,rover_s102_2x2_n2_15fps_1sp_aldrich.json,s102
1687799755.875549000,0,rover_s102_2x2_n2_15fps_1sp_aldrich.json,s102
1687799755.875747000,1,rover_s102_2x2_n2_15fps_1sp_aldrich.json,s102
1687799755.875837000,2,rover_s102_2x2_n2_15fps_1sp_aldrich.json,s102
1687799755.876354000,3,rover_s102_2x2_n2_15fps_1sp_aldrich.json,s102
1687799755.876455000,4,rover_s102_2x2_n2_15fps_1sp_aldrich.json,s102
1687799755.876574000,5,rover_s102_2x2_n2_15fps_1sp_aldrich.json,s102
1687799755.876775000,6,rover_s102_2x2_n2_15fps_1sp_aldrich.json,s102
1687799755.879512000,7,rover_s102_2x2_n2_15fps_1sp_aldrich.json,s102
1687799755.879513000,8,rover_s102_2x2_n2_15fps_1sp_aldrich.json,s102
1687799755.879642000,9,rover_s102_2x2_n2_15fps_1sp_aldrich.json,s102
1687799755.879717000,10,rover_s102_2x2_n2_15fps_1sp_aldrich.json,s102
1687799755.879812000,11,rover_s102_2x2_n2_15fps_1sp_aldrich.json,s102
1687799756.898657000,0,rover_s102_2x2_n2_15fps_1sp_aldrich.json,s102
1687799756.899015000,1,rover_s102_2x2_n2_15fps_1sp_aldrich.json,s102
1687799756.900335000,2,rover_s102_2x2_n2_15fps_1sp_aldrich.json,s102
1687799756.901372000,3,rover_s102_2x2_n2_15fps_1sp_aldrich.json,s102
1687799756.901452000,4,rover_s102_2x2_n2_15fps_1sp_aldrich.json,s102
1687799756.901520000,5,rover_s102_2x2_n2_15fps_1sp_aldrich.json,s102
1687799756.901521000,6,rover_s102_2x2_n2_15fps_1sp_aldrich.json,s102
1687799756.901612000,7,rover_s102_2x2_n2_15fps_1sp_aldrich.json,s102
1687799756.901699000,8,rover_s102_2x2_n2_15fps_1sp_aldrich.json,s102
1687799756.901808000,9,rover_s102_2x2_n2_15fps_1sp_aldrich.json,s102
1687799756.902344000,10,rover_s102_2x2_n2_15fps_1sp_aldrich.json,s102
1687799757.918764000,0,rover_s102_2x2_n2_15fps_1sp_aldrich.json,s102
1687799757.918951000,1,rover_s102_2x2_n2_15fps_1sp_aldrich.json,s102
1687799757.919028000,2,rover_s102_2x2_n2_15fps_1sp_aldrich.json,s102
1687799757.919029000,3,rover_s102_2x2_n2_15fps_1sp_aldrich.json,s102
1687799757.919144000,4,rover_s102_2x2_n2_15fps_1sp_aldrich.json,s102
1687799757.919603000,5,rover_s102_2x2_n2_15fps_1sp_aldrich.json,s102
1687799757.919716000,6,rover_s102_2x2_n2_15fps_1sp_aldrich.json,s102
1687799757.921445000,7,rover_s102_2x2_n2_15fps_1sp_aldrich.json,s102
1687799757.921566000,8,rover_s102_2x2_n2_15fps_1sp_aldrich.json,s102
1687799757.921686000,9,rover_s102_2x2_n2_15fps_1sp_aldrich.json,s102
1687799757.921769000,10,rover_s102_2x2_n2_15fps_1sp_aldrich.json,s102
1687799758.943584000,0,rover_s102_2x2_n2_15fps_1sp_aldrich.json,s102
1687799758.943791000,1,rover_s102_2x2_n2_15fps_1sp_aldrich.json,s102
1687799758.944376000,2,rover_s102_2x2_n2_15fps_1sp_aldrich.json,s102
1687799758.944473000,3,rover_s102_2x2_n2_15fps_1sp_aldrich.json,s102
1687799758.944576000,4,rover_s102_2x2_n2_15fps_1sp_aldrich.json,s102
1687799758.945168000,5,rover_s102_2x2_n2_15fps_1sp_aldrich.json,s102
1687799758.945271000,6,rover_s102_2x2_n2_15fps_1sp_aldrich.json,s102
1687799758.945364000,7,rover_s102_2x2_n2_15fps_1sp_aldrich.json,s102
1687799758.946795000,8,rover_s102_2x2_n2_15fps_1sp_aldrich.json,s102
1687799758.946917000,9,rover_s102_2x2_n2_15fps_1sp_aldrich.json,s102
1687799759.965920000,0,rover_s102_2x2_n2_15fps_1sp_aldrich.json,s102
1687799759.966276000,1,rover_s102_2x2_n2_15fps_1sp_aldrich.json,s102
1687799759.967572000,2,rover_s102_2x2_n2_15fps_1sp_aldrich.json,s102
1687799759.967573000,3,rover_s102_2x2_n2_15fps_1sp_aldrich.json,s102
1687799759.967702000,4,rover_s102_2x2_n2_15fps_1sp_aldrich.json,s102
1687799759.967818000,5,rover_s102_2x2_n2_15fps_1sp_aldrich.json,s102
1687799759.967940000,6,rover_s102_2x2_n2_15fps_1sp_aldrich.json,s102
1687799759.968022000,7,rover_s102_2x2_n2_15fps_1sp_aldrich.json,s102
1687799759.969054000,8,rover_s102_2x2_n2_15fps_1sp_aldrich.json,s102
1687799759.969177000,9,rover_s102_2x2_n2_15fps_1sp_aldrich.json,s102
1687799760.987811000,0,rover_s102_2x2_n2_15fps_1sp_aldrich.json,s102
1687799760.988025000,1,rover_s102_2x2_n2_15fps_1sp_aldrich.json,s102
1687799760.988735000,2,rover_s102_2x2_n2_15fps_1sp_aldrich.json,s102
1687799760.988845000,3,rover_s102_2x2_n2_15fps_1sp_aldrich.json,s102
1687799760.988998000,4,rover_s102_2x2_n2_15fps_1sp_aldrich.json,s102
1687799760.989438000,5,rover_s102_2x2_n2_15fps_1sp_aldrich.json,s102
1687799760.989557000,6,rover_s102_2x2_n2_15fps_1sp_aldrich.json,s102
1687799760.989559000,7,rover_s102_2x2_n2_15fps_1sp_aldrich.json,s102
1687799760.990496000,8,rover_s102_2x2_n2_15fps_1sp_aldrich.json,s102
1687799760.990607000,9,rover_s102_2x2_n2_15fps_1sp_aldrich.json,s102
1687799762.010602000,0,rover_s102_2x2_n2_15fps_1sp_aldrich.json,s102
1687799762.011259000,1,rover_s102_2x2_n2_15fps_1sp_aldrich.json,s102
1687799762.011261000,2,rover_s102_2x2_n2_15fps_1sp_aldrich.json,s102
1687799762.011390000,3,rover_s102_2x2_n2_15fps_1sp_aldrich.json,s102
1687799762.012475000,4,rover_s102_2x2_n2_15fps_1sp_aldrich.json,s102
1687799762.012630000,5,rover_s102_2x2_n2_15fps_1sp_aldrich.json,s102
1687799763.034469000,0,rover_s102_2x2_n2_15fps_1sp_aldrich.json,s102
1687799763.034877000,1,rover_s102_2x2_n2_15fps_1sp_aldrich.json,s102
1687799763.036246000,2,rover_s102_2x2_n2_15fps_1sp_aldrich.json,s102
1687799763.036248000,3,rover_s102_2x2_n2_15fps_1sp_aldrich.json,s102
1687799763.036391000,4,rover_s102_2x2_n2_15fps_1sp_aldrich.json,s102
1687799763.036513000,5,rover_s102_2x2_n2_15fps_1sp_aldrich.json,s102
1687799763.036633000,6,rover_s102_2x2_n2_15fps_1sp_aldrich.json,s102
1687799763.036719000,7,rover_s102_2x2_n2_15fps_1sp_aldrich.json,s102
1687799764.057286000,0,rover_s102_2x2_n2_15fps_1sp_aldrich.json,s102
1687799764.057496000,1,rover_s102_2x2_n2_15fps_1sp_aldrich.json,s102
1687799764.057592000,2,rover_s102_2x2_n2_15fps_1sp_aldrich.json,s102
1687799764.058079000,3,rover_s102_2x2_n2_15fps_1sp_aldrich.json,s102
1687799764.058174000,4,rover_s102_2x2_n2_15fps_1sp_aldrich.json,s102
1687799764.058280000,5,rover_s102_2x2_n2_15fps_1sp_aldrich.json,s102
1687799764.058770000,6,rover_s102_2x2_n2_15fps_1sp_aldrich.json,s102
1687799764.058771000,7,rover_s102_2x2_n2_15fps_1sp_aldrich.json,s102
1687799764.058918000,8,rover_s102_2x2_n2_15fps_1sp_aldrich.json,s102
1687799764.059510000,9,rover_s102_2x2_n2_15fps_1sp_aldrich.json,s102
1687799764.059623000,10,rover_s102_2x2_n2_15fps_1sp_aldrich.json,s102
1687799765.083926000,0,rover_s102_2x2_n2_15fps_1sp_aldrich.json,s102
1687799765.084601000,1,rover_s102_2x2_n2_15fps_1sp_aldrich.json,s102
1687799765.084603000,2,rover_s102_2x2_n2_15fps_1sp_aldrich.json,s102
1687799765.084742000,3,rover_s102_2x2_n2_15fps_1sp_aldrich.json,s102
1687799765.085800000,4,rover_s102_2x2_n2_15fps_1sp_aldrich.json,s102
1687799765.085925000,5,rover_s102_2x2_n2_15fps_1sp_aldrich.json,s102
1687799766.108416000,0,rover_s102_2x2_n2_15fps_1sp_aldrich.json,s102
1687799766.108796000,1,rover_s102_2x2_n2_15fps_1sp_aldrich.json,s102
1687799766.110805000,2,rover_s102_2x2_n2_15fps_1sp_aldrich.json,s102
1687799766.110806000,3,rover_s102_2x2_n2_15fps_1sp_aldrich.json,s102
1687799766.110949000,4,rover_s102_2x2_n2_15fps_1sp_aldrich.json,s102
1687799766.111078000,5,rover_s102_2x2_n2_15fps_1sp_aldrich.json,s102
1687799766.111199000,6,rover_s102_2x2_n2_15fps_1sp_aldrich.json,s102
1687799766.111280000,7,rover_s102_2x2_n2_15fps_1sp_aldrich.json,s102
1687799766.111932000,8,rover_s102_2x2_n2_15fps_1sp_aldrich.json,s102
1687799767.131440000,0,rover_s102_2x2_n2_15fps_1sp_aldrich.json,s102
1687799767.131621000,1,rover_s102_2x2_n2_15fps_1sp_aldrich.json,s102
1687799767.131722000,2,rover_s102_2x2_n2_15fps_1sp_aldrich.json,s102
1687799767.131724000,3,rover_s102_2x2_n2_15fps_1sp_aldrich.json,s102
1687799767.131861000,4,rover_s102_2x2_n2_15fps_1sp_aldrich.json,s102
1687799767.131955000,5,rover_s102_2x2_n2_15fps_1sp_aldrich.json,s102
1687799767.132132000,6,rover_s102_2x2_n2_15fps_1sp_aldrich.json,s102
1687799767.132227000,7,rover_s102_2x2_n2_15fps_1sp_aldrich.json,s102
1687799767.132801000,8,rover_s102_2x2_n2_15fps_1sp_aldrich.json,s102
1687799767.132916000,9,rover_s102_2x2_n2_15fps_1sp_aldrich.json,s102
1687799767.133255000,10,rover_s102_2x2_n2_15fps_1sp_aldrich.json,s102
1687799767.133343000,11,rover_s102_2x2_n2_15fps_1sp_aldrich.json,s102
1687799768.154197000,0,rover_s102_2x2_n2_15fps_1sp_aldrich.json,s102
1687799768.154400000,1,rover_s102_2x2_n2_15fps_1sp_aldrich.json,s102
1687799768.154520000,2,rover_s102_2x2_n2_15fps_1sp_aldrich.json,s102
1687799768.154903000,3,rover_s102_2x2_n2_15fps_1sp_aldrich.json,s102
1687799768.155013000,4,rover_s102_2x2_n2_15fps_1sp_aldrich.json,s102
1687799768.155124000,5,rover_s102_2x2_n2_15fps_1sp_aldrich.json,s102
1687799768.155862000,6,rover_s102_2x2_n2_15fps_1sp_aldrich.json,s102
1687799768.155864000,7,rover_s102_2x2_n2_15fps_1sp_aldrich.json,s102
1687799768.156004000,8,rover_s102_2x2_n2_15fps_1sp_aldrich.json,s102
1687799769.177948000,0,rover_s102_2x2_n2_15fps_1sp_aldrich.json,s102
1687799769.178321000,1,rover_s102_2x2_n2_15fps_1sp_aldrich.json,s102
1687799769.179669000,2,rover_s102_2x2_n2_15fps_1sp_aldrich.json,s102
1687799769.179671000,3,rover_s102_2x2_n2_15fps_1sp_aldrich.json,s102
1687799769.179800000,4,rover_s102_2x2_n2_15fps_1sp_aldrich.json,s102
1687799769.179907000,5,rover_s102_2x2_n2_15fps_1sp_aldrich.json,s102
1687799770.201343000,0,rover_s102_2x2_n2_15fps_1sp_aldrich.json,s102
1687799770.201576000,1,rover_s102_2x2_n2_15fps_1sp_aldrich.json,s102
1687799770.202146000,2,rover_s102_2x2_n2_15fps_1sp_aldrich.json,s102
1687799770.202841000,3,rover_s102_2x2_n2_15fps_1sp_aldrich.json,s102
1687799770.202922000,4,rover_s102_2x2_n2_15fps_1sp_aldrich.json,s102
1687799770.202924000,5,rover_s102_2x2_n2_15fps_1sp_aldrich.json,s102
1687799770.203048000,6,rover_s102_2x2_n2_15fps_1sp_aldrich.json,s102
1687799770.203152000,7,rover_s102_2x2_n2_15fps_1sp_aldrich.json,s102
1687799770.203649000,8,rover_s102_2x2_n2_15fps_1sp_aldrich.json,s102
1687799770.203761000,9,rover_s102_2x2_n2_15fps_1sp_aldrich.json,s102
1687799770.204334000,10,rover_s102_2x2_n2_15fps_1sp_aldrich.json,s102
1687799770.204451000,11,rover_s102_2x2_n2_15fps_1sp_aldrich.json,s102
1687799770.205867000,12,rover_s102_2x2_n2_15fps_1sp_aldrich.json,s102
1687799770.205950000,13,rover_s102_2x2_n2_15fps_1sp_aldrich.json,s102
1687799770.205952000,14,rover_s102_2x2_n2_15fps_1sp_aldrich.json,s102
1687799770.206072000,15,rover_s102_2x2_n2_15fps_1sp_aldrich.json,s102
1687799770.206171000,16,rover_s102_2x2_n2_15fps_1sp_aldrich.json,s102
1687799771.231300000,0,rover_s102_2x2_n2_15fps_1sp_aldrich.json,s102
1687799771.231499000,1,rover_s102_2x2_n2_15fps_1sp_aldrich.json,s102
1687799771.231962000,2,rover_s102_2x2_n2_15fps_1sp_aldrich.json,s102
1687799771.231964000,3,rover_s102_2x2_n2_15fps_1sp_aldrich.json,s102
1687799771.232080000,4,rover_s102_2x2_n2_15fps_1sp_aldrich.json,s102
1687799771.232169000,5,rover_s102_2x2_n2_15fps_1sp_aldrich.json,s102
1687799771.232602000,6,rover_s102_2x2_n2_15fps_1sp_aldrich.json,s102
1687799771.232702000,7,rover_s102_2x2_n2_15fps_1sp_aldrich.json,s102
1687799771.234298000,8,rover_s102_2x2_n2_15fps_1sp_aldrich.json,s102
1687799771.234428000,9,rover_s102_2x2_n2_15fps_1sp_aldrich.json,s102
1687799771.234534000,10,rover_s102_2x2_n2_15fps_1sp_aldrich.json,s102
1687799771.235649000,11,rover_s102_2x2_n2_15fps_1sp_aldrich.json,s102
1687799772.255864000,0,rover_s102_2x2_n2_15fps_1sp_aldrich.json,s102
1687799772.256226000,1,rover_s102_2x2_n2_15fps_1sp_aldrich.json,s102
1687799772.257484000,2,rover_s102_2x2_n2_15fps_1sp_aldrich.json,s102
1687799772.257600000,3,rover_s102_2x2_n2_15fps_1sp_aldrich.json,s102
1687799772.257711000,4,rover_s102_2x2_n2_15fps_1sp_aldrich.json,s102
1687799772.258524000,5,rover_s102_2x2_n2_15fps_1sp_aldrich.json,s102
1687799772.258613000,6,rover_s102_2x2_n2_15fps_1sp_aldrich.json,s102
1687799772.258615000,7,rover_s102_2x2_n2_15fps_1sp_aldrich.json,s102
1687799772.258742000,8,rover_s102_2x2_n2_15fps_1sp_aldrich.json,s102
1687799773.281043000,0,rover_s102_2x2_n2_15fps_1sp_aldrich.json,s102
1687799773.281251000,1,rover_s102_2x2_n2_15fps_1sp_aldrich.json,s102
1687799773.281702000,2,rover_s102_2x2_n2_15fps_1sp_aldrich.json,s102
1687799773.281704000,3,rover_s102_2x2_n2_15fps_1sp_aldrich.json,s102
1687799773.281830000,4,rover_s102_2x2_n2_15fps_1sp_aldrich.json,s102
1687799773.281933000,5,rover_s102_2x2_n2_15fps_1sp_aldrich.json,s102
1687799773.282605000,6,rover_s102_2x2_n2_15fps_1sp_aldrich.json,s102
1687799773.282711000,7,rover_s102_2x2_n2_15fps_1sp_aldrich.json,s102
1687799774.308960000,0,rover_s102_2x2_n2_15fps_1sp_aldrich.json,s102
1687799774.309163000,1,rover_s102_2x2_n2_15fps_1sp_aldrich.json,s102
1687799774.309269000,2,rover_s102_2x2_n2_15fps_1sp_aldrich.json,s102
1687799774.309719000,3,rover_s102_2x2_n2_15fps_1sp_aldrich.json,s102
1687799774.309817000,4,rover_s102_2x2_n2_15fps_1sp_aldrich.json,s102
1687799774.309818000,5,rover_s102_2x2_n2_15fps_1sp_aldrich.json,s102
1687799774.309948000,6,rover_s102_2x2_n2_15fps_1sp_aldrich.json,s102
1687799774.311340000,7,rover_s102_2x2_n2_15fps_1sp_aldrich.json,s102
1687799774.311344000,8,rover_s102_2x2_n2_15fps_1sp_aldrich.json,s102
1687799774.311514000,9,rover_s102_2x2_n2_15fps_1sp_aldrich.json,s102
1687799774.311641000,10,rover_s102_2x2_n2_15fps_1sp_aldrich.json,s102
1687799774.311793000,11,rover_s102_2x2_n2_15fps_1sp_aldrich.json,s102
1687799774.312507000,12,rover_s102_2x2_n2_15fps_1sp_aldrich.json,s102
1687799774.312619000,13,rover_s102_2x2_n2_15fps_1sp_aldrich.json,s102
1687799774.312712000,14,rover_s102_2x2_n2_15fps_1sp_aldrich.json,s102
1687799774.313732000,15,rover_s102_2x2_n2_15fps_1sp_aldrich.json,s102
1687799774.316038000,16,rover_s102_2x2_n2_15fps_1sp_aldrich.json,s102
1687799774.316159000,17,rover_s102_2x2_n2_15fps_1sp_aldrich.json,s102
1687799774.316287000,18,rover_s102_2x2_n2_15fps_1sp_aldrich.json,s102
1687799774.316417000,19,rover_s102_2x2_n2_15fps_1sp_aldrich.json,s102
1687799774.316419000,20,rover_s102_2x2_n2_15fps_1sp_aldrich.json,s102
1687799774.317374000,21,rover_s102_2x2_n2_15fps_1sp_aldrich.json,s102
1687799774.317478000,22,rover_s102_2x2_n2_15fps_1sp_aldrich.json,s102
1687799774.317787000,23,rover_s102_2x2_n2_15fps_1sp_aldrich.json,s102
1687799774.317789000,24,rover_s102_2x2_n2_15fps_1sp_aldrich.json,s102
1687799774.318903000,25,rover_s102_2x2_n2_15fps_1sp_aldrich.json,s102
1687799774.318905000,26,rover_s102_2x2_n2_15fps_1sp_aldrich.json,s102
1687799774.319051000,27,rover_s102_2x2_n2_15fps_1sp_aldrich.json,s102
1687799774.319145000,28,rover_s102_2x2_n2_15fps_1sp_aldrich.json,s102
1687799774.320475000,29,rover_s102_2x2_n2_15fps_1sp_aldrich.json,s102
1687799774.324017000,30,rover_s102_2x2_n2_15fps_1sp_aldrich.json,s102
1687799774.326344000,31,rover_s102_2x2_n2_15fps_1sp_aldrich.json,s102
1687799774.326464000,32,rover_s102_2x2_n2_15fps_1sp_aldrich.json,s102
1687799774.326465000,33,rover_s102_2x2_n2_15fps_1sp_aldrich.json,s102
1687799774.327035000,34,rover_s102_2x2_n2_15fps_1sp_aldrich.json,s102
1687799774.327037000,35,rover_s102_2x2_n2_15fps_1sp_aldrich.json,s102
1687799774.327170000,36,rover_s102_2x2_n2_15fps_1sp_aldrich.json,s102
1687799774.327279000,37,rover_s102_2x2_n2_15fps_1sp_aldrich.json,s102
1687799774.327384000,38,rover_s102_2x2_n2_15fps_1sp_aldrich.json,s102
1687799774.329401000,39,rover_s102_2x2_n2_15fps_1sp_aldrich.json,s102
1687799774.329534000,40,rover_s102_2x2_n2_15fps_1sp_aldrich.json,s102
1687799775.351030000,0,rover_s102_2x2_n2_15fps_1sp_aldrich.json,s102
1687799775.351398000,1,rover_s102_2x2_n2_15fps_1sp_aldrich.json,s102
1687799775.352459000,2,rover_s102_2x2_n2_15fps_1sp_aldrich.json,s102
1687799775.352569000,3,rover_s102_2x2_n2_15fps_1sp_aldrich.json,s102
1687799776.378326000,0,rover_s102_2x2_n2_15fps_1sp_aldrich.json,s102
1687799776.378894000,1,rover_s102_2x2_n2_15fps_1sp_aldrich.json,s102
1687799776.379014000,2,rover_s102_2x2_n2_15fps_1sp_aldrich.json,s102
1687799776.379444000,3,rover_s102_2x2_n2_15fps_1sp_aldrich.json,s102
1687799776.379538000,4,rover_s102_2x2_n2_15fps_1sp_aldrich.json,s102
1687799776.380016000,5,rover_s102_2x2_n2_15fps_1sp_aldrich.json,s102
1687799776.380126000,6,rover_s102_2x2_n2_15fps_1sp_aldrich.json,s102
1687799776.380831000,7,rover_s102_2x2_n2_15fps_1sp_aldrich.json,s102
1687799776.381989000,8,rover_s102_2x2_n2_15fps_1sp_aldrich.json,s102
1687799777.404010000,0,rover_s102_2x2_n2_15fps_1sp_aldrich.json,s102
1687799777.404214000,1,rover_s102_2x2_n2_15fps_1sp_aldrich.json,s102
1687799777.404775000,2,rover_s102_2x2_n2_15fps_1sp_aldrich.json,s102
1687799777.404867000,3,rover_s102_2x2_n2_15fps_1sp_aldrich.json,s102
1687799777.404965000,4,rover_s102_2x2_n2_15fps_1sp_aldrich.json,s102
1687799777.405462000,5,rover_s102_2x2_n2_15fps_1sp_aldrich.json,s102
1687799777.405571000,6,rover_s102_2x2_n2_15fps_1sp_aldrich.json,s102
1687799777.405931000,7,rover_s102_2x2_n2_15fps_1sp_aldrich.json,s102
1687799778.425430000,0,rover_s102_2x2_n2_15fps_1sp_aldrich.json,s102
1687799778.425772000,1,rover_s102_2x2_n2_15fps_1sp_aldrich.json,s102
1687799778.426696000,2,rover_s102_2x2_n2_15fps_1sp_aldrich.json,s102
1687799778.426800000,3,rover_s102_2x2_n2_15fps_1sp_aldrich.json,s102
1687799778.426912000,4,rover_s102_2x2_n2_15fps_1sp_aldrich.json,s102
1687799778.427023000,5,rover_s102_2x2_n2_15fps_1sp_aldrich.json,s102
1687799778.427712000,6,rover_s102_2x2_n2_15fps_1sp_aldrich.json,s102
1687799778.427828000,7,rover_s102_2x2_n2_15fps_1sp_aldrich.json,s102
1687799778.427941000,8,rover_s102_2x2_n2_15fps_1sp_aldrich.json,s102
1687799778.429955000,9,rover_s102_2x2_n2_15fps_1sp_aldrich.json,s102
1687799779.452058000,0,rover_s102_2x2_n2_15fps_1sp_aldrich.json,s102
1687799779.452278000,1,rover_s102_2x2_n2_15fps_1sp_aldrich.json,s102
1687799779.452767000,2,rover_s102_2x2_n2_15fps_1sp_aldrich.json,s102
1687799779.452870000,3,rover_s102_2x2_n2_15fps_1sp_aldrich.json,s102
1687799779.452872000,4,rover_s102_2x2_n2_15fps_1sp_aldrich.json,s102
1687799779.453398000,5,rover_s102_2x2_n2_15fps_1sp_aldrich.json,s102
1687799779.453514000,6,rover_s102_2x2_n2_15fps_1sp_aldrich.json,s102
1687799779.453515000,7,rover_s102_2x2_n2_15fps_1sp_aldrich.json,s102
1687799779.454062000,8,rover_s102_2x2_n2_15fps_1sp_aldrich.json,s102
1687799779.454173000,9,rover_s102_2x2_n2_15fps_1sp_aldrich.json,s102
1687799779.454668000,10,rover_s102_2x2_n2_15fps_1sp_aldrich.json,s102
1687799780.474666000,0,rover_s102_2x2_n2_15fps_1sp_aldrich.json,s102
1687799780.474874000,1,rover_s102_2x2_n2_15fps_1sp_aldrich.json,s102
1687799780.475406000,2,rover_s102_2x2_n2_15fps_1sp_aldrich.json,s102
1687799780.475515000,3,rover_s102_2x2_n2_15fps_1sp_aldrich.json,s102
1687799780.476463000,4,rover_s102_2x2_n2_15fps_1sp_aldrich.json,s102
1687799780.478670000,5,rover_s102_2x2_n2_15fps_1sp_aldrich.json,s102
1687799780.478672000,6,rover_s102_2x2_n2_15fps_1sp_aldrich.json,s102
1687799780.478823000,7,rover_s102_2x2_n2_15fps_1sp_aldrich.json,s102
1687799780.478899000,8,rover_s102_2x2_n2_15fps_1sp_aldrich.json,s102
1687799781.496026000,0,rover_s102_2x2_n2_15fps_1sp_aldrich.json,s102
1687799781.497496000,1,rover_s102_2x2_n2_15fps_1sp_aldrich.json,s102
1687799781.498796000,2,rover_s102_2x2_n2_15fps_1sp_aldrich.json,s102
1687799781.498797000,3,rover_s102_2x2_n2_15fps_1sp_aldrich.json,s102
1687799781.498912000,4,rover_s102_2x2_n2_15fps_1sp_aldrich.json,s102
1687799781.499017000,5,rover_s102_2x2_n2_15fps_1sp_aldrich.json,s102
1687799781.499120000,6,rover_s102_2x2_n2_15fps_1sp_aldrich.json,s102
1687799781.499712000,7,rover_s102_2x2_n2_15fps_1sp_aldrich.json,s102
1687799781.499807000,8,rover_s102_2x2_n2_15fps_1sp_aldrich.json,s102
1687799781.499901000,9,rover_s102_2x2_n2_15fps_1sp_aldrich.json,s102
1687799781.499903000,10,rover_s102_2x2_n2_15fps_1sp_aldrich.json,s102
1687799781.500031000,11,rover_s102_2x2_n2_15fps_1sp_aldrich.json,s102
1687799781.500509000,12,rover_s102_2x2_n2_15fps_1sp_aldrich.json,s102
1687799782.520903000,0,rover_s102_2x2_n2_15fps_1sp_aldrich.json,s102
1687799782.521122000,1,rover_s102_2x2_n2_15fps_1sp_aldrich.json,s102
1687799782.521773000,2,rover_s102_2x2_n2_15fps_1sp_aldrich.json,s102
1687799782.521865000,3,rover_s102_2x2_n2_15fps_1sp_aldrich.json,s102
1687799782.521975000,4,rover_s102_2x2_n2_15fps_1sp_aldrich.json,s102
1687799782.521976000,5,rover_s102_2x2_n2_15fps_1sp_aldrich.json,s102
1687799782.523118000,6,rover_s102_2x2_n2_15fps_1sp_aldrich.json,s102
1687799782.523244000,7,rover_s102_2x2_n2_15fps_1sp_aldrich.json,s102
1687799782.523333000,8,rover_s102_2x2_n2_15fps_1sp_aldrich.json,s102
1687799782.524060000,9,rover_s102_2x2_n2_15fps_1sp_aldrich.json,s102
1687799782.524168000,10,rover_s102_2x2_n2_15fps_1sp_aldrich.json,s102
1687799782.524260000,11,rover_s102_2x2_n2_15fps_1sp_aldrich.json,s102
1687799782.525315000,12,rover_s102_2x2_n2_15fps_1sp_aldrich.json,s102
1687799783.548997000,0,rover_s102_2x2_n2_15fps_1sp_aldrich.json,s102
1687799783.549200000,1,rover_s102_2x2_n2_15fps_1sp_aldrich.json,s102
1687799783.549300000,2,rover_s102_2x2_n2_15fps_1sp_aldrich.json,s102
1687799783.550277000,3,rover_s102_2x2_n2_15fps_1sp_aldrich.json,s102
1687799783.550369000,4,rover_s102_2x2_n2_15fps_1sp_aldrich.json,s102
1687799783.550447000,5,rover_s102_2x2_n2_15fps_1sp_aldrich.json,s102
1687799783.550449000,6,rover_s102_2x2_n2_15fps_1sp_aldrich.json,s102
1687799783.552857000,7,rover_s102_2x2_n2_15fps_1sp_aldrich.json,s102
1687799784.572184000,0,rover_s102_2x2_n2_15fps_1sp_aldrich.json,s102
1687799784.573394000,1,rover_s102_2x2_n2_15fps_1sp_aldrich.json,s102
1687799784.573396000,2,rover_s102_2x2_n2_15fps_1sp_aldrich.json,s102
1687799784.573522000,3,rover_s102_2x2_n2_15fps_1sp_aldrich.json,s102
1687799784.573629000,4,rover_s102_2x2_n2_15fps_1sp_aldrich.json,s102
1687799784.573742000,5,rover_s102_2x2_n2_15fps_1sp_aldrich.json,s102
1687799784.573832000,6,rover_s102_2x2_n2_15fps_1sp_aldrich.json,s102
1687799784.575172000,7,rover_s102_2x2_n2_15fps_1sp_aldrich.json,s102
1687799784.575299000,8,rover_s102_2x2_n2_15fps_1sp_aldrich.json,s102
1687799785.595170000,0,rover_s102_2x2_n2_15fps_1sp_aldrich.json,s102
1687799785.596035000,1,rover_s102_2x2_n2_15fps_1sp_aldrich.json,s102
1687799785.596036000,2,rover_s102_2x2_n2_15fps_1sp_aldrich.json,s102
1687799785.596169000,3,rover_s102_2x2_n2_15fps_1sp_aldrich.json,s102
1687799785.596899000,4,rover_s102_2x2_n2_15fps_1sp_aldrich.json,s102
1687799785.597003000,5,rover_s102_2x2_n2_15fps_1sp_aldrich.json,s102
1687799785.599539000,6,rover_s102_2x2_n2_15fps_1sp_aldrich.json,s102
1687799785.599704000,7,rover_s102_2x2_n2_15fps_1sp_aldrich.json,s102
1687799785.600398000,8,rover_s102_2x2_n2_15fps_1sp_aldrich.json,s102
1687799785.600468000,9,rover_s102_2x2_n2_15fps_1sp_aldrich.json,s102
1687799785.600539000,10,rover_s102_2x2_n2_15fps_1sp_aldrich.json,s102
1687799786.622507000,0,rover_s102_2x2_n2_15fps_1sp_aldrich.json,s102
1687799786.622707000,1,rover_s102_2x2_n2_15fps_1sp_aldrich.json,s102
1687799786.623180000,2,rover_s102_2x2_n2_15fps_1sp_aldrich.json,s102
1687799786.623182000,3,rover_s102_2x2_n2_15fps_1sp_aldrich.json,s102
1687799786.623305000,4,rover_s102_2x2_n2_15fps_1sp_aldrich.json,s102
1687799786.623399000,5,rover_s102_2x2_n2_15fps_1sp_aldrich.json,s102
1687799786.623909000,6,rover_s102_2x2_n2_15fps_1sp_aldrich.json,s102
1687799786.624023000,7,rover_s102_2x2_n2_15fps_1sp_aldrich.json,s102
1687799786.624474000,8,rover_s102_2x2_n2_15fps_1sp_aldrich.json,s102
1687799786.624586000,9,rover_s102_2x2_n2_15fps_1sp_aldrich.json,s102
1687799786.624587000,10,rover_s102_2x2_n2_15fps_1sp_aldrich.json,s102
1687799786.625248000,11,rover_s102_2x2_n2_15fps_1sp_aldrich.json,s102
1687799786.625362000,12,rover_s102_2x2_n2_15fps_1sp_aldrich.json,s102
1687799786.628423000,13,rover_s102_2x2_n2_15fps_1sp_aldrich.json,s102
1687799786.628603000,14,rover_s102_2x2_n2_15fps_1sp_aldrich.json,s102
1687799787.648908000,0,rover_s102_2x2_n2_15fps_1sp_aldrich.json,s102
1687799787.649292000,1,rover_s102_2x2_n2_15fps_1sp_aldrich.json,s102
1687799787.650676000,2,rover_s102_2x2_n2_15fps_1sp_aldrich.json,s102
1687799787.650677000,3,rover_s102_2x2_n2_15fps_1sp_aldrich.json,s102
1687799787.650823000,4,rover_s102_2x2_n2_15fps_1sp_aldrich.json,s102
1687799787.651705000,5,rover_s102_2x2_n2_15fps_1sp_aldrich.json,s102
1687799787.651707000,6,rover_s102_2x2_n2_15fps_1sp_aldrich.json,s102
1687799787.652525000,7,rover_s102_2x2_n2_15fps_1sp_aldrich.json,s102
1687799787.652611000,8,rover_s102_2x2_n2_15fps_1sp_aldrich.json,s102
1687799788.673575000,0,rover_s102_2x2_n2_15fps_1sp_aldrich.json,s102
1687799788.673804000,1,rover_s102_2x2_n2_15fps_1sp_aldrich.json,s102
1687799788.674330000,2,rover_s102_2x2_n2_15fps_1sp_aldrich.json,s102
1687799788.674455000,3,rover_s102_2x2_n2_15fps_1sp_aldrich.json,s102
1687799788.674798000,4,rover_s102_2x2_n2_15fps_1sp_aldrich.json,s102
1687799788.674903000,5,rover_s102_2x2_n2_15fps_1sp_aldrich.json,s102
1687799788.674905000,6,rover_s102_2x2_n2_15fps_1sp_aldrich.json,s102
1687799788.678304000,7,rover_s102_2x2_n2_15fps_1sp_aldrich.json,s102
1687799788.678306000,8,rover_s102_2x2_n2_15fps_1sp_aldrich.json,s102
1687799788.678508000,9,rover_s102_2x2_n2_15fps_1sp_aldrich.json,s102
1687799788.678605000,10,rover_s102_2x2_n2_15fps_1sp_aldrich.json,s102
1687799788.678685000,11,rover_s102_2x2_n2_15fps_1sp_aldrich.json,s102
1687799789.696443000,0,rover_s102_2x2_n2_15fps_1sp_aldrich.json,s102
1687799789.696683000,1,rover_s102_2x2_n2_15fps_1sp_aldrich.json,s102
1687799789.696772000,2,rover_s102_2x2_n2_15fps_1sp_aldrich.json,s102
1687799789.697359000,3,rover_s102_2x2_n2_15fps_1sp_aldrich.json,s102
1687799789.697466000,4,rover_s102_2x2_n2_15fps_1sp_aldrich.json,s102
1687799789.697591000,5,rover_s102_2x2_n2_15fps_1sp_aldrich.json,s102
1687799789.698279000,6,rover_s102_2x2_n2_15fps_1sp_aldrich.json,s102
1687799789.698280000,7,rover_s102_2x2_n2_15fps_1sp_aldrich.json,s102
1687799789.698413000,8,rover_s102_2x2_n2_15fps_1sp_aldrich.json,s102
1687799789.699385000,9,rover_s102_2x2_n2_15fps_1sp_aldrich.json,s102
1687799789.699480000,10,rover_s102_2x2_n2_15fps_1sp_aldrich.json,s102
1687799790.718045000,0,rover_s102_2x2_n2_15fps_1sp_aldrich.json,s102
1687799790.718400000,1,rover_s102_2x2_n2_15fps_1sp_aldrich.json,s102
1687799790.719267000,2,rover_s102_2x2_n2_15fps_1sp_aldrich.json,s102
1687799790.719377000,3,rover_s102_2x2_n2_15fps_1sp_aldrich.json,s102
1687799790.720099000,4,rover_s102_2x2_n2_15fps_1sp_aldrich.json,s102
1687799790.720101000,5,rover_s102_2x2_n2_15fps_1sp_aldrich.json,s102
1687799790.720237000,6,rover_s102_2x2_n2_15fps_1sp_aldrich.json,s102
1687799790.720601000,7,rover_s102_2x2_n2_15fps_1sp_aldrich.json,s102
1687799791.742234000,0,rover_s102_2x2_n2_15fps_1sp_aldrich.json,s102
1687799791.742443000,1,rover_s102_2x2_n2_15fps_1sp_aldrich.json,s102
1687799791.742963000,2,rover_s102_2x2_n2_15fps_1sp_aldrich.json,s102
1687799791.743064000,3,rover_s102_2x2_n2_15fps_1sp_aldrich.json,s102
1687799791.743152000,4,rover_s102_2x2_n2_15fps_1sp_aldrich.json,s102
1687799791.744308000,5,rover_s102_2x2_n2_15fps_1sp_aldrich.json,s102
1687799791.744310000,6,rover_s102_2x2_n2_15fps_1sp_aldrich.json,s102
1687799791.744441000,7,rover_s102_2x2_n2_15fps_1sp_aldrich.json,s102
1687799791.744544000,8,rover_s102_2x2_n2_15fps_1sp_aldrich.json,s102
1687799792.767730000,0,rover_s102_2x2_n2_15fps_1sp_aldrich.json,s102
1687799792.767934000,1,rover_s102_2x2_n2_15fps_1sp_aldrich.json,s102
1687799792.768035000,2,rover_s102_2x2_n2_15fps_1sp_aldrich.json,s102
1687799792.768156000,3,rover_s102_2x2_n2_15fps_1sp_aldrich.json,s102
1687799792.768158000,4,rover_s102_2x2_n2_15fps_1sp_aldrich.json,s102
1687799792.769709000,5,rover_s102_2x2_n2_15fps_1sp_aldrich.json,s102
1687799792.769711000,6,rover_s102_2x2_n2_15fps_1sp_aldrich.json,s102
1687799792.769855000,7,rover_s102_2x2_n2_15fps_1sp_aldrich.json,s102
1687799793.789836000,0,rover_s102_2x2_n2_15fps_1sp_aldrich.json,s102
1687799793.790240000,1,rover_s102_2x2_n2_15fps_1sp_aldrich.json,s102
1687799793.792712000,2,rover_s102_2x2_n2_15fps_1sp_aldrich.json,s102
1687799793.792714000,3,rover_s102_2x2_n2_15fps_1sp_aldrich.json,s102
1687799793.792840000,4,rover_s102_2x2_n2_15fps_1sp_aldrich.json,s102
1687799793.792907000,5,rover_s102_2x2_n2_15fps_1sp_aldrich.json,s102
1687799793.792997000,6,rover_s102_2x2_n2_15fps_1sp_aldrich.json,s102
1687799793.792999000,7,rover_s102_2x2_n2_15fps_1sp_aldrich.json,s102
1687799793.793132000,8,rover_s102_2x2_n2_15fps_1sp_aldrich.json,s102
1687799793.793228000,9,rover_s102_2x2_n2_15fps_1sp_aldrich.json,s102
1687799794.816640000,0,rover_s102_2x2_n2_15fps_1sp_aldrich.json,s102
1687799794.816855000,1,rover_s102_2x2_n2_15fps_1sp_aldrich.json,s102
1687799794.816981000,2,rover_s102_2x2_n2_15fps_1sp_aldrich.json,s102
1687799794.817817000,3,rover_s102_2x2_n2_15fps_1sp_aldrich.json,s102
1687799794.817819000,4,rover_s102_2x2_n2_15fps_1sp_aldrich.json,s102
1687799794.818623000,5,rover_s102_2x2_n2_15fps_1sp_aldrich.json,s102
1687799794.818624000,6,rover_s102_2x2_n2_15fps_1sp_aldrich.json,s102
1687799794.820263000,7,rover_s102_2x2_n2_15fps_1sp_aldrich.json,s102
1687799794.820264000,8,rover_s102_2x2_n2_15fps_1sp_aldrich.json,s102
1687799794.821431000,9,rover_s102_2x2_n2_15fps_1sp_aldrich.json,s102
1687799794.821516000,10,rover_s102_2x2_n2_15fps_1sp_aldrich.json,s102
1687799794.821583000,11,rover_s102_2x2_n2_15fps_1sp_aldrich.json,s102
1687799795.841491000,0,rover_s102_2x2_n2_15fps_1sp_aldrich.json,s102
1687799795.841667000,1,rover_s102_2x2_n2_15fps_1sp_aldrich.json,s102
1687799795.841668000,2,rover_s102_2x2_n2_15fps_1sp_aldrich.json,s102
1687799795.841805000,3,rover_s102_2x2_n2_15fps_1sp_aldrich.json,s102
1687799795.841909000,4,rover_s102_2x2_n2_15fps_1sp_aldrich.json,s102
1687799795.842560000,5,rover_s102_2x2_n2_15fps_1sp_aldrich.json,s102
1687799795.842660000,6,rover_s102_2x2_n2_15fps_1sp_aldrich.json,s102
1687799795.842661000,7,rover_s102_2x2_n2_15fps_1sp_aldrich.json,s102
1687799795.842801000,8,rover_s102_2x2_n2_15fps_1sp_aldrich.json,s102
1687799795.844476000,9,rover_s102_2x2_n2_15fps_1sp_aldrich.json,s102
1687799795.844478000,10,rover_s102_2x2_n2_15fps_1sp_aldrich.json,s102
1687799795.844623000,11,rover_s102_2x2_n2_15fps_1sp_aldrich.json,s102
1687799796.864948000,0,rover_s102_2x2_n2_15fps_1sp_aldrich.json,s102
1687799796.865337000,1,rover_s102_2x2_n2_15fps_1sp_aldrich.json,s102
1687799796.866661000,2,rover_s102_2x2_n2_15fps_1sp_aldrich.json,s102
1687799796.866662000,3,rover_s102_2x2_n2_15fps_1sp_aldrich.json,s102
1687799796.866789000,4,rover_s102_2x2_n2_15fps_1sp_aldrich.json,s102
1687799796.866902000,5,rover_s102_2x2_n2_15fps_1sp_aldrich.json,s102
1687799796.867026000,6,rover_s102_2x2_n2_15fps_1sp_aldrich.json,s102
1687799796.867110000,7,rover_s102_2x2_n2_15fps_1sp_aldrich.json,s102
1687799796.867827000,8,rover_s102_2x2_n2_15fps_1sp_aldrich.json,s102
1687799796.867940000,9,rover_s102_2x2_n2_15fps_1sp_aldrich.json,s102
1687799796.869769000,10,rover_s102_2x2_n2_15fps_1sp_aldrich.json,s102
1687799797.889785000,0,rover_s102_2x2_n2_15fps_1sp_aldrich.json,s102
1687799797.889997000,1,rover_s102_2x2_n2_15fps_1sp_aldrich.json,s102
1687799797.890086000,2,rover_s102_2x2_n2_15fps_1sp_aldrich.json,s102
1687799797.891255000,3,rover_s102_2x2_n2_15fps_1sp_aldrich.json,s102
1687799797.891256000,4,rover_s102_2x2_n2_15fps_1sp_aldrich.json,s102
1687799797.891387000,5,rover_s102_2x2_n2_15fps_1sp_aldrich.json,s102
1687799797.891487000,6,rover_s102_2x2_n2_15fps_1sp_aldrich.json,s102
1687799797.891577000,7,rover_s102_2x2_n2_15fps_1sp_aldrich.json,s102
1687799797.892594000,8,rover_s102_2x2_n2_15fps_1sp_aldrich.json,s102
1687799798.915324000,0,rover_s102_2x2_n2_15fps_1sp_aldrich.json,s102
1687799798.915537000,1,rover_s102_2x2_n2_15fps_1sp_aldrich.json,s102
1687799798.916086000,2,rover_s102_2x2_n2_15fps_1sp_aldrich.json,s102
1687799798.916088000,3,rover_s102_2x2_n2_15fps_1sp_aldrich.json,s102
1687799798.916214000,4,rover_s102_2x2_n2_15fps_1sp_aldrich.json,s102
1687799798.916326000,5,rover_s102_2x2_n2_15fps_1sp_aldrich.json,s102
1687799798.916800000,6,rover_s102_2x2_n2_15fps_1sp_aldrich.json,s102
1687799798.916907000,7,rover_s102_2x2_n2_15fps_1sp_aldrich.json,s102
1687799798.917356000,8,rover_s102_2x2_n2_15fps_1sp_aldrich.json,s102
1687799798.917460000,9,rover_s102_2x2_n2_15fps_1sp_aldrich.json,s102
1687799799.938032000,0,rover_s102_2x2_n2_15fps_1sp_aldrich.json,s102
1687799799.938392000,1,rover_s102_2x2_n2_15fps_1sp_aldrich.json,s102
1687799799.939587000,2,rover_s102_2x2_n2_15fps_1sp_aldrich.json,s102
1687799799.939589000,3,rover_s102_2x2_n2_15fps_1sp_aldrich.json,s102
1687799799.939718000,4,rover_s102_2x2_n2_15fps_1sp_aldrich.json,s102
1687799799.939836000,5,rover_s102_2x2_n2_15fps_1sp_aldrich.json,s102
1687799799.939957000,6,rover_s102_2x2_n2_15fps_1sp_aldrich.json,s102
1687799799.940043000,7,rover_s102_2x2_n2_15fps_1sp_aldrich.json,s102
1687799799.940738000,8,rover_s102_2x2_n2_15fps_1sp_aldrich.json,s102
1687799800.960347000,0,rover_s102_2x2_n2_15fps_1sp_aldrich.json,s102
1687799800.960553000,1,rover_s102_2x2_n2_15fps_1sp_aldrich.json,s102
1687799800.960655000,2,rover_s102_2x2_n2_15fps_1sp_aldrich.json,s102
1687799800.961174000,3,rover_s102_2x2_n2_15fps_1sp_aldrich.json,s102
1687799800.961176000,4,rover_s102_2x2_n2_15fps_1sp_aldrich.json,s102
1687799800.961313000,5,rover_s102_2x2_n2_15fps_1sp_aldrich.json,s102
1687799800.961416000,6,rover_s102_2x2_n2_15fps_1sp_aldrich.json,s102
1687799800.961830000,7,rover_s102_2x2_n2_15fps_1sp_aldrich.json,s102
1687799800.961935000,8,rover_s102_2x2_n2_15fps_1sp_aldrich.json,s102
1687799800.963203000,9,rover_s102_2x2_n2_15fps_1sp_aldrich.json,s102
1687799801.981484000,0,rover_s102_2x2_n2_15fps_1sp_aldrich.json,s102
1687799801.981665000,1,rover_s102_2x2_n2_15fps_1sp_aldrich.json,s102
1687799801.982253000,2,rover_s102_2x2_n2_15fps_1sp_aldrich.json,s102
1687799801.982391000,3,rover_s102_2x2_n2_15fps_1sp_aldrich.json,s102
1687799801.982492000,4,rover_s102_2x2_n2_15fps_1sp_aldrich.json,s102
1687799801.982983000,5,rover_s102_2x2_n2_15fps_1sp_aldrich.json,s102
1687799801.983096000,6,rover_s102_2x2_n2_15fps_1sp_aldrich.json,s102
1687799801.984118000,7,rover_s102_2x2_n2_15fps_1sp_aldrich.json,s102
1687799803.012160000,0,rover_s102_2x2_n2_15fps_1sp_aldrich.json,s102
1687799803.012551000,1,rover_s102_2x2_n2_15fps_1sp_aldrich.json,s102
1687799803.014216000,2,rover_s102_2x2_n2_15fps_1sp_aldrich.json,s102
1687799803.014217000,3,rover_s102_2x2_n2_15fps_1sp_aldrich.json,s102
1687799803.014354000,4,rover_s102_2x2_n2_15fps_1sp_aldrich.json,s102
1687799803.014479000,5,rover_s102_2x2_n2_15fps_1sp_aldrich.json,s102
1687799803.014596000,6,rover_s102_2x2_n2_15fps_1sp_aldrich.json,s102
1687799803.014683000,7,rover_s102_2x2_n2_15fps_1sp_aldrich.json,s102
1687799803.015079000,8,rover_s102_2x2_n2_15fps_1sp_aldrich.json,s102
1687799804.033647000,0,rover_s102_2x2_n2_15fps_1sp_aldrich.json,s102
1687799804.033854000,1,rover_s102_2x2_n2_15fps_1sp_aldrich.json,s102
1687799804.033972000,2,rover_s102_2x2_n2_15fps_1sp_aldrich.json,s102
1687799804.034069000,3,rover_s102_2x2_n2_15fps_1sp_aldrich.json,s102
1687799804.035579000,4,rover_s102_2x2_n2_15fps_1sp_aldrich.json,s102
1687799804.035686000,5,rover_s102_2x2_n2_15fps_1sp_aldrich.json,s102
1687799804.035784000,6,rover_s102_2x2_n2_15fps_1sp_aldrich.json,s102
1687799804.036567000,7,rover_s102_2x2_n2_15fps_1sp_aldrich.json,s102
1687799805.057658000,0,rover_s102_2x2_n2_15fps_1sp_aldrich.json,s102
1687799805.057875000,1,rover_s102_2x2_n2_15fps_1sp_aldrich.json,s102
1687799805.058325000,2,rover_s102_2x2_n2_15fps_1sp_aldrich.json,s102
1687799805.058421000,3,rover_s102_2x2_n2_15fps_1sp_aldrich.json,s102
1687799805.058423000,4,rover_s102_2x2_n2_15fps_1sp_aldrich.json,s102
1687799805.058703000,5,rover_s102_2x2_n2_15fps_1sp_aldrich.json,s102
1687799805.059129000,6,rover_s102_2x2_n2_15fps_1sp_aldrich.json,s102
1687799805.059242000,7,rover_s102_2x2_n2_15fps_1sp_aldrich.json,s102
1687799805.059691000,8,rover_s102_2x2_n2_15fps_1sp_aldrich.json,s102
1687799805.059800000,9,rover_s102_2x2_n2_15fps_1sp_aldrich.json,s102
1687799805.059802000,10,rover_s102_2x2_n2_15fps_1sp_aldrich.json,s102
1687799805.060491000,11,rover_s102_2x2_n2_15fps_1sp_aldrich.json,s102
1687799805.060630000,12,rover_s102_2x2_n2_15fps_1sp_aldrich.json,s102
1687799805.061442000,13,rover_s102_2x2_n2_15fps_1sp_aldrich.json,s102
1687799806.083832000,0,rover_s102_2x2_n2_15fps_1sp_aldrich.json,s102
1687799806.084202000,1,rover_s102_2x2_n2_15fps_1sp_aldrich.json,s102
1687799806.085432000,2,rover_s102_2x2_n2_15fps_1sp_aldrich.json,s102
1687799806.085433000,3,rover_s102_2x2_n2_15fps_1sp_aldrich.json,s102
1687799806.085559000,4,rover_s102_2x2_n2_15fps_1sp_aldrich.json,s102
1687799806.085678000,5,rover_s102_2x2_n2_15fps_1sp_aldrich.json,s102
1687799806.085795000,6,rover_s102_2x2_n2_15fps_1sp_aldrich.json,s102
1687799806.085882000,7,rover_s102_2x2_n2_15fps_1sp_aldrich.json,s102
1687799806.087176000,8,rover_s102_2x2_n2_15fps_1sp_aldrich.json,s102
1687799807.107061000,0,rover_s102_2x2_n2_15fps_1sp_aldrich.json,s102
1687799807.107264000,1,rover_s102_2x2_n2_15fps_1sp_aldrich.json,s102
1687799807.107804000,2,rover_s102_2x2_n2_15fps_1sp_aldrich.json,s102
1687799807.107900000,3,rover_s102_2x2_n2_15fps_1sp_aldrich.json,s102
1687799807.107994000,4,rover_s102_2x2_n2_15fps_1sp_aldrich.json,s102
1687799807.108813000,5,rover_s102_2x2_n2_15fps_1sp_aldrich.json,s102
1687799807.108921000,6,rover_s102_2x2_n2_15fps_1sp_aldrich.json,s102
1687799807.109812000,7,rover_s102_2x2_n2_15fps_1sp_aldrich.json,s102
1687799807.109814000,8,rover_s102_2x2_n2_15fps_1sp_aldrich.json,s102
1687799808.128745000,0,rover_s102_2x2_n2_15fps_1sp_aldrich.json,s102
1687799808.128956000,1,rover_s102_2x2_n2_15fps_1sp_aldrich.json,s102
1687799808.129546000,2,rover_s102_2x2_n2_15fps_1sp_aldrich.json,s102
1687799808.129649000,3,rover_s102_2x2_n2_15fps_1sp_aldrich.json,s102
1687799808.129746000,4,rover_s102_2x2_n2_15fps_1sp_aldrich.json,s102
1687799808.130492000,5,rover_s102_2x2_n2_15fps_1sp_aldrich.json,s102
1687799808.130591000,6,rover_s102_2x2_n2_15fps_1sp_aldrich.json,s102
1687799808.130681000,7,rover_s102_2x2_n2_15fps_1sp_aldrich.json,s102
1687799808.131506000,8,rover_s102_2x2_n2_15fps_1sp_aldrich.json,s102
1687799809.154850000,0,rover_s102_2x2_n2_15fps_1sp_aldrich.json,s102
1687799809.155293000,1,rover_s102_2x2_n2_15fps_1sp_aldrich.json,s102
1687799809.156741000,2,rover_s102_2x2_n2_15fps_1sp_aldrich.json,s102
1687799809.156743000,3,rover_s102_2x2_n2_15fps_1sp_aldrich.json,s102
1687799809.156902000,4,rover_s102_2x2_n2_15fps_1sp_aldrich.json,s102
1687799809.157015000,5,rover_s102_2x2_n2_15fps_1sp_aldrich.json,s102
1687799809.157137000,6,rover_s102_2x2_n2_15fps_1sp_aldrich.json,s102
1687799809.157218000,7,rover_s102_2x2_n2_15fps_1sp_aldrich.json,s102
1687799809.157742000,8,rover_s102_2x2_n2_15fps_1sp_aldrich.json,s102
1687799810.182149000,0,rover_s102_2x2_n2_15fps_1sp_aldrich.json,s102
1687799810.182370000,1,rover_s102_2x2_n2_15fps_1sp_aldrich.json,s102
1687799810.182831000,2,rover_s102_2x2_n2_15fps_1sp_aldrich.json,s102
1687799810.182927000,3,rover_s102_2x2_n2_15fps_1sp_aldrich.json,s102
1687799810.182929000,4,rover_s102_2x2_n2_15fps_1sp_aldrich.json,s102
1687799810.183064000,5,rover_s102_2x2_n2_15fps_1sp_aldrich.json,s102
1687799810.183591000,6,rover_s102_2x2_n2_15fps_1sp_aldrich.json,s102
1687799810.183701000,7,rover_s102_2x2_n2_15fps_1sp_aldrich.json,s102
1687799810.184211000,8,rover_s102_2x2_n2_15fps_1sp_aldrich.json,s102
1687799810.184324000,9,rover_s102_2x2_n2_15fps_1sp_aldrich.json,s102
1687799811.205074000,0,rover_s102_2x2_n2_15fps_1sp_aldrich.json,s102
1687799811.205279000,1,rover_s102_2x2_n2_15fps_1sp_aldrich.json,s102
1687799811.205805000,2,rover_s102_2x2_n2_15fps_1sp_aldrich.json,s102
1687799811.205901000,3,rover_s102_2x2_n2_15fps_1sp_aldrich.json,s102
1687799811.206003000,4,rover_s102_2x2_n2_15fps_1sp_aldrich.json,s102
1687799811.206761000,5,rover_s102_2x2_n2_15fps_1sp_aldrich.json,s102
1687799811.206912000,6,rover_s102_2x2_n2_15fps_1sp_aldrich.json,s102
1687799811.207020000,7,rover_s102_2x2_n2_15fps_1sp_aldrich.json,s102
1687799811.207268000,8,rover_s102_2x2_n2_15fps_1sp_aldrich.json,s102
1687799811.207357000,9,rover_s102_2x2_n2_15fps_1sp_aldrich.json,s102
1687799812.232778000,0,rover_s102_2x2_n2_15fps_1sp_aldrich.json,s102
1687799812.233152000,1,rover_s102_2x2_n2_15fps_1sp_aldrich.json,s102
1687799812.234451000,2,rover_s102_2x2_n2_15fps_1sp_aldrich.json,s102
1687799812.234453000,3,rover_s102_2x2_n2_15fps_1sp_aldrich.json,s102
1687799812.234612000,4,rover_s102_2x2_n2_15fps_1sp_aldrich.json,s102
1687799812.234737000,5,rover_s102_2x2_n2_15fps_1sp_aldrich.json,s102
1687799812.235334000,6,rover_s102_2x2_n2_15fps_1sp_aldrich.json,s102
1687799813.258518000,0,rover_s102_2x2_n2_15fps_1sp_aldrich.json,s102
1687799813.258722000,1,rover_s102_2x2_n2_15fps_1sp_aldrich.json,s102
1687799813.259197000,2,rover_s102_2x2_n2_15fps_1sp_aldrich.json,s102
1687799813.259293000,3,rover_s102_2x2_n2_15fps_1sp_aldrich.json,s102
1687799813.259388000,4,rover_s102_2x2_n2_15fps_1sp_aldrich.json,s102
1687799813.259787000,5,rover_s102_2x2_n2_15fps_1sp_aldrich.json,s102
1687799813.259897000,6,rover_s102_2x2_n2_15fps_1sp_aldrich.json,s102
1687799813.260351000,7,rover_s102_2x2_n2_15fps_1sp_aldrich.json,s102
1687799813.261542000,8,rover_s102_2x2_n2_15fps_1sp_aldrich.json,s102
