Timestamp,Packet,Scenario,Type
1687803444.488751000,0,rover_s102_4x4_n1_1fps_1sp_aldrich.json,s102
1687803444.488968000,1,rover_s102_4x4_n1_1fps_1sp_aldrich.json,s102
1687803444.489483000,2,rover_s102_4x4_n1_1fps_1sp_aldrich.json,s102
1687803444.489586000,3,rover_s102_4x4_n1_1fps_1sp_aldrich.json,s102
1687803444.489675000,4,rover_s102_4x4_n1_1fps_1sp_aldrich.json,s102
1687803444.490229000,5,rover_s102_4x4_n1_1fps_1sp_aldrich.json,s102
1687803444.490333000,6,rover_s102_4x4_n1_1fps_1sp_aldrich.json,s102
1687803444.490428000,7,rover_s102_4x4_n1_1fps_1sp_aldrich.json,s102
1687803444.490840000,8,rover_s102_4x4_n1_1fps_1sp_aldrich.json,s102
1687803444.490937000,9,rover_s102_4x4_n1_1fps_1sp_aldrich.json,s102
1687803444.491829000,10,rover_s102_4x4_n1_1fps_1sp_aldrich.json,s102
1687803444.491946000,11,rover_s102_4x4_n1_1fps_1sp_aldrich.json,s102
1687803444.492940000,12,rover_s102_4x4_n1_1fps_1sp_aldrich.json,s102
1687803445.511501000,0,rover_s102_4x4_n1_1fps_1sp_aldrich.json,s102
1687803445.511704000,1,rover_s102_4x4_n1_1fps_1sp_aldrich.json,s102
1687803445.511811000,2,rover_s102_4x4_n1_1fps_1sp_aldrich.json,s102
1687803445.512628000,3,rover_s102_4x4_n1_1fps_1sp_aldrich.json,s102
1687803445.512733000,4,rover_s102_4x4_n1_1fps_1sp_aldrich.json,s102
1687803445.512825000,5,rover_s102_4x4_n1_1fps_1sp_aldrich.json,s102
1687803445.513330000,6,rover_s102_4x4_n1_1fps_1sp_aldrich.json,s102
1687803445.513434000,7,rover_s102_4x4_n1_1fps_1sp_aldrich.json,s102
1687803445.514074000,8,rover_s102_4x4_n1_1fps_1sp_aldrich.json,s102
1687803445.514191000,9,rover_s102_4x4_n1_1fps_1sp_aldrich.json,s102
1687803445.515357000,10,rover_s102_4x4_n1_1fps_1sp_aldrich.json,s102
1687803446.537466000,0,rover_s102_4x4_n1_1fps_1sp_aldrich.json,s102
1687803446.537844000,1,rover_s102_4x4_n1_1fps_1sp_aldrich.json,s102
1687803446.539172000,2,rover_s102_4x4_n1_1fps_1sp_aldrich.json,s102
1687803446.539174000,3,rover_s102_4x4_n1_1fps_1sp_aldrich.json,s102
1687803446.539330000,4,rover_s102_4x4_n1_1fps_1sp_aldrich.json,s102
1687803446.539452000,5,rover_s102_4x4_n1_1fps_1sp_aldrich.json,s102
1687803446.539562000,6,rover_s102_4x4_n1_1fps_1sp_aldrich.json,s102
1687803446.539649000,7,rover_s102_4x4_n1_1fps_1sp_aldrich.json,s102
1687803446.540049000,8,rover_s102_4x4_n1_1fps_1sp_aldrich.json,s102
1687803446.540151000,9,rover_s102_4x4_n1_1fps_1sp_aldrich.json,s102
1687803447.560348000,0,rover_s102_4x4_n1_1fps_1sp_aldrich.json,s102
1687803447.560565000,1,rover_s102_4x4_n1_1fps_1sp_aldrich.json,s102
1687803447.560671000,2,rover_s102_4x4_n1_1fps_1sp_aldrich.json,s102
1687803447.560778000,3,rover_s102_4x4_n1_1fps_1sp_aldrich.json,s102
1687803447.560863000,4,rover_s102_4x4_n1_1fps_1sp_aldrich.json,s102
1687803447.561461000,5,rover_s102_4x4_n1_1fps_1sp_aldrich.json,s102
1687803447.561567000,6,rover_s102_4x4_n1_1fps_1sp_aldrich.json,s102
1687803447.561910000,7,rover_s102_4x4_n1_1fps_1sp_aldrich.json,s102
1687803447.562006000,8,rover_s102_4x4_n1_1fps_1sp_aldrich.json,s102
1687803447.562688000,9,rover_s102_4x4_n1_1fps_1sp_aldrich.json,s102
1687803447.562813000,10,rover_s102_4x4_n1_1fps_1sp_aldrich.json,s102
1687803447.563875000,11,rover_s102_4x4_n1_1fps_1sp_aldrich.json,s102
1687803447.563968000,12,rover_s102_4x4_n1_1fps_1sp_aldrich.json,s102
1687803448.585732000,0,rover_s102_4x4_n1_1fps_1sp_aldrich.json,s102
1687803448.585938000,1,rover_s102_4x4_n1_1fps_1sp_aldrich.json,s102
1687803448.586479000,2,rover_s102_4x4_n1_1fps_1sp_aldrich.json,s102
1687803448.586580000,3,rover_s102_4x4_n1_1fps_1sp_aldrich.json,s102
1687803448.586681000,4,rover_s102_4x4_n1_1fps_1sp_aldrich.json,s102
1687803448.587343000,5,rover_s102_4x4_n1_1fps_1sp_aldrich.json,s102
1687803448.587444000,6,rover_s102_4x4_n1_1fps_1sp_aldrich.json,s102
1687803448.587541000,7,rover_s102_4x4_n1_1fps_1sp_aldrich.json,s102
1687803448.588418000,8,rover_s102_4x4_n1_1fps_1sp_aldrich.json,s102
1687803449.609939000,0,rover_s102_4x4_n1_1fps_1sp_aldrich.json,s102
1687803449.610144000,1,rover_s102_4x4_n1_1fps_1sp_aldrich.json,s102
1687803449.610236000,2,rover_s102_4x4_n1_1fps_1sp_aldrich.json,s102
1687803449.610678000,3,rover_s102_4x4_n1_1fps_1sp_aldrich.json,s102
1687803449.610778000,4,rover_s102_4x4_n1_1fps_1sp_aldrich.json,s102
1687803449.610880000,5,rover_s102_4x4_n1_1fps_1sp_aldrich.json,s102
1687803449.611349000,6,rover_s102_4x4_n1_1fps_1sp_aldrich.json,s102
1687803449.611457000,7,rover_s102_4x4_n1_1fps_1sp_aldrich.json,s102
1687803449.612181000,8,rover_s102_4x4_n1_1fps_1sp_aldrich.json,s102
1687803449.612183000,9,rover_s102_4x4_n1_1fps_1sp_aldrich.json,s102
1687803449.612320000,10,rover_s102_4x4_n1_1fps_1sp_aldrich.json,s102
1687803449.613077000,11,rover_s102_4x4_n1_1fps_1sp_aldrich.json,s102
1687803449.613191000,12,rover_s102_4x4_n1_1fps_1sp_aldrich.json,s102
1687803449.613559000,13,rover_s102_4x4_n1_1fps_1sp_aldrich.json,s102
1687803449.613674000,14,rover_s102_4x4_n1_1fps_1sp_aldrich.json,s102
1687803450.645273000,0,rover_s102_4x4_n1_1fps_1sp_aldrich.json,s102
1687803450.645476000,1,rover_s102_4x4_n1_1fps_1sp_aldrich.json,s102
1687803450.645579000,2,rover_s102_4x4_n1_1fps_1sp_aldrich.json,s102
1687803450.645968000,3,rover_s102_4x4_n1_1fps_1sp_aldrich.json,s102
1687803450.646066000,4,rover_s102_4x4_n1_1fps_1sp_aldrich.json,s102
1687803450.646068000,5,rover_s102_4x4_n1_1fps_1sp_aldrich.json,s102
1687803450.646200000,6,rover_s102_4x4_n1_1fps_1sp_aldrich.json,s102
1687803450.646656000,7,rover_s102_4x4_n1_1fps_1sp_aldrich.json,s102
1687803450.646763000,8,rover_s102_4x4_n1_1fps_1sp_aldrich.json,s102
1687803450.647613000,9,rover_s102_4x4_n1_1fps_1sp_aldrich.json,s102
1687803450.647745000,10,rover_s102_4x4_n1_1fps_1sp_aldrich.json,s102
1687803450.648144000,11,rover_s102_4x4_n1_1fps_1sp_aldrich.json,s102
1687803450.648252000,12,rover_s102_4x4_n1_1fps_1sp_aldrich.json,s102
1687803450.649103000,13,rover_s102_4x4_n1_1fps_1sp_aldrich.json,s102
1687803450.649105000,14,rover_s102_4x4_n1_1fps_1sp_aldrich.json,s102
1687803450.649254000,15,rover_s102_4x4_n1_1fps_1sp_aldrich.json,s102
1687803450.650203000,16,rover_s102_4x4_n1_1fps_1sp_aldrich.json,s102
1687803450.650300000,17,rover_s102_4x4_n1_1fps_1sp_aldrich.json,s102
1687803450.650694000,18,rover_s102_4x4_n1_1fps_1sp_aldrich.json,s102
1687803450.650696000,19,rover_s102_4x4_n1_1fps_1sp_aldrich.json,s102
1687803450.652108000,20,rover_s102_4x4_n1_1fps_1sp_aldrich.json,s102
1687803450.652110000,21,rover_s102_4x4_n1_1fps_1sp_aldrich.json,s102
1687803450.652248000,22,rover_s102_4x4_n1_1fps_1sp_aldrich.json,s102
1687803450.652538000,23,rover_s102_4x4_n1_1fps_1sp_aldrich.json,s102
1687803450.652631000,24,rover_s102_4x4_n1_1fps_1sp_aldrich.json,s102
1687803450.653787000,25,rover_s102_4x4_n1_1fps_1sp_aldrich.json,s102
1687803450.653896000,26,rover_s102_4x4_n1_1fps_1sp_aldrich.json,s102
1687803450.653898000,27,rover_s102_4x4_n1_1fps_1sp_aldrich.json,s102
1687803450.654785000,28,rover_s102_4x4_n1_1fps_1sp_aldrich.json,s102
1687803450.654914000,29,rover_s102_4x4_n1_1fps_1sp_aldrich.json,s102
1687803450.658776000,30,rover_s102_4x4_n1_1fps_1sp_aldrich.json,s102
1687803450.660199000,31,rover_s102_4x4_n1_1fps_1sp_aldrich.json,s102
1687803450.660294000,32,rover_s102_4x4_n1_1fps_1sp_aldrich.json,s102
1687803450.660925000,33,rover_s102_4x4_n1_1fps_1sp_aldrich.json,s102
1687803450.661026000,34,rover_s102_4x4_n1_1fps_1sp_aldrich.json,s102
1687803450.663759000,35,rover_s102_4x4_n1_1fps_1sp_aldrich.json,s102
1687803450.663760000,36,rover_s102_4x4_n1_1fps_1sp_aldrich.json,s102
1687803450.663902000,37,rover_s102_4x4_n1_1fps_1sp_aldrich.json,s102
1687803450.664328000,38,rover_s102_4x4_n1_1fps_1sp_aldrich.json,s102
1687803450.664420000,39,rover_s102_4x4_n1_1fps_1sp_aldrich.json,s102
1687803450.664421000,40,rover_s102_4x4_n1_1fps_1sp_aldrich.json,s102
1687803451.680238000,0,rover_s102_4x4_n1_1fps_1sp_aldrich.json,s102
1687803451.680573000,1,rover_s102_4x4_n1_1fps_1sp_aldrich.json,s102
1687803451.681491000,2,rover_s102_4x4_n1_1fps_1sp_aldrich.json,s102
1687803451.681593000,3,rover_s102_4x4_n1_1fps_1sp_aldrich.json,s102
1687803451.681706000,4,rover_s102_4x4_n1_1fps_1sp_aldrich.json,s102
1687803451.681790000,5,rover_s102_4x4_n1_1fps_1sp_aldrich.json,s102
1687803451.683002000,6,rover_s102_4x4_n1_1fps_1sp_aldrich.json,s102
1687803451.683148000,7,rover_s102_4x4_n1_1fps_1sp_aldrich.json,s102
1687803451.683717000,8,rover_s102_4x4_n1_1fps_1sp_aldrich.json,s102
1687803451.683797000,9,rover_s102_4x4_n1_1fps_1sp_aldrich.json,s102
1687803451.683799000,10,rover_s102_4x4_n1_1fps_1sp_aldrich.json,s102
1687803451.683923000,11,rover_s102_4x4_n1_1fps_1sp_aldrich.json,s102
1687803451.685134000,12,rover_s102_4x4_n1_1fps_1sp_aldrich.json,s102
1687803451.685135000,13,rover_s102_4x4_n1_1fps_1sp_aldrich.json,s102
1687803451.685273000,14,rover_s102_4x4_n1_1fps_1sp_aldrich.json,s102
1687803451.685857000,15,rover_s102_4x4_n1_1fps_1sp_aldrich.json,s102
1687803451.685993000,16,rover_s102_4x4_n1_1fps_1sp_aldrich.json,s102
1687803451.686789000,17,rover_s102_4x4_n1_1fps_1sp_aldrich.json,s102
1687803451.686892000,18,rover_s102_4x4_n1_1fps_1sp_aldrich.json,s102
1687803451.686893000,19,rover_s102_4x4_n1_1fps_1sp_aldrich.json,s102
1687803451.686999000,20,rover_s102_4x4_n1_1fps_1sp_aldrich.json,s102
1687803451.687095000,21,rover_s102_4x4_n1_1fps_1sp_aldrich.json,s102
1687803451.687541000,22,rover_s102_4x4_n1_1fps_1sp_aldrich.json,s102
1687803451.687635000,23,rover_s102_4x4_n1_1fps_1sp_aldrich.json,s102
1687803451.687725000,24,rover_s102_4x4_n1_1fps_1sp_aldrich.json,s102
1687803451.688325000,25,rover_s102_4x4_n1_1fps_1sp_aldrich.json,s102
1687803451.688502000,26,rover_s102_4x4_n1_1fps_1sp_aldrich.json,s102
1687803451.689176000,27,rover_s102_4x4_n1_1fps_1sp_aldrich.json,s102
1687803451.689177000,28,rover_s102_4x4_n1_1fps_1sp_aldrich.json,s102
1687803451.689308000,29,rover_s102_4x4_n1_1fps_1sp_aldrich.json,s102
1687803451.690228000,30,rover_s102_4x4_n1_1fps_1sp_aldrich.json,s102
1687803451.690349000,31,rover_s102_4x4_n1_1fps_1sp_aldrich.json,s102
1687803451.690351000,32,rover_s102_4x4_n1_1fps_1sp_aldrich.json,s102
1687803451.691053000,33,rover_s102_4x4_n1_1fps_1sp_aldrich.json,s102
1687803451.691170000,34,rover_s102_4x4_n1_1fps_1sp_aldrich.json,s102
1687803451.692612000,35,rover_s102_4x4_n1_1fps_1sp_aldrich.json,s102
1687803451.692613000,36,rover_s102_4x4_n1_1fps_1sp_aldrich.json,s102
1687803451.692732000,37,rover_s102_4x4_n1_1fps_1sp_aldrich.json,s102
1687803451.692829000,38,rover_s102_4x4_n1_1fps_1sp_aldrich.json,s102
1687803451.692933000,39,rover_s102_4x4_n1_1fps_1sp_aldrich.json,s102
1687803451.693302000,40,rover_s102_4x4_n1_1fps_1sp_aldrich.json,s102
1687803452.719323000,0,rover_s102_4x4_n1_1fps_1sp_aldrich.json,s102
1687803452.719529000,1,rover_s102_4x4_n1_1fps_1sp_aldrich.json,s102
1687803452.719624000,2,rover_s102_4x4_n1_1fps_1sp_aldrich.json,s102
1687803452.720049000,3,rover_s102_4x4_n1_1fps_1sp_aldrich.json,s102
1687803452.720150000,4,rover_s102_4x4_n1_1fps_1sp_aldrich.json,s102
1687803452.720264000,5,rover_s102_4x4_n1_1fps_1sp_aldrich.json,s102
1687803452.720266000,6,rover_s102_4x4_n1_1fps_1sp_aldrich.json,s102
1687803452.720864000,7,rover_s102_4x4_n1_1fps_1sp_aldrich.json,s102
1687803452.720975000,8,rover_s102_4x4_n1_1fps_1sp_aldrich.json,s102
1687803452.721739000,9,rover_s102_4x4_n1_1fps_1sp_aldrich.json,s102
1687803452.721741000,10,rover_s102_4x4_n1_1fps_1sp_aldrich.json,s102
1687803452.721871000,11,rover_s102_4x4_n1_1fps_1sp_aldrich.json,s102
1687803452.722268000,12,rover_s102_4x4_n1_1fps_1sp_aldrich.json,s102
1687803452.722381000,13,rover_s102_4x4_n1_1fps_1sp_aldrich.json,s102
1687803452.723176000,14,rover_s102_4x4_n1_1fps_1sp_aldrich.json,s102
1687803452.723178000,15,rover_s102_4x4_n1_1fps_1sp_aldrich.json,s102
1687803452.723301000,16,rover_s102_4x4_n1_1fps_1sp_aldrich.json,s102
1687803452.723442000,17,rover_s102_4x4_n1_1fps_1sp_aldrich.json,s102
1687803453.743270000,0,rover_s102_4x4_n1_1fps_1sp_aldrich.json,s102
1687803453.743467000,1,rover_s102_4x4_n1_1fps_1sp_aldrich.json,s102
1687803453.744007000,2,rover_s102_4x4_n1_1fps_1sp_aldrich.json,s102
1687803453.744106000,3,rover_s102_4x4_n1_1fps_1sp_aldrich.json,s102
1687803453.744210000,4,rover_s102_4x4_n1_1fps_1sp_aldrich.json,s102
1687803453.744945000,5,rover_s102_4x4_n1_1fps_1sp_aldrich.json,s102
1687803453.745049000,6,rover_s102_4x4_n1_1fps_1sp_aldrich.json,s102
1687803453.746305000,7,rover_s102_4x4_n1_1fps_1sp_aldrich.json,s102
1687803453.746307000,8,rover_s102_4x4_n1_1fps_1sp_aldrich.json,s102
1687803454.771164000,0,rover_s102_4x4_n1_1fps_1sp_aldrich.json,s102
1687803454.771363000,1,rover_s102_4x4_n1_1fps_1sp_aldrich.json,s102
1687803454.771465000,2,rover_s102_4x4_n1_1fps_1sp_aldrich.json,s102
1687803454.771858000,3,rover_s102_4x4_n1_1fps_1sp_aldrich.json,s102
1687803454.771952000,4,rover_s102_4x4_n1_1fps_1sp_aldrich.json,s102
1687803454.771954000,5,rover_s102_4x4_n1_1fps_1sp_aldrich.json,s102
1687803454.772131000,6,rover_s102_4x4_n1_1fps_1sp_aldrich.json,s102
1687803454.772829000,7,rover_s102_4x4_n1_1fps_1sp_aldrich.json,s102
1687803454.772943000,8,rover_s102_4x4_n1_1fps_1sp_aldrich.json,s102
1687803454.773919000,9,rover_s102_4x4_n1_1fps_1sp_aldrich.json,s102
1687803454.774017000,10,rover_s102_4x4_n1_1fps_1sp_aldrich.json,s102
1687803455.794228000,0,rover_s102_4x4_n1_1fps_1sp_aldrich.json,s102
1687803455.795075000,1,rover_s102_4x4_n1_1fps_1sp_aldrich.json,s102
1687803455.795200000,2,rover_s102_4x4_n1_1fps_1sp_aldrich.json,s102
1687803455.795937000,3,rover_s102_4x4_n1_1fps_1sp_aldrich.json,s102
1687803455.796033000,4,rover_s102_4x4_n1_1fps_1sp_aldrich.json,s102
1687803455.796124000,5,rover_s102_4x4_n1_1fps_1sp_aldrich.json,s102
1687803455.796125000,6,rover_s102_4x4_n1_1fps_1sp_aldrich.json,s102
1687803455.796356000,7,rover_s102_4x4_n1_1fps_1sp_aldrich.json,s102
1687803455.796440000,8,rover_s102_4x4_n1_1fps_1sp_aldrich.json,s102
1687803455.797035000,9,rover_s102_4x4_n1_1fps_1sp_aldrich.json,s102
1687803455.797141000,10,rover_s102_4x4_n1_1fps_1sp_aldrich.json,s102
1687803455.798035000,11,rover_s102_4x4_n1_1fps_1sp_aldrich.json,s102
1687803456.818573000,0,rover_s102_4x4_n1_1fps_1sp_aldrich.json,s102
1687803456.819002000,1,rover_s102_4x4_n1_1fps_1sp_aldrich.json,s102
1687803456.820238000,2,rover_s102_4x4_n1_1fps_1sp_aldrich.json,s102
1687803456.820239000,3,rover_s102_4x4_n1_1fps_1sp_aldrich.json,s102
1687803456.820376000,4,rover_s102_4x4_n1_1fps_1sp_aldrich.json,s102
1687803456.820492000,5,rover_s102_4x4_n1_1fps_1sp_aldrich.json,s102
1687803456.820606000,6,rover_s102_4x4_n1_1fps_1sp_aldrich.json,s102
1687803456.820700000,7,rover_s102_4x4_n1_1fps_1sp_aldrich.json,s102
1687803456.822094000,8,rover_s102_4x4_n1_1fps_1sp_aldrich.json,s102
1687803457.842777000,0,rover_s102_4x4_n1_1fps_1sp_aldrich.json,s102
1687803457.843007000,1,rover_s102_4x4_n1_1fps_1sp_aldrich.json,s102
1687803457.843123000,2,rover_s102_4x4_n1_1fps_1sp_aldrich.json,s102
1687803457.843261000,3,rover_s102_4x4_n1_1fps_1sp_aldrich.json,s102
1687803457.843263000,4,rover_s102_4x4_n1_1fps_1sp_aldrich.json,s102
1687803457.843609000,5,rover_s102_4x4_n1_1fps_1sp_aldrich.json,s102
1687803457.843696000,6,rover_s102_4x4_n1_1fps_1sp_aldrich.json,s102
1687803457.844517000,7,rover_s102_4x4_n1_1fps_1sp_aldrich.json,s102
1687803457.844912000,8,rover_s102_4x4_n1_1fps_1sp_aldrich.json,s102
1687803457.844913000,9,rover_s102_4x4_n1_1fps_1sp_aldrich.json,s102
1687803457.845830000,10,rover_s102_4x4_n1_1fps_1sp_aldrich.json,s102
1687803457.846398000,11,rover_s102_4x4_n1_1fps_1sp_aldrich.json,s102
1687803457.846500000,12,rover_s102_4x4_n1_1fps_1sp_aldrich.json,s102
1687803457.846502000,13,rover_s102_4x4_n1_1fps_1sp_aldrich.json,s102
1687803457.847061000,14,rover_s102_4x4_n1_1fps_1sp_aldrich.json,s102
1687803457.847171000,15,rover_s102_4x4_n1_1fps_1sp_aldrich.json,s102
1687803457.848128000,16,rover_s102_4x4_n1_1fps_1sp_aldrich.json,s102
1687803457.848252000,17,rover_s102_4x4_n1_1fps_1sp_aldrich.json,s102
1687803457.849103000,18,rover_s102_4x4_n1_1fps_1sp_aldrich.json,s102
1687803458.868395000,0,rover_s102_4x4_n1_1fps_1sp_aldrich.json,s102
1687803458.868670000,1,rover_s102_4x4_n1_1fps_1sp_aldrich.json,s102
1687803458.868773000,2,rover_s102_4x4_n1_1fps_1sp_aldrich.json,s102
1687803458.869219000,3,rover_s102_4x4_n1_1fps_1sp_aldrich.json,s102
1687803458.869762000,4,rover_s102_4x4_n1_1fps_1sp_aldrich.json,s102
1687803458.869764000,5,rover_s102_4x4_n1_1fps_1sp_aldrich.json,s102
1687803458.869881000,6,rover_s102_4x4_n1_1fps_1sp_aldrich.json,s102
1687803458.869995000,7,rover_s102_4x4_n1_1fps_1sp_aldrich.json,s102
1687803458.870501000,8,rover_s102_4x4_n1_1fps_1sp_aldrich.json,s102
1687803458.870607000,9,rover_s102_4x4_n1_1fps_1sp_aldrich.json,s102
1687803458.871678000,10,rover_s102_4x4_n1_1fps_1sp_aldrich.json,s102
1687803459.891669000,0,rover_s102_4x4_n1_1fps_1sp_aldrich.json,s102
1687803459.891875000,1,rover_s102_4x4_n1_1fps_1sp_aldrich.json,s102
1687803459.892431000,2,rover_s102_4x4_n1_1fps_1sp_aldrich.json,s102
1687803459.893066000,3,rover_s102_4x4_n1_1fps_1sp_aldrich.json,s102
1687803459.893154000,4,rover_s102_4x4_n1_1fps_1sp_aldrich.json,s102
1687803459.893284000,5,rover_s102_4x4_n1_1fps_1sp_aldrich.json,s102
1687803459.893286000,6,rover_s102_4x4_n1_1fps_1sp_aldrich.json,s102
1687803459.893955000,7,rover_s102_4x4_n1_1fps_1sp_aldrich.json,s102
1687803459.894065000,8,rover_s102_4x4_n1_1fps_1sp_aldrich.json,s102
1687803459.894406000,9,rover_s102_4x4_n1_1fps_1sp_aldrich.json,s102
1687803460.919840000,0,rover_s102_4x4_n1_1fps_1sp_aldrich.json,s102
1687803460.920069000,1,rover_s102_4x4_n1_1fps_1sp_aldrich.json,s102
1687803460.920641000,2,rover_s102_4x4_n1_1fps_1sp_aldrich.json,s102
1687803460.920718000,3,rover_s102_4x4_n1_1fps_1sp_aldrich.json,s102
1687803460.920719000,4,rover_s102_4x4_n1_1fps_1sp_aldrich.json,s102
1687803460.920826000,5,rover_s102_4x4_n1_1fps_1sp_aldrich.json,s102
1687803460.920912000,6,rover_s102_4x4_n1_1fps_1sp_aldrich.json,s102
1687803460.921017000,7,rover_s102_4x4_n1_1fps_1sp_aldrich.json,s102
1687803460.922568000,8,rover_s102_4x4_n1_1fps_1sp_aldrich.json,s102
1687803460.922678000,9,rover_s102_4x4_n1_1fps_1sp_aldrich.json,s102
1687803460.922679000,10,rover_s102_4x4_n1_1fps_1sp_aldrich.json,s102
1687803460.922796000,11,rover_s102_4x4_n1_1fps_1sp_aldrich.json,s102
1687803460.923112000,12,rover_s102_4x4_n1_1fps_1sp_aldrich.json,s102
1687803460.923114000,13,rover_s102_4x4_n1_1fps_1sp_aldrich.json,s102
1687803460.923238000,14,rover_s102_4x4_n1_1fps_1sp_aldrich.json,s102
1687803460.923926000,15,rover_s102_4x4_n1_1fps_1sp_aldrich.json,s102
1687803460.924038000,16,rover_s102_4x4_n1_1fps_1sp_aldrich.json,s102
1687803460.924970000,17,rover_s102_4x4_n1_1fps_1sp_aldrich.json,s102
1687803460.925085000,18,rover_s102_4x4_n1_1fps_1sp_aldrich.json,s102
1687803460.926084000,19,rover_s102_4x4_n1_1fps_1sp_aldrich.json,s102
1687803460.926177000,20,rover_s102_4x4_n1_1fps_1sp_aldrich.json,s102
1687803460.926277000,21,rover_s102_4x4_n1_1fps_1sp_aldrich.json,s102
1687803460.926796000,22,rover_s102_4x4_n1_1fps_1sp_aldrich.json,s102
1687803460.928513000,23,rover_s102_4x4_n1_1fps_1sp_aldrich.json,s102
1687803460.928611000,24,rover_s102_4x4_n1_1fps_1sp_aldrich.json,s102
1687803460.928704000,25,rover_s102_4x4_n1_1fps_1sp_aldrich.json,s102
1687803460.928706000,26,rover_s102_4x4_n1_1fps_1sp_aldrich.json,s102
1687803460.928819000,27,rover_s102_4x4_n1_1fps_1sp_aldrich.json,s102
1687803460.928915000,28,rover_s102_4x4_n1_1fps_1sp_aldrich.json,s102
1687803461.949851000,0,rover_s102_4x4_n1_1fps_1sp_aldrich.json,s102
1687803461.950228000,1,rover_s102_4x4_n1_1fps_1sp_aldrich.json,s102
1687803461.951684000,2,rover_s102_4x4_n1_1fps_1sp_aldrich.json,s102
1687803461.951685000,3,rover_s102_4x4_n1_1fps_1sp_aldrich.json,s102
1687803461.951820000,4,rover_s102_4x4_n1_1fps_1sp_aldrich.json,s102
1687803461.951933000,5,rover_s102_4x4_n1_1fps_1sp_aldrich.json,s102
1687803461.952052000,6,rover_s102_4x4_n1_1fps_1sp_aldrich.json,s102
1687803461.952136000,7,rover_s102_4x4_n1_1fps_1sp_aldrich.json,s102
1687803461.952585000,8,rover_s102_4x4_n1_1fps_1sp_aldrich.json,s102
1687803461.952705000,9,rover_s102_4x4_n1_1fps_1sp_aldrich.json,s102
1687803462.974984000,0,rover_s102_4x4_n1_1fps_1sp_aldrich.json,s102
1687803462.975185000,1,rover_s102_4x4_n1_1fps_1sp_aldrich.json,s102
1687803462.975302000,2,rover_s102_4x4_n1_1fps_1sp_aldrich.json,s102
1687803462.975408000,3,rover_s102_4x4_n1_1fps_1sp_aldrich.json,s102
1687803462.976119000,4,rover_s102_4x4_n1_1fps_1sp_aldrich.json,s102
1687803462.976228000,5,rover_s102_4x4_n1_1fps_1sp_aldrich.json,s102
1687803462.976347000,6,rover_s102_4x4_n1_1fps_1sp_aldrich.json,s102
1687803462.977784000,7,rover_s102_4x4_n1_1fps_1sp_aldrich.json,s102
1687803462.977909000,8,rover_s102_4x4_n1_1fps_1sp_aldrich.json,s102
1687803463.998126000,0,rover_s102_4x4_n1_1fps_1sp_aldrich.json,s102
1687803463.998346000,1,rover_s102_4x4_n1_1fps_1sp_aldrich.json,s102
1687803463.998511000,2,rover_s102_4x4_n1_1fps_1sp_aldrich.json,s102
1687803463.998893000,3,rover_s102_4x4_n1_1fps_1sp_aldrich.json,s102
1687803463.999005000,4,rover_s102_4x4_n1_1fps_1sp_aldrich.json,s102
1687803463.999107000,5,rover_s102_4x4_n1_1fps_1sp_aldrich.json,s102
1687803463.999206000,6,rover_s102_4x4_n1_1fps_1sp_aldrich.json,s102
1687803464.000496000,7,rover_s102_4x4_n1_1fps_1sp_aldrich.json,s102
1687803464.000498000,8,rover_s102_4x4_n1_1fps_1sp_aldrich.json,s102
1687803464.000638000,9,rover_s102_4x4_n1_1fps_1sp_aldrich.json,s102
1687803464.000749000,10,rover_s102_4x4_n1_1fps_1sp_aldrich.json,s102
1687803465.021897000,0,rover_s102_4x4_n1_1fps_1sp_aldrich.json,s102
1687803465.022100000,1,rover_s102_4x4_n1_1fps_1sp_aldrich.json,s102
1687803465.022204000,2,rover_s102_4x4_n1_1fps_1sp_aldrich.json,s102
1687803465.022316000,3,rover_s102_4x4_n1_1fps_1sp_aldrich.json,s102
1687803465.022829000,4,rover_s102_4x4_n1_1fps_1sp_aldrich.json,s102
1687803465.023633000,5,rover_s102_4x4_n1_1fps_1sp_aldrich.json,s102
1687803465.023743000,6,rover_s102_4x4_n1_1fps_1sp_aldrich.json,s102
1687803465.023744000,7,rover_s102_4x4_n1_1fps_1sp_aldrich.json,s102
1687803465.024720000,8,rover_s102_4x4_n1_1fps_1sp_aldrich.json,s102
1687803466.050248000,0,rover_s102_4x4_n1_1fps_1sp_aldrich.json,s102
1687803466.050453000,1,rover_s102_4x4_n1_1fps_1sp_aldrich.json,s102
1687803466.050570000,2,rover_s102_4x4_n1_1fps_1sp_aldrich.json,s102
1687803466.050690000,3,rover_s102_4x4_n1_1fps_1sp_aldrich.json,s102
1687803466.050778000,4,rover_s102_4x4_n1_1fps_1sp_aldrich.json,s102
1687803466.051717000,5,rover_s102_4x4_n1_1fps_1sp_aldrich.json,s102
1687803466.051815000,6,rover_s102_4x4_n1_1fps_1sp_aldrich.json,s102
1687803466.051817000,7,rover_s102_4x4_n1_1fps_1sp_aldrich.json,s102
1687803466.052771000,8,rover_s102_4x4_n1_1fps_1sp_aldrich.json,s102
1687803466.052883000,9,rover_s102_4x4_n1_1fps_1sp_aldrich.json,s102
1687803466.052985000,10,rover_s102_4x4_n1_1fps_1sp_aldrich.json,s102
1687803466.053764000,11,rover_s102_4x4_n1_1fps_1sp_aldrich.json,s102
1687803466.053869000,12,rover_s102_4x4_n1_1fps_1sp_aldrich.json,s102
1687803466.053962000,13,rover_s102_4x4_n1_1fps_1sp_aldrich.json,s102
1687803467.085967000,0,rover_s102_4x4_n1_1fps_1sp_aldrich.json,s102
1687803467.086326000,1,rover_s102_4x4_n1_1fps_1sp_aldrich.json,s102
1687803467.087300000,2,rover_s102_4x4_n1_1fps_1sp_aldrich.json,s102
1687803467.087412000,3,rover_s102_4x4_n1_1fps_1sp_aldrich.json,s102
1687803467.087508000,4,rover_s102_4x4_n1_1fps_1sp_aldrich.json,s102
1687803467.087510000,5,rover_s102_4x4_n1_1fps_1sp_aldrich.json,s102
1687803467.087700000,6,rover_s102_4x4_n1_1fps_1sp_aldrich.json,s102
1687803467.088415000,7,rover_s102_4x4_n1_1fps_1sp_aldrich.json,s102
1687803467.088591000,8,rover_s102_4x4_n1_1fps_1sp_aldrich.json,s102
1687803468.111469000,0,rover_s102_4x4_n1_1fps_1sp_aldrich.json,s102
1687803468.111688000,1,rover_s102_4x4_n1_1fps_1sp_aldrich.json,s102
1687803468.112257000,2,rover_s102_4x4_n1_1fps_1sp_aldrich.json,s102
1687803468.112327000,3,rover_s102_4x4_n1_1fps_1sp_aldrich.json,s102
1687803468.112329000,4,rover_s102_4x4_n1_1fps_1sp_aldrich.json,s102
1687803468.112413000,5,rover_s102_4x4_n1_1fps_1sp_aldrich.json,s102
1687803468.112476000,6,rover_s102_4x4_n1_1fps_1sp_aldrich.json,s102
1687803468.112560000,7,rover_s102_4x4_n1_1fps_1sp_aldrich.json,s102
1687803468.112561000,8,rover_s102_4x4_n1_1fps_1sp_aldrich.json,s102
1687803468.112685000,9,rover_s102_4x4_n1_1fps_1sp_aldrich.json,s102
1687803468.112877000,10,rover_s102_4x4_n1_1fps_1sp_aldrich.json,s102
1687803468.113001000,11,rover_s102_4x4_n1_1fps_1sp_aldrich.json,s102
1687803468.113689000,12,rover_s102_4x4_n1_1fps_1sp_aldrich.json,s102
1687803468.114133000,13,rover_s102_4x4_n1_1fps_1sp_aldrich.json,s102
1687803468.114137000,14,rover_s102_4x4_n1_1fps_1sp_aldrich.json,s102
1687803468.114270000,15,rover_s102_4x4_n1_1fps_1sp_aldrich.json,s102
1687803468.114361000,16,rover_s102_4x4_n1_1fps_1sp_aldrich.json,s102
1687803469.135172000,0,rover_s102_4x4_n1_1fps_1sp_aldrich.json,s102
1687803469.135173000,1,rover_s102_4x4_n1_1fps_1sp_aldrich.json,s102
1687803469.135766000,2,rover_s102_4x4_n1_1fps_1sp_aldrich.json,s102
1687803469.135768000,3,rover_s102_4x4_n1_1fps_1sp_aldrich.json,s102
1687803469.136465000,4,rover_s102_4x4_n1_1fps_1sp_aldrich.json,s102
1687803469.136467000,5,rover_s102_4x4_n1_1fps_1sp_aldrich.json,s102
1687803469.138384000,6,rover_s102_4x4_n1_1fps_1sp_aldrich.json,s102
1687803469.138544000,7,rover_s102_4x4_n1_1fps_1sp_aldrich.json,s102
1687803469.138546000,8,rover_s102_4x4_n1_1fps_1sp_aldrich.json,s102
1687803469.138650000,9,rover_s102_4x4_n1_1fps_1sp_aldrich.json,s102
1687803469.138725000,10,rover_s102_4x4_n1_1fps_1sp_aldrich.json,s102
1687803469.138811000,11,rover_s102_4x4_n1_1fps_1sp_aldrich.json,s102
1687803469.138813000,12,rover_s102_4x4_n1_1fps_1sp_aldrich.json,s102
1687803469.138941000,13,rover_s102_4x4_n1_1fps_1sp_aldrich.json,s102
1687803469.139071000,14,rover_s102_4x4_n1_1fps_1sp_aldrich.json,s102
1687803469.139258000,15,rover_s102_4x4_n1_1fps_1sp_aldrich.json,s102
1687803470.162777000,0,rover_s102_4x4_n1_1fps_1sp_aldrich.json,s102
1687803470.162978000,1,rover_s102_4x4_n1_1fps_1sp_aldrich.json,s102
1687803470.163084000,2,rover_s102_4x4_n1_1fps_1sp_aldrich.json,s102
1687803470.164028000,3,rover_s102_4x4_n1_1fps_1sp_aldrich.json,s102
1687803470.164029000,4,rover_s102_4x4_n1_1fps_1sp_aldrich.json,s102
1687803470.164152000,5,rover_s102_4x4_n1_1fps_1sp_aldrich.json,s102
1687803470.164273000,6,rover_s102_4x4_n1_1fps_1sp_aldrich.json,s102
1687803470.165065000,7,rover_s102_4x4_n1_1fps_1sp_aldrich.json,s102
1687803470.165067000,8,rover_s102_4x4_n1_1fps_1sp_aldrich.json,s102
1687803470.165194000,9,rover_s102_4x4_n1_1fps_1sp_aldrich.json,s102
1687803470.165297000,10,rover_s102_4x4_n1_1fps_1sp_aldrich.json,s102
1687803470.167050000,11,rover_s102_4x4_n1_1fps_1sp_aldrich.json,s102
1687803471.185160000,0,rover_s102_4x4_n1_1fps_1sp_aldrich.json,s102
1687803471.185361000,1,rover_s102_4x4_n1_1fps_1sp_aldrich.json,s102
1687803471.185484000,2,rover_s102_4x4_n1_1fps_1sp_aldrich.json,s102
1687803471.185580000,3,rover_s102_4x4_n1_1fps_1sp_aldrich.json,s102
1687803471.186336000,4,rover_s102_4x4_n1_1fps_1sp_aldrich.json,s102
1687803471.186446000,5,rover_s102_4x4_n1_1fps_1sp_aldrich.json,s102
1687803471.186554000,6,rover_s102_4x4_n1_1fps_1sp_aldrich.json,s102
1687803471.187243000,7,rover_s102_4x4_n1_1fps_1sp_aldrich.json,s102
1687803471.187344000,8,rover_s102_4x4_n1_1fps_1sp_aldrich.json,s102
1687803471.187431000,9,rover_s102_4x4_n1_1fps_1sp_aldrich.json,s102
1687803471.188566000,10,rover_s102_4x4_n1_1fps_1sp_aldrich.json,s102
1687803471.188680000,11,rover_s102_4x4_n1_1fps_1sp_aldrich.json,s102
1687803472.209478000,0,rover_s102_4x4_n1_1fps_1sp_aldrich.json,s102
1687803472.210442000,1,rover_s102_4x4_n1_1fps_1sp_aldrich.json,s102
1687803472.210558000,2,rover_s102_4x4_n1_1fps_1sp_aldrich.json,s102
1687803472.210560000,3,rover_s102_4x4_n1_1fps_1sp_aldrich.json,s102
1687803472.210754000,4,rover_s102_4x4_n1_1fps_1sp_aldrich.json,s102
1687803472.210894000,5,rover_s102_4x4_n1_1fps_1sp_aldrich.json,s102
1687803472.211504000,6,rover_s102_4x4_n1_1fps_1sp_aldrich.json,s102
1687803472.211505000,7,rover_s102_4x4_n1_1fps_1sp_aldrich.json,s102
1687803472.211655000,8,rover_s102_4x4_n1_1fps_1sp_aldrich.json,s102
1687803472.212530000,9,rover_s102_4x4_n1_1fps_1sp_aldrich.json,s102
1687803473.235372000,0,rover_s102_4x4_n1_1fps_1sp_aldrich.json,s102
1687803473.235382000,1,rover_s102_4x4_n1_1fps_1sp_aldrich.json,s102
1687803473.235606000,2,rover_s102_4x4_n1_1fps_1sp_aldrich.json,s102
1687803473.235754000,3,rover_s102_4x4_n1_1fps_1sp_aldrich.json,s102
1687803473.235866000,4,rover_s102_4x4_n1_1fps_1sp_aldrich.json,s102
1687803473.236311000,5,rover_s102_4x4_n1_1fps_1sp_aldrich.json,s102
1687803473.236415000,6,rover_s102_4x4_n1_1fps_1sp_aldrich.json,s102
1687803473.236510000,7,rover_s102_4x4_n1_1fps_1sp_aldrich.json,s102
1687803473.237022000,8,rover_s102_4x4_n1_1fps_1sp_aldrich.json,s102
1687803473.237129000,9,rover_s102_4x4_n1_1fps_1sp_aldrich.json,s102
1687803473.237649000,10,rover_s102_4x4_n1_1fps_1sp_aldrich.json,s102
1687803473.237783000,11,rover_s102_4x4_n1_1fps_1sp_aldrich.json,s102
1687803473.238427000,12,rover_s102_4x4_n1_1fps_1sp_aldrich.json,s102
1687803473.238429000,13,rover_s102_4x4_n1_1fps_1sp_aldrich.json,s102
1687803473.238626000,14,rover_s102_4x4_n1_1fps_1sp_aldrich.json,s102
1687803473.239561000,15,rover_s102_4x4_n1_1fps_1sp_aldrich.json,s102
1687803474.260950000,0,rover_s102_4x4_n1_1fps_1sp_aldrich.json,s102
1687803474.261166000,1,rover_s102_4x4_n1_1fps_1sp_aldrich.json,s102
1687803474.262263000,2,rover_s102_4x4_n1_1fps_1sp_aldrich.json,s102
1687803474.262265000,3,rover_s102_4x4_n1_1fps_1sp_aldrich.json,s102
1687803474.262393000,4,rover_s102_4x4_n1_1fps_1sp_aldrich.json,s102
1687803474.262501000,5,rover_s102_4x4_n1_1fps_1sp_aldrich.json,s102
1687803474.263795000,6,rover_s102_4x4_n1_1fps_1sp_aldrich.json,s102
1687803474.263912000,7,rover_s102_4x4_n1_1fps_1sp_aldrich.json,s102
1687803475.286059000,0,rover_s102_4x4_n1_1fps_1sp_aldrich.json,s102
1687803475.286257000,1,rover_s102_4x4_n1_1fps_1sp_aldrich.json,s102
1687803475.286350000,2,rover_s102_4x4_n1_1fps_1sp_aldrich.json,s102
1687803475.286796000,3,rover_s102_4x4_n1_1fps_1sp_aldrich.json,s102
1687803475.286907000,4,rover_s102_4x4_n1_1fps_1sp_aldrich.json,s102
1687803475.287007000,5,rover_s102_4x4_n1_1fps_1sp_aldrich.json,s102
1687803475.287099000,6,rover_s102_4x4_n1_1fps_1sp_aldrich.json,s102
1687803476.310385000,0,rover_s102_4x4_n1_1fps_1sp_aldrich.json,s102
1687803476.310588000,1,rover_s102_4x4_n1_1fps_1sp_aldrich.json,s102
1687803476.310689000,2,rover_s102_4x4_n1_1fps_1sp_aldrich.json,s102
1687803476.310791000,3,rover_s102_4x4_n1_1fps_1sp_aldrich.json,s102
1687803476.311640000,4,rover_s102_4x4_n1_1fps_1sp_aldrich.json,s102
1687803476.311642000,5,rover_s102_4x4_n1_1fps_1sp_aldrich.json,s102
1687803476.311782000,6,rover_s102_4x4_n1_1fps_1sp_aldrich.json,s102
1687803476.312608000,7,rover_s102_4x4_n1_1fps_1sp_aldrich.json,s102
1687803476.312718000,8,rover_s102_4x4_n1_1fps_1sp_aldrich.json,s102
1687803476.313620000,9,rover_s102_4x4_n1_1fps_1sp_aldrich.json,s102
1687803477.366564000,0,rover_s102_4x4_n1_1fps_1sp_aldrich.json,s102
1687803477.366868000,1,rover_s102_4x4_n1_1fps_1sp_aldrich.json,s102
1687803477.368603000,2,rover_s102_4x4_n1_1fps_1sp_aldrich.json,s102
1687803477.368605000,3,rover_s102_4x4_n1_1fps_1sp_aldrich.json,s102
1687803477.368750000,4,rover_s102_4x4_n1_1fps_1sp_aldrich.json,s102
1687803477.368865000,5,rover_s102_4x4_n1_1fps_1sp_aldrich.json,s102
1687803477.369009000,6,rover_s102_4x4_n1_1fps_1sp_aldrich.json,s102
1687803477.369103000,7,rover_s102_4x4_n1_1fps_1sp_aldrich.json,s102
1687803477.370038000,8,rover_s102_4x4_n1_1fps_1sp_aldrich.json,s102
1687803478.392483000,0,rover_s102_4x4_n1_1fps_1sp_aldrich.json,s102
1687803478.392694000,1,rover_s102_4x4_n1_1fps_1sp_aldrich.json,s102
1687803478.393051000,2,rover_s102_4x4_n1_1fps_1sp_aldrich.json,s102
1687803478.393160000,3,rover_s102_4x4_n1_1fps_1sp_aldrich.json,s102
1687803478.393714000,4,rover_s102_4x4_n1_1fps_1sp_aldrich.json,s102
1687803478.393811000,5,rover_s102_4x4_n1_1fps_1sp_aldrich.json,s102
1687803478.394233000,6,rover_s102_4x4_n1_1fps_1sp_aldrich.json,s102
1687803478.394333000,7,rover_s102_4x4_n1_1fps_1sp_aldrich.json,s102
1687803478.394909000,8,rover_s102_4x4_n1_1fps_1sp_aldrich.json,s102
1687803478.394911000,9,rover_s102_4x4_n1_1fps_1sp_aldrich.json,s102
1687803478.396387000,10,rover_s102_4x4_n1_1fps_1sp_aldrich.json,s102
1687803479.417922000,0,rover_s102_4x4_n1_1fps_1sp_aldrich.json,s102
1687803479.418582000,1,rover_s102_4x4_n1_1fps_1sp_aldrich.json,s102
1687803479.418584000,2,rover_s102_4x4_n1_1fps_1sp_aldrich.json,s102
1687803479.418725000,3,rover_s102_4x4_n1_1fps_1sp_aldrich.json,s102
1687803479.419253000,4,rover_s102_4x4_n1_1fps_1sp_aldrich.json,s102
1687803479.419355000,5,rover_s102_4x4_n1_1fps_1sp_aldrich.json,s102
1687803479.420654000,6,rover_s102_4x4_n1_1fps_1sp_aldrich.json,s102
1687803480.440498000,0,rover_s102_4x4_n1_1fps_1sp_aldrich.json,s102
1687803480.440703000,1,rover_s102_4x4_n1_1fps_1sp_aldrich.json,s102
1687803480.441199000,2,rover_s102_4x4_n1_1fps_1sp_aldrich.json,s102
1687803480.441201000,3,rover_s102_4x4_n1_1fps_1sp_aldrich.json,s102
1687803480.441321000,4,rover_s102_4x4_n1_1fps_1sp_aldrich.json,s102
1687803480.441430000,5,rover_s102_4x4_n1_1fps_1sp_aldrich.json,s102
1687803480.441804000,6,rover_s102_4x4_n1_1fps_1sp_aldrich.json,s102
1687803480.441913000,7,rover_s102_4x4_n1_1fps_1sp_aldrich.json,s102
1687803480.442425000,8,rover_s102_4x4_n1_1fps_1sp_aldrich.json,s102
1687803481.464362000,0,rover_s102_4x4_n1_1fps_1sp_aldrich.json,s102
1687803481.464603000,1,rover_s102_4x4_n1_1fps_1sp_aldrich.json,s102
1687803481.464951000,2,rover_s102_4x4_n1_1fps_1sp_aldrich.json,s102
1687803481.465037000,3,rover_s102_4x4_n1_1fps_1sp_aldrich.json,s102
1687803481.465039000,4,rover_s102_4x4_n1_1fps_1sp_aldrich.json,s102
1687803481.465832000,5,rover_s102_4x4_n1_1fps_1sp_aldrich.json,s102
1687803481.465949000,6,rover_s102_4x4_n1_1fps_1sp_aldrich.json,s102
1687803481.468598000,7,rover_s102_4x4_n1_1fps_1sp_aldrich.json,s102
1687803481.468728000,8,rover_s102_4x4_n1_1fps_1sp_aldrich.json,s102
1687803482.487421000,0,rover_s102_4x4_n1_1fps_1sp_aldrich.json,s102
1687803482.487786000,1,rover_s102_4x4_n1_1fps_1sp_aldrich.json,s102
1687803482.489092000,2,rover_s102_4x4_n1_1fps_1sp_aldrich.json,s102
1687803482.489093000,3,rover_s102_4x4_n1_1fps_1sp_aldrich.json,s102
1687803482.489239000,4,rover_s102_4x4_n1_1fps_1sp_aldrich.json,s102
1687803482.489396000,5,rover_s102_4x4_n1_1fps_1sp_aldrich.json,s102
1687803482.489515000,6,rover_s102_4x4_n1_1fps_1sp_aldrich.json,s102
1687803482.489602000,7,rover_s102_4x4_n1_1fps_1sp_aldrich.json,s102
1687803482.490782000,8,rover_s102_4x4_n1_1fps_1sp_aldrich.json,s102
1687803483.508840000,0,rover_s102_4x4_n1_1fps_1sp_aldrich.json,s102
1687803483.509068000,1,rover_s102_4x4_n1_1fps_1sp_aldrich.json,s102
1687803483.509285000,2,rover_s102_4x4_n1_1fps_1sp_aldrich.json,s102
1687803483.509286000,3,rover_s102_4x4_n1_1fps_1sp_aldrich.json,s102
1687803483.509395000,4,rover_s102_4x4_n1_1fps_1sp_aldrich.json,s102
1687803483.509494000,5,rover_s102_4x4_n1_1fps_1sp_aldrich.json,s102
1687803483.509832000,6,rover_s102_4x4_n1_1fps_1sp_aldrich.json,s102
1687803483.509928000,7,rover_s102_4x4_n1_1fps_1sp_aldrich.json,s102
1687803483.510470000,8,rover_s102_4x4_n1_1fps_1sp_aldrich.json,s102
1687803483.510579000,9,rover_s102_4x4_n1_1fps_1sp_aldrich.json,s102
1687803483.511080000,10,rover_s102_4x4_n1_1fps_1sp_aldrich.json,s102
1687803483.511168000,11,rover_s102_4x4_n1_1fps_1sp_aldrich.json,s102
1687803483.511912000,12,rover_s102_4x4_n1_1fps_1sp_aldrich.json,s102
1687803483.511914000,13,rover_s102_4x4_n1_1fps_1sp_aldrich.json,s102
1687803483.513004000,14,rover_s102_4x4_n1_1fps_1sp_aldrich.json,s102
1687803484.533412000,0,rover_s102_4x4_n1_1fps_1sp_aldrich.json,s102
1687803484.534196000,1,rover_s102_4x4_n1_1fps_1sp_aldrich.json,s102
1687803484.534295000,2,rover_s102_4x4_n1_1fps_1sp_aldrich.json,s102
1687803484.534412000,3,rover_s102_4x4_n1_1fps_1sp_aldrich.json,s102
1687803484.535017000,4,rover_s102_4x4_n1_1fps_1sp_aldrich.json,s102
1687803484.535116000,5,rover_s102_4x4_n1_1fps_1sp_aldrich.json,s102
1687803484.535118000,6,rover_s102_4x4_n1_1fps_1sp_aldrich.json,s102
1687803484.535248000,7,rover_s102_4x4_n1_1fps_1sp_aldrich.json,s102
1687803484.536245000,8,rover_s102_4x4_n1_1fps_1sp_aldrich.json,s102
1687803485.556074000,0,rover_s102_4x4_n1_1fps_1sp_aldrich.json,s102
1687803485.556273000,1,rover_s102_4x4_n1_1fps_1sp_aldrich.json,s102
1687803485.556859000,2,rover_s102_4x4_n1_1fps_1sp_aldrich.json,s102
1687803485.556860000,3,rover_s102_4x4_n1_1fps_1sp_aldrich.json,s102
1687803485.557016000,4,rover_s102_4x4_n1_1fps_1sp_aldrich.json,s102
1687803485.557119000,5,rover_s102_4x4_n1_1fps_1sp_aldrich.json,s102
1687803485.557480000,6,rover_s102_4x4_n1_1fps_1sp_aldrich.json,s102
1687803485.557607000,7,rover_s102_4x4_n1_1fps_1sp_aldrich.json,s102
1687803485.558077000,8,rover_s102_4x4_n1_1fps_1sp_aldrich.json,s102
1687803485.558174000,9,rover_s102_4x4_n1_1fps_1sp_aldrich.json,s102
1687803485.558175000,10,rover_s102_4x4_n1_1fps_1sp_aldrich.json,s102
1687803485.558826000,11,rover_s102_4x4_n1_1fps_1sp_aldrich.json,s102
1687803485.558937000,12,rover_s102_4x4_n1_1fps_1sp_aldrich.json,s102
1687803485.559911000,13,rover_s102_4x4_n1_1fps_1sp_aldrich.json,s102
1687803485.560026000,14,rover_s102_4x4_n1_1fps_1sp_aldrich.json,s102
1687803486.581580000,0,rover_s102_4x4_n1_1fps_1sp_aldrich.json,s102
1687803486.582077000,1,rover_s102_4x4_n1_1fps_1sp_aldrich.json,s102
1687803486.582188000,2,rover_s102_4x4_n1_1fps_1sp_aldrich.json,s102
1687803486.582898000,3,rover_s102_4x4_n1_1fps_1sp_aldrich.json,s102
1687803486.583008000,4,rover_s102_4x4_n1_1fps_1sp_aldrich.json,s102
1687803486.583398000,5,rover_s102_4x4_n1_1fps_1sp_aldrich.json,s102
1687803487.608292000,0,rover_s102_4x4_n1_1fps_1sp_aldrich.json,s102
1687803487.609504000,1,rover_s102_4x4_n1_1fps_1sp_aldrich.json,s102
1687803487.609604000,2,rover_s102_4x4_n1_1fps_1sp_aldrich.json,s102
1687803487.609711000,3,rover_s102_4x4_n1_1fps_1sp_aldrich.json,s102
1687803487.609840000,4,rover_s102_4x4_n1_1fps_1sp_aldrich.json,s102
1687803487.609937000,5,rover_s102_4x4_n1_1fps_1sp_aldrich.json,s102
1687803487.610714000,6,rover_s102_4x4_n1_1fps_1sp_aldrich.json,s102
1687803487.610808000,7,rover_s102_4x4_n1_1fps_1sp_aldrich.json,s102
1687803487.611678000,8,rover_s102_4x4_n1_1fps_1sp_aldrich.json,s102
1687803487.612439000,9,rover_s102_4x4_n1_1fps_1sp_aldrich.json,s102
1687803487.613065000,10,rover_s102_4x4_n1_1fps_1sp_aldrich.json,s102
1687803487.613166000,11,rover_s102_4x4_n1_1fps_1sp_aldrich.json,s102
1687803487.613168000,12,rover_s102_4x4_n1_1fps_1sp_aldrich.json,s102
1687803487.613283000,13,rover_s102_4x4_n1_1fps_1sp_aldrich.json,s102
1687803488.636307000,0,rover_s102_4x4_n1_1fps_1sp_aldrich.json,s102
1687803488.636526000,1,rover_s102_4x4_n1_1fps_1sp_aldrich.json,s102
1687803488.636620000,2,rover_s102_4x4_n1_1fps_1sp_aldrich.json,s102
1687803488.637027000,3,rover_s102_4x4_n1_1fps_1sp_aldrich.json,s102
1687803488.637140000,4,rover_s102_4x4_n1_1fps_1sp_aldrich.json,s102
1687803488.637252000,5,rover_s102_4x4_n1_1fps_1sp_aldrich.json,s102
1687803488.637358000,6,rover_s102_4x4_n1_1fps_1sp_aldrich.json,s102
1687803488.637943000,7,rover_s102_4x4_n1_1fps_1sp_aldrich.json,s102
1687803488.638054000,8,rover_s102_4x4_n1_1fps_1sp_aldrich.json,s102
1687803488.640635000,9,rover_s102_4x4_n1_1fps_1sp_aldrich.json,s102
1687803488.640759000,10,rover_s102_4x4_n1_1fps_1sp_aldrich.json,s102
1687803489.660655000,0,rover_s102_4x4_n1_1fps_1sp_aldrich.json,s102
1687803489.660861000,1,rover_s102_4x4_n1_1fps_1sp_aldrich.json,s102
1687803489.660958000,2,rover_s102_4x4_n1_1fps_1sp_aldrich.json,s102
1687803489.661451000,3,rover_s102_4x4_n1_1fps_1sp_aldrich.json,s102
1687803489.661549000,4,rover_s102_4x4_n1_1fps_1sp_aldrich.json,s102
1687803489.661649000,5,rover_s102_4x4_n1_1fps_1sp_aldrich.json,s102
1687803489.662216000,6,rover_s102_4x4_n1_1fps_1sp_aldrich.json,s102
1687803489.662321000,7,rover_s102_4x4_n1_1fps_1sp_aldrich.json,s102
1687803489.662948000,8,rover_s102_4x4_n1_1fps_1sp_aldrich.json,s102
1687803490.687272000,0,rover_s102_4x4_n1_1fps_1sp_aldrich.json,s102
1687803490.687469000,1,rover_s102_4x4_n1_1fps_1sp_aldrich.json,s102
1687803490.687594000,2,rover_s102_4x4_n1_1fps_1sp_aldrich.json,s102
1687803490.688022000,3,rover_s102_4x4_n1_1fps_1sp_aldrich.json,s102
1687803490.688339000,4,rover_s102_4x4_n1_1fps_1sp_aldrich.json,s102
1687803490.689429000,5,rover_s102_4x4_n1_1fps_1sp_aldrich.json,s102
1687803490.689548000,6,rover_s102_4x4_n1_1fps_1sp_aldrich.json,s102
1687803490.689549000,7,rover_s102_4x4_n1_1fps_1sp_aldrich.json,s102
1687803490.689666000,8,rover_s102_4x4_n1_1fps_1sp_aldrich.json,s102
1687803490.689795000,9,rover_s102_4x4_n1_1fps_1sp_aldrich.json,s102
1687803490.692172000,10,rover_s102_4x4_n1_1fps_1sp_aldrich.json,s102
1687803490.692310000,11,rover_s102_4x4_n1_1fps_1sp_aldrich.json,s102
1687803491.710723000,0,rover_s102_4x4_n1_1fps_1sp_aldrich.json,s102
1687803491.710970000,1,rover_s102_4x4_n1_1fps_1sp_aldrich.json,s102
1687803491.712175000,2,rover_s102_4x4_n1_1fps_1sp_aldrich.json,s102
1687803491.712177000,3,rover_s102_4x4_n1_1fps_1sp_aldrich.json,s102
1687803491.712324000,4,rover_s102_4x4_n1_1fps_1sp_aldrich.json,s102
1687803491.715341000,5,rover_s102_4x4_n1_1fps_1sp_aldrich.json,s102
1687803491.716218000,6,rover_s102_4x4_n1_1fps_1sp_aldrich.json,s102
1687803492.733906000,0,rover_s102_4x4_n1_1fps_1sp_aldrich.json,s102
1687803492.734663000,1,rover_s102_4x4_n1_1fps_1sp_aldrich.json,s102
1687803492.735695000,2,rover_s102_4x4_n1_1fps_1sp_aldrich.json,s102
1687803492.735807000,3,rover_s102_4x4_n1_1fps_1sp_aldrich.json,s102
1687803492.735809000,4,rover_s102_4x4_n1_1fps_1sp_aldrich.json,s102
1687803492.736004000,5,rover_s102_4x4_n1_1fps_1sp_aldrich.json,s102
1687803492.736080000,6,rover_s102_4x4_n1_1fps_1sp_aldrich.json,s102
1687803492.738609000,7,rover_s102_4x4_n1_1fps_1sp_aldrich.json,s102
1687803493.760495000,0,rover_s102_4x4_n1_1fps_1sp_aldrich.json,s102
1687803493.760671000,1,rover_s102_4x4_n1_1fps_1sp_aldrich.json,s102
1687803493.760673000,2,rover_s102_4x4_n1_1fps_1sp_aldrich.json,s102
1687803493.760790000,3,rover_s102_4x4_n1_1fps_1sp_aldrich.json,s102
1687803493.760904000,4,rover_s102_4x4_n1_1fps_1sp_aldrich.json,s102
1687803493.761002000,5,rover_s102_4x4_n1_1fps_1sp_aldrich.json,s102
1687803493.761144000,6,rover_s102_4x4_n1_1fps_1sp_aldrich.json,s102
1687803493.761242000,7,rover_s102_4x4_n1_1fps_1sp_aldrich.json,s102
1687803493.762201000,8,rover_s102_4x4_n1_1fps_1sp_aldrich.json,s102
1687803493.762576000,9,rover_s102_4x4_n1_1fps_1sp_aldrich.json,s102
1687803493.762578000,10,rover_s102_4x4_n1_1fps_1sp_aldrich.json,s102
1687803494.787717000,0,rover_s102_4x4_n1_1fps_1sp_aldrich.json,s102
1687803494.787952000,1,rover_s102_4x4_n1_1fps_1sp_aldrich.json,s102
1687803494.788561000,2,rover_s102_4x4_n1_1fps_1sp_aldrich.json,s102
1687803494.788562000,3,rover_s102_4x4_n1_1fps_1sp_aldrich.json,s102
1687803494.788672000,4,rover_s102_4x4_n1_1fps_1sp_aldrich.json,s102
1687803494.788768000,5,rover_s102_4x4_n1_1fps_1sp_aldrich.json,s102
1687803494.789062000,6,rover_s102_4x4_n1_1fps_1sp_aldrich.json,s102
1687803494.789174000,7,rover_s102_4x4_n1_1fps_1sp_aldrich.json,s102
1687803494.789764000,8,rover_s102_4x4_n1_1fps_1sp_aldrich.json,s102
1687803494.789892000,9,rover_s102_4x4_n1_1fps_1sp_aldrich.json,s102
1687803494.792042000,10,rover_s102_4x4_n1_1fps_1sp_aldrich.json,s102
1687803494.792044000,11,rover_s102_4x4_n1_1fps_1sp_aldrich.json,s102
1687803495.816108000,0,rover_s102_4x4_n1_1fps_1sp_aldrich.json,s102
1687803495.816608000,1,rover_s102_4x4_n1_1fps_1sp_aldrich.json,s102
1687803495.816609000,2,rover_s102_4x4_n1_1fps_1sp_aldrich.json,s102
1687803495.816734000,3,rover_s102_4x4_n1_1fps_1sp_aldrich.json,s102
1687803495.817199000,4,rover_s102_4x4_n1_1fps_1sp_aldrich.json,s102
1687803495.817659000,5,rover_s102_4x4_n1_1fps_1sp_aldrich.json,s102
1687803495.817660000,6,rover_s102_4x4_n1_1fps_1sp_aldrich.json,s102
1687803495.819131000,7,rover_s102_4x4_n1_1fps_1sp_aldrich.json,s102
1687803495.820390000,8,rover_s102_4x4_n1_1fps_1sp_aldrich.json,s102
1687803496.838812000,0,rover_s102_4x4_n1_1fps_1sp_aldrich.json,s102
1687803496.839655000,1,rover_s102_4x4_n1_1fps_1sp_aldrich.json,s102
1687803496.839781000,2,rover_s102_4x4_n1_1fps_1sp_aldrich.json,s102
1687803496.840390000,3,rover_s102_4x4_n1_1fps_1sp_aldrich.json,s102
1687803496.840486000,4,rover_s102_4x4_n1_1fps_1sp_aldrich.json,s102
1687803496.840579000,5,rover_s102_4x4_n1_1fps_1sp_aldrich.json,s102
1687803496.840581000,6,rover_s102_4x4_n1_1fps_1sp_aldrich.json,s102
1687803496.840717000,7,rover_s102_4x4_n1_1fps_1sp_aldrich.json,s102
1687803496.841056000,8,rover_s102_4x4_n1_1fps_1sp_aldrich.json,s102
1687803496.841157000,9,rover_s102_4x4_n1_1fps_1sp_aldrich.json,s102
1687803496.841548000,10,rover_s102_4x4_n1_1fps_1sp_aldrich.json,s102
1687803497.861392000,0,rover_s102_4x4_n1_1fps_1sp_aldrich.json,s102
1687803497.862574000,1,rover_s102_4x4_n1_1fps_1sp_aldrich.json,s102
1687803497.862576000,2,rover_s102_4x4_n1_1fps_1sp_aldrich.json,s102
1687803497.862718000,3,rover_s102_4x4_n1_1fps_1sp_aldrich.json,s102
1687803497.862833000,4,rover_s102_4x4_n1_1fps_1sp_aldrich.json,s102
1687803497.862967000,5,rover_s102_4x4_n1_1fps_1sp_aldrich.json,s102
1687803497.863088000,6,rover_s102_4x4_n1_1fps_1sp_aldrich.json,s102
1687803497.863555000,7,rover_s102_4x4_n1_1fps_1sp_aldrich.json,s102
1687803497.863670000,8,rover_s102_4x4_n1_1fps_1sp_aldrich.json,s102
1687803497.866728000,9,rover_s102_4x4_n1_1fps_1sp_aldrich.json,s102
1687803498.893764000,0,rover_s102_4x4_n1_1fps_1sp_aldrich.json,s102
1687803498.893985000,1,rover_s102_4x4_n1_1fps_1sp_aldrich.json,s102
1687803498.894685000,2,rover_s102_4x4_n1_1fps_1sp_aldrich.json,s102
1687803498.894787000,3,rover_s102_4x4_n1_1fps_1sp_aldrich.json,s102
1687803498.894879000,4,rover_s102_4x4_n1_1fps_1sp_aldrich.json,s102
1687803498.895426000,5,rover_s102_4x4_n1_1fps_1sp_aldrich.json,s102
1687803498.895529000,6,rover_s102_4x4_n1_1fps_1sp_aldrich.json,s102
1687803498.895632000,7,rover_s102_4x4_n1_1fps_1sp_aldrich.json,s102
1687803498.896275000,8,rover_s102_4x4_n1_1fps_1sp_aldrich.json,s102
1687803498.896381000,9,rover_s102_4x4_n1_1fps_1sp_aldrich.json,s102
1687803498.896471000,10,rover_s102_4x4_n1_1fps_1sp_aldrich.json,s102
1687803498.899608000,11,rover_s102_4x4_n1_1fps_1sp_aldrich.json,s102
1687803498.899609000,12,rover_s102_4x4_n1_1fps_1sp_aldrich.json,s102
1687803499.928420000,0,rover_s102_4x4_n1_1fps_1sp_aldrich.json,s102
1687803499.928686000,1,rover_s102_4x4_n1_1fps_1sp_aldrich.json,s102
1687803499.929347000,2,rover_s102_4x4_n1_1fps_1sp_aldrich.json,s102
1687803499.929450000,3,rover_s102_4x4_n1_1fps_1sp_aldrich.json,s102
1687803499.929556000,4,rover_s102_4x4_n1_1fps_1sp_aldrich.json,s102
1687803499.930231000,5,rover_s102_4x4_n1_1fps_1sp_aldrich.json,s102
1687803499.930336000,6,rover_s102_4x4_n1_1fps_1sp_aldrich.json,s102
1687803499.930424000,7,rover_s102_4x4_n1_1fps_1sp_aldrich.json,s102
1687803499.931502000,8,rover_s102_4x4_n1_1fps_1sp_aldrich.json,s102
1687803499.933983000,9,rover_s102_4x4_n1_1fps_1sp_aldrich.json,s102
1687803500.954233000,0,rover_s102_4x4_n1_1fps_1sp_aldrich.json,s102
1687803500.954439000,1,rover_s102_4x4_n1_1fps_1sp_aldrich.json,s102
1687803500.955020000,2,rover_s102_4x4_n1_1fps_1sp_aldrich.json,s102
1687803500.955022000,3,rover_s102_4x4_n1_1fps_1sp_aldrich.json,s102
1687803500.955169000,4,rover_s102_4x4_n1_1fps_1sp_aldrich.json,s102
1687803500.955262000,5,rover_s102_4x4_n1_1fps_1sp_aldrich.json,s102
1687803500.955618000,6,rover_s102_4x4_n1_1fps_1sp_aldrich.json,s102
1687803500.955749000,7,rover_s102_4x4_n1_1fps_1sp_aldrich.json,s102
1687803500.956079000,8,rover_s102_4x4_n1_1fps_1sp_aldrich.json,s102
1687803501.975011000,0,rover_s102_4x4_n1_1fps_1sp_aldrich.json,s102
1687803501.975212000,1,rover_s102_4x4_n1_1fps_1sp_aldrich.json,s102
1687803501.975308000,2,rover_s102_4x4_n1_1fps_1sp_aldrich.json,s102
1687803501.975903000,3,rover_s102_4x4_n1_1fps_1sp_aldrich.json,s102
1687803501.976484000,4,rover_s102_4x4_n1_1fps_1sp_aldrich.json,s102
1687803501.976563000,5,rover_s102_4x4_n1_1fps_1sp_aldrich.json,s102
1687803501.976664000,6,rover_s102_4x4_n1_1fps_1sp_aldrich.json,s102
1687803501.976666000,7,rover_s102_4x4_n1_1fps_1sp_aldrich.json,s102
1687803501.976788000,8,rover_s102_4x4_n1_1fps_1sp_aldrich.json,s102
1687803501.977353000,9,rover_s102_4x4_n1_1fps_1sp_aldrich.json,s102
1687803501.977461000,10,rover_s102_4x4_n1_1fps_1sp_aldrich.json,s102
1687803501.977545000,11,rover_s102_4x4_n1_1fps_1sp_aldrich.json,s102
1687803501.977891000,12,rover_s102_4x4_n1_1fps_1sp_aldrich.json,s102
1687803501.977992000,13,rover_s102_4x4_n1_1fps_1sp_aldrich.json,s102
1687803503.004224000,0,rover_s102_4x4_n1_1fps_1sp_aldrich.json,s102
1687803503.004612000,1,rover_s102_4x4_n1_1fps_1sp_aldrich.json,s102
1687803503.005945000,2,rover_s102_4x4_n1_1fps_1sp_aldrich.json,s102
1687803503.005947000,3,rover_s102_4x4_n1_1fps_1sp_aldrich.json,s102
1687803503.006088000,4,rover_s102_4x4_n1_1fps_1sp_aldrich.json,s102
1687803503.006822000,5,rover_s102_4x4_n1_1fps_1sp_aldrich.json,s102
1687803503.006900000,6,rover_s102_4x4_n1_1fps_1sp_aldrich.json,s102
1687803503.006902000,7,rover_s102_4x4_n1_1fps_1sp_aldrich.json,s102
1687803503.007006000,8,rover_s102_4x4_n1_1fps_1sp_aldrich.json,s102
1687803503.008028000,9,rover_s102_4x4_n1_1fps_1sp_aldrich.json,s102
1687803504.030192000,0,rover_s102_4x4_n1_1fps_1sp_aldrich.json,s102
1687803504.030398000,1,rover_s102_4x4_n1_1fps_1sp_aldrich.json,s102
1687803504.030510000,2,rover_s102_4x4_n1_1fps_1sp_aldrich.json,s102
1687803504.030626000,3,rover_s102_4x4_n1_1fps_1sp_aldrich.json,s102
1687803504.030716000,4,rover_s102_4x4_n1_1fps_1sp_aldrich.json,s102
1687803504.038199000,5,rover_s102_4x4_n1_1fps_1sp_aldrich.json,s102
1687803504.038201000,6,rover_s102_4x4_n1_1fps_1sp_aldrich.json,s102
1687803504.038351000,7,rover_s102_4x4_n1_1fps_1sp_aldrich.json,s102
1687803504.038525000,8,rover_s102_4x4_n1_1fps_1sp_aldrich.json,s102
1687803504.038677000,9,rover_s102_4x4_n1_1fps_1sp_aldrich.json,s102
1687803504.038776000,10,rover_s102_4x4_n1_1fps_1sp_aldrich.json,s102
1687803504.039514000,11,rover_s102_4x4_n1_1fps_1sp_aldrich.json,s102
1687803504.039599000,12,rover_s102_4x4_n1_1fps_1sp_aldrich.json,s102
1687803505.063569000,0,rover_s102_4x4_n1_1fps_1sp_aldrich.json,s102
1687803505.063773000,1,rover_s102_4x4_n1_1fps_1sp_aldrich.json,s102
1687803505.063874000,2,rover_s102_4x4_n1_1fps_1sp_aldrich.json,s102
1687803505.064237000,3,rover_s102_4x4_n1_1fps_1sp_aldrich.json,s102
1687803505.064343000,4,rover_s102_4x4_n1_1fps_1sp_aldrich.json,s102
1687803505.064447000,5,rover_s102_4x4_n1_1fps_1sp_aldrich.json,s102
1687803505.064536000,6,rover_s102_4x4_n1_1fps_1sp_aldrich.json,s102
1687803506.094492000,0,rover_s102_4x4_n1_1fps_1sp_aldrich.json,s102
1687803506.094652000,1,rover_s102_4x4_n1_1fps_1sp_aldrich.json,s102
1687803506.094717000,2,rover_s102_4x4_n1_1fps_1sp_aldrich.json,s102
1687803506.094719000,3,rover_s102_4x4_n1_1fps_1sp_aldrich.json,s102
1687803506.094807000,4,rover_s102_4x4_n1_1fps_1sp_aldrich.json,s102
1687803506.094912000,5,rover_s102_4x4_n1_1fps_1sp_aldrich.json,s102
1687803506.095024000,6,rover_s102_4x4_n1_1fps_1sp_aldrich.json,s102
1687803506.095026000,7,rover_s102_4x4_n1_1fps_1sp_aldrich.json,s102
1687803506.095168000,8,rover_s102_4x4_n1_1fps_1sp_aldrich.json,s102
1687803506.096219000,9,rover_s102_4x4_n1_1fps_1sp_aldrich.json,s102
1687803506.096331000,10,rover_s102_4x4_n1_1fps_1sp_aldrich.json,s102
1687803507.120308000,0,rover_s102_4x4_n1_1fps_1sp_aldrich.json,s102
1687803507.120510000,1,rover_s102_4x4_n1_1fps_1sp_aldrich.json,s102
1687803507.120599000,2,rover_s102_4x4_n1_1fps_1sp_aldrich.json,s102
1687803507.121087000,3,rover_s102_4x4_n1_1fps_1sp_aldrich.json,s102
1687803507.121184000,4,rover_s102_4x4_n1_1fps_1sp_aldrich.json,s102
1687803507.121283000,5,rover_s102_4x4_n1_1fps_1sp_aldrich.json,s102
1687803507.122036000,6,rover_s102_4x4_n1_1fps_1sp_aldrich.json,s102
1687803507.122142000,7,rover_s102_4x4_n1_1fps_1sp_aldrich.json,s102
1687803507.122239000,8,rover_s102_4x4_n1_1fps_1sp_aldrich.json,s102
1687803507.123237000,9,rover_s102_4x4_n1_1fps_1sp_aldrich.json,s102
1687803507.123356000,10,rover_s102_4x4_n1_1fps_1sp_aldrich.json,s102
1687803507.124100000,11,rover_s102_4x4_n1_1fps_1sp_aldrich.json,s102
1687803508.147020000,0,rover_s102_4x4_n1_1fps_1sp_aldrich.json,s102
1687803508.147381000,1,rover_s102_4x4_n1_1fps_1sp_aldrich.json,s102
1687803508.148706000,2,rover_s102_4x4_n1_1fps_1sp_aldrich.json,s102
1687803508.148708000,3,rover_s102_4x4_n1_1fps_1sp_aldrich.json,s102
1687803508.148854000,4,rover_s102_4x4_n1_1fps_1sp_aldrich.json,s102
1687803508.149031000,5,rover_s102_4x4_n1_1fps_1sp_aldrich.json,s102
1687803508.149136000,6,rover_s102_4x4_n1_1fps_1sp_aldrich.json,s102
1687803508.151090000,7,rover_s102_4x4_n1_1fps_1sp_aldrich.json,s102
1687803508.151231000,8,rover_s102_4x4_n1_1fps_1sp_aldrich.json,s102
1687803509.172606000,0,rover_s102_4x4_n1_1fps_1sp_aldrich.json,s102
1687803509.172805000,1,rover_s102_4x4_n1_1fps_1sp_aldrich.json,s102
1687803509.172912000,2,rover_s102_4x4_n1_1fps_1sp_aldrich.json,s102
1687803509.173387000,3,rover_s102_4x4_n1_1fps_1sp_aldrich.json,s102
1687803509.173473000,4,rover_s102_4x4_n1_1fps_1sp_aldrich.json,s102
1687803509.173475000,5,rover_s102_4x4_n1_1fps_1sp_aldrich.json,s102
1687803509.173598000,6,rover_s102_4x4_n1_1fps_1sp_aldrich.json,s102
1687803509.174128000,7,rover_s102_4x4_n1_1fps_1sp_aldrich.json,s102
1687803509.174702000,8,rover_s102_4x4_n1_1fps_1sp_aldrich.json,s102
1687803509.174821000,9,rover_s102_4x4_n1_1fps_1sp_aldrich.json,s102
1687803509.174823000,10,rover_s102_4x4_n1_1fps_1sp_aldrich.json,s102
1687803509.175566000,11,rover_s102_4x4_n1_1fps_1sp_aldrich.json,s102
1687803509.175679000,12,rover_s102_4x4_n1_1fps_1sp_aldrich.json,s102
1687803510.195941000,0,rover_s102_4x4_n1_1fps_1sp_aldrich.json,s102
1687803510.197835000,1,rover_s102_4x4_n1_1fps_1sp_aldrich.json,s102
1687803510.198611000,2,rover_s102_4x4_n1_1fps_1sp_aldrich.json,s102
1687803510.198712000,3,rover_s102_4x4_n1_1fps_1sp_aldrich.json,s102
1687803510.198714000,4,rover_s102_4x4_n1_1fps_1sp_aldrich.json,s102
1687803510.198824000,5,rover_s102_4x4_n1_1fps_1sp_aldrich.json,s102
1687803510.198903000,6,rover_s102_4x4_n1_1fps_1sp_aldrich.json,s102
1687803510.199017000,7,rover_s102_4x4_n1_1fps_1sp_aldrich.json,s102
1687803510.199796000,8,rover_s102_4x4_n1_1fps_1sp_aldrich.json,s102
1687803510.199798000,9,rover_s102_4x4_n1_1fps_1sp_aldrich.json,s102
1687803510.199913000,10,rover_s102_4x4_n1_1fps_1sp_aldrich.json,s102
1687803510.200007000,11,rover_s102_4x4_n1_1fps_1sp_aldrich.json,s102
1687803510.200100000,12,rover_s102_4x4_n1_1fps_1sp_aldrich.json,s102
1687803510.200891000,13,rover_s102_4x4_n1_1fps_1sp_aldrich.json,s102
1687803511.222876000,0,rover_s102_4x4_n1_1fps_1sp_aldrich.json,s102
1687803511.223090000,1,rover_s102_4x4_n1_1fps_1sp_aldrich.json,s102
1687803511.223680000,2,rover_s102_4x4_n1_1fps_1sp_aldrich.json,s102
1687803511.223781000,3,rover_s102_4x4_n1_1fps_1sp_aldrich.json,s102
1687803511.223782000,4,rover_s102_4x4_n1_1fps_1sp_aldrich.json,s102
1687803511.224515000,5,rover_s102_4x4_n1_1fps_1sp_aldrich.json,s102
1687803511.224632000,6,rover_s102_4x4_n1_1fps_1sp_aldrich.json,s102
1687803511.225512000,7,rover_s102_4x4_n1_1fps_1sp_aldrich.json,s102
1687803512.246660000,0,rover_s102_4x4_n1_1fps_1sp_aldrich.json,s102
1687803512.247163000,1,rover_s102_4x4_n1_1fps_1sp_aldrich.json,s102
1687803512.247259000,2,rover_s102_4x4_n1_1fps_1sp_aldrich.json,s102
1687803512.247652000,3,rover_s102_4x4_n1_1fps_1sp_aldrich.json,s102
1687803512.247754000,4,rover_s102_4x4_n1_1fps_1sp_aldrich.json,s102
1687803512.248603000,5,rover_s102_4x4_n1_1fps_1sp_aldrich.json,s102
1687803512.248722000,6,rover_s102_4x4_n1_1fps_1sp_aldrich.json,s102
1687803513.271454000,0,rover_s102_4x4_n1_1fps_1sp_aldrich.json,s102
1687803513.271807000,1,rover_s102_4x4_n1_1fps_1sp_aldrich.json,s102
1687803513.273348000,2,rover_s102_4x4_n1_1fps_1sp_aldrich.json,s102
1687803513.273349000,3,rover_s102_4x4_n1_1fps_1sp_aldrich.json,s102
1687803513.273495000,4,rover_s102_4x4_n1_1fps_1sp_aldrich.json,s102
1687803513.273606000,5,rover_s102_4x4_n1_1fps_1sp_aldrich.json,s102
1687803513.273708000,6,rover_s102_4x4_n1_1fps_1sp_aldrich.json,s102
1687803513.275093000,7,rover_s102_4x4_n1_1fps_1sp_aldrich.json,s102
1687803514.294129000,0,rover_s102_4x4_n1_1fps_1sp_aldrich.json,s102
1687803514.294362000,1,rover_s102_4x4_n1_1fps_1sp_aldrich.json,s102
1687803514.295287000,2,rover_s102_4x4_n1_1fps_1sp_aldrich.json,s102
1687803514.295288000,3,rover_s102_4x4_n1_1fps_1sp_aldrich.json,s102
1687803514.295492000,4,rover_s102_4x4_n1_1fps_1sp_aldrich.json,s102
1687803514.295635000,5,rover_s102_4x4_n1_1fps_1sp_aldrich.json,s102
1687803514.295983000,6,rover_s102_4x4_n1_1fps_1sp_aldrich.json,s102
1687803514.296081000,7,rover_s102_4x4_n1_1fps_1sp_aldrich.json,s102
1687803515.326287000,0,rover_s102_4x4_n1_1fps_1sp_aldrich.json,s102
1687803515.326497000,1,rover_s102_4x4_n1_1fps_1sp_aldrich.json,s102
1687803515.326880000,2,rover_s102_4x4_n1_1fps_1sp_aldrich.json,s102
1687803515.326978000,3,rover_s102_4x4_n1_1fps_1sp_aldrich.json,s102
1687803515.327464000,4,rover_s102_4x4_n1_1fps_1sp_aldrich.json,s102
1687803515.327575000,5,rover_s102_4x4_n1_1fps_1sp_aldrich.json,s102
1687803515.328151000,6,rover_s102_4x4_n1_1fps_1sp_aldrich.json,s102
1687803515.328255000,7,rover_s102_4x4_n1_1fps_1sp_aldrich.json,s102
1687803515.329472000,8,rover_s102_4x4_n1_1fps_1sp_aldrich.json,s102
1687803516.350134000,0,rover_s102_4x4_n1_1fps_1sp_aldrich.json,s102
1687803516.350345000,1,rover_s102_4x4_n1_1fps_1sp_aldrich.json,s102
1687803516.350792000,2,rover_s102_4x4_n1_1fps_1sp_aldrich.json,s102
1687803516.350882000,3,rover_s102_4x4_n1_1fps_1sp_aldrich.json,s102
1687803516.350883000,4,rover_s102_4x4_n1_1fps_1sp_aldrich.json,s102
1687803516.351565000,5,rover_s102_4x4_n1_1fps_1sp_aldrich.json,s102
1687803516.351865000,6,rover_s102_4x4_n1_1fps_1sp_aldrich.json,s102
1687803517.375222000,0,rover_s102_4x4_n1_1fps_1sp_aldrich.json,s102
1687803517.375402000,1,rover_s102_4x4_n1_1fps_1sp_aldrich.json,s102
1687803517.375404000,2,rover_s102_4x4_n1_1fps_1sp_aldrich.json,s102
1687803517.375539000,3,rover_s102_4x4_n1_1fps_1sp_aldrich.json,s102
1687803517.375654000,4,rover_s102_4x4_n1_1fps_1sp_aldrich.json,s102
1687803517.376165000,5,rover_s102_4x4_n1_1fps_1sp_aldrich.json,s102
1687803517.376319000,6,rover_s102_4x4_n1_1fps_1sp_aldrich.json,s102
1687803517.376320000,7,rover_s102_4x4_n1_1fps_1sp_aldrich.json,s102
1687803517.376969000,8,rover_s102_4x4_n1_1fps_1sp_aldrich.json,s102
1687803517.377075000,9,rover_s102_4x4_n1_1fps_1sp_aldrich.json,s102
1687803517.377474000,10,rover_s102_4x4_n1_1fps_1sp_aldrich.json,s102
1687803517.377476000,11,rover_s102_4x4_n1_1fps_1sp_aldrich.json,s102
1687803518.403100000,0,rover_s102_4x4_n1_1fps_1sp_aldrich.json,s102
1687803518.403487000,1,rover_s102_4x4_n1_1fps_1sp_aldrich.json,s102
1687803518.404874000,2,rover_s102_4x4_n1_1fps_1sp_aldrich.json,s102
1687803518.404876000,3,rover_s102_4x4_n1_1fps_1sp_aldrich.json,s102
1687803518.405012000,4,rover_s102_4x4_n1_1fps_1sp_aldrich.json,s102
1687803518.405149000,5,rover_s102_4x4_n1_1fps_1sp_aldrich.json,s102
1687803518.405296000,6,rover_s102_4x4_n1_1fps_1sp_aldrich.json,s102
1687803518.405388000,7,rover_s102_4x4_n1_1fps_1sp_aldrich.json,s102
1687803518.406479000,8,rover_s102_4x4_n1_1fps_1sp_aldrich.json,s102
1687803519.424422000,0,rover_s102_4x4_n1_1fps_1sp_aldrich.json,s102
1687803519.425142000,1,rover_s102_4x4_n1_1fps_1sp_aldrich.json,s102
1687803519.425240000,2,rover_s102_4x4_n1_1fps_1sp_aldrich.json,s102
1687803519.425242000,3,rover_s102_4x4_n1_1fps_1sp_aldrich.json,s102
1687803519.425764000,4,rover_s102_4x4_n1_1fps_1sp_aldrich.json,s102
1687803519.425860000,5,rover_s102_4x4_n1_1fps_1sp_aldrich.json,s102
1687803519.425960000,6,rover_s102_4x4_n1_1fps_1sp_aldrich.json,s102
1687803519.426372000,7,rover_s102_4x4_n1_1fps_1sp_aldrich.json,s102
1687803519.427493000,8,rover_s102_4x4_n1_1fps_1sp_aldrich.json,s102
1687803519.428354000,9,rover_s102_4x4_n1_1fps_1sp_aldrich.json,s102
1687803520.446772000,0,rover_s102_4x4_n1_1fps_1sp_aldrich.json,s102
1687803520.447510000,1,rover_s102_4x4_n1_1fps_1sp_aldrich.json,s102
1687803520.447512000,2,rover_s102_4x4_n1_1fps_1sp_aldrich.json,s102
1687803520.447639000,3,rover_s102_4x4_n1_1fps_1sp_aldrich.json,s102
1687803520.449662000,4,rover_s102_4x4_n1_1fps_1sp_aldrich.json,s102
1687803520.449663000,5,rover_s102_4x4_n1_1fps_1sp_aldrich.json,s102
1687803520.449796000,6,rover_s102_4x4_n1_1fps_1sp_aldrich.json,s102
1687803520.450581000,7,rover_s102_4x4_n1_1fps_1sp_aldrich.json,s102
1687803521.468739000,0,rover_s102_4x4_n1_1fps_1sp_aldrich.json,s102
1687803521.468943000,1,rover_s102_4x4_n1_1fps_1sp_aldrich.json,s102
1687803521.469602000,2,rover_s102_4x4_n1_1fps_1sp_aldrich.json,s102
1687803521.469741000,3,rover_s102_4x4_n1_1fps_1sp_aldrich.json,s102
1687803521.469832000,4,rover_s102_4x4_n1_1fps_1sp_aldrich.json,s102
1687803521.471038000,5,rover_s102_4x4_n1_1fps_1sp_aldrich.json,s102
1687803521.471040000,6,rover_s102_4x4_n1_1fps_1sp_aldrich.json,s102
1687803522.489596000,0,rover_s102_4x4_n1_1fps_1sp_aldrich.json,s102
1687803522.491108000,1,rover_s102_4x4_n1_1fps_1sp_aldrich.json,s102
1687803522.491109000,2,rover_s102_4x4_n1_1fps_1sp_aldrich.json,s102
1687803522.491217000,3,rover_s102_4x4_n1_1fps_1sp_aldrich.json,s102
1687803522.491319000,4,rover_s102_4x4_n1_1fps_1sp_aldrich.json,s102
1687803522.491418000,5,rover_s102_4x4_n1_1fps_1sp_aldrich.json,s102
1687803522.491420000,6,rover_s102_4x4_n1_1fps_1sp_aldrich.json,s102
1687803522.491556000,7,rover_s102_4x4_n1_1fps_1sp_aldrich.json,s102
1687803522.491760000,8,rover_s102_4x4_n1_1fps_1sp_aldrich.json,s102
1687803522.492128000,9,rover_s102_4x4_n1_1fps_1sp_aldrich.json,s102
1687803522.492129000,10,rover_s102_4x4_n1_1fps_1sp_aldrich.json,s102
1687803523.512711000,0,rover_s102_4x4_n1_1fps_1sp_aldrich.json,s102
1687803523.513085000,1,rover_s102_4x4_n1_1fps_1sp_aldrich.json,s102
1687803523.514442000,2,rover_s102_4x4_n1_1fps_1sp_aldrich.json,s102
1687803523.515125000,3,rover_s102_4x4_n1_1fps_1sp_aldrich.json,s102
1687803523.515127000,4,rover_s102_4x4_n1_1fps_1sp_aldrich.json,s102
1687803523.515225000,5,rover_s102_4x4_n1_1fps_1sp_aldrich.json,s102
1687803523.515297000,6,rover_s102_4x4_n1_1fps_1sp_aldrich.json,s102
1687803524.537920000,0,rover_s102_4x4_n1_1fps_1sp_aldrich.json,s102
1687803524.538142000,1,rover_s102_4x4_n1_1fps_1sp_aldrich.json,s102
1687803524.538756000,2,rover_s102_4x4_n1_1fps_1sp_aldrich.json,s102
1687803524.538856000,3,rover_s102_4x4_n1_1fps_1sp_aldrich.json,s102
1687803524.538968000,4,rover_s102_4x4_n1_1fps_1sp_aldrich.json,s102
1687803524.539409000,5,rover_s102_4x4_n1_1fps_1sp_aldrich.json,s102
1687803524.539411000,6,rover_s102_4x4_n1_1fps_1sp_aldrich.json,s102
1687803524.539560000,7,rover_s102_4x4_n1_1fps_1sp_aldrich.json,s102
1687803525.563864000,0,rover_s102_4x4_n1_1fps_1sp_aldrich.json,s102
1687803525.564077000,1,rover_s102_4x4_n1_1fps_1sp_aldrich.json,s102
1687803525.564354000,2,rover_s102_4x4_n1_1fps_1sp_aldrich.json,s102
1687803525.564453000,3,rover_s102_4x4_n1_1fps_1sp_aldrich.json,s102
1687803525.565021000,4,rover_s102_4x4_n1_1fps_1sp_aldrich.json,s102
1687803525.565815000,5,rover_s102_4x4_n1_1fps_1sp_aldrich.json,s102
1687803525.565817000,6,rover_s102_4x4_n1_1fps_1sp_aldrich.json,s102
1687803525.566901000,7,rover_s102_4x4_n1_1fps_1sp_aldrich.json,s102
1687803526.594017000,0,rover_s102_4x4_n1_1fps_1sp_aldrich.json,s102
1687803526.594222000,1,rover_s102_4x4_n1_1fps_1sp_aldrich.json,s102
1687803526.594496000,2,rover_s102_4x4_n1_1fps_1sp_aldrich.json,s102
1687803526.594592000,3,rover_s102_4x4_n1_1fps_1sp_aldrich.json,s102
1687803526.595717000,4,rover_s102_4x4_n1_1fps_1sp_aldrich.json,s102
1687803526.595814000,5,rover_s102_4x4_n1_1fps_1sp_aldrich.json,s102
1687803526.596561000,6,rover_s102_4x4_n1_1fps_1sp_aldrich.json,s102
1687803526.597985000,7,rover_s102_4x4_n1_1fps_1sp_aldrich.json,s102
