Timestamp,Packet,Scenario,Type
1687246410.527968000,0,rover_ap_2x2_n1_1fps_1sp_bb.json,ap
1687246410.528232000,1,rover_ap_2x2_n1_1fps_1sp_bb.json,ap
1687246410.528497000,2,rover_ap_2x2_n1_1fps_1sp_bb.json,ap
1687246410.528751000,3,rover_ap_2x2_n1_1fps_1sp_bb.json,ap
1687246410.529025000,4,rover_ap_2x2_n1_1fps_1sp_bb.json,ap
1687246410.529391000,5,rover_ap_2x2_n1_1fps_1sp_bb.json,ap
1687246410.529657000,6,rover_ap_2x2_n1_1fps_1sp_bb.json,ap
1687246410.531235000,7,rover_ap_2x2_n1_1fps_1sp_bb.json,ap
1687246410.531684000,8,rover_ap_2x2_n1_1fps_1sp_bb.json,ap
1687246411.550823000,0,rover_ap_2x2_n1_1fps_1sp_bb.json,ap
1687246411.551090000,1,rover_ap_2x2_n1_1fps_1sp_bb.json,ap
1687246411.551356000,2,rover_ap_2x2_n1_1fps_1sp_bb.json,ap
1687246411.551621000,3,rover_ap_2x2_n1_1fps_1sp_bb.json,ap
1687246411.551882000,4,rover_ap_2x2_n1_1fps_1sp_bb.json,ap
1687246411.552156000,5,rover_ap_2x2_n1_1fps_1sp_bb.json,ap
1687246411.552444000,6,rover_ap_2x2_n1_1fps_1sp_bb.json,ap
1687246411.552880000,7,rover_ap_2x2_n1_1fps_1sp_bb.json,ap
1687246411.553163000,8,rover_ap_2x2_n1_1fps_1sp_bb.json,ap
1687246411.554052000,9,rover_ap_2x2_n1_1fps_1sp_bb.json,ap
1687246411.555906000,10,rover_ap_2x2_n1_1fps_1sp_bb.json,ap
1687246412.574116000,0,rover_ap_2x2_n1_1fps_1sp_bb.json,ap
1687246412.574492000,1,rover_ap_2x2_n1_1fps_1sp_bb.json,ap
1687246412.574760000,2,rover_ap_2x2_n1_1fps_1sp_bb.json,ap
1687246412.575027000,3,rover_ap_2x2_n1_1fps_1sp_bb.json,ap
1687246412.575299000,4,rover_ap_2x2_n1_1fps_1sp_bb.json,ap
1687246412.575561000,5,rover_ap_2x2_n1_1fps_1sp_bb.json,ap
1687246412.575899000,6,rover_ap_2x2_n1_1fps_1sp_bb.json,ap
1687246412.576166000,7,rover_ap_2x2_n1_1fps_1sp_bb.json,ap
1687246412.576584000,8,rover_ap_2x2_n1_1fps_1sp_bb.json,ap
1687246412.576850000,9,rover_ap_2x2_n1_1fps_1sp_bb.json,ap
1687246412.577643000,10,rover_ap_2x2_n1_1fps_1sp_bb.json,ap
1687246413.596834000,0,rover_ap_2x2_n1_1fps_1sp_bb.json,ap
1687246413.597141000,1,rover_ap_2x2_n1_1fps_1sp_bb.json,ap
1687246413.597408000,2,rover_ap_2x2_n1_1fps_1sp_bb.json,ap
1687246413.597680000,3,rover_ap_2x2_n1_1fps_1sp_bb.json,ap
1687246413.597964000,4,rover_ap_2x2_n1_1fps_1sp_bb.json,ap
1687246413.598235000,5,rover_ap_2x2_n1_1fps_1sp_bb.json,ap
1687246413.598513000,6,rover_ap_2x2_n1_1fps_1sp_bb.json,ap
1687246413.599206000,7,rover_ap_2x2_n1_1fps_1sp_bb.json,ap
1687246413.599487000,8,rover_ap_2x2_n1_1fps_1sp_bb.json,ap
1687246413.599755000,9,rover_ap_2x2_n1_1fps_1sp_bb.json,ap
1687246413.600261000,10,rover_ap_2x2_n1_1fps_1sp_bb.json,ap
1687246414.619965000,0,rover_ap_2x2_n1_1fps_1sp_bb.json,ap
1687246414.620234000,1,rover_ap_2x2_n1_1fps_1sp_bb.json,ap
1687246414.620499000,2,rover_ap_2x2_n1_1fps_1sp_bb.json,ap
1687246414.620766000,3,rover_ap_2x2_n1_1fps_1sp_bb.json,ap
1687246414.621028000,4,rover_ap_2x2_n1_1fps_1sp_bb.json,ap
1687246414.621286000,5,rover_ap_2x2_n1_1fps_1sp_bb.json,ap
1687246414.621569000,6,rover_ap_2x2_n1_1fps_1sp_bb.json,ap
1687246414.622158000,7,rover_ap_2x2_n1_1fps_1sp_bb.json,ap
1687246414.622456000,8,rover_ap_2x2_n1_1fps_1sp_bb.json,ap
1687246414.622719000,9,rover_ap_2x2_n1_1fps_1sp_bb.json,ap
1687246414.622988000,10,rover_ap_2x2_n1_1fps_1sp_bb.json,ap
1687246414.623513000,11,rover_ap_2x2_n1_1fps_1sp_bb.json,ap
1687246415.643377000,0,rover_ap_2x2_n1_1fps_1sp_bb.json,ap
1687246415.643665000,1,rover_ap_2x2_n1_1fps_1sp_bb.json,ap
1687246415.643935000,2,rover_ap_2x2_n1_1fps_1sp_bb.json,ap
1687246415.644249000,3,rover_ap_2x2_n1_1fps_1sp_bb.json,ap
1687246415.644519000,4,rover_ap_2x2_n1_1fps_1sp_bb.json,ap
1687246415.644831000,5,rover_ap_2x2_n1_1fps_1sp_bb.json,ap
1687246415.645150000,6,rover_ap_2x2_n1_1fps_1sp_bb.json,ap
1687246415.645467000,7,rover_ap_2x2_n1_1fps_1sp_bb.json,ap
1687246416.665959000,0,rover_ap_2x2_n1_1fps_1sp_bb.json,ap
1687246416.666451000,1,rover_ap_2x2_n1_1fps_1sp_bb.json,ap
1687246416.666763000,2,rover_ap_2x2_n1_1fps_1sp_bb.json,ap
1687246416.667067000,3,rover_ap_2x2_n1_1fps_1sp_bb.json,ap
1687246416.667380000,4,rover_ap_2x2_n1_1fps_1sp_bb.json,ap
1687246416.667715000,5,rover_ap_2x2_n1_1fps_1sp_bb.json,ap
1687246416.668032000,6,rover_ap_2x2_n1_1fps_1sp_bb.json,ap
1687246416.668381000,7,rover_ap_2x2_n1_1fps_1sp_bb.json,ap
1687246416.668687000,8,rover_ap_2x2_n1_1fps_1sp_bb.json,ap
1687246417.695588000,0,rover_ap_2x2_n1_1fps_1sp_bb.json,ap
1687246417.696094000,1,rover_ap_2x2_n1_1fps_1sp_bb.json,ap
1687246417.696411000,2,rover_ap_2x2_n1_1fps_1sp_bb.json,ap
1687246417.696746000,3,rover_ap_2x2_n1_1fps_1sp_bb.json,ap
1687246417.697065000,4,rover_ap_2x2_n1_1fps_1sp_bb.json,ap
1687246417.697373000,5,rover_ap_2x2_n1_1fps_1sp_bb.json,ap
1687246417.697681000,6,rover_ap_2x2_n1_1fps_1sp_bb.json,ap
1687246417.698032000,7,rover_ap_2x2_n1_1fps_1sp_bb.json,ap
1687246417.698338000,8,rover_ap_2x2_n1_1fps_1sp_bb.json,ap
1687246417.698638000,9,rover_ap_2x2_n1_1fps_1sp_bb.json,ap
1687246418.722696000,0,rover_ap_2x2_n1_1fps_1sp_bb.json,ap
1687246418.723000000,1,rover_ap_2x2_n1_1fps_1sp_bb.json,ap
1687246418.723302000,2,rover_ap_2x2_n1_1fps_1sp_bb.json,ap
1687246418.723726000,3,rover_ap_2x2_n1_1fps_1sp_bb.json,ap
1687246418.724059000,4,rover_ap_2x2_n1_1fps_1sp_bb.json,ap
1687246418.724370000,5,rover_ap_2x2_n1_1fps_1sp_bb.json,ap
1687246418.724681000,6,rover_ap_2x2_n1_1fps_1sp_bb.json,ap
1687246418.725027000,7,rover_ap_2x2_n1_1fps_1sp_bb.json,ap
1687246418.725331000,8,rover_ap_2x2_n1_1fps_1sp_bb.json,ap
1687246418.725634000,9,rover_ap_2x2_n1_1fps_1sp_bb.json,ap
1687246419.749962000,0,rover_ap_2x2_n1_1fps_1sp_bb.json,ap
1687246419.750267000,1,rover_ap_2x2_n1_1fps_1sp_bb.json,ap
1687246419.750572000,2,rover_ap_2x2_n1_1fps_1sp_bb.json,ap
1687246419.750875000,3,rover_ap_2x2_n1_1fps_1sp_bb.json,ap
1687246419.751204000,4,rover_ap_2x2_n1_1fps_1sp_bb.json,ap
1687246419.751528000,5,rover_ap_2x2_n1_1fps_1sp_bb.json,ap
1687246419.751833000,6,rover_ap_2x2_n1_1fps_1sp_bb.json,ap
1687246419.752180000,7,rover_ap_2x2_n1_1fps_1sp_bb.json,ap
1687246419.752490000,8,rover_ap_2x2_n1_1fps_1sp_bb.json,ap
1687246420.773384000,0,rover_ap_2x2_n1_1fps_1sp_bb.json,ap
1687246420.773672000,1,rover_ap_2x2_n1_1fps_1sp_bb.json,ap
1687246420.773948000,2,rover_ap_2x2_n1_1fps_1sp_bb.json,ap
1687246420.774224000,3,rover_ap_2x2_n1_1fps_1sp_bb.json,ap
1687246420.774494000,4,rover_ap_2x2_n1_1fps_1sp_bb.json,ap
1687246420.774839000,5,rover_ap_2x2_n1_1fps_1sp_bb.json,ap
1687246420.775112000,6,rover_ap_2x2_n1_1fps_1sp_bb.json,ap
1687246420.775625000,7,rover_ap_2x2_n1_1fps_1sp_bb.json,ap
1687246420.776259000,8,rover_ap_2x2_n1_1fps_1sp_bb.json,ap
1687246421.794927000,0,rover_ap_2x2_n1_1fps_1sp_bb.json,ap
1687246421.795431000,1,rover_ap_2x2_n1_1fps_1sp_bb.json,ap
1687246421.796016000,2,rover_ap_2x2_n1_1fps_1sp_bb.json,ap
1687246421.796304000,3,rover_ap_2x2_n1_1fps_1sp_bb.json,ap
1687246421.796661000,4,rover_ap_2x2_n1_1fps_1sp_bb.json,ap
1687246421.796996000,5,rover_ap_2x2_n1_1fps_1sp_bb.json,ap
1687246421.797327000,6,rover_ap_2x2_n1_1fps_1sp_bb.json,ap
1687246422.818979000,0,rover_ap_2x2_n1_1fps_1sp_bb.json,ap
1687246422.819253000,1,rover_ap_2x2_n1_1fps_1sp_bb.json,ap
1687246422.819676000,2,rover_ap_2x2_n1_1fps_1sp_bb.json,ap
1687246422.819966000,3,rover_ap_2x2_n1_1fps_1sp_bb.json,ap
1687246422.820231000,4,rover_ap_2x2_n1_1fps_1sp_bb.json,ap
1687246422.820495000,5,rover_ap_2x2_n1_1fps_1sp_bb.json,ap
1687246422.820768000,6,rover_ap_2x2_n1_1fps_1sp_bb.json,ap
1687246422.821036000,7,rover_ap_2x2_n1_1fps_1sp_bb.json,ap
1687246422.821312000,8,rover_ap_2x2_n1_1fps_1sp_bb.json,ap
1687246422.821575000,9,rover_ap_2x2_n1_1fps_1sp_bb.json,ap
1687246422.821850000,10,rover_ap_2x2_n1_1fps_1sp_bb.json,ap
1687246422.822264000,11,rover_ap_2x2_n1_1fps_1sp_bb.json,ap
1687246423.842196000,0,rover_ap_2x2_n1_1fps_1sp_bb.json,ap
1687246423.842474000,1,rover_ap_2x2_n1_1fps_1sp_bb.json,ap
1687246423.842742000,2,rover_ap_2x2_n1_1fps_1sp_bb.json,ap
1687246423.843007000,3,rover_ap_2x2_n1_1fps_1sp_bb.json,ap
1687246423.843346000,4,rover_ap_2x2_n1_1fps_1sp_bb.json,ap
1687246423.843661000,5,rover_ap_2x2_n1_1fps_1sp_bb.json,ap
1687246423.844034000,6,rover_ap_2x2_n1_1fps_1sp_bb.json,ap
1687246423.844317000,7,rover_ap_2x2_n1_1fps_1sp_bb.json,ap
1687246423.844883000,8,rover_ap_2x2_n1_1fps_1sp_bb.json,ap
1687246423.845192000,9,rover_ap_2x2_n1_1fps_1sp_bb.json,ap
1687246424.865389000,0,rover_ap_2x2_n1_1fps_1sp_bb.json,ap
1687246424.865659000,1,rover_ap_2x2_n1_1fps_1sp_bb.json,ap
1687246424.866024000,2,rover_ap_2x2_n1_1fps_1sp_bb.json,ap
1687246424.866290000,3,rover_ap_2x2_n1_1fps_1sp_bb.json,ap
1687246424.866555000,4,rover_ap_2x2_n1_1fps_1sp_bb.json,ap
1687246424.866817000,5,rover_ap_2x2_n1_1fps_1sp_bb.json,ap
1687246424.867099000,6,rover_ap_2x2_n1_1fps_1sp_bb.json,ap
1687246424.867378000,7,rover_ap_2x2_n1_1fps_1sp_bb.json,ap
1687246424.867808000,8,rover_ap_2x2_n1_1fps_1sp_bb.json,ap
1687246424.868093000,9,rover_ap_2x2_n1_1fps_1sp_bb.json,ap
1687246424.869206000,10,rover_ap_2x2_n1_1fps_1sp_bb.json,ap
1687246425.886312000,0,rover_ap_2x2_n1_1fps_1sp_bb.json,ap
1687246425.886679000,1,rover_ap_2x2_n1_1fps_1sp_bb.json,ap
1687246425.886945000,2,rover_ap_2x2_n1_1fps_1sp_bb.json,ap
1687246425.887208000,3,rover_ap_2x2_n1_1fps_1sp_bb.json,ap
1687246425.887478000,4,rover_ap_2x2_n1_1fps_1sp_bb.json,ap
1687246425.887743000,5,rover_ap_2x2_n1_1fps_1sp_bb.json,ap
1687246425.888007000,6,rover_ap_2x2_n1_1fps_1sp_bb.json,ap
1687246425.888496000,7,rover_ap_2x2_n1_1fps_1sp_bb.json,ap
1687246425.888787000,8,rover_ap_2x2_n1_1fps_1sp_bb.json,ap
1687246425.889462000,9,rover_ap_2x2_n1_1fps_1sp_bb.json,ap
1687246425.889742000,10,rover_ap_2x2_n1_1fps_1sp_bb.json,ap
1687246425.890010000,11,rover_ap_2x2_n1_1fps_1sp_bb.json,ap
1687246425.890281000,12,rover_ap_2x2_n1_1fps_1sp_bb.json,ap
1687246425.890550000,13,rover_ap_2x2_n1_1fps_1sp_bb.json,ap
1687246425.890819000,14,rover_ap_2x2_n1_1fps_1sp_bb.json,ap
1687246425.891078000,15,rover_ap_2x2_n1_1fps_1sp_bb.json,ap
1687246425.891347000,16,rover_ap_2x2_n1_1fps_1sp_bb.json,ap
1687246426.910872000,0,rover_ap_2x2_n1_1fps_1sp_bb.json,ap
1687246426.911292000,1,rover_ap_2x2_n1_1fps_1sp_bb.json,ap
1687246426.911586000,2,rover_ap_2x2_n1_1fps_1sp_bb.json,ap
1687246426.911881000,3,rover_ap_2x2_n1_1fps_1sp_bb.json,ap
1687246426.912258000,4,rover_ap_2x2_n1_1fps_1sp_bb.json,ap
1687246426.912556000,5,rover_ap_2x2_n1_1fps_1sp_bb.json,ap
1687246426.912940000,6,rover_ap_2x2_n1_1fps_1sp_bb.json,ap
1687246426.913269000,7,rover_ap_2x2_n1_1fps_1sp_bb.json,ap
1687246426.913678000,8,rover_ap_2x2_n1_1fps_1sp_bb.json,ap
1687246426.913965000,9,rover_ap_2x2_n1_1fps_1sp_bb.json,ap
1687246426.914294000,10,rover_ap_2x2_n1_1fps_1sp_bb.json,ap
1687246426.914703000,11,rover_ap_2x2_n1_1fps_1sp_bb.json,ap
1687246426.915049000,12,rover_ap_2x2_n1_1fps_1sp_bb.json,ap
1687246427.934427000,0,rover_ap_2x2_n1_1fps_1sp_bb.json,ap
1687246427.934705000,1,rover_ap_2x2_n1_1fps_1sp_bb.json,ap
1687246427.934970000,2,rover_ap_2x2_n1_1fps_1sp_bb.json,ap
1687246427.935308000,3,rover_ap_2x2_n1_1fps_1sp_bb.json,ap
1687246427.935637000,4,rover_ap_2x2_n1_1fps_1sp_bb.json,ap
1687246427.936092000,5,rover_ap_2x2_n1_1fps_1sp_bb.json,ap
1687246427.936425000,6,rover_ap_2x2_n1_1fps_1sp_bb.json,ap
1687246427.936751000,7,rover_ap_2x2_n1_1fps_1sp_bb.json,ap
1687246427.937225000,8,rover_ap_2x2_n1_1fps_1sp_bb.json,ap
1687246427.937544000,9,rover_ap_2x2_n1_1fps_1sp_bb.json,ap
1687246428.963080000,0,rover_ap_2x2_n1_1fps_1sp_bb.json,ap
1687246428.963415000,1,rover_ap_2x2_n1_1fps_1sp_bb.json,ap
1687246428.963720000,2,rover_ap_2x2_n1_1fps_1sp_bb.json,ap
1687246428.963999000,3,rover_ap_2x2_n1_1fps_1sp_bb.json,ap
1687246428.964318000,4,rover_ap_2x2_n1_1fps_1sp_bb.json,ap
1687246428.964681000,5,rover_ap_2x2_n1_1fps_1sp_bb.json,ap
1687246428.965009000,6,rover_ap_2x2_n1_1fps_1sp_bb.json,ap
1687246428.965275000,7,rover_ap_2x2_n1_1fps_1sp_bb.json,ap
1687246428.966012000,8,rover_ap_2x2_n1_1fps_1sp_bb.json,ap
1687246429.984576000,0,rover_ap_2x2_n1_1fps_1sp_bb.json,ap
1687246429.984864000,1,rover_ap_2x2_n1_1fps_1sp_bb.json,ap
1687246429.985145000,2,rover_ap_2x2_n1_1fps_1sp_bb.json,ap
1687246429.985436000,3,rover_ap_2x2_n1_1fps_1sp_bb.json,ap
1687246429.985723000,4,rover_ap_2x2_n1_1fps_1sp_bb.json,ap
1687246429.986165000,5,rover_ap_2x2_n1_1fps_1sp_bb.json,ap
1687246429.986489000,6,rover_ap_2x2_n1_1fps_1sp_bb.json,ap
1687246429.986883000,7,rover_ap_2x2_n1_1fps_1sp_bb.json,ap
1687246429.987164000,8,rover_ap_2x2_n1_1fps_1sp_bb.json,ap
1687246429.987542000,9,rover_ap_2x2_n1_1fps_1sp_bb.json,ap
1687246429.987814000,10,rover_ap_2x2_n1_1fps_1sp_bb.json,ap
1687246429.988086000,11,rover_ap_2x2_n1_1fps_1sp_bb.json,ap
1687246429.988370000,12,rover_ap_2x2_n1_1fps_1sp_bb.json,ap
1687246431.007878000,0,rover_ap_2x2_n1_1fps_1sp_bb.json,ap
1687246431.008148000,1,rover_ap_2x2_n1_1fps_1sp_bb.json,ap
1687246431.008411000,2,rover_ap_2x2_n1_1fps_1sp_bb.json,ap
1687246431.008725000,3,rover_ap_2x2_n1_1fps_1sp_bb.json,ap
1687246431.008991000,4,rover_ap_2x2_n1_1fps_1sp_bb.json,ap
1687246431.009309000,5,rover_ap_2x2_n1_1fps_1sp_bb.json,ap
1687246431.009643000,6,rover_ap_2x2_n1_1fps_1sp_bb.json,ap
1687246431.009942000,7,rover_ap_2x2_n1_1fps_1sp_bb.json,ap
1687246431.010484000,8,rover_ap_2x2_n1_1fps_1sp_bb.json,ap
1687246432.030217000,0,rover_ap_2x2_n1_1fps_1sp_bb.json,ap
1687246432.030625000,1,rover_ap_2x2_n1_1fps_1sp_bb.json,ap
1687246432.030936000,2,rover_ap_2x2_n1_1fps_1sp_bb.json,ap
1687246432.031248000,3,rover_ap_2x2_n1_1fps_1sp_bb.json,ap
1687246432.031581000,4,rover_ap_2x2_n1_1fps_1sp_bb.json,ap
1687246432.031899000,5,rover_ap_2x2_n1_1fps_1sp_bb.json,ap
1687246432.032200000,6,rover_ap_2x2_n1_1fps_1sp_bb.json,ap
1687246432.032547000,7,rover_ap_2x2_n1_1fps_1sp_bb.json,ap
1687246432.032852000,8,rover_ap_2x2_n1_1fps_1sp_bb.json,ap
1687246432.033160000,9,rover_ap_2x2_n1_1fps_1sp_bb.json,ap
1687246432.033459000,10,rover_ap_2x2_n1_1fps_1sp_bb.json,ap
1687246433.056589000,0,rover_ap_2x2_n1_1fps_1sp_bb.json,ap
1687246433.056907000,1,rover_ap_2x2_n1_1fps_1sp_bb.json,ap
1687246433.057235000,2,rover_ap_2x2_n1_1fps_1sp_bb.json,ap
1687246433.057534000,3,rover_ap_2x2_n1_1fps_1sp_bb.json,ap
1687246433.057917000,4,rover_ap_2x2_n1_1fps_1sp_bb.json,ap
1687246433.058233000,5,rover_ap_2x2_n1_1fps_1sp_bb.json,ap
1687246433.058679000,6,rover_ap_2x2_n1_1fps_1sp_bb.json,ap
1687246433.059109000,7,rover_ap_2x2_n1_1fps_1sp_bb.json,ap
1687246433.059404000,8,rover_ap_2x2_n1_1fps_1sp_bb.json,ap
1687246433.059703000,9,rover_ap_2x2_n1_1fps_1sp_bb.json,ap
1687246433.060132000,10,rover_ap_2x2_n1_1fps_1sp_bb.json,ap
1687246433.060517000,11,rover_ap_2x2_n1_1fps_1sp_bb.json,ap
1687246433.060835000,12,rover_ap_2x2_n1_1fps_1sp_bb.json,ap
1687246433.061243000,13,rover_ap_2x2_n1_1fps_1sp_bb.json,ap
1687246433.061550000,14,rover_ap_2x2_n1_1fps_1sp_bb.json,ap
1687246434.088158000,0,rover_ap_2x2_n1_1fps_1sp_bb.json,ap
1687246434.088457000,1,rover_ap_2x2_n1_1fps_1sp_bb.json,ap
1687246434.088771000,2,rover_ap_2x2_n1_1fps_1sp_bb.json,ap
1687246434.089099000,3,rover_ap_2x2_n1_1fps_1sp_bb.json,ap
1687246434.089407000,4,rover_ap_2x2_n1_1fps_1sp_bb.json,ap
1687246434.089710000,5,rover_ap_2x2_n1_1fps_1sp_bb.json,ap
1687246434.090024000,6,rover_ap_2x2_n1_1fps_1sp_bb.json,ap
1687246434.090359000,7,rover_ap_2x2_n1_1fps_1sp_bb.json,ap
1687246434.090664000,8,rover_ap_2x2_n1_1fps_1sp_bb.json,ap
1687246434.090960000,9,rover_ap_2x2_n1_1fps_1sp_bb.json,ap
1687246434.092088000,10,rover_ap_2x2_n1_1fps_1sp_bb.json,ap
1687246435.113367000,0,rover_ap_2x2_n1_1fps_1sp_bb.json,ap
1687246435.113638000,1,rover_ap_2x2_n1_1fps_1sp_bb.json,ap
1687246435.113902000,2,rover_ap_2x2_n1_1fps_1sp_bb.json,ap
1687246435.114220000,3,rover_ap_2x2_n1_1fps_1sp_bb.json,ap
1687246435.114487000,4,rover_ap_2x2_n1_1fps_1sp_bb.json,ap
1687246435.114802000,5,rover_ap_2x2_n1_1fps_1sp_bb.json,ap
1687246435.115066000,6,rover_ap_2x2_n1_1fps_1sp_bb.json,ap
1687246435.115606000,7,rover_ap_2x2_n1_1fps_1sp_bb.json,ap
1687246435.115987000,8,rover_ap_2x2_n1_1fps_1sp_bb.json,ap
1687246435.116665000,9,rover_ap_2x2_n1_1fps_1sp_bb.json,ap
1687246436.139074000,0,rover_ap_2x2_n1_1fps_1sp_bb.json,ap
1687246436.139364000,1,rover_ap_2x2_n1_1fps_1sp_bb.json,ap
1687246436.139640000,2,rover_ap_2x2_n1_1fps_1sp_bb.json,ap
1687246436.139907000,3,rover_ap_2x2_n1_1fps_1sp_bb.json,ap
1687246436.140175000,4,rover_ap_2x2_n1_1fps_1sp_bb.json,ap
1687246436.140565000,5,rover_ap_2x2_n1_1fps_1sp_bb.json,ap
1687246436.140872000,6,rover_ap_2x2_n1_1fps_1sp_bb.json,ap
1687246436.141404000,7,rover_ap_2x2_n1_1fps_1sp_bb.json,ap
1687246436.141701000,8,rover_ap_2x2_n1_1fps_1sp_bb.json,ap
1687246436.141965000,9,rover_ap_2x2_n1_1fps_1sp_bb.json,ap
1687246436.142374000,10,rover_ap_2x2_n1_1fps_1sp_bb.json,ap
1687246436.142699000,11,rover_ap_2x2_n1_1fps_1sp_bb.json,ap
1687246436.142964000,12,rover_ap_2x2_n1_1fps_1sp_bb.json,ap
1687246436.143439000,13,rover_ap_2x2_n1_1fps_1sp_bb.json,ap
1687246437.163891000,0,rover_ap_2x2_n1_1fps_1sp_bb.json,ap
1687246437.164156000,1,rover_ap_2x2_n1_1fps_1sp_bb.json,ap
1687246437.164413000,2,rover_ap_2x2_n1_1fps_1sp_bb.json,ap
1687246437.164680000,3,rover_ap_2x2_n1_1fps_1sp_bb.json,ap
1687246437.164940000,4,rover_ap_2x2_n1_1fps_1sp_bb.json,ap
1687246437.165268000,5,rover_ap_2x2_n1_1fps_1sp_bb.json,ap
1687246437.165563000,6,rover_ap_2x2_n1_1fps_1sp_bb.json,ap
1687246437.166547000,7,rover_ap_2x2_n1_1fps_1sp_bb.json,ap
1687246437.166910000,8,rover_ap_2x2_n1_1fps_1sp_bb.json,ap
1687246437.168274000,9,rover_ap_2x2_n1_1fps_1sp_bb.json,ap
1687246437.168566000,10,rover_ap_2x2_n1_1fps_1sp_bb.json,ap
1687246437.168835000,11,rover_ap_2x2_n1_1fps_1sp_bb.json,ap
1687246437.169098000,12,rover_ap_2x2_n1_1fps_1sp_bb.json,ap
1687246437.169359000,13,rover_ap_2x2_n1_1fps_1sp_bb.json,ap
1687246438.192565000,0,rover_ap_2x2_n1_1fps_1sp_bb.json,ap
1687246438.192834000,1,rover_ap_2x2_n1_1fps_1sp_bb.json,ap
1687246438.193095000,2,rover_ap_2x2_n1_1fps_1sp_bb.json,ap
1687246438.193353000,3,rover_ap_2x2_n1_1fps_1sp_bb.json,ap
1687246438.193615000,4,rover_ap_2x2_n1_1fps_1sp_bb.json,ap
1687246438.193867000,5,rover_ap_2x2_n1_1fps_1sp_bb.json,ap
1687246438.194132000,6,rover_ap_2x2_n1_1fps_1sp_bb.json,ap
1687246438.194891000,7,rover_ap_2x2_n1_1fps_1sp_bb.json,ap
1687246438.195188000,8,rover_ap_2x2_n1_1fps_1sp_bb.json,ap
1687246438.195449000,9,rover_ap_2x2_n1_1fps_1sp_bb.json,ap
1687246438.195712000,10,rover_ap_2x2_n1_1fps_1sp_bb.json,ap
1687246438.196198000,11,rover_ap_2x2_n1_1fps_1sp_bb.json,ap
1687246439.216265000,0,rover_ap_2x2_n1_1fps_1sp_bb.json,ap
1687246439.216585000,1,rover_ap_2x2_n1_1fps_1sp_bb.json,ap
1687246439.216902000,2,rover_ap_2x2_n1_1fps_1sp_bb.json,ap
1687246439.217207000,3,rover_ap_2x2_n1_1fps_1sp_bb.json,ap
1687246439.217512000,4,rover_ap_2x2_n1_1fps_1sp_bb.json,ap
1687246439.217889000,5,rover_ap_2x2_n1_1fps_1sp_bb.json,ap
1687246439.218187000,6,rover_ap_2x2_n1_1fps_1sp_bb.json,ap
1687246439.218665000,7,rover_ap_2x2_n1_1fps_1sp_bb.json,ap
1687246439.218978000,8,rover_ap_2x2_n1_1fps_1sp_bb.json,ap
1687246439.219385000,9,rover_ap_2x2_n1_1fps_1sp_bb.json,ap
1687246439.219863000,10,rover_ap_2x2_n1_1fps_1sp_bb.json,ap
1687246440.239224000,0,rover_ap_2x2_n1_1fps_1sp_bb.json,ap
1687246440.239497000,1,rover_ap_2x2_n1_1fps_1sp_bb.json,ap
1687246440.239761000,2,rover_ap_2x2_n1_1fps_1sp_bb.json,ap
1687246440.240031000,3,rover_ap_2x2_n1_1fps_1sp_bb.json,ap
1687246440.240292000,4,rover_ap_2x2_n1_1fps_1sp_bb.json,ap
1687246440.240557000,5,rover_ap_2x2_n1_1fps_1sp_bb.json,ap
1687246440.240819000,6,rover_ap_2x2_n1_1fps_1sp_bb.json,ap
1687246440.241542000,7,rover_ap_2x2_n1_1fps_1sp_bb.json,ap
1687246440.242838000,8,rover_ap_2x2_n1_1fps_1sp_bb.json,ap
1687246440.243133000,9,rover_ap_2x2_n1_1fps_1sp_bb.json,ap
1687246440.243403000,10,rover_ap_2x2_n1_1fps_1sp_bb.json,ap
1687246440.243715000,11,rover_ap_2x2_n1_1fps_1sp_bb.json,ap
1687246440.246985000,12,rover_ap_2x2_n1_1fps_1sp_bb.json,ap
1687246440.247296000,13,rover_ap_2x2_n1_1fps_1sp_bb.json,ap
1687246440.247569000,14,rover_ap_2x2_n1_1fps_1sp_bb.json,ap
1687246440.247838000,15,rover_ap_2x2_n1_1fps_1sp_bb.json,ap
1687246440.248104000,16,rover_ap_2x2_n1_1fps_1sp_bb.json,ap
1687246441.266530000,0,rover_ap_2x2_n1_1fps_1sp_bb.json,ap
1687246441.266815000,1,rover_ap_2x2_n1_1fps_1sp_bb.json,ap
1687246441.267141000,2,rover_ap_2x2_n1_1fps_1sp_bb.json,ap
1687246441.267462000,3,rover_ap_2x2_n1_1fps_1sp_bb.json,ap
1687246441.267738000,4,rover_ap_2x2_n1_1fps_1sp_bb.json,ap
1687246441.268088000,5,rover_ap_2x2_n1_1fps_1sp_bb.json,ap
1687246441.268365000,6,rover_ap_2x2_n1_1fps_1sp_bb.json,ap
1687246441.268862000,7,rover_ap_2x2_n1_1fps_1sp_bb.json,ap
1687246441.269205000,8,rover_ap_2x2_n1_1fps_1sp_bb.json,ap
1687246441.269496000,9,rover_ap_2x2_n1_1fps_1sp_bb.json,ap
1687246441.269979000,10,rover_ap_2x2_n1_1fps_1sp_bb.json,ap
1687246442.288487000,0,rover_ap_2x2_n1_1fps_1sp_bb.json,ap
1687246442.288749000,1,rover_ap_2x2_n1_1fps_1sp_bb.json,ap
1687246442.289006000,2,rover_ap_2x2_n1_1fps_1sp_bb.json,ap
1687246442.289272000,3,rover_ap_2x2_n1_1fps_1sp_bb.json,ap
1687246442.289535000,4,rover_ap_2x2_n1_1fps_1sp_bb.json,ap
1687246442.289812000,5,rover_ap_2x2_n1_1fps_1sp_bb.json,ap
1687246442.290079000,6,rover_ap_2x2_n1_1fps_1sp_bb.json,ap
1687246442.290344000,7,rover_ap_2x2_n1_1fps_1sp_bb.json,ap
1687246442.290748000,8,rover_ap_2x2_n1_1fps_1sp_bb.json,ap
1687246442.291012000,9,rover_ap_2x2_n1_1fps_1sp_bb.json,ap
1687246442.291276000,10,rover_ap_2x2_n1_1fps_1sp_bb.json,ap
1687246442.291541000,11,rover_ap_2x2_n1_1fps_1sp_bb.json,ap
1687246442.291810000,12,rover_ap_2x2_n1_1fps_1sp_bb.json,ap
1687246442.292079000,13,rover_ap_2x2_n1_1fps_1sp_bb.json,ap
1687246442.292453000,14,rover_ap_2x2_n1_1fps_1sp_bb.json,ap
1687246442.292819000,15,rover_ap_2x2_n1_1fps_1sp_bb.json,ap
1687246442.293119000,16,rover_ap_2x2_n1_1fps_1sp_bb.json,ap
1687246443.310320000,0,rover_ap_2x2_n1_1fps_1sp_bb.json,ap
1687246443.311100000,1,rover_ap_2x2_n1_1fps_1sp_bb.json,ap
1687246443.311393000,2,rover_ap_2x2_n1_1fps_1sp_bb.json,ap
1687246443.311680000,3,rover_ap_2x2_n1_1fps_1sp_bb.json,ap
1687246443.311960000,4,rover_ap_2x2_n1_1fps_1sp_bb.json,ap
1687246443.312242000,5,rover_ap_2x2_n1_1fps_1sp_bb.json,ap
1687246443.312526000,6,rover_ap_2x2_n1_1fps_1sp_bb.json,ap
1687246443.312809000,7,rover_ap_2x2_n1_1fps_1sp_bb.json,ap
1687246443.313086000,8,rover_ap_2x2_n1_1fps_1sp_bb.json,ap
1687246444.335200000,0,rover_ap_2x2_n1_1fps_1sp_bb.json,ap
1687246444.335478000,1,rover_ap_2x2_n1_1fps_1sp_bb.json,ap
1687246444.335909000,2,rover_ap_2x2_n1_1fps_1sp_bb.json,ap
1687246444.336206000,3,rover_ap_2x2_n1_1fps_1sp_bb.json,ap
1687246444.336487000,4,rover_ap_2x2_n1_1fps_1sp_bb.json,ap
1687246444.336770000,5,rover_ap_2x2_n1_1fps_1sp_bb.json,ap
1687246444.337046000,6,rover_ap_2x2_n1_1fps_1sp_bb.json,ap
1687246444.337378000,7,rover_ap_2x2_n1_1fps_1sp_bb.json,ap
1687246444.337655000,8,rover_ap_2x2_n1_1fps_1sp_bb.json,ap
1687246444.337931000,9,rover_ap_2x2_n1_1fps_1sp_bb.json,ap
1687246444.338815000,10,rover_ap_2x2_n1_1fps_1sp_bb.json,ap
1687246444.339134000,11,rover_ap_2x2_n1_1fps_1sp_bb.json,ap
1687246445.357006000,0,rover_ap_2x2_n1_1fps_1sp_bb.json,ap
1687246445.357279000,1,rover_ap_2x2_n1_1fps_1sp_bb.json,ap
1687246445.357554000,2,rover_ap_2x2_n1_1fps_1sp_bb.json,ap
1687246445.357821000,3,rover_ap_2x2_n1_1fps_1sp_bb.json,ap
1687246445.358090000,4,rover_ap_2x2_n1_1fps_1sp_bb.json,ap
1687246445.358356000,5,rover_ap_2x2_n1_1fps_1sp_bb.json,ap
1687246445.358641000,6,rover_ap_2x2_n1_1fps_1sp_bb.json,ap
1687246445.359189000,7,rover_ap_2x2_n1_1fps_1sp_bb.json,ap
1687246445.359480000,8,rover_ap_2x2_n1_1fps_1sp_bb.json,ap
1687246445.359750000,9,rover_ap_2x2_n1_1fps_1sp_bb.json,ap
1687246445.360087000,10,rover_ap_2x2_n1_1fps_1sp_bb.json,ap
1687246446.378425000,0,rover_ap_2x2_n1_1fps_1sp_bb.json,ap
1687246446.378699000,1,rover_ap_2x2_n1_1fps_1sp_bb.json,ap
1687246446.378962000,2,rover_ap_2x2_n1_1fps_1sp_bb.json,ap
1687246446.379220000,3,rover_ap_2x2_n1_1fps_1sp_bb.json,ap
1687246446.379482000,4,rover_ap_2x2_n1_1fps_1sp_bb.json,ap
1687246446.379749000,5,rover_ap_2x2_n1_1fps_1sp_bb.json,ap
1687246446.380016000,6,rover_ap_2x2_n1_1fps_1sp_bb.json,ap
1687246446.380276000,7,rover_ap_2x2_n1_1fps_1sp_bb.json,ap
1687246446.380788000,8,rover_ap_2x2_n1_1fps_1sp_bb.json,ap
1687246446.381186000,9,rover_ap_2x2_n1_1fps_1sp_bb.json,ap
1687246446.382465000,10,rover_ap_2x2_n1_1fps_1sp_bb.json,ap
1687246447.400763000,0,rover_ap_2x2_n1_1fps_1sp_bb.json,ap
1687246447.401054000,1,rover_ap_2x2_n1_1fps_1sp_bb.json,ap
1687246447.401331000,2,rover_ap_2x2_n1_1fps_1sp_bb.json,ap
1687246447.401606000,3,rover_ap_2x2_n1_1fps_1sp_bb.json,ap
1687246447.401883000,4,rover_ap_2x2_n1_1fps_1sp_bb.json,ap
1687246447.402177000,5,rover_ap_2x2_n1_1fps_1sp_bb.json,ap
1687246447.402473000,6,rover_ap_2x2_n1_1fps_1sp_bb.json,ap
1687246447.403477000,7,rover_ap_2x2_n1_1fps_1sp_bb.json,ap
1687246448.425284000,0,rover_ap_2x2_n1_1fps_1sp_bb.json,ap
1687246448.425561000,1,rover_ap_2x2_n1_1fps_1sp_bb.json,ap
1687246448.425930000,2,rover_ap_2x2_n1_1fps_1sp_bb.json,ap
1687246448.426227000,3,rover_ap_2x2_n1_1fps_1sp_bb.json,ap
1687246448.426506000,4,rover_ap_2x2_n1_1fps_1sp_bb.json,ap
1687246448.426777000,5,rover_ap_2x2_n1_1fps_1sp_bb.json,ap
1687246448.427046000,6,rover_ap_2x2_n1_1fps_1sp_bb.json,ap
1687246448.427502000,7,rover_ap_2x2_n1_1fps_1sp_bb.json,ap
1687246448.427789000,8,rover_ap_2x2_n1_1fps_1sp_bb.json,ap
1687246448.428051000,9,rover_ap_2x2_n1_1fps_1sp_bb.json,ap
1687246448.428503000,10,rover_ap_2x2_n1_1fps_1sp_bb.json,ap
1687246448.428776000,11,rover_ap_2x2_n1_1fps_1sp_bb.json,ap
1687246448.429047000,12,rover_ap_2x2_n1_1fps_1sp_bb.json,ap
1687246448.429312000,13,rover_ap_2x2_n1_1fps_1sp_bb.json,ap
1687246448.429572000,14,rover_ap_2x2_n1_1fps_1sp_bb.json,ap
1687246448.429951000,15,rover_ap_2x2_n1_1fps_1sp_bb.json,ap
1687246449.455439000,0,rover_ap_2x2_n1_1fps_1sp_bb.json,ap
1687246449.456041000,1,rover_ap_2x2_n1_1fps_1sp_bb.json,ap
1687246449.456486000,2,rover_ap_2x2_n1_1fps_1sp_bb.json,ap
1687246449.456867000,3,rover_ap_2x2_n1_1fps_1sp_bb.json,ap
1687246449.457181000,4,rover_ap_2x2_n1_1fps_1sp_bb.json,ap
1687246449.457548000,5,rover_ap_2x2_n1_1fps_1sp_bb.json,ap
1687246449.457902000,6,rover_ap_2x2_n1_1fps_1sp_bb.json,ap
1687246449.458237000,7,rover_ap_2x2_n1_1fps_1sp_bb.json,ap
1687246450.479907000,0,rover_ap_2x2_n1_1fps_1sp_bb.json,ap
1687246450.480201000,1,rover_ap_2x2_n1_1fps_1sp_bb.json,ap
1687246450.480495000,2,rover_ap_2x2_n1_1fps_1sp_bb.json,ap
1687246450.480780000,3,rover_ap_2x2_n1_1fps_1sp_bb.json,ap
1687246450.481063000,4,rover_ap_2x2_n1_1fps_1sp_bb.json,ap
1687246450.481330000,5,rover_ap_2x2_n1_1fps_1sp_bb.json,ap
1687246450.481629000,6,rover_ap_2x2_n1_1fps_1sp_bb.json,ap
1687246450.482048000,7,rover_ap_2x2_n1_1fps_1sp_bb.json,ap
1687246450.482338000,8,rover_ap_2x2_n1_1fps_1sp_bb.json,ap
1687246450.482621000,9,rover_ap_2x2_n1_1fps_1sp_bb.json,ap
1687246450.482968000,10,rover_ap_2x2_n1_1fps_1sp_bb.json,ap
1687246451.508474000,0,rover_ap_2x2_n1_1fps_1sp_bb.json,ap
1687246451.508750000,1,rover_ap_2x2_n1_1fps_1sp_bb.json,ap
1687246451.509008000,2,rover_ap_2x2_n1_1fps_1sp_bb.json,ap
1687246451.509272000,3,rover_ap_2x2_n1_1fps_1sp_bb.json,ap
1687246451.509634000,4,rover_ap_2x2_n1_1fps_1sp_bb.json,ap
1687246451.510027000,5,rover_ap_2x2_n1_1fps_1sp_bb.json,ap
1687246451.510309000,6,rover_ap_2x2_n1_1fps_1sp_bb.json,ap
1687246452.533858000,0,rover_ap_2x2_n1_1fps_1sp_bb.json,ap
1687246452.534132000,1,rover_ap_2x2_n1_1fps_1sp_bb.json,ap
1687246452.534394000,2,rover_ap_2x2_n1_1fps_1sp_bb.json,ap
1687246452.534657000,3,rover_ap_2x2_n1_1fps_1sp_bb.json,ap
1687246452.534943000,4,rover_ap_2x2_n1_1fps_1sp_bb.json,ap
1687246452.535217000,5,rover_ap_2x2_n1_1fps_1sp_bb.json,ap
1687246452.535489000,6,rover_ap_2x2_n1_1fps_1sp_bb.json,ap
1687246452.535847000,7,rover_ap_2x2_n1_1fps_1sp_bb.json,ap
1687246452.536279000,8,rover_ap_2x2_n1_1fps_1sp_bb.json,ap
1687246452.536626000,9,rover_ap_2x2_n1_1fps_1sp_bb.json,ap
1687246453.555628000,0,rover_ap_2x2_n1_1fps_1sp_bb.json,ap
1687246453.556015000,1,rover_ap_2x2_n1_1fps_1sp_bb.json,ap
1687246453.556276000,2,rover_ap_2x2_n1_1fps_1sp_bb.json,ap
1687246453.556536000,3,rover_ap_2x2_n1_1fps_1sp_bb.json,ap
1687246453.556790000,4,rover_ap_2x2_n1_1fps_1sp_bb.json,ap
1687246453.557057000,5,rover_ap_2x2_n1_1fps_1sp_bb.json,ap
1687246453.557310000,6,rover_ap_2x2_n1_1fps_1sp_bb.json,ap
1687246453.557564000,7,rover_ap_2x2_n1_1fps_1sp_bb.json,ap
1687246453.557978000,8,rover_ap_2x2_n1_1fps_1sp_bb.json,ap
1687246454.579078000,0,rover_ap_2x2_n1_1fps_1sp_bb.json,ap
1687246454.579366000,1,rover_ap_2x2_n1_1fps_1sp_bb.json,ap
1687246454.579646000,2,rover_ap_2x2_n1_1fps_1sp_bb.json,ap
1687246454.579932000,3,rover_ap_2x2_n1_1fps_1sp_bb.json,ap
1687246454.580206000,4,rover_ap_2x2_n1_1fps_1sp_bb.json,ap
1687246454.580487000,5,rover_ap_2x2_n1_1fps_1sp_bb.json,ap
1687246454.580762000,6,rover_ap_2x2_n1_1fps_1sp_bb.json,ap
1687246454.581035000,7,rover_ap_2x2_n1_1fps_1sp_bb.json,ap
1687246454.581302000,8,rover_ap_2x2_n1_1fps_1sp_bb.json,ap
1687246455.604668000,0,rover_ap_2x2_n1_1fps_1sp_bb.json,ap
1687246455.604956000,1,rover_ap_2x2_n1_1fps_1sp_bb.json,ap
1687246455.605235000,2,rover_ap_2x2_n1_1fps_1sp_bb.json,ap
1687246455.605508000,3,rover_ap_2x2_n1_1fps_1sp_bb.json,ap
1687246455.605855000,4,rover_ap_2x2_n1_1fps_1sp_bb.json,ap
1687246455.606153000,5,rover_ap_2x2_n1_1fps_1sp_bb.json,ap
1687246455.606420000,6,rover_ap_2x2_n1_1fps_1sp_bb.json,ap
1687246455.606696000,7,rover_ap_2x2_n1_1fps_1sp_bb.json,ap
1687246455.606970000,8,rover_ap_2x2_n1_1fps_1sp_bb.json,ap
1687246456.630910000,0,rover_ap_2x2_n1_1fps_1sp_bb.json,ap
1687246456.631192000,1,rover_ap_2x2_n1_1fps_1sp_bb.json,ap
1687246456.631455000,2,rover_ap_2x2_n1_1fps_1sp_bb.json,ap
1687246456.631720000,3,rover_ap_2x2_n1_1fps_1sp_bb.json,ap
1687246456.631984000,4,rover_ap_2x2_n1_1fps_1sp_bb.json,ap
1687246456.632244000,5,rover_ap_2x2_n1_1fps_1sp_bb.json,ap
1687246456.632510000,6,rover_ap_2x2_n1_1fps_1sp_bb.json,ap
1687246456.633076000,7,rover_ap_2x2_n1_1fps_1sp_bb.json,ap
1687246456.633378000,8,rover_ap_2x2_n1_1fps_1sp_bb.json,ap
1687246456.634114000,9,rover_ap_2x2_n1_1fps_1sp_bb.json,ap
1687246456.634418000,10,rover_ap_2x2_n1_1fps_1sp_bb.json,ap
1687246456.634694000,11,rover_ap_2x2_n1_1fps_1sp_bb.json,ap
1687246456.635098000,12,rover_ap_2x2_n1_1fps_1sp_bb.json,ap
1687246457.654186000,0,rover_ap_2x2_n1_1fps_1sp_bb.json,ap
1687246457.654518000,1,rover_ap_2x2_n1_1fps_1sp_bb.json,ap
1687246457.654791000,2,rover_ap_2x2_n1_1fps_1sp_bb.json,ap
1687246457.655059000,3,rover_ap_2x2_n1_1fps_1sp_bb.json,ap
1687246457.655331000,4,rover_ap_2x2_n1_1fps_1sp_bb.json,ap
1687246457.655696000,5,rover_ap_2x2_n1_1fps_1sp_bb.json,ap
1687246457.656116000,6,rover_ap_2x2_n1_1fps_1sp_bb.json,ap
1687246457.656513000,7,rover_ap_2x2_n1_1fps_1sp_bb.json,ap
1687246457.657007000,8,rover_ap_2x2_n1_1fps_1sp_bb.json,ap
1687246457.657311000,9,rover_ap_2x2_n1_1fps_1sp_bb.json,ap
1687246457.657793000,10,rover_ap_2x2_n1_1fps_1sp_bb.json,ap
1687246458.681516000,0,rover_ap_2x2_n1_1fps_1sp_bb.json,ap
1687246458.681791000,1,rover_ap_2x2_n1_1fps_1sp_bb.json,ap
1687246458.682049000,2,rover_ap_2x2_n1_1fps_1sp_bb.json,ap
1687246458.682305000,3,rover_ap_2x2_n1_1fps_1sp_bb.json,ap
1687246458.682567000,4,rover_ap_2x2_n1_1fps_1sp_bb.json,ap
1687246458.682834000,5,rover_ap_2x2_n1_1fps_1sp_bb.json,ap
1687246458.683107000,6,rover_ap_2x2_n1_1fps_1sp_bb.json,ap
1687246458.683388000,7,rover_ap_2x2_n1_1fps_1sp_bb.json,ap
1687246458.683825000,8,rover_ap_2x2_n1_1fps_1sp_bb.json,ap
1687246459.703032000,0,rover_ap_2x2_n1_1fps_1sp_bb.json,ap
1687246459.703298000,1,rover_ap_2x2_n1_1fps_1sp_bb.json,ap
1687246459.703564000,2,rover_ap_2x2_n1_1fps_1sp_bb.json,ap
1687246459.703825000,3,rover_ap_2x2_n1_1fps_1sp_bb.json,ap
1687246459.704078000,4,rover_ap_2x2_n1_1fps_1sp_bb.json,ap
1687246459.704351000,5,rover_ap_2x2_n1_1fps_1sp_bb.json,ap
1687246459.704620000,6,rover_ap_2x2_n1_1fps_1sp_bb.json,ap
1687246459.705042000,7,rover_ap_2x2_n1_1fps_1sp_bb.json,ap
1687246459.705339000,8,rover_ap_2x2_n1_1fps_1sp_bb.json,ap
1687246459.705600000,9,rover_ap_2x2_n1_1fps_1sp_bb.json,ap
1687246459.705985000,10,rover_ap_2x2_n1_1fps_1sp_bb.json,ap
1687246459.706261000,11,rover_ap_2x2_n1_1fps_1sp_bb.json,ap
1687246459.706524000,12,rover_ap_2x2_n1_1fps_1sp_bb.json,ap
1687246460.725936000,0,rover_ap_2x2_n1_1fps_1sp_bb.json,ap
1687246460.726256000,1,rover_ap_2x2_n1_1fps_1sp_bb.json,ap
1687246460.726538000,2,rover_ap_2x2_n1_1fps_1sp_bb.json,ap
1687246460.726823000,3,rover_ap_2x2_n1_1fps_1sp_bb.json,ap
1687246460.727101000,4,rover_ap_2x2_n1_1fps_1sp_bb.json,ap
1687246460.727376000,5,rover_ap_2x2_n1_1fps_1sp_bb.json,ap
1687246460.727657000,6,rover_ap_2x2_n1_1fps_1sp_bb.json,ap
1687246460.727931000,7,rover_ap_2x2_n1_1fps_1sp_bb.json,ap
1687246460.728212000,8,rover_ap_2x2_n1_1fps_1sp_bb.json,ap
1687246460.728490000,9,rover_ap_2x2_n1_1fps_1sp_bb.json,ap
1687246460.728763000,10,rover_ap_2x2_n1_1fps_1sp_bb.json,ap
1687246460.729043000,11,rover_ap_2x2_n1_1fps_1sp_bb.json,ap
1687246460.729326000,12,rover_ap_2x2_n1_1fps_1sp_bb.json,ap
1687246461.752988000,0,rover_ap_2x2_n1_1fps_1sp_bb.json,ap
1687246461.753268000,1,rover_ap_2x2_n1_1fps_1sp_bb.json,ap
1687246461.753536000,2,rover_ap_2x2_n1_1fps_1sp_bb.json,ap
1687246461.753798000,3,rover_ap_2x2_n1_1fps_1sp_bb.json,ap
1687246461.754060000,4,rover_ap_2x2_n1_1fps_1sp_bb.json,ap
1687246461.754321000,5,rover_ap_2x2_n1_1fps_1sp_bb.json,ap
1687246461.754580000,6,rover_ap_2x2_n1_1fps_1sp_bb.json,ap
1687246461.754857000,7,rover_ap_2x2_n1_1fps_1sp_bb.json,ap
1687246461.755900000,8,rover_ap_2x2_n1_1fps_1sp_bb.json,ap
1687246462.775887000,0,rover_ap_2x2_n1_1fps_1sp_bb.json,ap
1687246462.776166000,1,rover_ap_2x2_n1_1fps_1sp_bb.json,ap
1687246462.776436000,2,rover_ap_2x2_n1_1fps_1sp_bb.json,ap
1687246462.776711000,3,rover_ap_2x2_n1_1fps_1sp_bb.json,ap
1687246462.777000000,4,rover_ap_2x2_n1_1fps_1sp_bb.json,ap
1687246462.777293000,5,rover_ap_2x2_n1_1fps_1sp_bb.json,ap
1687246462.777565000,6,rover_ap_2x2_n1_1fps_1sp_bb.json,ap
1687246462.777986000,7,rover_ap_2x2_n1_1fps_1sp_bb.json,ap
1687246462.778280000,8,rover_ap_2x2_n1_1fps_1sp_bb.json,ap
1687246462.778547000,9,rover_ap_2x2_n1_1fps_1sp_bb.json,ap
1687246462.780674000,10,rover_ap_2x2_n1_1fps_1sp_bb.json,ap
1687246462.780976000,11,rover_ap_2x2_n1_1fps_1sp_bb.json,ap
1687246462.781258000,12,rover_ap_2x2_n1_1fps_1sp_bb.json,ap
1687246462.781533000,13,rover_ap_2x2_n1_1fps_1sp_bb.json,ap
1687246462.781968000,14,rover_ap_2x2_n1_1fps_1sp_bb.json,ap
1687246462.782319000,15,rover_ap_2x2_n1_1fps_1sp_bb.json,ap
1687246463.807252000,0,rover_ap_2x2_n1_1fps_1sp_bb.json,ap
1687246463.807523000,1,rover_ap_2x2_n1_1fps_1sp_bb.json,ap
1687246463.807781000,2,rover_ap_2x2_n1_1fps_1sp_bb.json,ap
1687246463.808048000,3,rover_ap_2x2_n1_1fps_1sp_bb.json,ap
1687246463.808311000,4,rover_ap_2x2_n1_1fps_1sp_bb.json,ap
1687246463.808562000,5,rover_ap_2x2_n1_1fps_1sp_bb.json,ap
1687246463.808821000,6,rover_ap_2x2_n1_1fps_1sp_bb.json,ap
1687246463.809308000,7,rover_ap_2x2_n1_1fps_1sp_bb.json,ap
1687246463.809588000,8,rover_ap_2x2_n1_1fps_1sp_bb.json,ap
1687246463.810398000,9,rover_ap_2x2_n1_1fps_1sp_bb.json,ap
1687246463.810706000,10,rover_ap_2x2_n1_1fps_1sp_bb.json,ap
1687246463.811001000,11,rover_ap_2x2_n1_1fps_1sp_bb.json,ap
1687246463.811270000,12,rover_ap_2x2_n1_1fps_1sp_bb.json,ap
1687246463.811553000,13,rover_ap_2x2_n1_1fps_1sp_bb.json,ap
1687246463.811836000,14,rover_ap_2x2_n1_1fps_1sp_bb.json,ap
1687246463.812109000,15,rover_ap_2x2_n1_1fps_1sp_bb.json,ap
1687246463.812388000,16,rover_ap_2x2_n1_1fps_1sp_bb.json,ap
1687246463.812661000,17,rover_ap_2x2_n1_1fps_1sp_bb.json,ap
1687246464.830710000,0,rover_ap_2x2_n1_1fps_1sp_bb.json,ap
1687246464.830986000,1,rover_ap_2x2_n1_1fps_1sp_bb.json,ap
1687246464.831244000,2,rover_ap_2x2_n1_1fps_1sp_bb.json,ap
1687246464.831506000,3,rover_ap_2x2_n1_1fps_1sp_bb.json,ap
1687246464.831882000,4,rover_ap_2x2_n1_1fps_1sp_bb.json,ap
1687246464.832213000,5,rover_ap_2x2_n1_1fps_1sp_bb.json,ap
1687246464.832501000,6,rover_ap_2x2_n1_1fps_1sp_bb.json,ap
1687246464.832772000,7,rover_ap_2x2_n1_1fps_1sp_bb.json,ap
1687246464.833360000,8,rover_ap_2x2_n1_1fps_1sp_bb.json,ap
1687246464.834812000,9,rover_ap_2x2_n1_1fps_1sp_bb.json,ap
1687246465.856078000,0,rover_ap_2x2_n1_1fps_1sp_bb.json,ap
1687246465.856401000,1,rover_ap_2x2_n1_1fps_1sp_bb.json,ap
1687246465.856734000,2,rover_ap_2x2_n1_1fps_1sp_bb.json,ap
1687246465.857051000,3,rover_ap_2x2_n1_1fps_1sp_bb.json,ap
1687246465.857360000,4,rover_ap_2x2_n1_1fps_1sp_bb.json,ap
1687246465.857669000,5,rover_ap_2x2_n1_1fps_1sp_bb.json,ap
1687246465.858090000,6,rover_ap_2x2_n1_1fps_1sp_bb.json,ap
1687246465.858440000,7,rover_ap_2x2_n1_1fps_1sp_bb.json,ap
1687246465.858750000,8,rover_ap_2x2_n1_1fps_1sp_bb.json,ap
1687246465.859046000,9,rover_ap_2x2_n1_1fps_1sp_bb.json,ap
1687246465.859338000,10,rover_ap_2x2_n1_1fps_1sp_bb.json,ap
1687246465.859636000,11,rover_ap_2x2_n1_1fps_1sp_bb.json,ap
1687246465.859928000,12,rover_ap_2x2_n1_1fps_1sp_bb.json,ap
1687246466.879877000,0,rover_ap_2x2_n1_1fps_1sp_bb.json,ap
1687246466.880176000,1,rover_ap_2x2_n1_1fps_1sp_bb.json,ap
1687246466.880473000,2,rover_ap_2x2_n1_1fps_1sp_bb.json,ap
1687246466.880767000,3,rover_ap_2x2_n1_1fps_1sp_bb.json,ap
1687246466.881075000,4,rover_ap_2x2_n1_1fps_1sp_bb.json,ap
1687246466.881390000,5,rover_ap_2x2_n1_1fps_1sp_bb.json,ap
1687246466.881709000,6,rover_ap_2x2_n1_1fps_1sp_bb.json,ap
1687246466.882040000,7,rover_ap_2x2_n1_1fps_1sp_bb.json,ap
1687246466.882349000,8,rover_ap_2x2_n1_1fps_1sp_bb.json,ap
1687246466.882656000,9,rover_ap_2x2_n1_1fps_1sp_bb.json,ap
1687246466.882954000,10,rover_ap_2x2_n1_1fps_1sp_bb.json,ap
1687246466.883248000,11,rover_ap_2x2_n1_1fps_1sp_bb.json,ap
1687246466.883550000,12,rover_ap_2x2_n1_1fps_1sp_bb.json,ap
1687246466.883841000,13,rover_ap_2x2_n1_1fps_1sp_bb.json,ap
1687246467.907730000,0,rover_ap_2x2_n1_1fps_1sp_bb.json,ap
1687246467.908040000,1,rover_ap_2x2_n1_1fps_1sp_bb.json,ap
1687246467.908346000,2,rover_ap_2x2_n1_1fps_1sp_bb.json,ap
1687246467.908654000,3,rover_ap_2x2_n1_1fps_1sp_bb.json,ap
1687246467.908981000,4,rover_ap_2x2_n1_1fps_1sp_bb.json,ap
1687246467.909303000,5,rover_ap_2x2_n1_1fps_1sp_bb.json,ap
1687246467.909609000,6,rover_ap_2x2_n1_1fps_1sp_bb.json,ap
1687246467.909953000,7,rover_ap_2x2_n1_1fps_1sp_bb.json,ap
1687246468.930827000,0,rover_ap_2x2_n1_1fps_1sp_bb.json,ap
1687246468.931112000,1,rover_ap_2x2_n1_1fps_1sp_bb.json,ap
1687246468.931383000,2,rover_ap_2x2_n1_1fps_1sp_bb.json,ap
1687246468.931659000,3,rover_ap_2x2_n1_1fps_1sp_bb.json,ap
1687246468.932504000,4,rover_ap_2x2_n1_1fps_1sp_bb.json,ap
1687246468.932786000,5,rover_ap_2x2_n1_1fps_1sp_bb.json,ap
1687246468.933059000,6,rover_ap_2x2_n1_1fps_1sp_bb.json,ap
1687246468.933342000,7,rover_ap_2x2_n1_1fps_1sp_bb.json,ap
1687246468.933614000,8,rover_ap_2x2_n1_1fps_1sp_bb.json,ap
1687246468.933895000,9,rover_ap_2x2_n1_1fps_1sp_bb.json,ap
1687246468.934172000,10,rover_ap_2x2_n1_1fps_1sp_bb.json,ap
1687246469.957168000,0,rover_ap_2x2_n1_1fps_1sp_bb.json,ap
1687246469.957440000,1,rover_ap_2x2_n1_1fps_1sp_bb.json,ap
1687246469.957699000,2,rover_ap_2x2_n1_1fps_1sp_bb.json,ap
1687246469.957956000,3,rover_ap_2x2_n1_1fps_1sp_bb.json,ap
1687246469.958212000,4,rover_ap_2x2_n1_1fps_1sp_bb.json,ap
1687246469.958486000,5,rover_ap_2x2_n1_1fps_1sp_bb.json,ap
1687246469.958754000,6,rover_ap_2x2_n1_1fps_1sp_bb.json,ap
1687246469.960005000,7,rover_ap_2x2_n1_1fps_1sp_bb.json,ap
1687246469.961301000,8,rover_ap_2x2_n1_1fps_1sp_bb.json,ap
1687246469.961575000,9,rover_ap_2x2_n1_1fps_1sp_bb.json,ap
1687246469.961844000,10,rover_ap_2x2_n1_1fps_1sp_bb.json,ap
1687246469.962139000,11,rover_ap_2x2_n1_1fps_1sp_bb.json,ap
1687246469.962422000,12,rover_ap_2x2_n1_1fps_1sp_bb.json,ap
1687246469.962706000,13,rover_ap_2x2_n1_1fps_1sp_bb.json,ap
1687246469.962990000,14,rover_ap_2x2_n1_1fps_1sp_bb.json,ap
1687246469.963920000,15,rover_ap_2x2_n1_1fps_1sp_bb.json,ap
1687246469.964257000,16,rover_ap_2x2_n1_1fps_1sp_bb.json,ap
1687246469.964578000,17,rover_ap_2x2_n1_1fps_1sp_bb.json,ap
1687246469.964889000,18,rover_ap_2x2_n1_1fps_1sp_bb.json,ap
1687246470.989429000,0,rover_ap_2x2_n1_1fps_1sp_bb.json,ap
1687246470.989713000,1,rover_ap_2x2_n1_1fps_1sp_bb.json,ap
1687246470.989988000,2,rover_ap_2x2_n1_1fps_1sp_bb.json,ap
1687246470.990256000,3,rover_ap_2x2_n1_1fps_1sp_bb.json,ap
1687246470.990525000,4,rover_ap_2x2_n1_1fps_1sp_bb.json,ap
1687246470.990806000,5,rover_ap_2x2_n1_1fps_1sp_bb.json,ap
1687246470.991106000,6,rover_ap_2x2_n1_1fps_1sp_bb.json,ap
1687246470.991397000,7,rover_ap_2x2_n1_1fps_1sp_bb.json,ap
1687246470.991821000,8,rover_ap_2x2_n1_1fps_1sp_bb.json,ap
1687246472.012848000,0,rover_ap_2x2_n1_1fps_1sp_bb.json,ap
1687246472.013133000,1,rover_ap_2x2_n1_1fps_1sp_bb.json,ap
1687246472.013415000,2,rover_ap_2x2_n1_1fps_1sp_bb.json,ap
1687246472.013681000,3,rover_ap_2x2_n1_1fps_1sp_bb.json,ap
1687246472.013953000,4,rover_ap_2x2_n1_1fps_1sp_bb.json,ap
1687246472.014227000,5,rover_ap_2x2_n1_1fps_1sp_bb.json,ap
1687246472.014490000,6,rover_ap_2x2_n1_1fps_1sp_bb.json,ap
1687246472.015122000,7,rover_ap_2x2_n1_1fps_1sp_bb.json,ap
1687246472.016656000,8,rover_ap_2x2_n1_1fps_1sp_bb.json,ap
1687246473.036463000,0,rover_ap_2x2_n1_1fps_1sp_bb.json,ap
1687246473.036733000,1,rover_ap_2x2_n1_1fps_1sp_bb.json,ap
1687246473.036997000,2,rover_ap_2x2_n1_1fps_1sp_bb.json,ap
1687246473.037262000,3,rover_ap_2x2_n1_1fps_1sp_bb.json,ap
1687246473.037521000,4,rover_ap_2x2_n1_1fps_1sp_bb.json,ap
1687246473.037784000,5,rover_ap_2x2_n1_1fps_1sp_bb.json,ap
1687246473.038056000,6,rover_ap_2x2_n1_1fps_1sp_bb.json,ap
1687246473.038544000,7,rover_ap_2x2_n1_1fps_1sp_bb.json,ap
1687246473.038850000,8,rover_ap_2x2_n1_1fps_1sp_bb.json,ap
1687246473.039115000,9,rover_ap_2x2_n1_1fps_1sp_bb.json,ap
1687246473.039710000,10,rover_ap_2x2_n1_1fps_1sp_bb.json,ap
1687246474.057287000,0,rover_ap_2x2_n1_1fps_1sp_bb.json,ap
1687246474.057554000,1,rover_ap_2x2_n1_1fps_1sp_bb.json,ap
1687246474.058427000,2,rover_ap_2x2_n1_1fps_1sp_bb.json,ap
1687246474.058739000,3,rover_ap_2x2_n1_1fps_1sp_bb.json,ap
1687246474.059025000,4,rover_ap_2x2_n1_1fps_1sp_bb.json,ap
1687246474.059292000,5,rover_ap_2x2_n1_1fps_1sp_bb.json,ap
1687246474.059561000,6,rover_ap_2x2_n1_1fps_1sp_bb.json,ap
1687246474.059831000,7,rover_ap_2x2_n1_1fps_1sp_bb.json,ap
1687246474.060092000,8,rover_ap_2x2_n1_1fps_1sp_bb.json,ap
1687246475.080909000,0,rover_ap_2x2_n1_1fps_1sp_bb.json,ap
1687246475.081177000,1,rover_ap_2x2_n1_1fps_1sp_bb.json,ap
1687246475.081442000,2,rover_ap_2x2_n1_1fps_1sp_bb.json,ap
1687246475.081701000,3,rover_ap_2x2_n1_1fps_1sp_bb.json,ap
1687246475.081967000,4,rover_ap_2x2_n1_1fps_1sp_bb.json,ap
1687246475.082240000,5,rover_ap_2x2_n1_1fps_1sp_bb.json,ap
1687246475.082510000,6,rover_ap_2x2_n1_1fps_1sp_bb.json,ap
1687246475.083312000,7,rover_ap_2x2_n1_1fps_1sp_bb.json,ap
1687246475.083609000,8,rover_ap_2x2_n1_1fps_1sp_bb.json,ap
1687246475.083876000,9,rover_ap_2x2_n1_1fps_1sp_bb.json,ap
1687246475.084141000,10,rover_ap_2x2_n1_1fps_1sp_bb.json,ap
1687246475.084410000,11,rover_ap_2x2_n1_1fps_1sp_bb.json,ap
1687246475.084686000,12,rover_ap_2x2_n1_1fps_1sp_bb.json,ap
1687246476.103356000,0,rover_ap_2x2_n1_1fps_1sp_bb.json,ap
1687246476.103760000,1,rover_ap_2x2_n1_1fps_1sp_bb.json,ap
1687246476.104073000,2,rover_ap_2x2_n1_1fps_1sp_bb.json,ap
1687246476.104382000,3,rover_ap_2x2_n1_1fps_1sp_bb.json,ap
1687246476.104759000,4,rover_ap_2x2_n1_1fps_1sp_bb.json,ap
1687246476.105071000,5,rover_ap_2x2_n1_1fps_1sp_bb.json,ap
1687246476.105370000,6,rover_ap_2x2_n1_1fps_1sp_bb.json,ap
1687246476.106138000,7,rover_ap_2x2_n1_1fps_1sp_bb.json,ap
1687246477.128133000,0,rover_ap_2x2_n1_1fps_1sp_bb.json,ap
1687246477.128403000,1,rover_ap_2x2_n1_1fps_1sp_bb.json,ap
1687246477.128666000,2,rover_ap_2x2_n1_1fps_1sp_bb.json,ap
1687246477.128926000,3,rover_ap_2x2_n1_1fps_1sp_bb.json,ap
1687246477.129186000,4,rover_ap_2x2_n1_1fps_1sp_bb.json,ap
1687246477.129440000,5,rover_ap_2x2_n1_1fps_1sp_bb.json,ap
1687246477.129708000,6,rover_ap_2x2_n1_1fps_1sp_bb.json,ap
1687246477.129978000,7,rover_ap_2x2_n1_1fps_1sp_bb.json,ap
1687246477.130777000,8,rover_ap_2x2_n1_1fps_1sp_bb.json,ap
1687246477.131163000,9,rover_ap_2x2_n1_1fps_1sp_bb.json,ap
1687246478.151795000,0,rover_ap_2x2_n1_1fps_1sp_bb.json,ap
1687246478.152064000,1,rover_ap_2x2_n1_1fps_1sp_bb.json,ap
1687246478.152326000,2,rover_ap_2x2_n1_1fps_1sp_bb.json,ap
1687246478.152573000,3,rover_ap_2x2_n1_1fps_1sp_bb.json,ap
1687246478.152841000,4,rover_ap_2x2_n1_1fps_1sp_bb.json,ap
1687246478.153123000,5,rover_ap_2x2_n1_1fps_1sp_bb.json,ap
1687246478.153395000,6,rover_ap_2x2_n1_1fps_1sp_bb.json,ap
1687246478.155134000,7,rover_ap_2x2_n1_1fps_1sp_bb.json,ap
1687246478.155456000,8,rover_ap_2x2_n1_1fps_1sp_bb.json,ap
1687246478.155723000,9,rover_ap_2x2_n1_1fps_1sp_bb.json,ap
1687246479.178575000,0,rover_ap_2x2_n1_1fps_1sp_bb.json,ap
1687246479.178857000,1,rover_ap_2x2_n1_1fps_1sp_bb.json,ap
1687246479.179124000,2,rover_ap_2x2_n1_1fps_1sp_bb.json,ap
1687246479.179401000,3,rover_ap_2x2_n1_1fps_1sp_bb.json,ap
1687246479.179664000,4,rover_ap_2x2_n1_1fps_1sp_bb.json,ap
1687246479.179930000,5,rover_ap_2x2_n1_1fps_1sp_bb.json,ap
1687246479.180203000,6,rover_ap_2x2_n1_1fps_1sp_bb.json,ap
1687246479.181862000,7,rover_ap_2x2_n1_1fps_1sp_bb.json,ap
1687246479.182162000,8,rover_ap_2x2_n1_1fps_1sp_bb.json,ap
