Timestamp,Packet,Scenario,Type
1687247199.630479000,0,rover_ap_1x1_n1_1fps_1sp_bb.json,ap
1687247199.630743000,1,rover_ap_1x1_n1_1fps_1sp_bb.json,ap
1687247199.630998000,2,rover_ap_1x1_n1_1fps_1sp_bb.json,ap
1687247199.631257000,3,rover_ap_1x1_n1_1fps_1sp_bb.json,ap
1687247199.631516000,4,rover_ap_1x1_n1_1fps_1sp_bb.json,ap
1687247199.631786000,5,rover_ap_1x1_n1_1fps_1sp_bb.json,ap
1687247199.632044000,6,rover_ap_1x1_n1_1fps_1sp_bb.json,ap
1687247199.632314000,7,rover_ap_1x1_n1_1fps_1sp_bb.json,ap
1687247199.632728000,8,rover_ap_1x1_n1_1fps_1sp_bb.json,ap
1687247200.653055000,0,rover_ap_1x1_n1_1fps_1sp_bb.json,ap
1687247200.653346000,1,rover_ap_1x1_n1_1fps_1sp_bb.json,ap
1687247200.653726000,2,rover_ap_1x1_n1_1fps_1sp_bb.json,ap
1687247200.654007000,3,rover_ap_1x1_n1_1fps_1sp_bb.json,ap
1687247200.654288000,4,rover_ap_1x1_n1_1fps_1sp_bb.json,ap
1687247200.654556000,5,rover_ap_1x1_n1_1fps_1sp_bb.json,ap
1687247200.654844000,6,rover_ap_1x1_n1_1fps_1sp_bb.json,ap
1687247200.655256000,7,rover_ap_1x1_n1_1fps_1sp_bb.json,ap
1687247200.655535000,8,rover_ap_1x1_n1_1fps_1sp_bb.json,ap
1687247200.655872000,9,rover_ap_1x1_n1_1fps_1sp_bb.json,ap
1687247200.656159000,10,rover_ap_1x1_n1_1fps_1sp_bb.json,ap
1687247201.678710000,0,rover_ap_1x1_n1_1fps_1sp_bb.json,ap
1687247201.679019000,1,rover_ap_1x1_n1_1fps_1sp_bb.json,ap
1687247201.679291000,2,rover_ap_1x1_n1_1fps_1sp_bb.json,ap
1687247201.679567000,3,rover_ap_1x1_n1_1fps_1sp_bb.json,ap
1687247201.679853000,4,rover_ap_1x1_n1_1fps_1sp_bb.json,ap
1687247201.680126000,5,rover_ap_1x1_n1_1fps_1sp_bb.json,ap
1687247201.680405000,6,rover_ap_1x1_n1_1fps_1sp_bb.json,ap
1687247202.701469000,0,rover_ap_1x1_n1_1fps_1sp_bb.json,ap
1687247202.701763000,1,rover_ap_1x1_n1_1fps_1sp_bb.json,ap
1687247202.702609000,2,rover_ap_1x1_n1_1fps_1sp_bb.json,ap
1687247202.702892000,3,rover_ap_1x1_n1_1fps_1sp_bb.json,ap
1687247202.703175000,4,rover_ap_1x1_n1_1fps_1sp_bb.json,ap
1687247202.703461000,5,rover_ap_1x1_n1_1fps_1sp_bb.json,ap
1687247202.703739000,6,rover_ap_1x1_n1_1fps_1sp_bb.json,ap
1687247202.704017000,7,rover_ap_1x1_n1_1fps_1sp_bb.json,ap
1687247202.704297000,8,rover_ap_1x1_n1_1fps_1sp_bb.json,ap
1687247203.722076000,0,rover_ap_1x1_n1_1fps_1sp_bb.json,ap
1687247203.722514000,1,rover_ap_1x1_n1_1fps_1sp_bb.json,ap
1687247203.722960000,2,rover_ap_1x1_n1_1fps_1sp_bb.json,ap
1687247203.723332000,3,rover_ap_1x1_n1_1fps_1sp_bb.json,ap
1687247203.723643000,4,rover_ap_1x1_n1_1fps_1sp_bb.json,ap
1687247203.724034000,5,rover_ap_1x1_n1_1fps_1sp_bb.json,ap
1687247203.724395000,6,rover_ap_1x1_n1_1fps_1sp_bb.json,ap
1687247203.724728000,7,rover_ap_1x1_n1_1fps_1sp_bb.json,ap
1687247204.742048000,0,rover_ap_1x1_n1_1fps_1sp_bb.json,ap
1687247204.742332000,1,rover_ap_1x1_n1_1fps_1sp_bb.json,ap
1687247204.742609000,2,rover_ap_1x1_n1_1fps_1sp_bb.json,ap
1687247204.742884000,3,rover_ap_1x1_n1_1fps_1sp_bb.json,ap
1687247204.743150000,4,rover_ap_1x1_n1_1fps_1sp_bb.json,ap
1687247204.743496000,5,rover_ap_1x1_n1_1fps_1sp_bb.json,ap
1687247204.743789000,6,rover_ap_1x1_n1_1fps_1sp_bb.json,ap
1687247205.768037000,0,rover_ap_1x1_n1_1fps_1sp_bb.json,ap
1687247205.768412000,1,rover_ap_1x1_n1_1fps_1sp_bb.json,ap
1687247205.768718000,2,rover_ap_1x1_n1_1fps_1sp_bb.json,ap
1687247205.768991000,3,rover_ap_1x1_n1_1fps_1sp_bb.json,ap
1687247205.769261000,4,rover_ap_1x1_n1_1fps_1sp_bb.json,ap
1687247205.769595000,5,rover_ap_1x1_n1_1fps_1sp_bb.json,ap
1687247205.769866000,6,rover_ap_1x1_n1_1fps_1sp_bb.json,ap
1687247205.770386000,7,rover_ap_1x1_n1_1fps_1sp_bb.json,ap
1687247205.770700000,8,rover_ap_1x1_n1_1fps_1sp_bb.json,ap
1687247205.771028000,9,rover_ap_1x1_n1_1fps_1sp_bb.json,ap
1687247206.794496000,0,rover_ap_1x1_n1_1fps_1sp_bb.json,ap
1687247206.794819000,1,rover_ap_1x1_n1_1fps_1sp_bb.json,ap
1687247206.795094000,2,rover_ap_1x1_n1_1fps_1sp_bb.json,ap
1687247206.795384000,3,rover_ap_1x1_n1_1fps_1sp_bb.json,ap
1687247206.795995000,4,rover_ap_1x1_n1_1fps_1sp_bb.json,ap
1687247206.796485000,5,rover_ap_1x1_n1_1fps_1sp_bb.json,ap
1687247206.796851000,6,rover_ap_1x1_n1_1fps_1sp_bb.json,ap
1687247207.819202000,0,rover_ap_1x1_n1_1fps_1sp_bb.json,ap
1687247207.819488000,1,rover_ap_1x1_n1_1fps_1sp_bb.json,ap
1687247207.819792000,2,rover_ap_1x1_n1_1fps_1sp_bb.json,ap
1687247207.820064000,3,rover_ap_1x1_n1_1fps_1sp_bb.json,ap
1687247207.820405000,4,rover_ap_1x1_n1_1fps_1sp_bb.json,ap
1687247207.820685000,5,rover_ap_1x1_n1_1fps_1sp_bb.json,ap
1687247207.820956000,6,rover_ap_1x1_n1_1fps_1sp_bb.json,ap
1687247207.821434000,7,rover_ap_1x1_n1_1fps_1sp_bb.json,ap
1687247207.821899000,8,rover_ap_1x1_n1_1fps_1sp_bb.json,ap
1687247207.822398000,9,rover_ap_1x1_n1_1fps_1sp_bb.json,ap
1687247208.844643000,0,rover_ap_1x1_n1_1fps_1sp_bb.json,ap
1687247208.844946000,1,rover_ap_1x1_n1_1fps_1sp_bb.json,ap
1687247208.845233000,2,rover_ap_1x1_n1_1fps_1sp_bb.json,ap
1687247208.845606000,3,rover_ap_1x1_n1_1fps_1sp_bb.json,ap
1687247208.846097000,4,rover_ap_1x1_n1_1fps_1sp_bb.json,ap
1687247208.846378000,5,rover_ap_1x1_n1_1fps_1sp_bb.json,ap
1687247208.846654000,6,rover_ap_1x1_n1_1fps_1sp_bb.json,ap
1687247208.847052000,7,rover_ap_1x1_n1_1fps_1sp_bb.json,ap
1687247209.872067000,0,rover_ap_1x1_n1_1fps_1sp_bb.json,ap
1687247209.872338000,1,rover_ap_1x1_n1_1fps_1sp_bb.json,ap
1687247209.872596000,2,rover_ap_1x1_n1_1fps_1sp_bb.json,ap
1687247209.872850000,3,rover_ap_1x1_n1_1fps_1sp_bb.json,ap
1687247209.873113000,4,rover_ap_1x1_n1_1fps_1sp_bb.json,ap
1687247209.873382000,5,rover_ap_1x1_n1_1fps_1sp_bb.json,ap
1687247209.873668000,6,rover_ap_1x1_n1_1fps_1sp_bb.json,ap
1687247209.873934000,7,rover_ap_1x1_n1_1fps_1sp_bb.json,ap
1687247209.874356000,8,rover_ap_1x1_n1_1fps_1sp_bb.json,ap
1687247209.874636000,9,rover_ap_1x1_n1_1fps_1sp_bb.json,ap
1687247209.875951000,10,rover_ap_1x1_n1_1fps_1sp_bb.json,ap
1687247210.895728000,0,rover_ap_1x1_n1_1fps_1sp_bb.json,ap
1687247210.896079000,1,rover_ap_1x1_n1_1fps_1sp_bb.json,ap
1687247210.896355000,2,rover_ap_1x1_n1_1fps_1sp_bb.json,ap
1687247210.896622000,3,rover_ap_1x1_n1_1fps_1sp_bb.json,ap
1687247210.896970000,4,rover_ap_1x1_n1_1fps_1sp_bb.json,ap
1687247210.897244000,5,rover_ap_1x1_n1_1fps_1sp_bb.json,ap
1687247210.897642000,6,rover_ap_1x1_n1_1fps_1sp_bb.json,ap
1687247210.897916000,7,rover_ap_1x1_n1_1fps_1sp_bb.json,ap
1687247210.898467000,8,rover_ap_1x1_n1_1fps_1sp_bb.json,ap
1687247211.920442000,0,rover_ap_1x1_n1_1fps_1sp_bb.json,ap
1687247211.920711000,1,rover_ap_1x1_n1_1fps_1sp_bb.json,ap
1687247211.921020000,2,rover_ap_1x1_n1_1fps_1sp_bb.json,ap
1687247211.921278000,3,rover_ap_1x1_n1_1fps_1sp_bb.json,ap
1687247211.921596000,4,rover_ap_1x1_n1_1fps_1sp_bb.json,ap
1687247211.921860000,5,rover_ap_1x1_n1_1fps_1sp_bb.json,ap
1687247211.922250000,6,rover_ap_1x1_n1_1fps_1sp_bb.json,ap
1687247211.922523000,7,rover_ap_1x1_n1_1fps_1sp_bb.json,ap
1687247211.923245000,8,rover_ap_1x1_n1_1fps_1sp_bb.json,ap
1687247212.944061000,0,rover_ap_1x1_n1_1fps_1sp_bb.json,ap
1687247212.944370000,1,rover_ap_1x1_n1_1fps_1sp_bb.json,ap
1687247212.944745000,2,rover_ap_1x1_n1_1fps_1sp_bb.json,ap
1687247212.945146000,3,rover_ap_1x1_n1_1fps_1sp_bb.json,ap
1687247212.945449000,4,rover_ap_1x1_n1_1fps_1sp_bb.json,ap
1687247212.945945000,5,rover_ap_1x1_n1_1fps_1sp_bb.json,ap
1687247212.946268000,6,rover_ap_1x1_n1_1fps_1sp_bb.json,ap
1687247212.946611000,7,rover_ap_1x1_n1_1fps_1sp_bb.json,ap
1687247212.946924000,8,rover_ap_1x1_n1_1fps_1sp_bb.json,ap
1687247213.974051000,0,rover_ap_1x1_n1_1fps_1sp_bb.json,ap
1687247213.974339000,1,rover_ap_1x1_n1_1fps_1sp_bb.json,ap
1687247213.974615000,2,rover_ap_1x1_n1_1fps_1sp_bb.json,ap
1687247213.974925000,3,rover_ap_1x1_n1_1fps_1sp_bb.json,ap
1687247213.975205000,4,rover_ap_1x1_n1_1fps_1sp_bb.json,ap
1687247213.975521000,5,rover_ap_1x1_n1_1fps_1sp_bb.json,ap
1687247213.975933000,6,rover_ap_1x1_n1_1fps_1sp_bb.json,ap
1687247213.976323000,7,rover_ap_1x1_n1_1fps_1sp_bb.json,ap
1687247213.976856000,8,rover_ap_1x1_n1_1fps_1sp_bb.json,ap
1687247214.995864000,0,rover_ap_1x1_n1_1fps_1sp_bb.json,ap
1687247214.996135000,1,rover_ap_1x1_n1_1fps_1sp_bb.json,ap
1687247214.996394000,2,rover_ap_1x1_n1_1fps_1sp_bb.json,ap
1687247214.996652000,3,rover_ap_1x1_n1_1fps_1sp_bb.json,ap
1687247214.996910000,4,rover_ap_1x1_n1_1fps_1sp_bb.json,ap
1687247214.997250000,5,rover_ap_1x1_n1_1fps_1sp_bb.json,ap
1687247214.997514000,6,rover_ap_1x1_n1_1fps_1sp_bb.json,ap
1687247214.998390000,7,rover_ap_1x1_n1_1fps_1sp_bb.json,ap
1687247214.999848000,8,rover_ap_1x1_n1_1fps_1sp_bb.json,ap
1687247215.000326000,9,rover_ap_1x1_n1_1fps_1sp_bb.json,ap
1687247216.020793000,0,rover_ap_1x1_n1_1fps_1sp_bb.json,ap
1687247216.021123000,1,rover_ap_1x1_n1_1fps_1sp_bb.json,ap
1687247216.021392000,2,rover_ap_1x1_n1_1fps_1sp_bb.json,ap
1687247216.021731000,3,rover_ap_1x1_n1_1fps_1sp_bb.json,ap
1687247216.022075000,4,rover_ap_1x1_n1_1fps_1sp_bb.json,ap
1687247216.022510000,5,rover_ap_1x1_n1_1fps_1sp_bb.json,ap
1687247216.022856000,6,rover_ap_1x1_n1_1fps_1sp_bb.json,ap
1687247216.023309000,7,rover_ap_1x1_n1_1fps_1sp_bb.json,ap
1687247217.042909000,0,rover_ap_1x1_n1_1fps_1sp_bb.json,ap
1687247217.043215000,1,rover_ap_1x1_n1_1fps_1sp_bb.json,ap
1687247217.043532000,2,rover_ap_1x1_n1_1fps_1sp_bb.json,ap
1687247217.043854000,3,rover_ap_1x1_n1_1fps_1sp_bb.json,ap
1687247217.044170000,4,rover_ap_1x1_n1_1fps_1sp_bb.json,ap
1687247217.044476000,5,rover_ap_1x1_n1_1fps_1sp_bb.json,ap
1687247217.044791000,6,rover_ap_1x1_n1_1fps_1sp_bb.json,ap
1687247218.069361000,0,rover_ap_1x1_n1_1fps_1sp_bb.json,ap
1687247218.069632000,1,rover_ap_1x1_n1_1fps_1sp_bb.json,ap
1687247218.069929000,2,rover_ap_1x1_n1_1fps_1sp_bb.json,ap
1687247218.070200000,3,rover_ap_1x1_n1_1fps_1sp_bb.json,ap
1687247218.070473000,4,rover_ap_1x1_n1_1fps_1sp_bb.json,ap
1687247218.070743000,5,rover_ap_1x1_n1_1fps_1sp_bb.json,ap
1687247218.071021000,6,rover_ap_1x1_n1_1fps_1sp_bb.json,ap
1687247218.071291000,7,rover_ap_1x1_n1_1fps_1sp_bb.json,ap
1687247218.071709000,8,rover_ap_1x1_n1_1fps_1sp_bb.json,ap
1687247218.071992000,9,rover_ap_1x1_n1_1fps_1sp_bb.json,ap
1687247218.072282000,10,rover_ap_1x1_n1_1fps_1sp_bb.json,ap
1687247218.072555000,11,rover_ap_1x1_n1_1fps_1sp_bb.json,ap
1687247219.091858000,0,rover_ap_1x1_n1_1fps_1sp_bb.json,ap
1687247219.092147000,1,rover_ap_1x1_n1_1fps_1sp_bb.json,ap
1687247219.092420000,2,rover_ap_1x1_n1_1fps_1sp_bb.json,ap
1687247219.092693000,3,rover_ap_1x1_n1_1fps_1sp_bb.json,ap
1687247219.092970000,4,rover_ap_1x1_n1_1fps_1sp_bb.json,ap
1687247219.093238000,5,rover_ap_1x1_n1_1fps_1sp_bb.json,ap
1687247219.093510000,6,rover_ap_1x1_n1_1fps_1sp_bb.json,ap
1687247219.093772000,7,rover_ap_1x1_n1_1fps_1sp_bb.json,ap
1687247219.094168000,8,rover_ap_1x1_n1_1fps_1sp_bb.json,ap
1687247220.114150000,0,rover_ap_1x1_n1_1fps_1sp_bb.json,ap
1687247220.114416000,1,rover_ap_1x1_n1_1fps_1sp_bb.json,ap
1687247220.114687000,2,rover_ap_1x1_n1_1fps_1sp_bb.json,ap
1687247220.114948000,3,rover_ap_1x1_n1_1fps_1sp_bb.json,ap
1687247220.115217000,4,rover_ap_1x1_n1_1fps_1sp_bb.json,ap
1687247220.115496000,5,rover_ap_1x1_n1_1fps_1sp_bb.json,ap
1687247220.115912000,6,rover_ap_1x1_n1_1fps_1sp_bb.json,ap
1687247220.116208000,7,rover_ap_1x1_n1_1fps_1sp_bb.json,ap
1687247220.116635000,8,rover_ap_1x1_n1_1fps_1sp_bb.json,ap
1687247220.116908000,9,rover_ap_1x1_n1_1fps_1sp_bb.json,ap
1687247220.117177000,10,rover_ap_1x1_n1_1fps_1sp_bb.json,ap
1687247221.136871000,0,rover_ap_1x1_n1_1fps_1sp_bb.json,ap
1687247221.137140000,1,rover_ap_1x1_n1_1fps_1sp_bb.json,ap
1687247221.137406000,2,rover_ap_1x1_n1_1fps_1sp_bb.json,ap
1687247221.137666000,3,rover_ap_1x1_n1_1fps_1sp_bb.json,ap
1687247221.137931000,4,rover_ap_1x1_n1_1fps_1sp_bb.json,ap
1687247221.138199000,5,rover_ap_1x1_n1_1fps_1sp_bb.json,ap
1687247221.138471000,6,rover_ap_1x1_n1_1fps_1sp_bb.json,ap
1687247221.138909000,7,rover_ap_1x1_n1_1fps_1sp_bb.json,ap
1687247221.139196000,8,rover_ap_1x1_n1_1fps_1sp_bb.json,ap
1687247222.159418000,0,rover_ap_1x1_n1_1fps_1sp_bb.json,ap
1687247222.159688000,1,rover_ap_1x1_n1_1fps_1sp_bb.json,ap
1687247222.159951000,2,rover_ap_1x1_n1_1fps_1sp_bb.json,ap
1687247222.160201000,3,rover_ap_1x1_n1_1fps_1sp_bb.json,ap
1687247222.160463000,4,rover_ap_1x1_n1_1fps_1sp_bb.json,ap
1687247222.160747000,5,rover_ap_1x1_n1_1fps_1sp_bb.json,ap
1687247222.161013000,6,rover_ap_1x1_n1_1fps_1sp_bb.json,ap
1687247222.161281000,7,rover_ap_1x1_n1_1fps_1sp_bb.json,ap
1687247222.161694000,8,rover_ap_1x1_n1_1fps_1sp_bb.json,ap
1687247223.180168000,0,rover_ap_1x1_n1_1fps_1sp_bb.json,ap
1687247223.180456000,1,rover_ap_1x1_n1_1fps_1sp_bb.json,ap
1687247223.181300000,2,rover_ap_1x1_n1_1fps_1sp_bb.json,ap
1687247223.181578000,3,rover_ap_1x1_n1_1fps_1sp_bb.json,ap
1687247223.181865000,4,rover_ap_1x1_n1_1fps_1sp_bb.json,ap
1687247223.182139000,5,rover_ap_1x1_n1_1fps_1sp_bb.json,ap
1687247223.182419000,6,rover_ap_1x1_n1_1fps_1sp_bb.json,ap
1687247223.182697000,7,rover_ap_1x1_n1_1fps_1sp_bb.json,ap
1687247223.182975000,8,rover_ap_1x1_n1_1fps_1sp_bb.json,ap
1687247223.183247000,9,rover_ap_1x1_n1_1fps_1sp_bb.json,ap
1687247223.183522000,10,rover_ap_1x1_n1_1fps_1sp_bb.json,ap
1687247224.204357000,0,rover_ap_1x1_n1_1fps_1sp_bb.json,ap
1687247224.204626000,1,rover_ap_1x1_n1_1fps_1sp_bb.json,ap
1687247224.204890000,2,rover_ap_1x1_n1_1fps_1sp_bb.json,ap
1687247224.205146000,3,rover_ap_1x1_n1_1fps_1sp_bb.json,ap
1687247224.205415000,4,rover_ap_1x1_n1_1fps_1sp_bb.json,ap
1687247224.205689000,5,rover_ap_1x1_n1_1fps_1sp_bb.json,ap
1687247224.206289000,6,rover_ap_1x1_n1_1fps_1sp_bb.json,ap
1687247224.206564000,7,rover_ap_1x1_n1_1fps_1sp_bb.json,ap
1687247224.206827000,8,rover_ap_1x1_n1_1fps_1sp_bb.json,ap
1687247225.226217000,0,rover_ap_1x1_n1_1fps_1sp_bb.json,ap
1687247225.226568000,1,rover_ap_1x1_n1_1fps_1sp_bb.json,ap
1687247225.226877000,2,rover_ap_1x1_n1_1fps_1sp_bb.json,ap
1687247225.227185000,3,rover_ap_1x1_n1_1fps_1sp_bb.json,ap
1687247225.227568000,4,rover_ap_1x1_n1_1fps_1sp_bb.json,ap
1687247225.227926000,5,rover_ap_1x1_n1_1fps_1sp_bb.json,ap
1687247225.228312000,6,rover_ap_1x1_n1_1fps_1sp_bb.json,ap
1687247225.228693000,7,rover_ap_1x1_n1_1fps_1sp_bb.json,ap
1687247225.229052000,8,rover_ap_1x1_n1_1fps_1sp_bb.json,ap
1687247225.229358000,9,rover_ap_1x1_n1_1fps_1sp_bb.json,ap
1687247226.249416000,0,rover_ap_1x1_n1_1fps_1sp_bb.json,ap
1687247226.249733000,1,rover_ap_1x1_n1_1fps_1sp_bb.json,ap
1687247226.250043000,2,rover_ap_1x1_n1_1fps_1sp_bb.json,ap
1687247226.250346000,3,rover_ap_1x1_n1_1fps_1sp_bb.json,ap
1687247226.250643000,4,rover_ap_1x1_n1_1fps_1sp_bb.json,ap
1687247226.250975000,5,rover_ap_1x1_n1_1fps_1sp_bb.json,ap
1687247226.251297000,6,rover_ap_1x1_n1_1fps_1sp_bb.json,ap
1687247226.251646000,7,rover_ap_1x1_n1_1fps_1sp_bb.json,ap
1687247226.251951000,8,rover_ap_1x1_n1_1fps_1sp_bb.json,ap
1687247226.252257000,9,rover_ap_1x1_n1_1fps_1sp_bb.json,ap
1687247227.274017000,0,rover_ap_1x1_n1_1fps_1sp_bb.json,ap
1687247227.274291000,1,rover_ap_1x1_n1_1fps_1sp_bb.json,ap
1687247227.274557000,2,rover_ap_1x1_n1_1fps_1sp_bb.json,ap
1687247227.274823000,3,rover_ap_1x1_n1_1fps_1sp_bb.json,ap
1687247227.275090000,4,rover_ap_1x1_n1_1fps_1sp_bb.json,ap
1687247227.275348000,5,rover_ap_1x1_n1_1fps_1sp_bb.json,ap
1687247227.275621000,6,rover_ap_1x1_n1_1fps_1sp_bb.json,ap
1687247227.276190000,7,rover_ap_1x1_n1_1fps_1sp_bb.json,ap
1687247227.276486000,8,rover_ap_1x1_n1_1fps_1sp_bb.json,ap
1687247227.276745000,9,rover_ap_1x1_n1_1fps_1sp_bb.json,ap
1687247228.296121000,0,rover_ap_1x1_n1_1fps_1sp_bb.json,ap
1687247228.296394000,1,rover_ap_1x1_n1_1fps_1sp_bb.json,ap
1687247228.296849000,2,rover_ap_1x1_n1_1fps_1sp_bb.json,ap
1687247228.297109000,3,rover_ap_1x1_n1_1fps_1sp_bb.json,ap
1687247228.297463000,4,rover_ap_1x1_n1_1fps_1sp_bb.json,ap
1687247228.297776000,5,rover_ap_1x1_n1_1fps_1sp_bb.json,ap
1687247228.298050000,6,rover_ap_1x1_n1_1fps_1sp_bb.json,ap
1687247228.298379000,7,rover_ap_1x1_n1_1fps_1sp_bb.json,ap
1687247228.298869000,8,rover_ap_1x1_n1_1fps_1sp_bb.json,ap
1687247229.323677000,0,rover_ap_1x1_n1_1fps_1sp_bb.json,ap
1687247229.323973000,1,rover_ap_1x1_n1_1fps_1sp_bb.json,ap
1687247229.324246000,2,rover_ap_1x1_n1_1fps_1sp_bb.json,ap
1687247229.324522000,3,rover_ap_1x1_n1_1fps_1sp_bb.json,ap
1687247229.324799000,4,rover_ap_1x1_n1_1fps_1sp_bb.json,ap
1687247229.325068000,5,rover_ap_1x1_n1_1fps_1sp_bb.json,ap
1687247229.325347000,6,rover_ap_1x1_n1_1fps_1sp_bb.json,ap
1687247229.325829000,7,rover_ap_1x1_n1_1fps_1sp_bb.json,ap
1687247229.326141000,8,rover_ap_1x1_n1_1fps_1sp_bb.json,ap
1687247229.326405000,9,rover_ap_1x1_n1_1fps_1sp_bb.json,ap
1687247229.326665000,10,rover_ap_1x1_n1_1fps_1sp_bb.json,ap
1687247229.326931000,11,rover_ap_1x1_n1_1fps_1sp_bb.json,ap
1687247229.327191000,12,rover_ap_1x1_n1_1fps_1sp_bb.json,ap
1687247229.327471000,13,rover_ap_1x1_n1_1fps_1sp_bb.json,ap
1687247229.327738000,14,rover_ap_1x1_n1_1fps_1sp_bb.json,ap
1687247230.352778000,0,rover_ap_1x1_n1_1fps_1sp_bb.json,ap
1687247230.353050000,1,rover_ap_1x1_n1_1fps_1sp_bb.json,ap
1687247230.353313000,2,rover_ap_1x1_n1_1fps_1sp_bb.json,ap
1687247230.353567000,3,rover_ap_1x1_n1_1fps_1sp_bb.json,ap
1687247230.353905000,4,rover_ap_1x1_n1_1fps_1sp_bb.json,ap
1687247230.354173000,5,rover_ap_1x1_n1_1fps_1sp_bb.json,ap
1687247230.354526000,6,rover_ap_1x1_n1_1fps_1sp_bb.json,ap
1687247230.354793000,7,rover_ap_1x1_n1_1fps_1sp_bb.json,ap
1687247230.355339000,8,rover_ap_1x1_n1_1fps_1sp_bb.json,ap
1687247230.355606000,9,rover_ap_1x1_n1_1fps_1sp_bb.json,ap
1687247230.356118000,10,rover_ap_1x1_n1_1fps_1sp_bb.json,ap
1687247231.375065000,0,rover_ap_1x1_n1_1fps_1sp_bb.json,ap
1687247231.375365000,1,rover_ap_1x1_n1_1fps_1sp_bb.json,ap
1687247231.375652000,2,rover_ap_1x1_n1_1fps_1sp_bb.json,ap
1687247231.376095000,3,rover_ap_1x1_n1_1fps_1sp_bb.json,ap
1687247231.376428000,4,rover_ap_1x1_n1_1fps_1sp_bb.json,ap
1687247231.376755000,5,rover_ap_1x1_n1_1fps_1sp_bb.json,ap
1687247231.377078000,6,rover_ap_1x1_n1_1fps_1sp_bb.json,ap
1687247231.377563000,7,rover_ap_1x1_n1_1fps_1sp_bb.json,ap
1687247232.402008000,0,rover_ap_1x1_n1_1fps_1sp_bb.json,ap
1687247232.402317000,1,rover_ap_1x1_n1_1fps_1sp_bb.json,ap
1687247232.402662000,2,rover_ap_1x1_n1_1fps_1sp_bb.json,ap
1687247232.402991000,3,rover_ap_1x1_n1_1fps_1sp_bb.json,ap
1687247232.403300000,4,rover_ap_1x1_n1_1fps_1sp_bb.json,ap
1687247232.403616000,5,rover_ap_1x1_n1_1fps_1sp_bb.json,ap
1687247232.403937000,6,rover_ap_1x1_n1_1fps_1sp_bb.json,ap
1687247232.404268000,7,rover_ap_1x1_n1_1fps_1sp_bb.json,ap
1687247232.404583000,8,rover_ap_1x1_n1_1fps_1sp_bb.json,ap
1687247232.404877000,9,rover_ap_1x1_n1_1fps_1sp_bb.json,ap
1687247233.430583000,0,rover_ap_1x1_n1_1fps_1sp_bb.json,ap
1687247233.430871000,1,rover_ap_1x1_n1_1fps_1sp_bb.json,ap
1687247233.431150000,2,rover_ap_1x1_n1_1fps_1sp_bb.json,ap
1687247233.431417000,3,rover_ap_1x1_n1_1fps_1sp_bb.json,ap
1687247233.431692000,4,rover_ap_1x1_n1_1fps_1sp_bb.json,ap
1687247233.432065000,5,rover_ap_1x1_n1_1fps_1sp_bb.json,ap
1687247233.432371000,6,rover_ap_1x1_n1_1fps_1sp_bb.json,ap
1687247234.456696000,0,rover_ap_1x1_n1_1fps_1sp_bb.json,ap
1687247234.456996000,1,rover_ap_1x1_n1_1fps_1sp_bb.json,ap
1687247234.457297000,2,rover_ap_1x1_n1_1fps_1sp_bb.json,ap
1687247234.457602000,3,rover_ap_1x1_n1_1fps_1sp_bb.json,ap
1687247234.457918000,4,rover_ap_1x1_n1_1fps_1sp_bb.json,ap
1687247234.458239000,5,rover_ap_1x1_n1_1fps_1sp_bb.json,ap
1687247234.458556000,6,rover_ap_1x1_n1_1fps_1sp_bb.json,ap
1687247234.458901000,7,rover_ap_1x1_n1_1fps_1sp_bb.json,ap
1687247234.459208000,8,rover_ap_1x1_n1_1fps_1sp_bb.json,ap
1687247235.479762000,0,rover_ap_1x1_n1_1fps_1sp_bb.json,ap
1687247235.480029000,1,rover_ap_1x1_n1_1fps_1sp_bb.json,ap
1687247235.480292000,2,rover_ap_1x1_n1_1fps_1sp_bb.json,ap
1687247235.480557000,3,rover_ap_1x1_n1_1fps_1sp_bb.json,ap
1687247235.480811000,4,rover_ap_1x1_n1_1fps_1sp_bb.json,ap
1687247235.481072000,5,rover_ap_1x1_n1_1fps_1sp_bb.json,ap
1687247235.481334000,6,rover_ap_1x1_n1_1fps_1sp_bb.json,ap
1687247235.481596000,7,rover_ap_1x1_n1_1fps_1sp_bb.json,ap
1687247235.481993000,8,rover_ap_1x1_n1_1fps_1sp_bb.json,ap
1687247235.482257000,9,rover_ap_1x1_n1_1fps_1sp_bb.json,ap
1687247235.482791000,10,rover_ap_1x1_n1_1fps_1sp_bb.json,ap
1687247236.505909000,0,rover_ap_1x1_n1_1fps_1sp_bb.json,ap
1687247236.506246000,1,rover_ap_1x1_n1_1fps_1sp_bb.json,ap
1687247236.506579000,2,rover_ap_1x1_n1_1fps_1sp_bb.json,ap
1687247236.506888000,3,rover_ap_1x1_n1_1fps_1sp_bb.json,ap
1687247236.507195000,4,rover_ap_1x1_n1_1fps_1sp_bb.json,ap
1687247236.507516000,5,rover_ap_1x1_n1_1fps_1sp_bb.json,ap
1687247236.507817000,6,rover_ap_1x1_n1_1fps_1sp_bb.json,ap
1687247236.508157000,7,rover_ap_1x1_n1_1fps_1sp_bb.json,ap
1687247236.508463000,8,rover_ap_1x1_n1_1fps_1sp_bb.json,ap
1687247236.508753000,9,rover_ap_1x1_n1_1fps_1sp_bb.json,ap
1687247237.528292000,0,rover_ap_1x1_n1_1fps_1sp_bb.json,ap
1687247237.528791000,1,rover_ap_1x1_n1_1fps_1sp_bb.json,ap
1687247237.529724000,2,rover_ap_1x1_n1_1fps_1sp_bb.json,ap
1687247237.530020000,3,rover_ap_1x1_n1_1fps_1sp_bb.json,ap
1687247237.530390000,4,rover_ap_1x1_n1_1fps_1sp_bb.json,ap
1687247237.530823000,5,rover_ap_1x1_n1_1fps_1sp_bb.json,ap
1687247238.554306000,0,rover_ap_1x1_n1_1fps_1sp_bb.json,ap
1687247238.554620000,1,rover_ap_1x1_n1_1fps_1sp_bb.json,ap
1687247238.554937000,2,rover_ap_1x1_n1_1fps_1sp_bb.json,ap
1687247238.555241000,3,rover_ap_1x1_n1_1fps_1sp_bb.json,ap
1687247238.555540000,4,rover_ap_1x1_n1_1fps_1sp_bb.json,ap
1687247238.555972000,5,rover_ap_1x1_n1_1fps_1sp_bb.json,ap
1687247238.556291000,6,rover_ap_1x1_n1_1fps_1sp_bb.json,ap
1687247238.556613000,7,rover_ap_1x1_n1_1fps_1sp_bb.json,ap
1687247238.556907000,8,rover_ap_1x1_n1_1fps_1sp_bb.json,ap
1687247238.557191000,9,rover_ap_1x1_n1_1fps_1sp_bb.json,ap
1687247239.581080000,0,rover_ap_1x1_n1_1fps_1sp_bb.json,ap
1687247239.581371000,1,rover_ap_1x1_n1_1fps_1sp_bb.json,ap
1687247239.581638000,2,rover_ap_1x1_n1_1fps_1sp_bb.json,ap
1687247239.581924000,3,rover_ap_1x1_n1_1fps_1sp_bb.json,ap
1687247239.582204000,4,rover_ap_1x1_n1_1fps_1sp_bb.json,ap
1687247239.582474000,5,rover_ap_1x1_n1_1fps_1sp_bb.json,ap
1687247239.582753000,6,rover_ap_1x1_n1_1fps_1sp_bb.json,ap
1687247239.583026000,7,rover_ap_1x1_n1_1fps_1sp_bb.json,ap
1687247239.583442000,8,rover_ap_1x1_n1_1fps_1sp_bb.json,ap
1687247239.583701000,9,rover_ap_1x1_n1_1fps_1sp_bb.json,ap
1687247240.602230000,0,rover_ap_1x1_n1_1fps_1sp_bb.json,ap
1687247240.602599000,1,rover_ap_1x1_n1_1fps_1sp_bb.json,ap
1687247240.603386000,2,rover_ap_1x1_n1_1fps_1sp_bb.json,ap
1687247240.603671000,3,rover_ap_1x1_n1_1fps_1sp_bb.json,ap
1687247240.603954000,4,rover_ap_1x1_n1_1fps_1sp_bb.json,ap
1687247240.604243000,5,rover_ap_1x1_n1_1fps_1sp_bb.json,ap
1687247240.604522000,6,rover_ap_1x1_n1_1fps_1sp_bb.json,ap
1687247240.604804000,7,rover_ap_1x1_n1_1fps_1sp_bb.json,ap
1687247240.605100000,8,rover_ap_1x1_n1_1fps_1sp_bb.json,ap
1687247241.624519000,0,rover_ap_1x1_n1_1fps_1sp_bb.json,ap
1687247241.624864000,1,rover_ap_1x1_n1_1fps_1sp_bb.json,ap
1687247241.625170000,2,rover_ap_1x1_n1_1fps_1sp_bb.json,ap
1687247241.625646000,3,rover_ap_1x1_n1_1fps_1sp_bb.json,ap
1687247241.626172000,4,rover_ap_1x1_n1_1fps_1sp_bb.json,ap
1687247241.626488000,5,rover_ap_1x1_n1_1fps_1sp_bb.json,ap
1687247241.627023000,6,rover_ap_1x1_n1_1fps_1sp_bb.json,ap
1687247242.647131000,0,rover_ap_1x1_n1_1fps_1sp_bb.json,ap
1687247242.647404000,1,rover_ap_1x1_n1_1fps_1sp_bb.json,ap
1687247242.647672000,2,rover_ap_1x1_n1_1fps_1sp_bb.json,ap
1687247242.647934000,3,rover_ap_1x1_n1_1fps_1sp_bb.json,ap
1687247242.648208000,4,rover_ap_1x1_n1_1fps_1sp_bb.json,ap
1687247242.648491000,5,rover_ap_1x1_n1_1fps_1sp_bb.json,ap
1687247242.648761000,6,rover_ap_1x1_n1_1fps_1sp_bb.json,ap
1687247242.649032000,7,rover_ap_1x1_n1_1fps_1sp_bb.json,ap
1687247242.649455000,8,rover_ap_1x1_n1_1fps_1sp_bb.json,ap
1687247243.669601000,0,rover_ap_1x1_n1_1fps_1sp_bb.json,ap
1687247243.669875000,1,rover_ap_1x1_n1_1fps_1sp_bb.json,ap
1687247243.670140000,2,rover_ap_1x1_n1_1fps_1sp_bb.json,ap
1687247243.670399000,3,rover_ap_1x1_n1_1fps_1sp_bb.json,ap
1687247243.670657000,4,rover_ap_1x1_n1_1fps_1sp_bb.json,ap
1687247243.670916000,5,rover_ap_1x1_n1_1fps_1sp_bb.json,ap
1687247243.671176000,6,rover_ap_1x1_n1_1fps_1sp_bb.json,ap
1687247243.671447000,7,rover_ap_1x1_n1_1fps_1sp_bb.json,ap
1687247244.693602000,0,rover_ap_1x1_n1_1fps_1sp_bb.json,ap
1687247244.693872000,1,rover_ap_1x1_n1_1fps_1sp_bb.json,ap
1687247244.694132000,2,rover_ap_1x1_n1_1fps_1sp_bb.json,ap
1687247244.694402000,3,rover_ap_1x1_n1_1fps_1sp_bb.json,ap
1687247244.694685000,4,rover_ap_1x1_n1_1fps_1sp_bb.json,ap
1687247244.694979000,5,rover_ap_1x1_n1_1fps_1sp_bb.json,ap
1687247244.695253000,6,rover_ap_1x1_n1_1fps_1sp_bb.json,ap
1687247245.717860000,0,rover_ap_1x1_n1_1fps_1sp_bb.json,ap
1687247245.718133000,1,rover_ap_1x1_n1_1fps_1sp_bb.json,ap
1687247245.718393000,2,rover_ap_1x1_n1_1fps_1sp_bb.json,ap
1687247245.718670000,3,rover_ap_1x1_n1_1fps_1sp_bb.json,ap
1687247245.718929000,4,rover_ap_1x1_n1_1fps_1sp_bb.json,ap
1687247245.719204000,5,rover_ap_1x1_n1_1fps_1sp_bb.json,ap
1687247245.719470000,6,rover_ap_1x1_n1_1fps_1sp_bb.json,ap
1687247245.719739000,7,rover_ap_1x1_n1_1fps_1sp_bb.json,ap
1687247245.720151000,8,rover_ap_1x1_n1_1fps_1sp_bb.json,ap
1687247245.720426000,9,rover_ap_1x1_n1_1fps_1sp_bb.json,ap
1687247245.720711000,10,rover_ap_1x1_n1_1fps_1sp_bb.json,ap
1687247245.720981000,11,rover_ap_1x1_n1_1fps_1sp_bb.json,ap
1687247246.741435000,0,rover_ap_1x1_n1_1fps_1sp_bb.json,ap
1687247246.741709000,1,rover_ap_1x1_n1_1fps_1sp_bb.json,ap
1687247246.741978000,2,rover_ap_1x1_n1_1fps_1sp_bb.json,ap
1687247246.742246000,3,rover_ap_1x1_n1_1fps_1sp_bb.json,ap
1687247246.742508000,4,rover_ap_1x1_n1_1fps_1sp_bb.json,ap
1687247246.742767000,5,rover_ap_1x1_n1_1fps_1sp_bb.json,ap
1687247246.743034000,6,rover_ap_1x1_n1_1fps_1sp_bb.json,ap
1687247246.743313000,7,rover_ap_1x1_n1_1fps_1sp_bb.json,ap
1687247246.743749000,8,rover_ap_1x1_n1_1fps_1sp_bb.json,ap
1687247247.763651000,0,rover_ap_1x1_n1_1fps_1sp_bb.json,ap
1687247247.763927000,1,rover_ap_1x1_n1_1fps_1sp_bb.json,ap
1687247247.764201000,2,rover_ap_1x1_n1_1fps_1sp_bb.json,ap
1687247247.764480000,3,rover_ap_1x1_n1_1fps_1sp_bb.json,ap
1687247247.764852000,4,rover_ap_1x1_n1_1fps_1sp_bb.json,ap
1687247247.765128000,5,rover_ap_1x1_n1_1fps_1sp_bb.json,ap
1687247247.765509000,6,rover_ap_1x1_n1_1fps_1sp_bb.json,ap
1687247247.765881000,7,rover_ap_1x1_n1_1fps_1sp_bb.json,ap
1687247247.766602000,8,rover_ap_1x1_n1_1fps_1sp_bb.json,ap
1687247248.786149000,0,rover_ap_1x1_n1_1fps_1sp_bb.json,ap
1687247248.786458000,1,rover_ap_1x1_n1_1fps_1sp_bb.json,ap
1687247248.786733000,2,rover_ap_1x1_n1_1fps_1sp_bb.json,ap
1687247248.787001000,3,rover_ap_1x1_n1_1fps_1sp_bb.json,ap
1687247248.787284000,4,rover_ap_1x1_n1_1fps_1sp_bb.json,ap
1687247248.787553000,5,rover_ap_1x1_n1_1fps_1sp_bb.json,ap
1687247248.787830000,6,rover_ap_1x1_n1_1fps_1sp_bb.json,ap
1687247248.788240000,7,rover_ap_1x1_n1_1fps_1sp_bb.json,ap
1687247248.788526000,8,rover_ap_1x1_n1_1fps_1sp_bb.json,ap
1687247248.788797000,9,rover_ap_1x1_n1_1fps_1sp_bb.json,ap
1687247248.789055000,10,rover_ap_1x1_n1_1fps_1sp_bb.json,ap
1687247249.812475000,0,rover_ap_1x1_n1_1fps_1sp_bb.json,ap
1687247249.812775000,1,rover_ap_1x1_n1_1fps_1sp_bb.json,ap
1687247249.813054000,2,rover_ap_1x1_n1_1fps_1sp_bb.json,ap
1687247249.813327000,3,rover_ap_1x1_n1_1fps_1sp_bb.json,ap
1687247249.813604000,4,rover_ap_1x1_n1_1fps_1sp_bb.json,ap
1687247249.813889000,5,rover_ap_1x1_n1_1fps_1sp_bb.json,ap
1687247249.814164000,6,rover_ap_1x1_n1_1fps_1sp_bb.json,ap
1687247249.814438000,7,rover_ap_1x1_n1_1fps_1sp_bb.json,ap
1687247249.814862000,8,rover_ap_1x1_n1_1fps_1sp_bb.json,ap
1687247249.815129000,9,rover_ap_1x1_n1_1fps_1sp_bb.json,ap
1687247250.838531000,0,rover_ap_1x1_n1_1fps_1sp_bb.json,ap
1687247250.838908000,1,rover_ap_1x1_n1_1fps_1sp_bb.json,ap
1687247250.839247000,2,rover_ap_1x1_n1_1fps_1sp_bb.json,ap
1687247250.839529000,3,rover_ap_1x1_n1_1fps_1sp_bb.json,ap
1687247250.839810000,4,rover_ap_1x1_n1_1fps_1sp_bb.json,ap
1687247250.840171000,5,rover_ap_1x1_n1_1fps_1sp_bb.json,ap
1687247250.840438000,6,rover_ap_1x1_n1_1fps_1sp_bb.json,ap
1687247250.840826000,7,rover_ap_1x1_n1_1fps_1sp_bb.json,ap
1687247250.841440000,8,rover_ap_1x1_n1_1fps_1sp_bb.json,ap
1687247250.841724000,9,rover_ap_1x1_n1_1fps_1sp_bb.json,ap
1687247250.842000000,10,rover_ap_1x1_n1_1fps_1sp_bb.json,ap
1687247250.842380000,11,rover_ap_1x1_n1_1fps_1sp_bb.json,ap
1687247251.864829000,0,rover_ap_1x1_n1_1fps_1sp_bb.json,ap
1687247251.865114000,1,rover_ap_1x1_n1_1fps_1sp_bb.json,ap
1687247251.865383000,2,rover_ap_1x1_n1_1fps_1sp_bb.json,ap
1687247251.865655000,3,rover_ap_1x1_n1_1fps_1sp_bb.json,ap
1687247251.866097000,4,rover_ap_1x1_n1_1fps_1sp_bb.json,ap
1687247251.866368000,5,rover_ap_1x1_n1_1fps_1sp_bb.json,ap
1687247251.866634000,6,rover_ap_1x1_n1_1fps_1sp_bb.json,ap
1687247251.866897000,7,rover_ap_1x1_n1_1fps_1sp_bb.json,ap
1687247251.867309000,8,rover_ap_1x1_n1_1fps_1sp_bb.json,ap
1687247251.867579000,9,rover_ap_1x1_n1_1fps_1sp_bb.json,ap
1687247251.867861000,10,rover_ap_1x1_n1_1fps_1sp_bb.json,ap
1687247251.868142000,11,rover_ap_1x1_n1_1fps_1sp_bb.json,ap
1687247251.868417000,12,rover_ap_1x1_n1_1fps_1sp_bb.json,ap
1687247252.890513000,0,rover_ap_1x1_n1_1fps_1sp_bb.json,ap
1687247252.890782000,1,rover_ap_1x1_n1_1fps_1sp_bb.json,ap
1687247252.891044000,2,rover_ap_1x1_n1_1fps_1sp_bb.json,ap
1687247252.891302000,3,rover_ap_1x1_n1_1fps_1sp_bb.json,ap
1687247252.891638000,4,rover_ap_1x1_n1_1fps_1sp_bb.json,ap
1687247252.891991000,5,rover_ap_1x1_n1_1fps_1sp_bb.json,ap
1687247252.892329000,6,rover_ap_1x1_n1_1fps_1sp_bb.json,ap
1687247252.892660000,7,rover_ap_1x1_n1_1fps_1sp_bb.json,ap
1687247252.893156000,8,rover_ap_1x1_n1_1fps_1sp_bb.json,ap
1687247252.893425000,9,rover_ap_1x1_n1_1fps_1sp_bb.json,ap
1687247253.915294000,0,rover_ap_1x1_n1_1fps_1sp_bb.json,ap
1687247253.915563000,1,rover_ap_1x1_n1_1fps_1sp_bb.json,ap
1687247253.915982000,2,rover_ap_1x1_n1_1fps_1sp_bb.json,ap
1687247253.916262000,3,rover_ap_1x1_n1_1fps_1sp_bb.json,ap
1687247253.916594000,4,rover_ap_1x1_n1_1fps_1sp_bb.json,ap
1687247253.916973000,5,rover_ap_1x1_n1_1fps_1sp_bb.json,ap
1687247253.917252000,6,rover_ap_1x1_n1_1fps_1sp_bb.json,ap
1687247254.938258000,0,rover_ap_1x1_n1_1fps_1sp_bb.json,ap
1687247254.938533000,1,rover_ap_1x1_n1_1fps_1sp_bb.json,ap
1687247254.938795000,2,rover_ap_1x1_n1_1fps_1sp_bb.json,ap
1687247254.939051000,3,rover_ap_1x1_n1_1fps_1sp_bb.json,ap
1687247254.939323000,4,rover_ap_1x1_n1_1fps_1sp_bb.json,ap
1687247254.939577000,5,rover_ap_1x1_n1_1fps_1sp_bb.json,ap
1687247254.939838000,6,rover_ap_1x1_n1_1fps_1sp_bb.json,ap
1687247254.940309000,7,rover_ap_1x1_n1_1fps_1sp_bb.json,ap
1687247254.940621000,8,rover_ap_1x1_n1_1fps_1sp_bb.json,ap
1687247254.940898000,9,rover_ap_1x1_n1_1fps_1sp_bb.json,ap
1687247254.941161000,10,rover_ap_1x1_n1_1fps_1sp_bb.json,ap
1687247255.960480000,0,rover_ap_1x1_n1_1fps_1sp_bb.json,ap
1687247255.960750000,1,rover_ap_1x1_n1_1fps_1sp_bb.json,ap
1687247255.961024000,2,rover_ap_1x1_n1_1fps_1sp_bb.json,ap
1687247255.961286000,3,rover_ap_1x1_n1_1fps_1sp_bb.json,ap
1687247255.961659000,4,rover_ap_1x1_n1_1fps_1sp_bb.json,ap
1687247255.961992000,5,rover_ap_1x1_n1_1fps_1sp_bb.json,ap
1687247255.962298000,6,rover_ap_1x1_n1_1fps_1sp_bb.json,ap
1687247255.962620000,7,rover_ap_1x1_n1_1fps_1sp_bb.json,ap
1687247256.983347000,0,rover_ap_1x1_n1_1fps_1sp_bb.json,ap
1687247256.983650000,1,rover_ap_1x1_n1_1fps_1sp_bb.json,ap
1687247256.983931000,2,rover_ap_1x1_n1_1fps_1sp_bb.json,ap
1687247256.984206000,3,rover_ap_1x1_n1_1fps_1sp_bb.json,ap
1687247256.984486000,4,rover_ap_1x1_n1_1fps_1sp_bb.json,ap
1687247256.984764000,5,rover_ap_1x1_n1_1fps_1sp_bb.json,ap
1687247256.985029000,6,rover_ap_1x1_n1_1fps_1sp_bb.json,ap
1687247256.985442000,7,rover_ap_1x1_n1_1fps_1sp_bb.json,ap
1687247256.985723000,8,rover_ap_1x1_n1_1fps_1sp_bb.json,ap
1687247256.986081000,9,rover_ap_1x1_n1_1fps_1sp_bb.json,ap
1687247256.986358000,10,rover_ap_1x1_n1_1fps_1sp_bb.json,ap
1687247256.986637000,11,rover_ap_1x1_n1_1fps_1sp_bb.json,ap
1687247256.986915000,12,rover_ap_1x1_n1_1fps_1sp_bb.json,ap
1687247256.987191000,13,rover_ap_1x1_n1_1fps_1sp_bb.json,ap
1687247258.007505000,0,rover_ap_1x1_n1_1fps_1sp_bb.json,ap
1687247258.007802000,1,rover_ap_1x1_n1_1fps_1sp_bb.json,ap
1687247258.008069000,2,rover_ap_1x1_n1_1fps_1sp_bb.json,ap
1687247258.008343000,3,rover_ap_1x1_n1_1fps_1sp_bb.json,ap
1687247258.008692000,4,rover_ap_1x1_n1_1fps_1sp_bb.json,ap
1687247258.008971000,5,rover_ap_1x1_n1_1fps_1sp_bb.json,ap
1687247258.009394000,6,rover_ap_1x1_n1_1fps_1sp_bb.json,ap
1687247258.009663000,7,rover_ap_1x1_n1_1fps_1sp_bb.json,ap
1687247259.031364000,0,rover_ap_1x1_n1_1fps_1sp_bb.json,ap
1687247259.031640000,1,rover_ap_1x1_n1_1fps_1sp_bb.json,ap
1687247259.031904000,2,rover_ap_1x1_n1_1fps_1sp_bb.json,ap
1687247259.032165000,3,rover_ap_1x1_n1_1fps_1sp_bb.json,ap
1687247259.032443000,4,rover_ap_1x1_n1_1fps_1sp_bb.json,ap
1687247259.032728000,5,rover_ap_1x1_n1_1fps_1sp_bb.json,ap
1687247259.032998000,6,rover_ap_1x1_n1_1fps_1sp_bb.json,ap
1687247259.033275000,7,rover_ap_1x1_n1_1fps_1sp_bb.json,ap
1687247259.033697000,8,rover_ap_1x1_n1_1fps_1sp_bb.json,ap
1687247260.055032000,0,rover_ap_1x1_n1_1fps_1sp_bb.json,ap
1687247260.055335000,1,rover_ap_1x1_n1_1fps_1sp_bb.json,ap
1687247260.055609000,2,rover_ap_1x1_n1_1fps_1sp_bb.json,ap
1687247260.056089000,3,rover_ap_1x1_n1_1fps_1sp_bb.json,ap
1687247260.056486000,4,rover_ap_1x1_n1_1fps_1sp_bb.json,ap
1687247260.056754000,5,rover_ap_1x1_n1_1fps_1sp_bb.json,ap
1687247260.057135000,6,rover_ap_1x1_n1_1fps_1sp_bb.json,ap
1687247260.057418000,7,rover_ap_1x1_n1_1fps_1sp_bb.json,ap
1687247260.057893000,8,rover_ap_1x1_n1_1fps_1sp_bb.json,ap
1687247260.058375000,9,rover_ap_1x1_n1_1fps_1sp_bb.json,ap
1687247261.079531000,0,rover_ap_1x1_n1_1fps_1sp_bb.json,ap
1687247261.079995000,1,rover_ap_1x1_n1_1fps_1sp_bb.json,ap
1687247261.080371000,2,rover_ap_1x1_n1_1fps_1sp_bb.json,ap
1687247261.080680000,3,rover_ap_1x1_n1_1fps_1sp_bb.json,ap
1687247261.081070000,4,rover_ap_1x1_n1_1fps_1sp_bb.json,ap
1687247261.081376000,5,rover_ap_1x1_n1_1fps_1sp_bb.json,ap
1687247261.081794000,6,rover_ap_1x1_n1_1fps_1sp_bb.json,ap
1687247261.082167000,7,rover_ap_1x1_n1_1fps_1sp_bb.json,ap
1687247262.100928000,0,rover_ap_1x1_n1_1fps_1sp_bb.json,ap
1687247262.101191000,1,rover_ap_1x1_n1_1fps_1sp_bb.json,ap
1687247262.101453000,2,rover_ap_1x1_n1_1fps_1sp_bb.json,ap
1687247262.101722000,3,rover_ap_1x1_n1_1fps_1sp_bb.json,ap
1687247262.101979000,4,rover_ap_1x1_n1_1fps_1sp_bb.json,ap
1687247262.102247000,5,rover_ap_1x1_n1_1fps_1sp_bb.json,ap
1687247262.102510000,6,rover_ap_1x1_n1_1fps_1sp_bb.json,ap
1687247262.102786000,7,rover_ap_1x1_n1_1fps_1sp_bb.json,ap
1687247262.103190000,8,rover_ap_1x1_n1_1fps_1sp_bb.json,ap
1687247262.103448000,9,rover_ap_1x1_n1_1fps_1sp_bb.json,ap
1687247262.104622000,10,rover_ap_1x1_n1_1fps_1sp_bb.json,ap
1687247263.124157000,0,rover_ap_1x1_n1_1fps_1sp_bb.json,ap
1687247263.124430000,1,rover_ap_1x1_n1_1fps_1sp_bb.json,ap
1687247263.124693000,2,rover_ap_1x1_n1_1fps_1sp_bb.json,ap
1687247263.124959000,3,rover_ap_1x1_n1_1fps_1sp_bb.json,ap
1687247263.125279000,4,rover_ap_1x1_n1_1fps_1sp_bb.json,ap
1687247263.125540000,5,rover_ap_1x1_n1_1fps_1sp_bb.json,ap
1687247263.125975000,6,rover_ap_1x1_n1_1fps_1sp_bb.json,ap
1687247263.126253000,7,rover_ap_1x1_n1_1fps_1sp_bb.json,ap
1687247264.150908000,0,rover_ap_1x1_n1_1fps_1sp_bb.json,ap
1687247264.151225000,1,rover_ap_1x1_n1_1fps_1sp_bb.json,ap
1687247264.151504000,2,rover_ap_1x1_n1_1fps_1sp_bb.json,ap
1687247264.151769000,3,rover_ap_1x1_n1_1fps_1sp_bb.json,ap
1687247264.152094000,4,rover_ap_1x1_n1_1fps_1sp_bb.json,ap
1687247264.152475000,5,rover_ap_1x1_n1_1fps_1sp_bb.json,ap
1687247264.152748000,6,rover_ap_1x1_n1_1fps_1sp_bb.json,ap
1687247264.153119000,7,rover_ap_1x1_n1_1fps_1sp_bb.json,ap
1687247264.153591000,8,rover_ap_1x1_n1_1fps_1sp_bb.json,ap
1687247264.153988000,9,rover_ap_1x1_n1_1fps_1sp_bb.json,ap
1687247265.181164000,0,rover_ap_1x1_n1_1fps_1sp_bb.json,ap
1687247265.181432000,1,rover_ap_1x1_n1_1fps_1sp_bb.json,ap
1687247265.181699000,2,rover_ap_1x1_n1_1fps_1sp_bb.json,ap
1687247265.181963000,3,rover_ap_1x1_n1_1fps_1sp_bb.json,ap
1687247265.182222000,4,rover_ap_1x1_n1_1fps_1sp_bb.json,ap
1687247265.182486000,5,rover_ap_1x1_n1_1fps_1sp_bb.json,ap
1687247265.182744000,6,rover_ap_1x1_n1_1fps_1sp_bb.json,ap
1687247265.183005000,7,rover_ap_1x1_n1_1fps_1sp_bb.json,ap
1687247265.183397000,8,rover_ap_1x1_n1_1fps_1sp_bb.json,ap
1687247265.183724000,9,rover_ap_1x1_n1_1fps_1sp_bb.json,ap
