Timestamp,Packet,Scenario,Type
1687243300.581175000,0,rover_ap_4x4_n2_1fps_1sp_bb.json,ap
1687243300.581445000,1,rover_ap_4x4_n2_1fps_1sp_bb.json,ap
1687243300.581709000,2,rover_ap_4x4_n2_1fps_1sp_bb.json,ap
1687243300.581972000,3,rover_ap_4x4_n2_1fps_1sp_bb.json,ap
1687243300.582234000,4,rover_ap_4x4_n2_1fps_1sp_bb.json,ap
1687243300.582500000,5,rover_ap_4x4_n2_1fps_1sp_bb.json,ap
1687243300.582770000,6,rover_ap_4x4_n2_1fps_1sp_bb.json,ap
1687243300.583028000,7,rover_ap_4x4_n2_1fps_1sp_bb.json,ap
1687243300.583431000,8,rover_ap_4x4_n2_1fps_1sp_bb.json,ap
1687243301.173737000,0,rover_ap_4x4_n2_1fps_1sp_bb.json,ap
1687243301.174005000,1,rover_ap_4x4_n2_1fps_1sp_bb.json,ap
1687243301.174267000,2,rover_ap_4x4_n2_1fps_1sp_bb.json,ap
1687243301.174529000,3,rover_ap_4x4_n2_1fps_1sp_bb.json,ap
1687243301.174791000,4,rover_ap_4x4_n2_1fps_1sp_bb.json,ap
1687243301.175057000,5,rover_ap_4x4_n2_1fps_1sp_bb.json,ap
1687243301.175336000,6,rover_ap_4x4_n2_1fps_1sp_bb.json,ap
1687243301.176086000,7,rover_ap_4x4_n2_1fps_1sp_bb.json,ap
1687243301.176376000,8,rover_ap_4x4_n2_1fps_1sp_bb.json,ap
1687243301.176637000,9,rover_ap_4x4_n2_1fps_1sp_bb.json,ap
1687243301.176901000,10,rover_ap_4x4_n2_1fps_1sp_bb.json,ap
1687243301.610318000,0,rover_ap_4x4_n2_1fps_1sp_bb.json,ap
1687243301.610780000,1,rover_ap_4x4_n2_1fps_1sp_bb.json,ap
1687243301.611156000,2,rover_ap_4x4_n2_1fps_1sp_bb.json,ap
1687243301.611530000,3,rover_ap_4x4_n2_1fps_1sp_bb.json,ap
1687243301.611856000,4,rover_ap_4x4_n2_1fps_1sp_bb.json,ap
1687243301.612251000,5,rover_ap_4x4_n2_1fps_1sp_bb.json,ap
1687243301.612589000,6,rover_ap_4x4_n2_1fps_1sp_bb.json,ap
1687243301.613014000,7,rover_ap_4x4_n2_1fps_1sp_bb.json,ap
1687243301.613382000,8,rover_ap_4x4_n2_1fps_1sp_bb.json,ap
1687243301.613775000,9,rover_ap_4x4_n2_1fps_1sp_bb.json,ap
1687243301.614274000,10,rover_ap_4x4_n2_1fps_1sp_bb.json,ap
1687243302.194716000,0,rover_ap_4x4_n2_1fps_1sp_bb.json,ap
1687243302.194987000,1,rover_ap_4x4_n2_1fps_1sp_bb.json,ap
1687243302.195250000,2,rover_ap_4x4_n2_1fps_1sp_bb.json,ap
1687243302.195512000,3,rover_ap_4x4_n2_1fps_1sp_bb.json,ap
1687243302.195880000,4,rover_ap_4x4_n2_1fps_1sp_bb.json,ap
1687243302.196150000,5,rover_ap_4x4_n2_1fps_1sp_bb.json,ap
1687243302.196416000,6,rover_ap_4x4_n2_1fps_1sp_bb.json,ap
1687243302.196797000,7,rover_ap_4x4_n2_1fps_1sp_bb.json,ap
1687243302.197077000,8,rover_ap_4x4_n2_1fps_1sp_bb.json,ap
1687243302.197347000,9,rover_ap_4x4_n2_1fps_1sp_bb.json,ap
1687243302.632759000,0,rover_ap_4x4_n2_1fps_1sp_bb.json,ap
1687243302.633154000,1,rover_ap_4x4_n2_1fps_1sp_bb.json,ap
1687243302.633485000,2,rover_ap_4x4_n2_1fps_1sp_bb.json,ap
1687243302.633753000,3,rover_ap_4x4_n2_1fps_1sp_bb.json,ap
1687243302.634090000,4,rover_ap_4x4_n2_1fps_1sp_bb.json,ap
1687243302.634474000,5,rover_ap_4x4_n2_1fps_1sp_bb.json,ap
1687243302.634748000,6,rover_ap_4x4_n2_1fps_1sp_bb.json,ap
1687243302.635024000,7,rover_ap_4x4_n2_1fps_1sp_bb.json,ap
1687243303.217620000,0,rover_ap_4x4_n2_1fps_1sp_bb.json,ap
1687243303.217899000,1,rover_ap_4x4_n2_1fps_1sp_bb.json,ap
1687243303.218201000,2,rover_ap_4x4_n2_1fps_1sp_bb.json,ap
1687243303.218531000,3,rover_ap_4x4_n2_1fps_1sp_bb.json,ap
1687243303.218884000,4,rover_ap_4x4_n2_1fps_1sp_bb.json,ap
1687243303.219212000,5,rover_ap_4x4_n2_1fps_1sp_bb.json,ap
1687243303.219573000,6,rover_ap_4x4_n2_1fps_1sp_bb.json,ap
1687243303.219898000,7,rover_ap_4x4_n2_1fps_1sp_bb.json,ap
1687243303.220323000,8,rover_ap_4x4_n2_1fps_1sp_bb.json,ap
1687243303.220625000,9,rover_ap_4x4_n2_1fps_1sp_bb.json,ap
1687243303.653605000,0,rover_ap_4x4_n2_1fps_1sp_bb.json,ap
1687243303.653875000,1,rover_ap_4x4_n2_1fps_1sp_bb.json,ap
1687243303.654133000,2,rover_ap_4x4_n2_1fps_1sp_bb.json,ap
1687243303.654399000,3,rover_ap_4x4_n2_1fps_1sp_bb.json,ap
1687243303.654752000,4,rover_ap_4x4_n2_1fps_1sp_bb.json,ap
1687243303.655032000,5,rover_ap_4x4_n2_1fps_1sp_bb.json,ap
1687243303.655388000,6,rover_ap_4x4_n2_1fps_1sp_bb.json,ap
1687243303.655672000,7,rover_ap_4x4_n2_1fps_1sp_bb.json,ap
1687243303.656341000,8,rover_ap_4x4_n2_1fps_1sp_bb.json,ap
1687243303.656790000,9,rover_ap_4x4_n2_1fps_1sp_bb.json,ap
1687243304.244815000,0,rover_ap_4x4_n2_1fps_1sp_bb.json,ap
1687243304.245091000,1,rover_ap_4x4_n2_1fps_1sp_bb.json,ap
1687243304.245355000,2,rover_ap_4x4_n2_1fps_1sp_bb.json,ap
1687243304.245664000,3,rover_ap_4x4_n2_1fps_1sp_bb.json,ap
1687243304.246136000,4,rover_ap_4x4_n2_1fps_1sp_bb.json,ap
1687243304.246416000,5,rover_ap_4x4_n2_1fps_1sp_bb.json,ap
1687243304.246783000,6,rover_ap_4x4_n2_1fps_1sp_bb.json,ap
1687243304.247051000,7,rover_ap_4x4_n2_1fps_1sp_bb.json,ap
1687243304.247402000,8,rover_ap_4x4_n2_1fps_1sp_bb.json,ap
1687243304.247672000,9,rover_ap_4x4_n2_1fps_1sp_bb.json,ap
1687243304.248112000,10,rover_ap_4x4_n2_1fps_1sp_bb.json,ap
1687243304.678018000,0,rover_ap_4x4_n2_1fps_1sp_bb.json,ap
1687243304.678298000,1,rover_ap_4x4_n2_1fps_1sp_bb.json,ap
1687243304.678592000,2,rover_ap_4x4_n2_1fps_1sp_bb.json,ap
1687243304.678875000,3,rover_ap_4x4_n2_1fps_1sp_bb.json,ap
1687243304.679222000,4,rover_ap_4x4_n2_1fps_1sp_bb.json,ap
1687243304.679509000,5,rover_ap_4x4_n2_1fps_1sp_bb.json,ap
1687243304.679910000,6,rover_ap_4x4_n2_1fps_1sp_bb.json,ap
1687243304.680180000,7,rover_ap_4x4_n2_1fps_1sp_bb.json,ap
1687243304.680702000,8,rover_ap_4x4_n2_1fps_1sp_bb.json,ap
1687243304.681053000,9,rover_ap_4x4_n2_1fps_1sp_bb.json,ap
1687243304.681419000,10,rover_ap_4x4_n2_1fps_1sp_bb.json,ap
1687243304.681701000,11,rover_ap_4x4_n2_1fps_1sp_bb.json,ap
1687243304.682020000,12,rover_ap_4x4_n2_1fps_1sp_bb.json,ap
1687243304.682382000,13,rover_ap_4x4_n2_1fps_1sp_bb.json,ap
1687243304.682653000,14,rover_ap_4x4_n2_1fps_1sp_bb.json,ap
1687243304.683002000,15,rover_ap_4x4_n2_1fps_1sp_bb.json,ap
1687243304.683429000,16,rover_ap_4x4_n2_1fps_1sp_bb.json,ap
1687243305.272119000,0,rover_ap_4x4_n2_1fps_1sp_bb.json,ap
1687243305.272411000,1,rover_ap_4x4_n2_1fps_1sp_bb.json,ap
1687243305.272701000,2,rover_ap_4x4_n2_1fps_1sp_bb.json,ap
1687243305.272972000,3,rover_ap_4x4_n2_1fps_1sp_bb.json,ap
1687243305.273248000,4,rover_ap_4x4_n2_1fps_1sp_bb.json,ap
1687243305.273529000,5,rover_ap_4x4_n2_1fps_1sp_bb.json,ap
1687243305.273806000,6,rover_ap_4x4_n2_1fps_1sp_bb.json,ap
1687243305.274077000,7,rover_ap_4x4_n2_1fps_1sp_bb.json,ap
1687243305.274358000,8,rover_ap_4x4_n2_1fps_1sp_bb.json,ap
1687243305.274627000,9,rover_ap_4x4_n2_1fps_1sp_bb.json,ap
1687243305.274902000,10,rover_ap_4x4_n2_1fps_1sp_bb.json,ap
1687243305.705534000,0,rover_ap_4x4_n2_1fps_1sp_bb.json,ap
1687243305.705895000,1,rover_ap_4x4_n2_1fps_1sp_bb.json,ap
1687243305.706177000,2,rover_ap_4x4_n2_1fps_1sp_bb.json,ap
1687243305.706469000,3,rover_ap_4x4_n2_1fps_1sp_bb.json,ap
1687243305.706772000,4,rover_ap_4x4_n2_1fps_1sp_bb.json,ap
1687243305.707066000,5,rover_ap_4x4_n2_1fps_1sp_bb.json,ap
1687243305.707348000,6,rover_ap_4x4_n2_1fps_1sp_bb.json,ap
1687243305.707632000,7,rover_ap_4x4_n2_1fps_1sp_bb.json,ap
1687243305.707925000,8,rover_ap_4x4_n2_1fps_1sp_bb.json,ap
1687243305.708258000,9,rover_ap_4x4_n2_1fps_1sp_bb.json,ap
1687243306.295884000,0,rover_ap_4x4_n2_1fps_1sp_bb.json,ap
1687243306.296166000,1,rover_ap_4x4_n2_1fps_1sp_bb.json,ap
1687243306.296439000,2,rover_ap_4x4_n2_1fps_1sp_bb.json,ap
1687243306.297304000,3,rover_ap_4x4_n2_1fps_1sp_bb.json,ap
1687243306.297604000,4,rover_ap_4x4_n2_1fps_1sp_bb.json,ap
1687243306.297890000,5,rover_ap_4x4_n2_1fps_1sp_bb.json,ap
1687243306.298176000,6,rover_ap_4x4_n2_1fps_1sp_bb.json,ap
1687243306.298441000,7,rover_ap_4x4_n2_1fps_1sp_bb.json,ap
1687243306.298719000,8,rover_ap_4x4_n2_1fps_1sp_bb.json,ap
1687243306.298996000,9,rover_ap_4x4_n2_1fps_1sp_bb.json,ap
1687243306.299276000,10,rover_ap_4x4_n2_1fps_1sp_bb.json,ap
1687243306.299546000,11,rover_ap_4x4_n2_1fps_1sp_bb.json,ap
1687243306.299831000,12,rover_ap_4x4_n2_1fps_1sp_bb.json,ap
1687243306.300111000,13,rover_ap_4x4_n2_1fps_1sp_bb.json,ap
1687243306.728538000,0,rover_ap_4x4_n2_1fps_1sp_bb.json,ap
1687243306.728923000,1,rover_ap_4x4_n2_1fps_1sp_bb.json,ap
1687243306.729223000,2,rover_ap_4x4_n2_1fps_1sp_bb.json,ap
1687243306.729519000,3,rover_ap_4x4_n2_1fps_1sp_bb.json,ap
1687243306.729868000,4,rover_ap_4x4_n2_1fps_1sp_bb.json,ap
1687243307.322191000,0,rover_ap_4x4_n2_1fps_1sp_bb.json,ap
1687243307.322474000,1,rover_ap_4x4_n2_1fps_1sp_bb.json,ap
1687243307.322758000,2,rover_ap_4x4_n2_1fps_1sp_bb.json,ap
1687243307.323044000,3,rover_ap_4x4_n2_1fps_1sp_bb.json,ap
1687243307.323320000,4,rover_ap_4x4_n2_1fps_1sp_bb.json,ap
1687243307.323598000,5,rover_ap_4x4_n2_1fps_1sp_bb.json,ap
1687243307.323883000,6,rover_ap_4x4_n2_1fps_1sp_bb.json,ap
1687243307.756217000,0,rover_ap_4x4_n2_1fps_1sp_bb.json,ap
1687243307.756491000,1,rover_ap_4x4_n2_1fps_1sp_bb.json,ap
1687243307.756758000,2,rover_ap_4x4_n2_1fps_1sp_bb.json,ap
1687243307.757012000,3,rover_ap_4x4_n2_1fps_1sp_bb.json,ap
1687243307.757264000,4,rover_ap_4x4_n2_1fps_1sp_bb.json,ap
1687243307.757522000,5,rover_ap_4x4_n2_1fps_1sp_bb.json,ap
1687243307.757798000,6,rover_ap_4x4_n2_1fps_1sp_bb.json,ap
1687243307.758070000,7,rover_ap_4x4_n2_1fps_1sp_bb.json,ap
1687243307.758508000,8,rover_ap_4x4_n2_1fps_1sp_bb.json,ap
1687243307.758784000,9,rover_ap_4x4_n2_1fps_1sp_bb.json,ap
1687243308.345285000,0,rover_ap_4x4_n2_1fps_1sp_bb.json,ap
1687243308.345567000,1,rover_ap_4x4_n2_1fps_1sp_bb.json,ap
1687243308.345908000,2,rover_ap_4x4_n2_1fps_1sp_bb.json,ap
1687243308.346183000,3,rover_ap_4x4_n2_1fps_1sp_bb.json,ap
1687243308.346446000,4,rover_ap_4x4_n2_1fps_1sp_bb.json,ap
1687243308.346723000,5,rover_ap_4x4_n2_1fps_1sp_bb.json,ap
1687243308.346988000,6,rover_ap_4x4_n2_1fps_1sp_bb.json,ap
1687243308.347691000,7,rover_ap_4x4_n2_1fps_1sp_bb.json,ap
1687243308.348019000,8,rover_ap_4x4_n2_1fps_1sp_bb.json,ap
1687243308.779160000,0,rover_ap_4x4_n2_1fps_1sp_bb.json,ap
1687243308.779440000,1,rover_ap_4x4_n2_1fps_1sp_bb.json,ap
1687243308.779709000,2,rover_ap_4x4_n2_1fps_1sp_bb.json,ap
1687243308.779983000,3,rover_ap_4x4_n2_1fps_1sp_bb.json,ap
1687243308.780250000,4,rover_ap_4x4_n2_1fps_1sp_bb.json,ap
1687243308.780520000,5,rover_ap_4x4_n2_1fps_1sp_bb.json,ap
1687243308.780796000,6,rover_ap_4x4_n2_1fps_1sp_bb.json,ap
1687243308.781065000,7,rover_ap_4x4_n2_1fps_1sp_bb.json,ap
1687243308.781516000,8,rover_ap_4x4_n2_1fps_1sp_bb.json,ap
1687243309.372215000,0,rover_ap_4x4_n2_1fps_1sp_bb.json,ap
1687243309.372505000,1,rover_ap_4x4_n2_1fps_1sp_bb.json,ap
1687243309.372772000,2,rover_ap_4x4_n2_1fps_1sp_bb.json,ap
1687243309.373048000,3,rover_ap_4x4_n2_1fps_1sp_bb.json,ap
1687243309.373322000,4,rover_ap_4x4_n2_1fps_1sp_bb.json,ap
1687243309.373592000,5,rover_ap_4x4_n2_1fps_1sp_bb.json,ap
1687243309.373867000,6,rover_ap_4x4_n2_1fps_1sp_bb.json,ap
1687243309.374144000,7,rover_ap_4x4_n2_1fps_1sp_bb.json,ap
1687243309.374413000,8,rover_ap_4x4_n2_1fps_1sp_bb.json,ap
1687243309.374780000,9,rover_ap_4x4_n2_1fps_1sp_bb.json,ap
1687243309.375062000,10,rover_ap_4x4_n2_1fps_1sp_bb.json,ap
1687243309.375350000,11,rover_ap_4x4_n2_1fps_1sp_bb.json,ap
1687243309.375623000,12,rover_ap_4x4_n2_1fps_1sp_bb.json,ap
1687243309.799582000,0,rover_ap_4x4_n2_1fps_1sp_bb.json,ap
1687243309.799863000,1,rover_ap_4x4_n2_1fps_1sp_bb.json,ap
1687243309.800128000,2,rover_ap_4x4_n2_1fps_1sp_bb.json,ap
1687243309.800400000,3,rover_ap_4x4_n2_1fps_1sp_bb.json,ap
1687243309.800661000,4,rover_ap_4x4_n2_1fps_1sp_bb.json,ap
1687243309.800926000,5,rover_ap_4x4_n2_1fps_1sp_bb.json,ap
1687243309.801190000,6,rover_ap_4x4_n2_1fps_1sp_bb.json,ap
1687243309.801467000,7,rover_ap_4x4_n2_1fps_1sp_bb.json,ap
1687243309.801900000,8,rover_ap_4x4_n2_1fps_1sp_bb.json,ap
1687243310.395570000,0,rover_ap_4x4_n2_1fps_1sp_bb.json,ap
1687243310.395910000,1,rover_ap_4x4_n2_1fps_1sp_bb.json,ap
1687243310.396176000,2,rover_ap_4x4_n2_1fps_1sp_bb.json,ap
1687243310.396440000,3,rover_ap_4x4_n2_1fps_1sp_bb.json,ap
1687243310.396705000,4,rover_ap_4x4_n2_1fps_1sp_bb.json,ap
1687243310.396960000,5,rover_ap_4x4_n2_1fps_1sp_bb.json,ap
1687243310.397227000,6,rover_ap_4x4_n2_1fps_1sp_bb.json,ap
1687243310.397857000,7,rover_ap_4x4_n2_1fps_1sp_bb.json,ap
1687243310.398148000,8,rover_ap_4x4_n2_1fps_1sp_bb.json,ap
1687243310.398410000,9,rover_ap_4x4_n2_1fps_1sp_bb.json,ap
1687243310.398685000,10,rover_ap_4x4_n2_1fps_1sp_bb.json,ap
1687243310.398989000,11,rover_ap_4x4_n2_1fps_1sp_bb.json,ap
1687243310.399269000,12,rover_ap_4x4_n2_1fps_1sp_bb.json,ap
1687243310.399541000,13,rover_ap_4x4_n2_1fps_1sp_bb.json,ap
1687243310.399816000,14,rover_ap_4x4_n2_1fps_1sp_bb.json,ap
1687243310.400090000,15,rover_ap_4x4_n2_1fps_1sp_bb.json,ap
1687243310.822942000,0,rover_ap_4x4_n2_1fps_1sp_bb.json,ap
1687243310.823216000,1,rover_ap_4x4_n2_1fps_1sp_bb.json,ap
1687243310.823479000,2,rover_ap_4x4_n2_1fps_1sp_bb.json,ap
1687243310.823770000,3,rover_ap_4x4_n2_1fps_1sp_bb.json,ap
1687243310.824056000,4,rover_ap_4x4_n2_1fps_1sp_bb.json,ap
1687243310.824333000,5,rover_ap_4x4_n2_1fps_1sp_bb.json,ap
1687243310.824614000,6,rover_ap_4x4_n2_1fps_1sp_bb.json,ap
1687243310.824895000,7,rover_ap_4x4_n2_1fps_1sp_bb.json,ap
1687243310.825308000,8,rover_ap_4x4_n2_1fps_1sp_bb.json,ap
1687243310.825619000,9,rover_ap_4x4_n2_1fps_1sp_bb.json,ap
1687243310.826817000,10,rover_ap_4x4_n2_1fps_1sp_bb.json,ap
1687243311.424377000,0,rover_ap_4x4_n2_1fps_1sp_bb.json,ap
1687243311.424666000,1,rover_ap_4x4_n2_1fps_1sp_bb.json,ap
1687243311.424954000,2,rover_ap_4x4_n2_1fps_1sp_bb.json,ap
1687243311.425226000,3,rover_ap_4x4_n2_1fps_1sp_bb.json,ap
1687243311.425506000,4,rover_ap_4x4_n2_1fps_1sp_bb.json,ap
1687243311.425865000,5,rover_ap_4x4_n2_1fps_1sp_bb.json,ap
1687243311.426168000,6,rover_ap_4x4_n2_1fps_1sp_bb.json,ap
1687243311.426435000,7,rover_ap_4x4_n2_1fps_1sp_bb.json,ap
1687243311.426717000,8,rover_ap_4x4_n2_1fps_1sp_bb.json,ap
1687243311.426995000,9,rover_ap_4x4_n2_1fps_1sp_bb.json,ap
1687243311.427278000,10,rover_ap_4x4_n2_1fps_1sp_bb.json,ap
1687243311.427637000,11,rover_ap_4x4_n2_1fps_1sp_bb.json,ap
1687243311.427918000,12,rover_ap_4x4_n2_1fps_1sp_bb.json,ap
1687243311.849124000,0,rover_ap_4x4_n2_1fps_1sp_bb.json,ap
1687243311.849471000,1,rover_ap_4x4_n2_1fps_1sp_bb.json,ap
1687243311.849758000,2,rover_ap_4x4_n2_1fps_1sp_bb.json,ap
1687243311.850088000,3,rover_ap_4x4_n2_1fps_1sp_bb.json,ap
1687243311.850362000,4,rover_ap_4x4_n2_1fps_1sp_bb.json,ap
1687243311.850685000,5,rover_ap_4x4_n2_1fps_1sp_bb.json,ap
1687243311.850975000,6,rover_ap_4x4_n2_1fps_1sp_bb.json,ap
1687243312.447613000,0,rover_ap_4x4_n2_1fps_1sp_bb.json,ap
1687243312.447877000,1,rover_ap_4x4_n2_1fps_1sp_bb.json,ap
1687243312.448141000,2,rover_ap_4x4_n2_1fps_1sp_bb.json,ap
1687243312.448400000,3,rover_ap_4x4_n2_1fps_1sp_bb.json,ap
1687243312.448677000,4,rover_ap_4x4_n2_1fps_1sp_bb.json,ap
1687243312.448938000,5,rover_ap_4x4_n2_1fps_1sp_bb.json,ap
1687243312.449195000,6,rover_ap_4x4_n2_1fps_1sp_bb.json,ap
1687243312.450170000,7,rover_ap_4x4_n2_1fps_1sp_bb.json,ap
1687243312.450479000,8,rover_ap_4x4_n2_1fps_1sp_bb.json,ap
1687243312.872300000,0,rover_ap_4x4_n2_1fps_1sp_bb.json,ap
1687243312.872603000,1,rover_ap_4x4_n2_1fps_1sp_bb.json,ap
1687243312.872896000,2,rover_ap_4x4_n2_1fps_1sp_bb.json,ap
1687243312.873173000,3,rover_ap_4x4_n2_1fps_1sp_bb.json,ap
1687243312.873457000,4,rover_ap_4x4_n2_1fps_1sp_bb.json,ap
1687243312.873744000,5,rover_ap_4x4_n2_1fps_1sp_bb.json,ap
1687243312.874040000,6,rover_ap_4x4_n2_1fps_1sp_bb.json,ap
1687243312.874500000,7,rover_ap_4x4_n2_1fps_1sp_bb.json,ap
1687243312.874798000,8,rover_ap_4x4_n2_1fps_1sp_bb.json,ap
1687243312.875083000,9,rover_ap_4x4_n2_1fps_1sp_bb.json,ap
1687243312.875359000,10,rover_ap_4x4_n2_1fps_1sp_bb.json,ap
1687243312.875660000,11,rover_ap_4x4_n2_1fps_1sp_bb.json,ap
1687243312.876098000,12,rover_ap_4x4_n2_1fps_1sp_bb.json,ap
1687243313.471470000,0,rover_ap_4x4_n2_1fps_1sp_bb.json,ap
1687243313.471813000,1,rover_ap_4x4_n2_1fps_1sp_bb.json,ap
1687243313.472128000,2,rover_ap_4x4_n2_1fps_1sp_bb.json,ap
1687243313.472429000,3,rover_ap_4x4_n2_1fps_1sp_bb.json,ap
1687243313.472896000,4,rover_ap_4x4_n2_1fps_1sp_bb.json,ap
1687243313.473461000,5,rover_ap_4x4_n2_1fps_1sp_bb.json,ap
1687243313.473816000,6,rover_ap_4x4_n2_1fps_1sp_bb.json,ap
1687243313.474152000,7,rover_ap_4x4_n2_1fps_1sp_bb.json,ap
1687243313.474503000,8,rover_ap_4x4_n2_1fps_1sp_bb.json,ap
1687243313.474800000,9,rover_ap_4x4_n2_1fps_1sp_bb.json,ap
1687243313.899917000,0,rover_ap_4x4_n2_1fps_1sp_bb.json,ap
1687243313.900282000,1,rover_ap_4x4_n2_1fps_1sp_bb.json,ap
1687243313.900560000,2,rover_ap_4x4_n2_1fps_1sp_bb.json,ap
1687243313.900839000,3,rover_ap_4x4_n2_1fps_1sp_bb.json,ap
1687243313.901112000,4,rover_ap_4x4_n2_1fps_1sp_bb.json,ap
1687243313.901467000,5,rover_ap_4x4_n2_1fps_1sp_bb.json,ap
1687243313.901737000,6,rover_ap_4x4_n2_1fps_1sp_bb.json,ap
1687243313.902123000,7,rover_ap_4x4_n2_1fps_1sp_bb.json,ap
1687243313.902536000,8,rover_ap_4x4_n2_1fps_1sp_bb.json,ap
1687243313.903690000,9,rover_ap_4x4_n2_1fps_1sp_bb.json,ap
1687243314.498459000,0,rover_ap_4x4_n2_1fps_1sp_bb.json,ap
1687243314.498737000,1,rover_ap_4x4_n2_1fps_1sp_bb.json,ap
1687243314.499000000,2,rover_ap_4x4_n2_1fps_1sp_bb.json,ap
1687243314.499264000,3,rover_ap_4x4_n2_1fps_1sp_bb.json,ap
1687243314.499527000,4,rover_ap_4x4_n2_1fps_1sp_bb.json,ap
1687243314.499787000,5,rover_ap_4x4_n2_1fps_1sp_bb.json,ap
1687243314.500049000,6,rover_ap_4x4_n2_1fps_1sp_bb.json,ap
1687243314.500592000,7,rover_ap_4x4_n2_1fps_1sp_bb.json,ap
1687243314.500897000,8,rover_ap_4x4_n2_1fps_1sp_bb.json,ap
1687243314.501180000,9,rover_ap_4x4_n2_1fps_1sp_bb.json,ap
1687243314.501453000,10,rover_ap_4x4_n2_1fps_1sp_bb.json,ap
1687243314.924623000,0,rover_ap_4x4_n2_1fps_1sp_bb.json,ap
1687243314.924893000,1,rover_ap_4x4_n2_1fps_1sp_bb.json,ap
1687243314.925162000,2,rover_ap_4x4_n2_1fps_1sp_bb.json,ap
1687243314.925414000,3,rover_ap_4x4_n2_1fps_1sp_bb.json,ap
1687243314.925837000,4,rover_ap_4x4_n2_1fps_1sp_bb.json,ap
1687243314.926152000,5,rover_ap_4x4_n2_1fps_1sp_bb.json,ap
1687243314.926533000,6,rover_ap_4x4_n2_1fps_1sp_bb.json,ap
1687243314.926816000,7,rover_ap_4x4_n2_1fps_1sp_bb.json,ap
1687243315.519920000,0,rover_ap_4x4_n2_1fps_1sp_bb.json,ap
1687243315.520718000,1,rover_ap_4x4_n2_1fps_1sp_bb.json,ap
1687243315.521007000,2,rover_ap_4x4_n2_1fps_1sp_bb.json,ap
1687243315.521283000,3,rover_ap_4x4_n2_1fps_1sp_bb.json,ap
1687243315.521578000,4,rover_ap_4x4_n2_1fps_1sp_bb.json,ap
1687243315.521861000,5,rover_ap_4x4_n2_1fps_1sp_bb.json,ap
1687243315.522136000,6,rover_ap_4x4_n2_1fps_1sp_bb.json,ap
1687243315.522422000,7,rover_ap_4x4_n2_1fps_1sp_bb.json,ap
1687243315.522702000,8,rover_ap_4x4_n2_1fps_1sp_bb.json,ap
1687243315.522971000,9,rover_ap_4x4_n2_1fps_1sp_bb.json,ap
1687243315.523243000,10,rover_ap_4x4_n2_1fps_1sp_bb.json,ap
1687243315.523522000,11,rover_ap_4x4_n2_1fps_1sp_bb.json,ap
1687243315.523801000,12,rover_ap_4x4_n2_1fps_1sp_bb.json,ap
1687243315.946451000,0,rover_ap_4x4_n2_1fps_1sp_bb.json,ap
1687243315.946740000,1,rover_ap_4x4_n2_1fps_1sp_bb.json,ap
1687243315.947070000,2,rover_ap_4x4_n2_1fps_1sp_bb.json,ap
1687243315.947431000,3,rover_ap_4x4_n2_1fps_1sp_bb.json,ap
1687243315.947786000,4,rover_ap_4x4_n2_1fps_1sp_bb.json,ap
1687243315.948142000,5,rover_ap_4x4_n2_1fps_1sp_bb.json,ap
1687243315.948520000,6,rover_ap_4x4_n2_1fps_1sp_bb.json,ap
1687243316.544234000,0,rover_ap_4x4_n2_1fps_1sp_bb.json,ap
1687243316.544509000,1,rover_ap_4x4_n2_1fps_1sp_bb.json,ap
1687243316.544800000,2,rover_ap_4x4_n2_1fps_1sp_bb.json,ap
1687243316.545663000,3,rover_ap_4x4_n2_1fps_1sp_bb.json,ap
1687243316.546085000,4,rover_ap_4x4_n2_1fps_1sp_bb.json,ap
1687243316.546364000,5,rover_ap_4x4_n2_1fps_1sp_bb.json,ap
1687243316.546649000,6,rover_ap_4x4_n2_1fps_1sp_bb.json,ap
1687243316.546925000,7,rover_ap_4x4_n2_1fps_1sp_bb.json,ap
1687243316.547212000,8,rover_ap_4x4_n2_1fps_1sp_bb.json,ap
1687243316.547492000,9,rover_ap_4x4_n2_1fps_1sp_bb.json,ap
1687243316.547763000,10,rover_ap_4x4_n2_1fps_1sp_bb.json,ap
1687243316.548042000,11,rover_ap_4x4_n2_1fps_1sp_bb.json,ap
1687243316.548316000,12,rover_ap_4x4_n2_1fps_1sp_bb.json,ap
1687243316.969127000,0,rover_ap_4x4_n2_1fps_1sp_bb.json,ap
1687243316.969399000,1,rover_ap_4x4_n2_1fps_1sp_bb.json,ap
1687243316.969656000,2,rover_ap_4x4_n2_1fps_1sp_bb.json,ap
1687243316.969970000,3,rover_ap_4x4_n2_1fps_1sp_bb.json,ap
1687243316.970280000,4,rover_ap_4x4_n2_1fps_1sp_bb.json,ap
1687243316.970608000,5,rover_ap_4x4_n2_1fps_1sp_bb.json,ap
1687243316.970888000,6,rover_ap_4x4_n2_1fps_1sp_bb.json,ap
1687243316.971468000,7,rover_ap_4x4_n2_1fps_1sp_bb.json,ap
1687243316.971761000,8,rover_ap_4x4_n2_1fps_1sp_bb.json,ap
1687243316.972188000,9,rover_ap_4x4_n2_1fps_1sp_bb.json,ap
1687243316.972551000,10,rover_ap_4x4_n2_1fps_1sp_bb.json,ap
1687243316.972834000,11,rover_ap_4x4_n2_1fps_1sp_bb.json,ap
1687243316.973311000,12,rover_ap_4x4_n2_1fps_1sp_bb.json,ap
1687243317.569408000,0,rover_ap_4x4_n2_1fps_1sp_bb.json,ap
1687243317.569680000,1,rover_ap_4x4_n2_1fps_1sp_bb.json,ap
1687243317.569938000,2,rover_ap_4x4_n2_1fps_1sp_bb.json,ap
1687243317.570191000,3,rover_ap_4x4_n2_1fps_1sp_bb.json,ap
1687243317.570550000,4,rover_ap_4x4_n2_1fps_1sp_bb.json,ap
1687243317.570817000,5,rover_ap_4x4_n2_1fps_1sp_bb.json,ap
1687243317.571148000,6,rover_ap_4x4_n2_1fps_1sp_bb.json,ap
1687243317.571430000,7,rover_ap_4x4_n2_1fps_1sp_bb.json,ap
1687243317.572451000,8,rover_ap_4x4_n2_1fps_1sp_bb.json,ap
1687243317.996750000,0,rover_ap_4x4_n2_1fps_1sp_bb.json,ap
1687243317.997020000,1,rover_ap_4x4_n2_1fps_1sp_bb.json,ap
1687243317.997274000,2,rover_ap_4x4_n2_1fps_1sp_bb.json,ap
1687243317.997541000,3,rover_ap_4x4_n2_1fps_1sp_bb.json,ap
1687243317.997825000,4,rover_ap_4x4_n2_1fps_1sp_bb.json,ap
1687243317.998198000,5,rover_ap_4x4_n2_1fps_1sp_bb.json,ap
1687243317.998473000,6,rover_ap_4x4_n2_1fps_1sp_bb.json,ap
1687243317.998877000,7,rover_ap_4x4_n2_1fps_1sp_bb.json,ap
1687243317.999347000,8,rover_ap_4x4_n2_1fps_1sp_bb.json,ap
1687243317.999699000,9,rover_ap_4x4_n2_1fps_1sp_bb.json,ap
1687243317.999969000,10,rover_ap_4x4_n2_1fps_1sp_bb.json,ap
1687243318.000324000,11,rover_ap_4x4_n2_1fps_1sp_bb.json,ap
1687243318.591774000,0,rover_ap_4x4_n2_1fps_1sp_bb.json,ap
1687243318.592041000,1,rover_ap_4x4_n2_1fps_1sp_bb.json,ap
1687243318.592356000,2,rover_ap_4x4_n2_1fps_1sp_bb.json,ap
1687243318.592625000,3,rover_ap_4x4_n2_1fps_1sp_bb.json,ap
1687243318.592937000,4,rover_ap_4x4_n2_1fps_1sp_bb.json,ap
1687243318.593267000,5,rover_ap_4x4_n2_1fps_1sp_bb.json,ap
1687243318.593597000,6,rover_ap_4x4_n2_1fps_1sp_bb.json,ap
1687243318.593947000,7,rover_ap_4x4_n2_1fps_1sp_bb.json,ap
1687243319.021637000,0,rover_ap_4x4_n2_1fps_1sp_bb.json,ap
1687243319.021952000,1,rover_ap_4x4_n2_1fps_1sp_bb.json,ap
1687243319.022253000,2,rover_ap_4x4_n2_1fps_1sp_bb.json,ap
1687243319.022548000,3,rover_ap_4x4_n2_1fps_1sp_bb.json,ap
1687243319.022843000,4,rover_ap_4x4_n2_1fps_1sp_bb.json,ap
1687243319.023132000,5,rover_ap_4x4_n2_1fps_1sp_bb.json,ap
1687243319.023425000,6,rover_ap_4x4_n2_1fps_1sp_bb.json,ap
1687243319.023775000,7,rover_ap_4x4_n2_1fps_1sp_bb.json,ap
1687243319.024080000,8,rover_ap_4x4_n2_1fps_1sp_bb.json,ap
1687243319.024380000,9,rover_ap_4x4_n2_1fps_1sp_bb.json,ap
1687243319.024682000,10,rover_ap_4x4_n2_1fps_1sp_bb.json,ap
1687243319.024981000,11,rover_ap_4x4_n2_1fps_1sp_bb.json,ap
1687243319.025283000,12,rover_ap_4x4_n2_1fps_1sp_bb.json,ap
1687243319.025584000,13,rover_ap_4x4_n2_1fps_1sp_bb.json,ap
1687243319.025979000,14,rover_ap_4x4_n2_1fps_1sp_bb.json,ap
1687243319.026467000,15,rover_ap_4x4_n2_1fps_1sp_bb.json,ap
1687243319.026762000,16,rover_ap_4x4_n2_1fps_1sp_bb.json,ap
1687243319.615259000,0,rover_ap_4x4_n2_1fps_1sp_bb.json,ap
1687243319.615522000,1,rover_ap_4x4_n2_1fps_1sp_bb.json,ap
1687243319.615876000,2,rover_ap_4x4_n2_1fps_1sp_bb.json,ap
1687243319.616569000,3,rover_ap_4x4_n2_1fps_1sp_bb.json,ap
1687243319.617057000,4,rover_ap_4x4_n2_1fps_1sp_bb.json,ap
1687243319.617562000,5,rover_ap_4x4_n2_1fps_1sp_bb.json,ap
1687243319.618010000,6,rover_ap_4x4_n2_1fps_1sp_bb.json,ap
1687243320.045791000,0,rover_ap_4x4_n2_1fps_1sp_bb.json,ap
1687243320.046087000,1,rover_ap_4x4_n2_1fps_1sp_bb.json,ap
1687243320.046378000,2,rover_ap_4x4_n2_1fps_1sp_bb.json,ap
1687243320.046653000,3,rover_ap_4x4_n2_1fps_1sp_bb.json,ap
1687243320.046928000,4,rover_ap_4x4_n2_1fps_1sp_bb.json,ap
1687243320.047208000,5,rover_ap_4x4_n2_1fps_1sp_bb.json,ap
1687243320.047481000,6,rover_ap_4x4_n2_1fps_1sp_bb.json,ap
1687243320.047750000,7,rover_ap_4x4_n2_1fps_1sp_bb.json,ap
1687243320.048023000,8,rover_ap_4x4_n2_1fps_1sp_bb.json,ap
1687243320.048301000,9,rover_ap_4x4_n2_1fps_1sp_bb.json,ap
1687243320.048573000,10,rover_ap_4x4_n2_1fps_1sp_bb.json,ap
1687243320.048936000,11,rover_ap_4x4_n2_1fps_1sp_bb.json,ap
1687243320.049224000,12,rover_ap_4x4_n2_1fps_1sp_bb.json,ap
1687243320.049511000,13,rover_ap_4x4_n2_1fps_1sp_bb.json,ap
1687243320.049790000,14,rover_ap_4x4_n2_1fps_1sp_bb.json,ap
1687243320.638776000,0,rover_ap_4x4_n2_1fps_1sp_bb.json,ap
1687243320.639056000,1,rover_ap_4x4_n2_1fps_1sp_bb.json,ap
1687243320.639374000,2,rover_ap_4x4_n2_1fps_1sp_bb.json,ap
1687243320.639638000,3,rover_ap_4x4_n2_1fps_1sp_bb.json,ap
1687243320.639939000,4,rover_ap_4x4_n2_1fps_1sp_bb.json,ap
1687243320.640206000,5,rover_ap_4x4_n2_1fps_1sp_bb.json,ap
1687243320.640566000,6,rover_ap_4x4_n2_1fps_1sp_bb.json,ap
1687243320.640848000,7,rover_ap_4x4_n2_1fps_1sp_bb.json,ap
1687243320.641502000,8,rover_ap_4x4_n2_1fps_1sp_bb.json,ap
1687243320.641974000,9,rover_ap_4x4_n2_1fps_1sp_bb.json,ap
1687243320.642338000,10,rover_ap_4x4_n2_1fps_1sp_bb.json,ap
1687243320.642606000,11,rover_ap_4x4_n2_1fps_1sp_bb.json,ap
1687243320.643058000,12,rover_ap_4x4_n2_1fps_1sp_bb.json,ap
1687243321.071344000,0,rover_ap_4x4_n2_1fps_1sp_bb.json,ap
1687243321.071617000,1,rover_ap_4x4_n2_1fps_1sp_bb.json,ap
1687243321.071882000,2,rover_ap_4x4_n2_1fps_1sp_bb.json,ap
1687243321.072143000,3,rover_ap_4x4_n2_1fps_1sp_bb.json,ap
1687243321.072406000,4,rover_ap_4x4_n2_1fps_1sp_bb.json,ap
1687243321.072662000,5,rover_ap_4x4_n2_1fps_1sp_bb.json,ap
1687243321.072927000,6,rover_ap_4x4_n2_1fps_1sp_bb.json,ap
1687243321.073208000,7,rover_ap_4x4_n2_1fps_1sp_bb.json,ap
1687243321.073628000,8,rover_ap_4x4_n2_1fps_1sp_bb.json,ap
1687243321.663228000,0,rover_ap_4x4_n2_1fps_1sp_bb.json,ap
1687243321.663500000,1,rover_ap_4x4_n2_1fps_1sp_bb.json,ap
1687243321.663772000,2,rover_ap_4x4_n2_1fps_1sp_bb.json,ap
1687243321.664032000,3,rover_ap_4x4_n2_1fps_1sp_bb.json,ap
1687243321.664296000,4,rover_ap_4x4_n2_1fps_1sp_bb.json,ap
1687243321.664560000,5,rover_ap_4x4_n2_1fps_1sp_bb.json,ap
1687243321.664830000,6,rover_ap_4x4_n2_1fps_1sp_bb.json,ap
1687243321.665093000,7,rover_ap_4x4_n2_1fps_1sp_bb.json,ap
1687243321.665524000,8,rover_ap_4x4_n2_1fps_1sp_bb.json,ap
1687243321.665877000,9,rover_ap_4x4_n2_1fps_1sp_bb.json,ap
1687243321.666178000,10,rover_ap_4x4_n2_1fps_1sp_bb.json,ap
1687243321.666533000,11,rover_ap_4x4_n2_1fps_1sp_bb.json,ap
1687243321.666810000,12,rover_ap_4x4_n2_1fps_1sp_bb.json,ap
1687243322.093068000,0,rover_ap_4x4_n2_1fps_1sp_bb.json,ap
1687243322.093336000,1,rover_ap_4x4_n2_1fps_1sp_bb.json,ap
1687243322.093597000,2,rover_ap_4x4_n2_1fps_1sp_bb.json,ap
1687243322.093855000,3,rover_ap_4x4_n2_1fps_1sp_bb.json,ap
1687243322.094116000,4,rover_ap_4x4_n2_1fps_1sp_bb.json,ap
1687243322.094385000,5,rover_ap_4x4_n2_1fps_1sp_bb.json,ap
1687243322.094659000,6,rover_ap_4x4_n2_1fps_1sp_bb.json,ap
1687243322.095299000,7,rover_ap_4x4_n2_1fps_1sp_bb.json,ap
1687243322.095582000,8,rover_ap_4x4_n2_1fps_1sp_bb.json,ap
1687243322.096027000,9,rover_ap_4x4_n2_1fps_1sp_bb.json,ap
1687243322.096447000,10,rover_ap_4x4_n2_1fps_1sp_bb.json,ap
1687243322.096722000,11,rover_ap_4x4_n2_1fps_1sp_bb.json,ap
1687243322.096984000,12,rover_ap_4x4_n2_1fps_1sp_bb.json,ap
1687243322.688742000,0,rover_ap_4x4_n2_1fps_1sp_bb.json,ap
1687243322.689014000,1,rover_ap_4x4_n2_1fps_1sp_bb.json,ap
1687243322.689275000,2,rover_ap_4x4_n2_1fps_1sp_bb.json,ap
1687243322.689545000,3,rover_ap_4x4_n2_1fps_1sp_bb.json,ap
1687243322.689815000,4,rover_ap_4x4_n2_1fps_1sp_bb.json,ap
1687243322.690074000,5,rover_ap_4x4_n2_1fps_1sp_bb.json,ap
1687243322.690337000,6,rover_ap_4x4_n2_1fps_1sp_bb.json,ap
1687243322.690817000,7,rover_ap_4x4_n2_1fps_1sp_bb.json,ap
1687243322.691099000,8,rover_ap_4x4_n2_1fps_1sp_bb.json,ap
1687243322.691369000,9,rover_ap_4x4_n2_1fps_1sp_bb.json,ap
1687243322.691647000,10,rover_ap_4x4_n2_1fps_1sp_bb.json,ap
1687243323.115220000,0,rover_ap_4x4_n2_1fps_1sp_bb.json,ap
1687243323.115494000,1,rover_ap_4x4_n2_1fps_1sp_bb.json,ap
1687243323.115871000,2,rover_ap_4x4_n2_1fps_1sp_bb.json,ap
1687243323.116154000,3,rover_ap_4x4_n2_1fps_1sp_bb.json,ap
1687243323.116412000,4,rover_ap_4x4_n2_1fps_1sp_bb.json,ap
1687243323.116693000,5,rover_ap_4x4_n2_1fps_1sp_bb.json,ap
1687243323.116990000,6,rover_ap_4x4_n2_1fps_1sp_bb.json,ap
1687243323.117264000,7,rover_ap_4x4_n2_1fps_1sp_bb.json,ap
1687243323.117683000,8,rover_ap_4x4_n2_1fps_1sp_bb.json,ap
1687243323.117949000,9,rover_ap_4x4_n2_1fps_1sp_bb.json,ap
1687243323.710439000,0,rover_ap_4x4_n2_1fps_1sp_bb.json,ap
1687243323.710715000,1,rover_ap_4x4_n2_1fps_1sp_bb.json,ap
1687243323.710968000,2,rover_ap_4x4_n2_1fps_1sp_bb.json,ap
1687243323.711243000,3,rover_ap_4x4_n2_1fps_1sp_bb.json,ap
1687243323.711606000,4,rover_ap_4x4_n2_1fps_1sp_bb.json,ap
1687243323.711935000,5,rover_ap_4x4_n2_1fps_1sp_bb.json,ap
1687243323.712249000,6,rover_ap_4x4_n2_1fps_1sp_bb.json,ap
1687243323.712905000,7,rover_ap_4x4_n2_1fps_1sp_bb.json,ap
1687243323.713201000,8,rover_ap_4x4_n2_1fps_1sp_bb.json,ap
1687243324.137941000,0,rover_ap_4x4_n2_1fps_1sp_bb.json,ap
1687243324.138214000,1,rover_ap_4x4_n2_1fps_1sp_bb.json,ap
1687243324.138475000,2,rover_ap_4x4_n2_1fps_1sp_bb.json,ap
1687243324.138747000,3,rover_ap_4x4_n2_1fps_1sp_bb.json,ap
1687243324.139015000,4,rover_ap_4x4_n2_1fps_1sp_bb.json,ap
1687243324.139296000,5,rover_ap_4x4_n2_1fps_1sp_bb.json,ap
1687243324.139579000,6,rover_ap_4x4_n2_1fps_1sp_bb.json,ap
1687243324.140002000,7,rover_ap_4x4_n2_1fps_1sp_bb.json,ap
1687243324.140295000,8,rover_ap_4x4_n2_1fps_1sp_bb.json,ap
1687243324.140563000,9,rover_ap_4x4_n2_1fps_1sp_bb.json,ap
1687243324.732346000,0,rover_ap_4x4_n2_1fps_1sp_bb.json,ap
1687243324.732614000,1,rover_ap_4x4_n2_1fps_1sp_bb.json,ap
1687243324.732871000,2,rover_ap_4x4_n2_1fps_1sp_bb.json,ap
1687243324.733128000,3,rover_ap_4x4_n2_1fps_1sp_bb.json,ap
1687243324.733392000,4,rover_ap_4x4_n2_1fps_1sp_bb.json,ap
1687243324.733653000,5,rover_ap_4x4_n2_1fps_1sp_bb.json,ap
1687243324.733924000,6,rover_ap_4x4_n2_1fps_1sp_bb.json,ap
1687243324.734564000,7,rover_ap_4x4_n2_1fps_1sp_bb.json,ap
1687243324.734841000,8,rover_ap_4x4_n2_1fps_1sp_bb.json,ap
1687243324.735104000,9,rover_ap_4x4_n2_1fps_1sp_bb.json,ap
1687243324.735361000,10,rover_ap_4x4_n2_1fps_1sp_bb.json,ap
1687243325.159328000,0,rover_ap_4x4_n2_1fps_1sp_bb.json,ap
1687243325.159604000,1,rover_ap_4x4_n2_1fps_1sp_bb.json,ap
1687243325.159873000,2,rover_ap_4x4_n2_1fps_1sp_bb.json,ap
1687243325.160126000,3,rover_ap_4x4_n2_1fps_1sp_bb.json,ap
1687243325.160396000,4,rover_ap_4x4_n2_1fps_1sp_bb.json,ap
1687243325.160684000,5,rover_ap_4x4_n2_1fps_1sp_bb.json,ap
1687243325.160960000,6,rover_ap_4x4_n2_1fps_1sp_bb.json,ap
1687243325.161511000,7,rover_ap_4x4_n2_1fps_1sp_bb.json,ap
1687243325.161808000,8,rover_ap_4x4_n2_1fps_1sp_bb.json,ap
1687243325.162074000,9,rover_ap_4x4_n2_1fps_1sp_bb.json,ap
1687243325.162349000,10,rover_ap_4x4_n2_1fps_1sp_bb.json,ap
1687243325.754750000,0,rover_ap_4x4_n2_1fps_1sp_bb.json,ap
1687243325.755017000,1,rover_ap_4x4_n2_1fps_1sp_bb.json,ap
1687243325.755276000,2,rover_ap_4x4_n2_1fps_1sp_bb.json,ap
1687243325.755559000,3,rover_ap_4x4_n2_1fps_1sp_bb.json,ap
1687243325.755923000,4,rover_ap_4x4_n2_1fps_1sp_bb.json,ap
1687243325.756243000,5,rover_ap_4x4_n2_1fps_1sp_bb.json,ap
1687243325.756534000,6,rover_ap_4x4_n2_1fps_1sp_bb.json,ap
1687243325.756956000,7,rover_ap_4x4_n2_1fps_1sp_bb.json,ap
1687243325.757244000,8,rover_ap_4x4_n2_1fps_1sp_bb.json,ap
1687243325.757512000,9,rover_ap_4x4_n2_1fps_1sp_bb.json,ap
1687243325.757769000,10,rover_ap_4x4_n2_1fps_1sp_bb.json,ap
1687243325.758038000,11,rover_ap_4x4_n2_1fps_1sp_bb.json,ap
1687243325.758309000,12,rover_ap_4x4_n2_1fps_1sp_bb.json,ap
1687243326.180076000,0,rover_ap_4x4_n2_1fps_1sp_bb.json,ap
1687243326.180344000,1,rover_ap_4x4_n2_1fps_1sp_bb.json,ap
1687243326.180610000,2,rover_ap_4x4_n2_1fps_1sp_bb.json,ap
1687243326.180872000,3,rover_ap_4x4_n2_1fps_1sp_bb.json,ap
1687243326.181147000,4,rover_ap_4x4_n2_1fps_1sp_bb.json,ap
1687243326.181493000,5,rover_ap_4x4_n2_1fps_1sp_bb.json,ap
1687243326.181836000,6,rover_ap_4x4_n2_1fps_1sp_bb.json,ap
1687243326.182188000,7,rover_ap_4x4_n2_1fps_1sp_bb.json,ap
1687243326.182676000,8,rover_ap_4x4_n2_1fps_1sp_bb.json,ap
1687243326.777777000,0,rover_ap_4x4_n2_1fps_1sp_bb.json,ap
1687243326.778058000,1,rover_ap_4x4_n2_1fps_1sp_bb.json,ap
1687243326.778338000,2,rover_ap_4x4_n2_1fps_1sp_bb.json,ap
1687243326.778607000,3,rover_ap_4x4_n2_1fps_1sp_bb.json,ap
1687243326.778875000,4,rover_ap_4x4_n2_1fps_1sp_bb.json,ap
1687243326.779138000,5,rover_ap_4x4_n2_1fps_1sp_bb.json,ap
1687243326.779409000,6,rover_ap_4x4_n2_1fps_1sp_bb.json,ap
1687243326.779931000,7,rover_ap_4x4_n2_1fps_1sp_bb.json,ap
1687243326.780210000,8,rover_ap_4x4_n2_1fps_1sp_bb.json,ap
1687243326.780489000,9,rover_ap_4x4_n2_1fps_1sp_bb.json,ap
1687243326.780752000,10,rover_ap_4x4_n2_1fps_1sp_bb.json,ap
1687243326.781024000,11,rover_ap_4x4_n2_1fps_1sp_bb.json,ap
1687243327.204435000,0,rover_ap_4x4_n2_1fps_1sp_bb.json,ap
1687243327.204716000,1,rover_ap_4x4_n2_1fps_1sp_bb.json,ap
1687243327.204993000,2,rover_ap_4x4_n2_1fps_1sp_bb.json,ap
1687243327.205257000,3,rover_ap_4x4_n2_1fps_1sp_bb.json,ap
1687243327.205525000,4,rover_ap_4x4_n2_1fps_1sp_bb.json,ap
1687243327.205926000,5,rover_ap_4x4_n2_1fps_1sp_bb.json,ap
1687243327.206322000,6,rover_ap_4x4_n2_1fps_1sp_bb.json,ap
1687243327.206588000,7,rover_ap_4x4_n2_1fps_1sp_bb.json,ap
1687243327.206857000,8,rover_ap_4x4_n2_1fps_1sp_bb.json,ap
1687243327.207124000,9,rover_ap_4x4_n2_1fps_1sp_bb.json,ap
1687243327.207388000,10,rover_ap_4x4_n2_1fps_1sp_bb.json,ap
1687243327.207681000,11,rover_ap_4x4_n2_1fps_1sp_bb.json,ap
1687243327.207969000,12,rover_ap_4x4_n2_1fps_1sp_bb.json,ap
1687243327.797125000,0,rover_ap_4x4_n2_1fps_1sp_bb.json,ap
1687243327.797405000,1,rover_ap_4x4_n2_1fps_1sp_bb.json,ap
1687243327.797681000,2,rover_ap_4x4_n2_1fps_1sp_bb.json,ap
1687243327.797951000,3,rover_ap_4x4_n2_1fps_1sp_bb.json,ap
1687243327.798231000,4,rover_ap_4x4_n2_1fps_1sp_bb.json,ap
1687243327.799337000,5,rover_ap_4x4_n2_1fps_1sp_bb.json,ap
1687243327.799628000,6,rover_ap_4x4_n2_1fps_1sp_bb.json,ap
1687243328.229207000,0,rover_ap_4x4_n2_1fps_1sp_bb.json,ap
1687243328.229552000,1,rover_ap_4x4_n2_1fps_1sp_bb.json,ap
1687243328.230453000,2,rover_ap_4x4_n2_1fps_1sp_bb.json,ap
1687243328.230745000,3,rover_ap_4x4_n2_1fps_1sp_bb.json,ap
1687243328.231139000,4,rover_ap_4x4_n2_1fps_1sp_bb.json,ap
1687243328.231407000,5,rover_ap_4x4_n2_1fps_1sp_bb.json,ap
1687243328.231769000,6,rover_ap_4x4_n2_1fps_1sp_bb.json,ap
1687243328.232043000,7,rover_ap_4x4_n2_1fps_1sp_bb.json,ap
1687243328.232318000,8,rover_ap_4x4_n2_1fps_1sp_bb.json,ap
1687243328.232725000,9,rover_ap_4x4_n2_1fps_1sp_bb.json,ap
1687243328.233256000,10,rover_ap_4x4_n2_1fps_1sp_bb.json,ap
1687243328.233551000,11,rover_ap_4x4_n2_1fps_1sp_bb.json,ap
1687243328.233829000,12,rover_ap_4x4_n2_1fps_1sp_bb.json,ap
1687243328.234209000,13,rover_ap_4x4_n2_1fps_1sp_bb.json,ap
1687243328.234604000,14,rover_ap_4x4_n2_1fps_1sp_bb.json,ap
1687243328.234884000,15,rover_ap_4x4_n2_1fps_1sp_bb.json,ap
1687243328.235261000,16,rover_ap_4x4_n2_1fps_1sp_bb.json,ap
1687243328.235535000,17,rover_ap_4x4_n2_1fps_1sp_bb.json,ap
1687243328.235967000,18,rover_ap_4x4_n2_1fps_1sp_bb.json,ap
1687243328.236248000,19,rover_ap_4x4_n2_1fps_1sp_bb.json,ap
1687243328.236601000,20,rover_ap_4x4_n2_1fps_1sp_bb.json,ap
1687243328.236869000,21,rover_ap_4x4_n2_1fps_1sp_bb.json,ap
1687243328.237154000,22,rover_ap_4x4_n2_1fps_1sp_bb.json,ap
1687243328.237518000,23,rover_ap_4x4_n2_1fps_1sp_bb.json,ap
1687243328.821982000,0,rover_ap_4x4_n2_1fps_1sp_bb.json,ap
1687243328.822249000,1,rover_ap_4x4_n2_1fps_1sp_bb.json,ap
1687243328.822511000,2,rover_ap_4x4_n2_1fps_1sp_bb.json,ap
1687243328.822772000,3,rover_ap_4x4_n2_1fps_1sp_bb.json,ap
1687243328.823029000,4,rover_ap_4x4_n2_1fps_1sp_bb.json,ap
1687243328.823290000,5,rover_ap_4x4_n2_1fps_1sp_bb.json,ap
1687243328.823542000,6,rover_ap_4x4_n2_1fps_1sp_bb.json,ap
1687243328.823814000,7,rover_ap_4x4_n2_1fps_1sp_bb.json,ap
1687243328.824210000,8,rover_ap_4x4_n2_1fps_1sp_bb.json,ap
1687243329.262370000,0,rover_ap_4x4_n2_1fps_1sp_bb.json,ap
1687243329.262642000,1,rover_ap_4x4_n2_1fps_1sp_bb.json,ap
1687243329.262932000,2,rover_ap_4x4_n2_1fps_1sp_bb.json,ap
1687243329.263216000,3,rover_ap_4x4_n2_1fps_1sp_bb.json,ap
1687243329.263489000,4,rover_ap_4x4_n2_1fps_1sp_bb.json,ap
1687243329.263771000,5,rover_ap_4x4_n2_1fps_1sp_bb.json,ap
1687243329.264048000,6,rover_ap_4x4_n2_1fps_1sp_bb.json,ap
1687243329.264315000,7,rover_ap_4x4_n2_1fps_1sp_bb.json,ap
1687243329.264742000,8,rover_ap_4x4_n2_1fps_1sp_bb.json,ap
1687243329.265027000,9,rover_ap_4x4_n2_1fps_1sp_bb.json,ap
1687243329.843049000,0,rover_ap_4x4_n2_1fps_1sp_bb.json,ap
1687243329.843316000,1,rover_ap_4x4_n2_1fps_1sp_bb.json,ap
1687243329.843576000,2,rover_ap_4x4_n2_1fps_1sp_bb.json,ap
1687243329.843834000,3,rover_ap_4x4_n2_1fps_1sp_bb.json,ap
1687243329.844113000,4,rover_ap_4x4_n2_1fps_1sp_bb.json,ap
1687243329.844451000,5,rover_ap_4x4_n2_1fps_1sp_bb.json,ap
1687243329.844737000,6,rover_ap_4x4_n2_1fps_1sp_bb.json,ap
1687243329.845295000,7,rover_ap_4x4_n2_1fps_1sp_bb.json,ap
1687243329.845584000,8,rover_ap_4x4_n2_1fps_1sp_bb.json,ap
1687243330.285479000,0,rover_ap_4x4_n2_1fps_1sp_bb.json,ap
1687243330.285897000,1,rover_ap_4x4_n2_1fps_1sp_bb.json,ap
1687243330.286457000,2,rover_ap_4x4_n2_1fps_1sp_bb.json,ap
1687243330.287011000,3,rover_ap_4x4_n2_1fps_1sp_bb.json,ap
1687243330.287465000,4,rover_ap_4x4_n2_1fps_1sp_bb.json,ap
1687243330.864308000,0,rover_ap_4x4_n2_1fps_1sp_bb.json,ap
1687243330.864574000,1,rover_ap_4x4_n2_1fps_1sp_bb.json,ap
1687243330.864840000,2,rover_ap_4x4_n2_1fps_1sp_bb.json,ap
1687243330.865095000,3,rover_ap_4x4_n2_1fps_1sp_bb.json,ap
1687243330.865357000,4,rover_ap_4x4_n2_1fps_1sp_bb.json,ap
1687243330.865681000,5,rover_ap_4x4_n2_1fps_1sp_bb.json,ap
1687243330.866102000,6,rover_ap_4x4_n2_1fps_1sp_bb.json,ap
1687243330.866471000,7,rover_ap_4x4_n2_1fps_1sp_bb.json,ap
1687243330.867197000,8,rover_ap_4x4_n2_1fps_1sp_bb.json,ap
1687243331.307042000,0,rover_ap_4x4_n2_1fps_1sp_bb.json,ap
1687243331.307312000,1,rover_ap_4x4_n2_1fps_1sp_bb.json,ap
1687243331.307577000,2,rover_ap_4x4_n2_1fps_1sp_bb.json,ap
1687243331.307854000,3,rover_ap_4x4_n2_1fps_1sp_bb.json,ap
1687243331.308184000,4,rover_ap_4x4_n2_1fps_1sp_bb.json,ap
1687243331.308562000,5,rover_ap_4x4_n2_1fps_1sp_bb.json,ap
1687243331.308883000,6,rover_ap_4x4_n2_1fps_1sp_bb.json,ap
1687243331.309208000,7,rover_ap_4x4_n2_1fps_1sp_bb.json,ap
1687243331.309683000,8,rover_ap_4x4_n2_1fps_1sp_bb.json,ap
1687243331.309949000,9,rover_ap_4x4_n2_1fps_1sp_bb.json,ap
1687243331.884661000,0,rover_ap_4x4_n2_1fps_1sp_bb.json,ap
1687243331.884928000,1,rover_ap_4x4_n2_1fps_1sp_bb.json,ap
1687243331.885188000,2,rover_ap_4x4_n2_1fps_1sp_bb.json,ap
1687243331.885443000,3,rover_ap_4x4_n2_1fps_1sp_bb.json,ap
1687243331.885845000,4,rover_ap_4x4_n2_1fps_1sp_bb.json,ap
1687243331.886265000,5,rover_ap_4x4_n2_1fps_1sp_bb.json,ap
1687243331.886681000,6,rover_ap_4x4_n2_1fps_1sp_bb.json,ap
1687243331.886952000,7,rover_ap_4x4_n2_1fps_1sp_bb.json,ap
1687243332.332506000,0,rover_ap_4x4_n2_1fps_1sp_bb.json,ap
1687243332.332776000,1,rover_ap_4x4_n2_1fps_1sp_bb.json,ap
1687243332.333037000,2,rover_ap_4x4_n2_1fps_1sp_bb.json,ap
1687243332.333294000,3,rover_ap_4x4_n2_1fps_1sp_bb.json,ap
1687243332.333635000,4,rover_ap_4x4_n2_1fps_1sp_bb.json,ap
1687243332.333915000,5,rover_ap_4x4_n2_1fps_1sp_bb.json,ap
1687243332.334291000,6,rover_ap_4x4_n2_1fps_1sp_bb.json,ap
1687243332.334569000,7,rover_ap_4x4_n2_1fps_1sp_bb.json,ap
1687243332.906498000,0,rover_ap_4x4_n2_1fps_1sp_bb.json,ap
1687243332.906780000,1,rover_ap_4x4_n2_1fps_1sp_bb.json,ap
1687243332.907044000,2,rover_ap_4x4_n2_1fps_1sp_bb.json,ap
1687243332.907304000,3,rover_ap_4x4_n2_1fps_1sp_bb.json,ap
1687243332.907565000,4,rover_ap_4x4_n2_1fps_1sp_bb.json,ap
1687243332.907897000,5,rover_ap_4x4_n2_1fps_1sp_bb.json,ap
1687243332.908172000,6,rover_ap_4x4_n2_1fps_1sp_bb.json,ap
1687243333.353334000,0,rover_ap_4x4_n2_1fps_1sp_bb.json,ap
1687243333.353616000,1,rover_ap_4x4_n2_1fps_1sp_bb.json,ap
1687243333.353875000,2,rover_ap_4x4_n2_1fps_1sp_bb.json,ap
1687243333.354139000,3,rover_ap_4x4_n2_1fps_1sp_bb.json,ap
1687243333.354479000,4,rover_ap_4x4_n2_1fps_1sp_bb.json,ap
1687243333.354753000,5,rover_ap_4x4_n2_1fps_1sp_bb.json,ap
1687243333.355112000,6,rover_ap_4x4_n2_1fps_1sp_bb.json,ap
1687243333.355388000,7,rover_ap_4x4_n2_1fps_1sp_bb.json,ap
1687243333.929251000,0,rover_ap_4x4_n2_1fps_1sp_bb.json,ap
1687243333.929527000,1,rover_ap_4x4_n2_1fps_1sp_bb.json,ap
1687243333.929786000,2,rover_ap_4x4_n2_1fps_1sp_bb.json,ap
1687243333.930048000,3,rover_ap_4x4_n2_1fps_1sp_bb.json,ap
1687243333.930308000,4,rover_ap_4x4_n2_1fps_1sp_bb.json,ap
1687243333.930654000,5,rover_ap_4x4_n2_1fps_1sp_bb.json,ap
1687243333.931022000,6,rover_ap_4x4_n2_1fps_1sp_bb.json,ap
1687243333.931367000,7,rover_ap_4x4_n2_1fps_1sp_bb.json,ap
1687243333.931845000,8,rover_ap_4x4_n2_1fps_1sp_bb.json,ap
1687243333.932169000,9,rover_ap_4x4_n2_1fps_1sp_bb.json,ap
1687243334.376717000,0,rover_ap_4x4_n2_1fps_1sp_bb.json,ap
1687243334.377015000,1,rover_ap_4x4_n2_1fps_1sp_bb.json,ap
1687243334.377292000,2,rover_ap_4x4_n2_1fps_1sp_bb.json,ap
1687243334.377659000,3,rover_ap_4x4_n2_1fps_1sp_bb.json,ap
1687243334.377940000,4,rover_ap_4x4_n2_1fps_1sp_bb.json,ap
1687243334.378288000,5,rover_ap_4x4_n2_1fps_1sp_bb.json,ap
1687243334.378574000,6,rover_ap_4x4_n2_1fps_1sp_bb.json,ap
1687243334.378953000,7,rover_ap_4x4_n2_1fps_1sp_bb.json,ap
1687243334.379402000,8,rover_ap_4x4_n2_1fps_1sp_bb.json,ap
1687243334.379735000,9,rover_ap_4x4_n2_1fps_1sp_bb.json,ap
1687243334.952046000,0,rover_ap_4x4_n2_1fps_1sp_bb.json,ap
1687243334.952314000,1,rover_ap_4x4_n2_1fps_1sp_bb.json,ap
1687243334.952583000,2,rover_ap_4x4_n2_1fps_1sp_bb.json,ap
1687243334.952845000,3,rover_ap_4x4_n2_1fps_1sp_bb.json,ap
1687243334.953104000,4,rover_ap_4x4_n2_1fps_1sp_bb.json,ap
1687243334.953446000,5,rover_ap_4x4_n2_1fps_1sp_bb.json,ap
1687243334.953720000,6,rover_ap_4x4_n2_1fps_1sp_bb.json,ap
1687243334.954336000,7,rover_ap_4x4_n2_1fps_1sp_bb.json,ap
1687243334.954630000,8,rover_ap_4x4_n2_1fps_1sp_bb.json,ap
1687243334.955110000,9,rover_ap_4x4_n2_1fps_1sp_bb.json,ap
1687243335.400128000,0,rover_ap_4x4_n2_1fps_1sp_bb.json,ap
1687243335.400395000,1,rover_ap_4x4_n2_1fps_1sp_bb.json,ap
1687243335.400661000,2,rover_ap_4x4_n2_1fps_1sp_bb.json,ap
1687243335.400916000,3,rover_ap_4x4_n2_1fps_1sp_bb.json,ap
1687243335.401185000,4,rover_ap_4x4_n2_1fps_1sp_bb.json,ap
1687243335.401462000,5,rover_ap_4x4_n2_1fps_1sp_bb.json,ap
1687243335.401739000,6,rover_ap_4x4_n2_1fps_1sp_bb.json,ap
1687243335.402019000,7,rover_ap_4x4_n2_1fps_1sp_bb.json,ap
1687243335.402443000,8,rover_ap_4x4_n2_1fps_1sp_bb.json,ap
1687243335.402710000,9,rover_ap_4x4_n2_1fps_1sp_bb.json,ap
1687243335.402980000,10,rover_ap_4x4_n2_1fps_1sp_bb.json,ap
1687243335.403238000,11,rover_ap_4x4_n2_1fps_1sp_bb.json,ap
1687243335.403498000,12,rover_ap_4x4_n2_1fps_1sp_bb.json,ap
1687243335.403770000,13,rover_ap_4x4_n2_1fps_1sp_bb.json,ap
1687243335.404042000,14,rover_ap_4x4_n2_1fps_1sp_bb.json,ap
1687243335.404308000,15,rover_ap_4x4_n2_1fps_1sp_bb.json,ap
1687243335.404724000,16,rover_ap_4x4_n2_1fps_1sp_bb.json,ap
1687243335.975032000,0,rover_ap_4x4_n2_1fps_1sp_bb.json,ap
1687243335.975366000,1,rover_ap_4x4_n2_1fps_1sp_bb.json,ap
1687243335.975670000,2,rover_ap_4x4_n2_1fps_1sp_bb.json,ap
1687243335.976075000,3,rover_ap_4x4_n2_1fps_1sp_bb.json,ap
1687243335.976389000,4,rover_ap_4x4_n2_1fps_1sp_bb.json,ap
1687243335.976694000,5,rover_ap_4x4_n2_1fps_1sp_bb.json,ap
1687243335.977006000,6,rover_ap_4x4_n2_1fps_1sp_bb.json,ap
1687243335.977333000,7,rover_ap_4x4_n2_1fps_1sp_bb.json,ap
1687243335.977631000,8,rover_ap_4x4_n2_1fps_1sp_bb.json,ap
1687243335.977917000,9,rover_ap_4x4_n2_1fps_1sp_bb.json,ap
1687243336.426203000,0,rover_ap_4x4_n2_1fps_1sp_bb.json,ap
1687243336.426484000,1,rover_ap_4x4_n2_1fps_1sp_bb.json,ap
1687243336.426765000,2,rover_ap_4x4_n2_1fps_1sp_bb.json,ap
1687243336.427041000,3,rover_ap_4x4_n2_1fps_1sp_bb.json,ap
1687243336.427303000,4,rover_ap_4x4_n2_1fps_1sp_bb.json,ap
1687243336.427571000,5,rover_ap_4x4_n2_1fps_1sp_bb.json,ap
1687243336.427838000,6,rover_ap_4x4_n2_1fps_1sp_bb.json,ap
1687243336.428107000,7,rover_ap_4x4_n2_1fps_1sp_bb.json,ap
1687243336.428533000,8,rover_ap_4x4_n2_1fps_1sp_bb.json,ap
1687243336.996279000,0,rover_ap_4x4_n2_1fps_1sp_bb.json,ap
1687243336.996691000,1,rover_ap_4x4_n2_1fps_1sp_bb.json,ap
1687243336.997189000,2,rover_ap_4x4_n2_1fps_1sp_bb.json,ap
1687243336.997597000,3,rover_ap_4x4_n2_1fps_1sp_bb.json,ap
1687243336.997889000,4,rover_ap_4x4_n2_1fps_1sp_bb.json,ap
1687243336.998349000,5,rover_ap_4x4_n2_1fps_1sp_bb.json,ap
1687243337.448461000,0,rover_ap_4x4_n2_1fps_1sp_bb.json,ap
1687243337.448728000,1,rover_ap_4x4_n2_1fps_1sp_bb.json,ap
1687243337.449049000,2,rover_ap_4x4_n2_1fps_1sp_bb.json,ap
1687243337.449324000,3,rover_ap_4x4_n2_1fps_1sp_bb.json,ap
1687243337.449676000,4,rover_ap_4x4_n2_1fps_1sp_bb.json,ap
1687243337.449961000,5,rover_ap_4x4_n2_1fps_1sp_bb.json,ap
1687243337.450342000,6,rover_ap_4x4_n2_1fps_1sp_bb.json,ap
1687243337.450622000,7,rover_ap_4x4_n2_1fps_1sp_bb.json,ap
1687243337.451102000,8,rover_ap_4x4_n2_1fps_1sp_bb.json,ap
1687243337.451371000,9,rover_ap_4x4_n2_1fps_1sp_bb.json,ap
1687243337.451640000,10,rover_ap_4x4_n2_1fps_1sp_bb.json,ap
1687243338.020208000,0,rover_ap_4x4_n2_1fps_1sp_bb.json,ap
1687243338.020488000,1,rover_ap_4x4_n2_1fps_1sp_bb.json,ap
1687243338.020765000,2,rover_ap_4x4_n2_1fps_1sp_bb.json,ap
1687243338.021031000,3,rover_ap_4x4_n2_1fps_1sp_bb.json,ap
1687243338.021296000,4,rover_ap_4x4_n2_1fps_1sp_bb.json,ap
1687243338.021573000,5,rover_ap_4x4_n2_1fps_1sp_bb.json,ap
1687243338.021836000,6,rover_ap_4x4_n2_1fps_1sp_bb.json,ap
1687243338.022093000,7,rover_ap_4x4_n2_1fps_1sp_bb.json,ap
1687243338.023241000,8,rover_ap_4x4_n2_1fps_1sp_bb.json,ap
1687243338.023609000,9,rover_ap_4x4_n2_1fps_1sp_bb.json,ap
1687243338.023880000,10,rover_ap_4x4_n2_1fps_1sp_bb.json,ap
1687243338.024148000,11,rover_ap_4x4_n2_1fps_1sp_bb.json,ap
1687243338.024510000,12,rover_ap_4x4_n2_1fps_1sp_bb.json,ap
1687243338.024949000,13,rover_ap_4x4_n2_1fps_1sp_bb.json,ap
1687243338.473282000,0,rover_ap_4x4_n2_1fps_1sp_bb.json,ap
1687243338.473561000,1,rover_ap_4x4_n2_1fps_1sp_bb.json,ap
1687243338.473833000,2,rover_ap_4x4_n2_1fps_1sp_bb.json,ap
1687243338.474153000,3,rover_ap_4x4_n2_1fps_1sp_bb.json,ap
1687243338.474436000,4,rover_ap_4x4_n2_1fps_1sp_bb.json,ap
1687243338.474824000,5,rover_ap_4x4_n2_1fps_1sp_bb.json,ap
1687243338.475097000,6,rover_ap_4x4_n2_1fps_1sp_bb.json,ap
1687243339.044952000,0,rover_ap_4x4_n2_1fps_1sp_bb.json,ap
1687243339.045236000,1,rover_ap_4x4_n2_1fps_1sp_bb.json,ap
1687243339.045494000,2,rover_ap_4x4_n2_1fps_1sp_bb.json,ap
1687243339.045854000,3,rover_ap_4x4_n2_1fps_1sp_bb.json,ap
1687243339.046345000,4,rover_ap_4x4_n2_1fps_1sp_bb.json,ap
1687243339.046642000,5,rover_ap_4x4_n2_1fps_1sp_bb.json,ap
1687243339.046919000,6,rover_ap_4x4_n2_1fps_1sp_bb.json,ap
1687243339.047189000,7,rover_ap_4x4_n2_1fps_1sp_bb.json,ap
1687243339.047466000,8,rover_ap_4x4_n2_1fps_1sp_bb.json,ap
1687243339.047748000,9,rover_ap_4x4_n2_1fps_1sp_bb.json,ap
1687243339.494544000,0,rover_ap_4x4_n2_1fps_1sp_bb.json,ap
1687243339.494813000,1,rover_ap_4x4_n2_1fps_1sp_bb.json,ap
1687243339.495087000,2,rover_ap_4x4_n2_1fps_1sp_bb.json,ap
1687243339.495418000,3,rover_ap_4x4_n2_1fps_1sp_bb.json,ap
1687243339.495699000,4,rover_ap_4x4_n2_1fps_1sp_bb.json,ap
1687243339.496218000,5,rover_ap_4x4_n2_1fps_1sp_bb.json,ap
1687243339.496579000,6,rover_ap_4x4_n2_1fps_1sp_bb.json,ap
1687243339.496848000,7,rover_ap_4x4_n2_1fps_1sp_bb.json,ap
1687243340.071901000,0,rover_ap_4x4_n2_1fps_1sp_bb.json,ap
1687243340.072179000,1,rover_ap_4x4_n2_1fps_1sp_bb.json,ap
1687243340.072445000,2,rover_ap_4x4_n2_1fps_1sp_bb.json,ap
1687243340.072703000,3,rover_ap_4x4_n2_1fps_1sp_bb.json,ap
1687243340.072969000,4,rover_ap_4x4_n2_1fps_1sp_bb.json,ap
1687243340.073230000,5,rover_ap_4x4_n2_1fps_1sp_bb.json,ap
1687243340.073496000,6,rover_ap_4x4_n2_1fps_1sp_bb.json,ap
1687243340.073902000,7,rover_ap_4x4_n2_1fps_1sp_bb.json,ap
1687243340.074199000,8,rover_ap_4x4_n2_1fps_1sp_bb.json,ap
1687243340.074474000,9,rover_ap_4x4_n2_1fps_1sp_bb.json,ap
1687243340.074742000,10,rover_ap_4x4_n2_1fps_1sp_bb.json,ap
1687243340.075013000,11,rover_ap_4x4_n2_1fps_1sp_bb.json,ap
1687243340.075288000,12,rover_ap_4x4_n2_1fps_1sp_bb.json,ap
1687243340.519554000,0,rover_ap_4x4_n2_1fps_1sp_bb.json,ap
1687243340.519820000,1,rover_ap_4x4_n2_1fps_1sp_bb.json,ap
1687243340.520136000,2,rover_ap_4x4_n2_1fps_1sp_bb.json,ap
1687243340.520405000,3,rover_ap_4x4_n2_1fps_1sp_bb.json,ap
1687243340.520717000,4,rover_ap_4x4_n2_1fps_1sp_bb.json,ap
1687243340.520993000,5,rover_ap_4x4_n2_1fps_1sp_bb.json,ap
1687243340.521359000,6,rover_ap_4x4_n2_1fps_1sp_bb.json,ap
1687243340.521640000,7,rover_ap_4x4_n2_1fps_1sp_bb.json,ap
1687243340.522175000,8,rover_ap_4x4_n2_1fps_1sp_bb.json,ap
1687243340.522662000,9,rover_ap_4x4_n2_1fps_1sp_bb.json,ap
1687243341.096408000,0,rover_ap_4x4_n2_1fps_1sp_bb.json,ap
1687243341.096693000,1,rover_ap_4x4_n2_1fps_1sp_bb.json,ap
1687243341.096963000,2,rover_ap_4x4_n2_1fps_1sp_bb.json,ap
1687243341.097244000,3,rover_ap_4x4_n2_1fps_1sp_bb.json,ap
1687243341.097524000,4,rover_ap_4x4_n2_1fps_1sp_bb.json,ap
1687243341.097797000,5,rover_ap_4x4_n2_1fps_1sp_bb.json,ap
1687243341.098081000,6,rover_ap_4x4_n2_1fps_1sp_bb.json,ap
1687243341.098357000,7,rover_ap_4x4_n2_1fps_1sp_bb.json,ap
1687243341.098625000,8,rover_ap_4x4_n2_1fps_1sp_bb.json,ap
1687243341.098897000,9,rover_ap_4x4_n2_1fps_1sp_bb.json,ap
1687243341.099168000,10,rover_ap_4x4_n2_1fps_1sp_bb.json,ap
1687243341.099443000,11,rover_ap_4x4_n2_1fps_1sp_bb.json,ap
1687243341.099719000,12,rover_ap_4x4_n2_1fps_1sp_bb.json,ap
1687243341.099999000,13,rover_ap_4x4_n2_1fps_1sp_bb.json,ap
1687243341.543752000,0,rover_ap_4x4_n2_1fps_1sp_bb.json,ap
1687243341.544029000,1,rover_ap_4x4_n2_1fps_1sp_bb.json,ap
1687243341.544289000,2,rover_ap_4x4_n2_1fps_1sp_bb.json,ap
1687243341.544556000,3,rover_ap_4x4_n2_1fps_1sp_bb.json,ap
1687243341.544817000,4,rover_ap_4x4_n2_1fps_1sp_bb.json,ap
1687243341.545083000,5,rover_ap_4x4_n2_1fps_1sp_bb.json,ap
1687243341.545345000,6,rover_ap_4x4_n2_1fps_1sp_bb.json,ap
1687243341.545615000,7,rover_ap_4x4_n2_1fps_1sp_bb.json,ap
1687243341.546128000,8,rover_ap_4x4_n2_1fps_1sp_bb.json,ap
1687243341.546404000,9,rover_ap_4x4_n2_1fps_1sp_bb.json,ap
1687243342.118618000,0,rover_ap_4x4_n2_1fps_1sp_bb.json,ap
1687243342.118888000,1,rover_ap_4x4_n2_1fps_1sp_bb.json,ap
1687243342.119149000,2,rover_ap_4x4_n2_1fps_1sp_bb.json,ap
1687243342.119414000,3,rover_ap_4x4_n2_1fps_1sp_bb.json,ap
1687243342.119671000,4,rover_ap_4x4_n2_1fps_1sp_bb.json,ap
1687243342.119941000,5,rover_ap_4x4_n2_1fps_1sp_bb.json,ap
1687243342.120220000,6,rover_ap_4x4_n2_1fps_1sp_bb.json,ap
1687243342.120747000,7,rover_ap_4x4_n2_1fps_1sp_bb.json,ap
1687243342.121043000,8,rover_ap_4x4_n2_1fps_1sp_bb.json,ap
1687243342.121315000,9,rover_ap_4x4_n2_1fps_1sp_bb.json,ap
1687243342.121587000,10,rover_ap_4x4_n2_1fps_1sp_bb.json,ap
1687243342.121858000,11,rover_ap_4x4_n2_1fps_1sp_bb.json,ap
1687243342.122119000,12,rover_ap_4x4_n2_1fps_1sp_bb.json,ap
1687243342.122388000,13,rover_ap_4x4_n2_1fps_1sp_bb.json,ap
1687243342.122662000,14,rover_ap_4x4_n2_1fps_1sp_bb.json,ap
1687243342.122934000,15,rover_ap_4x4_n2_1fps_1sp_bb.json,ap
1687243342.564915000,0,rover_ap_4x4_n2_1fps_1sp_bb.json,ap
1687243342.565185000,1,rover_ap_4x4_n2_1fps_1sp_bb.json,ap
1687243342.565482000,2,rover_ap_4x4_n2_1fps_1sp_bb.json,ap
1687243342.565823000,3,rover_ap_4x4_n2_1fps_1sp_bb.json,ap
1687243342.566156000,4,rover_ap_4x4_n2_1fps_1sp_bb.json,ap
1687243342.566520000,5,rover_ap_4x4_n2_1fps_1sp_bb.json,ap
1687243342.566824000,6,rover_ap_4x4_n2_1fps_1sp_bb.json,ap
1687243342.567097000,7,rover_ap_4x4_n2_1fps_1sp_bb.json,ap
1687243342.567619000,8,rover_ap_4x4_n2_1fps_1sp_bb.json,ap
1687243342.568103000,9,rover_ap_4x4_n2_1fps_1sp_bb.json,ap
1687243343.142062000,0,rover_ap_4x4_n2_1fps_1sp_bb.json,ap
1687243343.142333000,1,rover_ap_4x4_n2_1fps_1sp_bb.json,ap
1687243343.142592000,2,rover_ap_4x4_n2_1fps_1sp_bb.json,ap
1687243343.142856000,3,rover_ap_4x4_n2_1fps_1sp_bb.json,ap
1687243343.143119000,4,rover_ap_4x4_n2_1fps_1sp_bb.json,ap
1687243343.143378000,5,rover_ap_4x4_n2_1fps_1sp_bb.json,ap
1687243343.143649000,6,rover_ap_4x4_n2_1fps_1sp_bb.json,ap
1687243343.144193000,7,rover_ap_4x4_n2_1fps_1sp_bb.json,ap
1687243343.144505000,8,rover_ap_4x4_n2_1fps_1sp_bb.json,ap
1687243343.144775000,9,rover_ap_4x4_n2_1fps_1sp_bb.json,ap
1687243343.145051000,10,rover_ap_4x4_n2_1fps_1sp_bb.json,ap
1687243343.145324000,11,rover_ap_4x4_n2_1fps_1sp_bb.json,ap
1687243343.145596000,12,rover_ap_4x4_n2_1fps_1sp_bb.json,ap
1687243343.146007000,13,rover_ap_4x4_n2_1fps_1sp_bb.json,ap
1687243343.146292000,14,rover_ap_4x4_n2_1fps_1sp_bb.json,ap
1687243343.146577000,15,rover_ap_4x4_n2_1fps_1sp_bb.json,ap
1687243343.147003000,16,rover_ap_4x4_n2_1fps_1sp_bb.json,ap
1687243343.147297000,17,rover_ap_4x4_n2_1fps_1sp_bb.json,ap
1687243343.147587000,18,rover_ap_4x4_n2_1fps_1sp_bb.json,ap
1687243343.147882000,19,rover_ap_4x4_n2_1fps_1sp_bb.json,ap
1687243343.148177000,20,rover_ap_4x4_n2_1fps_1sp_bb.json,ap
1687243343.148475000,21,rover_ap_4x4_n2_1fps_1sp_bb.json,ap
1687243343.148783000,22,rover_ap_4x4_n2_1fps_1sp_bb.json,ap
1687243343.149139000,23,rover_ap_4x4_n2_1fps_1sp_bb.json,ap
1687243343.587541000,0,rover_ap_4x4_n2_1fps_1sp_bb.json,ap
1687243343.588357000,1,rover_ap_4x4_n2_1fps_1sp_bb.json,ap
1687243343.588638000,2,rover_ap_4x4_n2_1fps_1sp_bb.json,ap
1687243343.589028000,3,rover_ap_4x4_n2_1fps_1sp_bb.json,ap
1687243343.589314000,4,rover_ap_4x4_n2_1fps_1sp_bb.json,ap
1687243343.589707000,5,rover_ap_4x4_n2_1fps_1sp_bb.json,ap
1687243344.168097000,0,rover_ap_4x4_n2_1fps_1sp_bb.json,ap
1687243344.168379000,1,rover_ap_4x4_n2_1fps_1sp_bb.json,ap
1687243344.168654000,2,rover_ap_4x4_n2_1fps_1sp_bb.json,ap
1687243344.168920000,3,rover_ap_4x4_n2_1fps_1sp_bb.json,ap
1687243344.169204000,4,rover_ap_4x4_n2_1fps_1sp_bb.json,ap
1687243344.169495000,5,rover_ap_4x4_n2_1fps_1sp_bb.json,ap
1687243344.169786000,6,rover_ap_4x4_n2_1fps_1sp_bb.json,ap
1687243344.170074000,7,rover_ap_4x4_n2_1fps_1sp_bb.json,ap
1687243344.170502000,8,rover_ap_4x4_n2_1fps_1sp_bb.json,ap
1687243344.170781000,9,rover_ap_4x4_n2_1fps_1sp_bb.json,ap
1687243344.614194000,0,rover_ap_4x4_n2_1fps_1sp_bb.json,ap
1687243344.614497000,1,rover_ap_4x4_n2_1fps_1sp_bb.json,ap
1687243344.614794000,2,rover_ap_4x4_n2_1fps_1sp_bb.json,ap
1687243344.615089000,3,rover_ap_4x4_n2_1fps_1sp_bb.json,ap
1687243344.615376000,4,rover_ap_4x4_n2_1fps_1sp_bb.json,ap
1687243344.615685000,5,rover_ap_4x4_n2_1fps_1sp_bb.json,ap
1687243344.616155000,6,rover_ap_4x4_n2_1fps_1sp_bb.json,ap
1687243344.616498000,7,rover_ap_4x4_n2_1fps_1sp_bb.json,ap
1687243344.616802000,8,rover_ap_4x4_n2_1fps_1sp_bb.json,ap
1687243344.617102000,9,rover_ap_4x4_n2_1fps_1sp_bb.json,ap
1687243344.617401000,10,rover_ap_4x4_n2_1fps_1sp_bb.json,ap
1687243344.617704000,11,rover_ap_4x4_n2_1fps_1sp_bb.json,ap
1687243344.618002000,12,rover_ap_4x4_n2_1fps_1sp_bb.json,ap
1687243345.190022000,0,rover_ap_4x4_n2_1fps_1sp_bb.json,ap
1687243345.190300000,1,rover_ap_4x4_n2_1fps_1sp_bb.json,ap
1687243345.190645000,2,rover_ap_4x4_n2_1fps_1sp_bb.json,ap
1687243345.191438000,3,rover_ap_4x4_n2_1fps_1sp_bb.json,ap
1687243345.191720000,4,rover_ap_4x4_n2_1fps_1sp_bb.json,ap
1687243345.191999000,5,rover_ap_4x4_n2_1fps_1sp_bb.json,ap
1687243345.192285000,6,rover_ap_4x4_n2_1fps_1sp_bb.json,ap
1687243345.636853000,0,rover_ap_4x4_n2_1fps_1sp_bb.json,ap
1687243345.637286000,1,rover_ap_4x4_n2_1fps_1sp_bb.json,ap
1687243345.637557000,2,rover_ap_4x4_n2_1fps_1sp_bb.json,ap
1687243345.637876000,3,rover_ap_4x4_n2_1fps_1sp_bb.json,ap
1687243345.638198000,4,rover_ap_4x4_n2_1fps_1sp_bb.json,ap
1687243345.638469000,5,rover_ap_4x4_n2_1fps_1sp_bb.json,ap
1687243345.638814000,6,rover_ap_4x4_n2_1fps_1sp_bb.json,ap
1687243345.639292000,7,rover_ap_4x4_n2_1fps_1sp_bb.json,ap
1687243346.212486000,0,rover_ap_4x4_n2_1fps_1sp_bb.json,ap
1687243346.212755000,1,rover_ap_4x4_n2_1fps_1sp_bb.json,ap
1687243346.213012000,2,rover_ap_4x4_n2_1fps_1sp_bb.json,ap
1687243346.213275000,3,rover_ap_4x4_n2_1fps_1sp_bb.json,ap
1687243346.213611000,4,rover_ap_4x4_n2_1fps_1sp_bb.json,ap
1687243346.213891000,5,rover_ap_4x4_n2_1fps_1sp_bb.json,ap
1687243346.214160000,6,rover_ap_4x4_n2_1fps_1sp_bb.json,ap
1687243346.214540000,7,rover_ap_4x4_n2_1fps_1sp_bb.json,ap
1687243346.215037000,8,rover_ap_4x4_n2_1fps_1sp_bb.json,ap
1687243346.215334000,9,rover_ap_4x4_n2_1fps_1sp_bb.json,ap
1687243346.215969000,10,rover_ap_4x4_n2_1fps_1sp_bb.json,ap
1687243346.660090000,0,rover_ap_4x4_n2_1fps_1sp_bb.json,ap
1687243346.660534000,1,rover_ap_4x4_n2_1fps_1sp_bb.json,ap
1687243346.660808000,2,rover_ap_4x4_n2_1fps_1sp_bb.json,ap
1687243346.661076000,3,rover_ap_4x4_n2_1fps_1sp_bb.json,ap
1687243346.661424000,4,rover_ap_4x4_n2_1fps_1sp_bb.json,ap
1687243346.661754000,5,rover_ap_4x4_n2_1fps_1sp_bb.json,ap
1687243346.662033000,6,rover_ap_4x4_n2_1fps_1sp_bb.json,ap
1687243346.662306000,7,rover_ap_4x4_n2_1fps_1sp_bb.json,ap
1687243346.662853000,8,rover_ap_4x4_n2_1fps_1sp_bb.json,ap
1687243347.234004000,0,rover_ap_4x4_n2_1fps_1sp_bb.json,ap
1687243347.234321000,1,rover_ap_4x4_n2_1fps_1sp_bb.json,ap
1687243347.234586000,2,rover_ap_4x4_n2_1fps_1sp_bb.json,ap
1687243347.234907000,3,rover_ap_4x4_n2_1fps_1sp_bb.json,ap
1687243347.235165000,4,rover_ap_4x4_n2_1fps_1sp_bb.json,ap
1687243347.235524000,5,rover_ap_4x4_n2_1fps_1sp_bb.json,ap
1687243347.236077000,6,rover_ap_4x4_n2_1fps_1sp_bb.json,ap
1687243347.236548000,7,rover_ap_4x4_n2_1fps_1sp_bb.json,ap
1687243347.685542000,0,rover_ap_4x4_n2_1fps_1sp_bb.json,ap
1687243347.686032000,1,rover_ap_4x4_n2_1fps_1sp_bb.json,ap
1687243347.686323000,2,rover_ap_4x4_n2_1fps_1sp_bb.json,ap
1687243347.686586000,3,rover_ap_4x4_n2_1fps_1sp_bb.json,ap
1687243347.686953000,4,rover_ap_4x4_n2_1fps_1sp_bb.json,ap
1687243347.687226000,5,rover_ap_4x4_n2_1fps_1sp_bb.json,ap
1687243347.687569000,6,rover_ap_4x4_n2_1fps_1sp_bb.json,ap
1687243347.687836000,7,rover_ap_4x4_n2_1fps_1sp_bb.json,ap
1687243347.688258000,8,rover_ap_4x4_n2_1fps_1sp_bb.json,ap
1687243348.255398000,0,rover_ap_4x4_n2_1fps_1sp_bb.json,ap
1687243348.255698000,1,rover_ap_4x4_n2_1fps_1sp_bb.json,ap
1687243348.256085000,2,rover_ap_4x4_n2_1fps_1sp_bb.json,ap
1687243348.256419000,3,rover_ap_4x4_n2_1fps_1sp_bb.json,ap
1687243348.256741000,4,rover_ap_4x4_n2_1fps_1sp_bb.json,ap
1687243348.257060000,5,rover_ap_4x4_n2_1fps_1sp_bb.json,ap
1687243348.257373000,6,rover_ap_4x4_n2_1fps_1sp_bb.json,ap
1687243348.257721000,7,rover_ap_4x4_n2_1fps_1sp_bb.json,ap
1687243348.258024000,8,rover_ap_4x4_n2_1fps_1sp_bb.json,ap
1687243348.258325000,9,rover_ap_4x4_n2_1fps_1sp_bb.json,ap
1687243348.708237000,0,rover_ap_4x4_n2_1fps_1sp_bb.json,ap
1687243348.708518000,1,rover_ap_4x4_n2_1fps_1sp_bb.json,ap
1687243348.708790000,2,rover_ap_4x4_n2_1fps_1sp_bb.json,ap
1687243348.709051000,3,rover_ap_4x4_n2_1fps_1sp_bb.json,ap
1687243348.709324000,4,rover_ap_4x4_n2_1fps_1sp_bb.json,ap
1687243348.709619000,5,rover_ap_4x4_n2_1fps_1sp_bb.json,ap
1687243348.709899000,6,rover_ap_4x4_n2_1fps_1sp_bb.json,ap
1687243348.710174000,7,rover_ap_4x4_n2_1fps_1sp_bb.json,ap
1687243348.710593000,8,rover_ap_4x4_n2_1fps_1sp_bb.json,ap
1687243349.278899000,0,rover_ap_4x4_n2_1fps_1sp_bb.json,ap
1687243349.279189000,1,rover_ap_4x4_n2_1fps_1sp_bb.json,ap
1687243349.279474000,2,rover_ap_4x4_n2_1fps_1sp_bb.json,ap
1687243349.279744000,3,rover_ap_4x4_n2_1fps_1sp_bb.json,ap
1687243349.280086000,4,rover_ap_4x4_n2_1fps_1sp_bb.json,ap
1687243349.280426000,5,rover_ap_4x4_n2_1fps_1sp_bb.json,ap
1687243349.280777000,6,rover_ap_4x4_n2_1fps_1sp_bb.json,ap
1687243349.281111000,7,rover_ap_4x4_n2_1fps_1sp_bb.json,ap
1687243349.281456000,8,rover_ap_4x4_n2_1fps_1sp_bb.json,ap
1687243349.281840000,9,rover_ap_4x4_n2_1fps_1sp_bb.json,ap
1687243349.282393000,10,rover_ap_4x4_n2_1fps_1sp_bb.json,ap
1687243349.732917000,0,rover_ap_4x4_n2_1fps_1sp_bb.json,ap
1687243349.733188000,1,rover_ap_4x4_n2_1fps_1sp_bb.json,ap
1687243349.733454000,2,rover_ap_4x4_n2_1fps_1sp_bb.json,ap
1687243349.733715000,3,rover_ap_4x4_n2_1fps_1sp_bb.json,ap
1687243349.733981000,4,rover_ap_4x4_n2_1fps_1sp_bb.json,ap
1687243349.734320000,5,rover_ap_4x4_n2_1fps_1sp_bb.json,ap
1687243349.734604000,6,rover_ap_4x4_n2_1fps_1sp_bb.json,ap
1687243349.735152000,7,rover_ap_4x4_n2_1fps_1sp_bb.json,ap
1687243349.735439000,8,rover_ap_4x4_n2_1fps_1sp_bb.json,ap
1687243349.735926000,9,rover_ap_4x4_n2_1fps_1sp_bb.json,ap
1687243349.736269000,10,rover_ap_4x4_n2_1fps_1sp_bb.json,ap
1687243350.298760000,0,rover_ap_4x4_n2_1fps_1sp_bb.json,ap
1687243350.299168000,1,rover_ap_4x4_n2_1fps_1sp_bb.json,ap
1687243350.299491000,2,rover_ap_4x4_n2_1fps_1sp_bb.json,ap
1687243350.299774000,3,rover_ap_4x4_n2_1fps_1sp_bb.json,ap
1687243350.301050000,4,rover_ap_4x4_n2_1fps_1sp_bb.json,ap
1687243350.301343000,5,rover_ap_4x4_n2_1fps_1sp_bb.json,ap
1687243350.301726000,6,rover_ap_4x4_n2_1fps_1sp_bb.json,ap
1687243350.755615000,0,rover_ap_4x4_n2_1fps_1sp_bb.json,ap
1687243350.756037000,1,rover_ap_4x4_n2_1fps_1sp_bb.json,ap
1687243350.756319000,2,rover_ap_4x4_n2_1fps_1sp_bb.json,ap
1687243350.756591000,3,rover_ap_4x4_n2_1fps_1sp_bb.json,ap
1687243350.756974000,4,rover_ap_4x4_n2_1fps_1sp_bb.json,ap
1687243350.757257000,5,rover_ap_4x4_n2_1fps_1sp_bb.json,ap
1687243350.757521000,6,rover_ap_4x4_n2_1fps_1sp_bb.json,ap
1687243350.757907000,7,rover_ap_4x4_n2_1fps_1sp_bb.json,ap
1687243350.758421000,8,rover_ap_4x4_n2_1fps_1sp_bb.json,ap
1687243350.758692000,9,rover_ap_4x4_n2_1fps_1sp_bb.json,ap
1687243350.758960000,10,rover_ap_4x4_n2_1fps_1sp_bb.json,ap
1687243350.759324000,11,rover_ap_4x4_n2_1fps_1sp_bb.json,ap
1687243350.759620000,12,rover_ap_4x4_n2_1fps_1sp_bb.json,ap
1687243351.322447000,0,rover_ap_4x4_n2_1fps_1sp_bb.json,ap
1687243351.323463000,1,rover_ap_4x4_n2_1fps_1sp_bb.json,ap
1687243351.323781000,2,rover_ap_4x4_n2_1fps_1sp_bb.json,ap
1687243351.324164000,3,rover_ap_4x4_n2_1fps_1sp_bb.json,ap
1687243351.324495000,4,rover_ap_4x4_n2_1fps_1sp_bb.json,ap
1687243351.324927000,5,rover_ap_4x4_n2_1fps_1sp_bb.json,ap
1687243351.325235000,6,rover_ap_4x4_n2_1fps_1sp_bb.json,ap
1687243351.780920000,0,rover_ap_4x4_n2_1fps_1sp_bb.json,ap
1687243351.781265000,1,rover_ap_4x4_n2_1fps_1sp_bb.json,ap
1687243351.781543000,2,rover_ap_4x4_n2_1fps_1sp_bb.json,ap
1687243351.781842000,3,rover_ap_4x4_n2_1fps_1sp_bb.json,ap
1687243351.782137000,4,rover_ap_4x4_n2_1fps_1sp_bb.json,ap
1687243351.782520000,5,rover_ap_4x4_n2_1fps_1sp_bb.json,ap
1687243351.782809000,6,rover_ap_4x4_n2_1fps_1sp_bb.json,ap
1687243351.783292000,7,rover_ap_4x4_n2_1fps_1sp_bb.json,ap
1687243351.783633000,8,rover_ap_4x4_n2_1fps_1sp_bb.json,ap
1687243352.345580000,0,rover_ap_4x4_n2_1fps_1sp_bb.json,ap
1687243352.345944000,1,rover_ap_4x4_n2_1fps_1sp_bb.json,ap
1687243352.346403000,2,rover_ap_4x4_n2_1fps_1sp_bb.json,ap
1687243352.346757000,3,rover_ap_4x4_n2_1fps_1sp_bb.json,ap
1687243352.347124000,4,rover_ap_4x4_n2_1fps_1sp_bb.json,ap
1687243352.347398000,5,rover_ap_4x4_n2_1fps_1sp_bb.json,ap
1687243352.347841000,6,rover_ap_4x4_n2_1fps_1sp_bb.json,ap
1687243352.804593000,0,rover_ap_4x4_n2_1fps_1sp_bb.json,ap
1687243352.804861000,1,rover_ap_4x4_n2_1fps_1sp_bb.json,ap
1687243352.805129000,2,rover_ap_4x4_n2_1fps_1sp_bb.json,ap
1687243352.805396000,3,rover_ap_4x4_n2_1fps_1sp_bb.json,ap
1687243352.805656000,4,rover_ap_4x4_n2_1fps_1sp_bb.json,ap
1687243352.806067000,5,rover_ap_4x4_n2_1fps_1sp_bb.json,ap
1687243352.806335000,6,rover_ap_4x4_n2_1fps_1sp_bb.json,ap
1687243352.806604000,7,rover_ap_4x4_n2_1fps_1sp_bb.json,ap
1687243352.807016000,8,rover_ap_4x4_n2_1fps_1sp_bb.json,ap
1687243352.807277000,9,rover_ap_4x4_n2_1fps_1sp_bb.json,ap
1687243353.365066000,0,rover_ap_4x4_n2_1fps_1sp_bb.json,ap
1687243353.365578000,1,rover_ap_4x4_n2_1fps_1sp_bb.json,ap
1687243353.366020000,2,rover_ap_4x4_n2_1fps_1sp_bb.json,ap
1687243353.367071000,3,rover_ap_4x4_n2_1fps_1sp_bb.json,ap
1687243353.367365000,4,rover_ap_4x4_n2_1fps_1sp_bb.json,ap
1687243353.367707000,5,rover_ap_4x4_n2_1fps_1sp_bb.json,ap
1687243353.367982000,6,rover_ap_4x4_n2_1fps_1sp_bb.json,ap
1687243353.827597000,0,rover_ap_4x4_n2_1fps_1sp_bb.json,ap
1687243353.827939000,1,rover_ap_4x4_n2_1fps_1sp_bb.json,ap
1687243353.828214000,2,rover_ap_4x4_n2_1fps_1sp_bb.json,ap
1687243353.828496000,3,rover_ap_4x4_n2_1fps_1sp_bb.json,ap
1687243353.828814000,4,rover_ap_4x4_n2_1fps_1sp_bb.json,ap
1687243353.829086000,5,rover_ap_4x4_n2_1fps_1sp_bb.json,ap
1687243353.829492000,6,rover_ap_4x4_n2_1fps_1sp_bb.json,ap
1687243353.829758000,7,rover_ap_4x4_n2_1fps_1sp_bb.json,ap
1687243353.830275000,8,rover_ap_4x4_n2_1fps_1sp_bb.json,ap
1687243353.830549000,9,rover_ap_4x4_n2_1fps_1sp_bb.json,ap
1687243354.389375000,0,rover_ap_4x4_n2_1fps_1sp_bb.json,ap
1687243354.389679000,1,rover_ap_4x4_n2_1fps_1sp_bb.json,ap
1687243354.389955000,2,rover_ap_4x4_n2_1fps_1sp_bb.json,ap
1687243354.390284000,3,rover_ap_4x4_n2_1fps_1sp_bb.json,ap
1687243354.390623000,4,rover_ap_4x4_n2_1fps_1sp_bb.json,ap
1687243354.390982000,5,rover_ap_4x4_n2_1fps_1sp_bb.json,ap
1687243354.391319000,6,rover_ap_4x4_n2_1fps_1sp_bb.json,ap
1687243354.391708000,7,rover_ap_4x4_n2_1fps_1sp_bb.json,ap
1687243354.392142000,8,rover_ap_4x4_n2_1fps_1sp_bb.json,ap
1687243354.392456000,9,rover_ap_4x4_n2_1fps_1sp_bb.json,ap
1687243354.392904000,10,rover_ap_4x4_n2_1fps_1sp_bb.json,ap
1687243354.850486000,0,rover_ap_4x4_n2_1fps_1sp_bb.json,ap
1687243354.851399000,1,rover_ap_4x4_n2_1fps_1sp_bb.json,ap
1687243354.851766000,2,rover_ap_4x4_n2_1fps_1sp_bb.json,ap
1687243354.852111000,3,rover_ap_4x4_n2_1fps_1sp_bb.json,ap
1687243354.852456000,4,rover_ap_4x4_n2_1fps_1sp_bb.json,ap
1687243354.852733000,5,rover_ap_4x4_n2_1fps_1sp_bb.json,ap
1687243354.853093000,6,rover_ap_4x4_n2_1fps_1sp_bb.json,ap
1687243354.853372000,7,rover_ap_4x4_n2_1fps_1sp_bb.json,ap
1687243354.853864000,8,rover_ap_4x4_n2_1fps_1sp_bb.json,ap
1687243355.413352000,0,rover_ap_4x4_n2_1fps_1sp_bb.json,ap
1687243355.413731000,1,rover_ap_4x4_n2_1fps_1sp_bb.json,ap
1687243355.414012000,2,rover_ap_4x4_n2_1fps_1sp_bb.json,ap
1687243355.414329000,3,rover_ap_4x4_n2_1fps_1sp_bb.json,ap
1687243355.414694000,4,rover_ap_4x4_n2_1fps_1sp_bb.json,ap
1687243355.414965000,5,rover_ap_4x4_n2_1fps_1sp_bb.json,ap
1687243355.415321000,6,rover_ap_4x4_n2_1fps_1sp_bb.json,ap
1687243355.415593000,7,rover_ap_4x4_n2_1fps_1sp_bb.json,ap
1687243355.416317000,8,rover_ap_4x4_n2_1fps_1sp_bb.json,ap
1687243355.873583000,0,rover_ap_4x4_n2_1fps_1sp_bb.json,ap
1687243355.873853000,1,rover_ap_4x4_n2_1fps_1sp_bb.json,ap
1687243355.874130000,2,rover_ap_4x4_n2_1fps_1sp_bb.json,ap
1687243355.874398000,3,rover_ap_4x4_n2_1fps_1sp_bb.json,ap
1687243355.874744000,4,rover_ap_4x4_n2_1fps_1sp_bb.json,ap
1687243355.875025000,5,rover_ap_4x4_n2_1fps_1sp_bb.json,ap
1687243355.875422000,6,rover_ap_4x4_n2_1fps_1sp_bb.json,ap
1687243355.875698000,7,rover_ap_4x4_n2_1fps_1sp_bb.json,ap
1687243355.876402000,8,rover_ap_4x4_n2_1fps_1sp_bb.json,ap
1687243356.438782000,0,rover_ap_4x4_n2_1fps_1sp_bb.json,ap
1687243356.439052000,1,rover_ap_4x4_n2_1fps_1sp_bb.json,ap
1687243356.439373000,2,rover_ap_4x4_n2_1fps_1sp_bb.json,ap
1687243356.439684000,3,rover_ap_4x4_n2_1fps_1sp_bb.json,ap
1687243356.439948000,4,rover_ap_4x4_n2_1fps_1sp_bb.json,ap
1687243356.440302000,5,rover_ap_4x4_n2_1fps_1sp_bb.json,ap
1687243356.440578000,6,rover_ap_4x4_n2_1fps_1sp_bb.json,ap
1687243356.440949000,7,rover_ap_4x4_n2_1fps_1sp_bb.json,ap
1687243356.441468000,8,rover_ap_4x4_n2_1fps_1sp_bb.json,ap
1687243356.441818000,9,rover_ap_4x4_n2_1fps_1sp_bb.json,ap
1687243356.896970000,0,rover_ap_4x4_n2_1fps_1sp_bb.json,ap
1687243356.897275000,1,rover_ap_4x4_n2_1fps_1sp_bb.json,ap
1687243356.897549000,2,rover_ap_4x4_n2_1fps_1sp_bb.json,ap
1687243356.897823000,3,rover_ap_4x4_n2_1fps_1sp_bb.json,ap
1687243356.898108000,4,rover_ap_4x4_n2_1fps_1sp_bb.json,ap
1687243356.898377000,5,rover_ap_4x4_n2_1fps_1sp_bb.json,ap
1687243356.898644000,6,rover_ap_4x4_n2_1fps_1sp_bb.json,ap
1687243356.898911000,7,rover_ap_4x4_n2_1fps_1sp_bb.json,ap
1687243356.899341000,8,rover_ap_4x4_n2_1fps_1sp_bb.json,ap
1687243356.900811000,9,rover_ap_4x4_n2_1fps_1sp_bb.json,ap
1687243357.465141000,0,rover_ap_4x4_n2_1fps_1sp_bb.json,ap
1687243357.465474000,1,rover_ap_4x4_n2_1fps_1sp_bb.json,ap
1687243357.465949000,2,rover_ap_4x4_n2_1fps_1sp_bb.json,ap
1687243357.466297000,3,rover_ap_4x4_n2_1fps_1sp_bb.json,ap
1687243357.466578000,4,rover_ap_4x4_n2_1fps_1sp_bb.json,ap
1687243357.466935000,5,rover_ap_4x4_n2_1fps_1sp_bb.json,ap
1687243357.467217000,6,rover_ap_4x4_n2_1fps_1sp_bb.json,ap
1687243357.467577000,7,rover_ap_4x4_n2_1fps_1sp_bb.json,ap
1687243357.467863000,8,rover_ap_4x4_n2_1fps_1sp_bb.json,ap
1687243357.468262000,9,rover_ap_4x4_n2_1fps_1sp_bb.json,ap
1687243357.468550000,10,rover_ap_4x4_n2_1fps_1sp_bb.json,ap
1687243357.469036000,11,rover_ap_4x4_n2_1fps_1sp_bb.json,ap
1687243357.469377000,12,rover_ap_4x4_n2_1fps_1sp_bb.json,ap
1687243357.469662000,13,rover_ap_4x4_n2_1fps_1sp_bb.json,ap
1687243357.470002000,14,rover_ap_4x4_n2_1fps_1sp_bb.json,ap
1687243357.470271000,15,rover_ap_4x4_n2_1fps_1sp_bb.json,ap
1687243357.470654000,16,rover_ap_4x4_n2_1fps_1sp_bb.json,ap
1687243357.471090000,17,rover_ap_4x4_n2_1fps_1sp_bb.json,ap
1687243357.919193000,0,rover_ap_4x4_n2_1fps_1sp_bb.json,ap
1687243357.919497000,1,rover_ap_4x4_n2_1fps_1sp_bb.json,ap
1687243357.919768000,2,rover_ap_4x4_n2_1fps_1sp_bb.json,ap
1687243357.920044000,3,rover_ap_4x4_n2_1fps_1sp_bb.json,ap
1687243357.920315000,4,rover_ap_4x4_n2_1fps_1sp_bb.json,ap
1687243357.920580000,5,rover_ap_4x4_n2_1fps_1sp_bb.json,ap
1687243357.920855000,6,rover_ap_4x4_n2_1fps_1sp_bb.json,ap
1687243357.921122000,7,rover_ap_4x4_n2_1fps_1sp_bb.json,ap
1687243357.921537000,8,rover_ap_4x4_n2_1fps_1sp_bb.json,ap
1687243357.921798000,9,rover_ap_4x4_n2_1fps_1sp_bb.json,ap
1687243358.494860000,0,rover_ap_4x4_n2_1fps_1sp_bb.json,ap
1687243358.495129000,1,rover_ap_4x4_n2_1fps_1sp_bb.json,ap
1687243358.495446000,2,rover_ap_4x4_n2_1fps_1sp_bb.json,ap
1687243358.495720000,3,rover_ap_4x4_n2_1fps_1sp_bb.json,ap
1687243358.496191000,4,rover_ap_4x4_n2_1fps_1sp_bb.json,ap
1687243358.496555000,5,rover_ap_4x4_n2_1fps_1sp_bb.json,ap
1687243358.496831000,6,rover_ap_4x4_n2_1fps_1sp_bb.json,ap
1687243358.497297000,7,rover_ap_4x4_n2_1fps_1sp_bb.json,ap
1687243358.941597000,0,rover_ap_4x4_n2_1fps_1sp_bb.json,ap
1687243358.941865000,1,rover_ap_4x4_n2_1fps_1sp_bb.json,ap
1687243358.942124000,2,rover_ap_4x4_n2_1fps_1sp_bb.json,ap
1687243358.942383000,3,rover_ap_4x4_n2_1fps_1sp_bb.json,ap
1687243358.942651000,4,rover_ap_4x4_n2_1fps_1sp_bb.json,ap
1687243358.942914000,5,rover_ap_4x4_n2_1fps_1sp_bb.json,ap
1687243358.943174000,6,rover_ap_4x4_n2_1fps_1sp_bb.json,ap
1687243358.943449000,7,rover_ap_4x4_n2_1fps_1sp_bb.json,ap
1687243358.943857000,8,rover_ap_4x4_n2_1fps_1sp_bb.json,ap
1687243358.944116000,9,rover_ap_4x4_n2_1fps_1sp_bb.json,ap
1687243359.517546000,0,rover_ap_4x4_n2_1fps_1sp_bb.json,ap
1687243359.517807000,1,rover_ap_4x4_n2_1fps_1sp_bb.json,ap
1687243359.518071000,2,rover_ap_4x4_n2_1fps_1sp_bb.json,ap
1687243359.518330000,3,rover_ap_4x4_n2_1fps_1sp_bb.json,ap
1687243359.518670000,4,rover_ap_4x4_n2_1fps_1sp_bb.json,ap
1687243359.519015000,5,rover_ap_4x4_n2_1fps_1sp_bb.json,ap
1687243359.519333000,6,rover_ap_4x4_n2_1fps_1sp_bb.json,ap
1687243359.519652000,7,rover_ap_4x4_n2_1fps_1sp_bb.json,ap
1687243359.520107000,8,rover_ap_4x4_n2_1fps_1sp_bb.json,ap
1687243359.967418000,0,rover_ap_4x4_n2_1fps_1sp_bb.json,ap
1687243359.967685000,1,rover_ap_4x4_n2_1fps_1sp_bb.json,ap
1687243359.967948000,2,rover_ap_4x4_n2_1fps_1sp_bb.json,ap
1687243359.968203000,3,rover_ap_4x4_n2_1fps_1sp_bb.json,ap
1687243359.968508000,4,rover_ap_4x4_n2_1fps_1sp_bb.json,ap
1687243359.968780000,5,rover_ap_4x4_n2_1fps_1sp_bb.json,ap
1687243359.969048000,6,rover_ap_4x4_n2_1fps_1sp_bb.json,ap
1687243359.969423000,7,rover_ap_4x4_n2_1fps_1sp_bb.json,ap
1687243359.970004000,8,rover_ap_4x4_n2_1fps_1sp_bb.json,ap
1687243359.970298000,9,rover_ap_4x4_n2_1fps_1sp_bb.json,ap
1687243360.538907000,0,rover_ap_4x4_n2_1fps_1sp_bb.json,ap
1687243360.539197000,1,rover_ap_4x4_n2_1fps_1sp_bb.json,ap
1687243360.539492000,2,rover_ap_4x4_n2_1fps_1sp_bb.json,ap
1687243360.539781000,3,rover_ap_4x4_n2_1fps_1sp_bb.json,ap
1687243360.540062000,4,rover_ap_4x4_n2_1fps_1sp_bb.json,ap
1687243360.540337000,5,rover_ap_4x4_n2_1fps_1sp_bb.json,ap
1687243360.540620000,6,rover_ap_4x4_n2_1fps_1sp_bb.json,ap
1687243360.540897000,7,rover_ap_4x4_n2_1fps_1sp_bb.json,ap
1687243360.541345000,8,rover_ap_4x4_n2_1fps_1sp_bb.json,ap
1687243360.994971000,0,rover_ap_4x4_n2_1fps_1sp_bb.json,ap
1687243360.995242000,1,rover_ap_4x4_n2_1fps_1sp_bb.json,ap
1687243360.995509000,2,rover_ap_4x4_n2_1fps_1sp_bb.json,ap
1687243360.995842000,3,rover_ap_4x4_n2_1fps_1sp_bb.json,ap
1687243360.996115000,4,rover_ap_4x4_n2_1fps_1sp_bb.json,ap
1687243360.996391000,5,rover_ap_4x4_n2_1fps_1sp_bb.json,ap
1687243360.996695000,6,rover_ap_4x4_n2_1fps_1sp_bb.json,ap
1687243360.997116000,7,rover_ap_4x4_n2_1fps_1sp_bb.json,ap
1687243360.997414000,8,rover_ap_4x4_n2_1fps_1sp_bb.json,ap
1687243360.997993000,9,rover_ap_4x4_n2_1fps_1sp_bb.json,ap
1687243360.998299000,10,rover_ap_4x4_n2_1fps_1sp_bb.json,ap
1687243360.998595000,11,rover_ap_4x4_n2_1fps_1sp_bb.json,ap
1687243361.563267000,0,rover_ap_4x4_n2_1fps_1sp_bb.json,ap
1687243361.563538000,1,rover_ap_4x4_n2_1fps_1sp_bb.json,ap
1687243361.563809000,2,rover_ap_4x4_n2_1fps_1sp_bb.json,ap
1687243361.564099000,3,rover_ap_4x4_n2_1fps_1sp_bb.json,ap
1687243361.564498000,4,rover_ap_4x4_n2_1fps_1sp_bb.json,ap
1687243361.564896000,5,rover_ap_4x4_n2_1fps_1sp_bb.json,ap
1687243361.565289000,6,rover_ap_4x4_n2_1fps_1sp_bb.json,ap
1687243361.565561000,7,rover_ap_4x4_n2_1fps_1sp_bb.json,ap
1687243361.566230000,8,rover_ap_4x4_n2_1fps_1sp_bb.json,ap
1687243361.566705000,9,rover_ap_4x4_n2_1fps_1sp_bb.json,ap
1687243362.021291000,0,rover_ap_4x4_n2_1fps_1sp_bb.json,ap
1687243362.021644000,1,rover_ap_4x4_n2_1fps_1sp_bb.json,ap
1687243362.021912000,2,rover_ap_4x4_n2_1fps_1sp_bb.json,ap
1687243362.022184000,3,rover_ap_4x4_n2_1fps_1sp_bb.json,ap
1687243362.022466000,4,rover_ap_4x4_n2_1fps_1sp_bb.json,ap
1687243362.022848000,5,rover_ap_4x4_n2_1fps_1sp_bb.json,ap
1687243362.023221000,6,rover_ap_4x4_n2_1fps_1sp_bb.json,ap
1687243362.023556000,7,rover_ap_4x4_n2_1fps_1sp_bb.json,ap
1687243362.024099000,8,rover_ap_4x4_n2_1fps_1sp_bb.json,ap
1687243362.024379000,9,rover_ap_4x4_n2_1fps_1sp_bb.json,ap
1687243362.588986000,0,rover_ap_4x4_n2_1fps_1sp_bb.json,ap
1687243362.589316000,1,rover_ap_4x4_n2_1fps_1sp_bb.json,ap
1687243362.589619000,2,rover_ap_4x4_n2_1fps_1sp_bb.json,ap
1687243362.589908000,3,rover_ap_4x4_n2_1fps_1sp_bb.json,ap
1687243362.590254000,4,rover_ap_4x4_n2_1fps_1sp_bb.json,ap
1687243362.590544000,5,rover_ap_4x4_n2_1fps_1sp_bb.json,ap
1687243362.590912000,6,rover_ap_4x4_n2_1fps_1sp_bb.json,ap
1687243362.591230000,7,rover_ap_4x4_n2_1fps_1sp_bb.json,ap
1687243362.591901000,8,rover_ap_4x4_n2_1fps_1sp_bb.json,ap
1687243363.048453000,0,rover_ap_4x4_n2_1fps_1sp_bb.json,ap
1687243363.048723000,1,rover_ap_4x4_n2_1fps_1sp_bb.json,ap
1687243363.048983000,2,rover_ap_4x4_n2_1fps_1sp_bb.json,ap
1687243363.049241000,3,rover_ap_4x4_n2_1fps_1sp_bb.json,ap
1687243363.049590000,4,rover_ap_4x4_n2_1fps_1sp_bb.json,ap
1687243363.049946000,5,rover_ap_4x4_n2_1fps_1sp_bb.json,ap
1687243363.050239000,6,rover_ap_4x4_n2_1fps_1sp_bb.json,ap
1687243363.050626000,7,rover_ap_4x4_n2_1fps_1sp_bb.json,ap
1687243363.051235000,8,rover_ap_4x4_n2_1fps_1sp_bb.json,ap
1687243363.609935000,0,rover_ap_4x4_n2_1fps_1sp_bb.json,ap
1687243363.610242000,1,rover_ap_4x4_n2_1fps_1sp_bb.json,ap
1687243363.610541000,2,rover_ap_4x4_n2_1fps_1sp_bb.json,ap
1687243363.610862000,3,rover_ap_4x4_n2_1fps_1sp_bb.json,ap
1687243363.611193000,4,rover_ap_4x4_n2_1fps_1sp_bb.json,ap
1687243363.611504000,5,rover_ap_4x4_n2_1fps_1sp_bb.json,ap
1687243363.611808000,6,rover_ap_4x4_n2_1fps_1sp_bb.json,ap
1687243363.612160000,7,rover_ap_4x4_n2_1fps_1sp_bb.json,ap
1687243363.612463000,8,rover_ap_4x4_n2_1fps_1sp_bb.json,ap
1687243363.612762000,9,rover_ap_4x4_n2_1fps_1sp_bb.json,ap
1687243363.613062000,10,rover_ap_4x4_n2_1fps_1sp_bb.json,ap
1687243364.071602000,0,rover_ap_4x4_n2_1fps_1sp_bb.json,ap
1687243364.071873000,1,rover_ap_4x4_n2_1fps_1sp_bb.json,ap
1687243364.072133000,2,rover_ap_4x4_n2_1fps_1sp_bb.json,ap
1687243364.072386000,3,rover_ap_4x4_n2_1fps_1sp_bb.json,ap
1687243364.072705000,4,rover_ap_4x4_n2_1fps_1sp_bb.json,ap
1687243364.072976000,5,rover_ap_4x4_n2_1fps_1sp_bb.json,ap
1687243364.073250000,6,rover_ap_4x4_n2_1fps_1sp_bb.json,ap
1687243364.073635000,7,rover_ap_4x4_n2_1fps_1sp_bb.json,ap
1687243364.074203000,8,rover_ap_4x4_n2_1fps_1sp_bb.json,ap
1687243364.074481000,9,rover_ap_4x4_n2_1fps_1sp_bb.json,ap
1687243364.074866000,10,rover_ap_4x4_n2_1fps_1sp_bb.json,ap
1687243364.075139000,11,rover_ap_4x4_n2_1fps_1sp_bb.json,ap
1687243364.075476000,12,rover_ap_4x4_n2_1fps_1sp_bb.json,ap
1687243364.075913000,13,rover_ap_4x4_n2_1fps_1sp_bb.json,ap
1687243364.632835000,0,rover_ap_4x4_n2_1fps_1sp_bb.json,ap
1687243364.633112000,1,rover_ap_4x4_n2_1fps_1sp_bb.json,ap
1687243364.633373000,2,rover_ap_4x4_n2_1fps_1sp_bb.json,ap
1687243364.633647000,3,rover_ap_4x4_n2_1fps_1sp_bb.json,ap
1687243364.633918000,4,rover_ap_4x4_n2_1fps_1sp_bb.json,ap
1687243364.634192000,5,rover_ap_4x4_n2_1fps_1sp_bb.json,ap
1687243364.634468000,6,rover_ap_4x4_n2_1fps_1sp_bb.json,ap
1687243364.634718000,7,rover_ap_4x4_n2_1fps_1sp_bb.json,ap
1687243364.635144000,8,rover_ap_4x4_n2_1fps_1sp_bb.json,ap
1687243365.103332000,0,rover_ap_4x4_n2_1fps_1sp_bb.json,ap
1687243365.103608000,1,rover_ap_4x4_n2_1fps_1sp_bb.json,ap
1687243365.103872000,2,rover_ap_4x4_n2_1fps_1sp_bb.json,ap
1687243365.104131000,3,rover_ap_4x4_n2_1fps_1sp_bb.json,ap
1687243365.104468000,4,rover_ap_4x4_n2_1fps_1sp_bb.json,ap
1687243365.104739000,5,rover_ap_4x4_n2_1fps_1sp_bb.json,ap
1687243365.105162000,6,rover_ap_4x4_n2_1fps_1sp_bb.json,ap
1687243365.105437000,7,rover_ap_4x4_n2_1fps_1sp_bb.json,ap
1687243365.655606000,0,rover_ap_4x4_n2_1fps_1sp_bb.json,ap
1687243365.655990000,1,rover_ap_4x4_n2_1fps_1sp_bb.json,ap
1687243365.656268000,2,rover_ap_4x4_n2_1fps_1sp_bb.json,ap
1687243365.656559000,3,rover_ap_4x4_n2_1fps_1sp_bb.json,ap
1687243365.656836000,4,rover_ap_4x4_n2_1fps_1sp_bb.json,ap
1687243365.657104000,5,rover_ap_4x4_n2_1fps_1sp_bb.json,ap
1687243365.657387000,6,rover_ap_4x4_n2_1fps_1sp_bb.json,ap
1687243365.657875000,7,rover_ap_4x4_n2_1fps_1sp_bb.json,ap
1687243365.658183000,8,rover_ap_4x4_n2_1fps_1sp_bb.json,ap
1687243365.658462000,9,rover_ap_4x4_n2_1fps_1sp_bb.json,ap
1687243365.658726000,10,rover_ap_4x4_n2_1fps_1sp_bb.json,ap
1687243365.659007000,11,rover_ap_4x4_n2_1fps_1sp_bb.json,ap
1687243365.659275000,12,rover_ap_4x4_n2_1fps_1sp_bb.json,ap
1687243366.128281000,0,rover_ap_4x4_n2_1fps_1sp_bb.json,ap
1687243366.128552000,1,rover_ap_4x4_n2_1fps_1sp_bb.json,ap
1687243366.128813000,2,rover_ap_4x4_n2_1fps_1sp_bb.json,ap
1687243366.129072000,3,rover_ap_4x4_n2_1fps_1sp_bb.json,ap
1687243366.129326000,4,rover_ap_4x4_n2_1fps_1sp_bb.json,ap
1687243366.129596000,5,rover_ap_4x4_n2_1fps_1sp_bb.json,ap
1687243366.129864000,6,rover_ap_4x4_n2_1fps_1sp_bb.json,ap
1687243366.130138000,7,rover_ap_4x4_n2_1fps_1sp_bb.json,ap
1687243366.130576000,8,rover_ap_4x4_n2_1fps_1sp_bb.json,ap
1687243366.130850000,9,rover_ap_4x4_n2_1fps_1sp_bb.json,ap
1687243366.131114000,10,rover_ap_4x4_n2_1fps_1sp_bb.json,ap
1687243366.131381000,11,rover_ap_4x4_n2_1fps_1sp_bb.json,ap
1687243366.682055000,0,rover_ap_4x4_n2_1fps_1sp_bb.json,ap
1687243366.682342000,1,rover_ap_4x4_n2_1fps_1sp_bb.json,ap
1687243366.682608000,2,rover_ap_4x4_n2_1fps_1sp_bb.json,ap
1687243366.682879000,3,rover_ap_4x4_n2_1fps_1sp_bb.json,ap
1687243366.683157000,4,rover_ap_4x4_n2_1fps_1sp_bb.json,ap
1687243366.683426000,5,rover_ap_4x4_n2_1fps_1sp_bb.json,ap
1687243366.683690000,6,rover_ap_4x4_n2_1fps_1sp_bb.json,ap
1687243366.684117000,7,rover_ap_4x4_n2_1fps_1sp_bb.json,ap
1687243366.684400000,8,rover_ap_4x4_n2_1fps_1sp_bb.json,ap
1687243367.152611000,0,rover_ap_4x4_n2_1fps_1sp_bb.json,ap
1687243367.152882000,1,rover_ap_4x4_n2_1fps_1sp_bb.json,ap
1687243367.153160000,2,rover_ap_4x4_n2_1fps_1sp_bb.json,ap
1687243367.153423000,3,rover_ap_4x4_n2_1fps_1sp_bb.json,ap
1687243367.153767000,4,rover_ap_4x4_n2_1fps_1sp_bb.json,ap
1687243367.154098000,5,rover_ap_4x4_n2_1fps_1sp_bb.json,ap
1687243367.154391000,6,rover_ap_4x4_n2_1fps_1sp_bb.json,ap
1687243367.154704000,7,rover_ap_4x4_n2_1fps_1sp_bb.json,ap
1687243367.155243000,8,rover_ap_4x4_n2_1fps_1sp_bb.json,ap
1687243367.155522000,9,rover_ap_4x4_n2_1fps_1sp_bb.json,ap
1687243367.703243000,0,rover_ap_4x4_n2_1fps_1sp_bb.json,ap
1687243367.703519000,1,rover_ap_4x4_n2_1fps_1sp_bb.json,ap
1687243367.703799000,2,rover_ap_4x4_n2_1fps_1sp_bb.json,ap
1687243367.704094000,3,rover_ap_4x4_n2_1fps_1sp_bb.json,ap
1687243367.704402000,4,rover_ap_4x4_n2_1fps_1sp_bb.json,ap
1687243367.704682000,5,rover_ap_4x4_n2_1fps_1sp_bb.json,ap
1687243367.704966000,6,rover_ap_4x4_n2_1fps_1sp_bb.json,ap
1687243368.174408000,0,rover_ap_4x4_n2_1fps_1sp_bb.json,ap
1687243368.174699000,1,rover_ap_4x4_n2_1fps_1sp_bb.json,ap
1687243368.175004000,2,rover_ap_4x4_n2_1fps_1sp_bb.json,ap
1687243368.175282000,3,rover_ap_4x4_n2_1fps_1sp_bb.json,ap
1687243368.175602000,4,rover_ap_4x4_n2_1fps_1sp_bb.json,ap
1687243368.176142000,5,rover_ap_4x4_n2_1fps_1sp_bb.json,ap
1687243368.176414000,6,rover_ap_4x4_n2_1fps_1sp_bb.json,ap
1687243368.176772000,7,rover_ap_4x4_n2_1fps_1sp_bb.json,ap
