Timestamp,Packet,Scenario,Type
1687806052.168240000,0,rover_s102_1x1_n1_1fps_1s_aldrich.json,s102
1687806052.168592000,1,rover_s102_1x1_n1_1fps_1s_aldrich.json,s102
1687806052.168811000,2,rover_s102_1x1_n1_1fps_1s_aldrich.json,s102
1687806052.169139000,3,rover_s102_1x1_n1_1fps_1s_aldrich.json,s102
1687806052.169334000,4,rover_s102_1x1_n1_1fps_1s_aldrich.json,s102
1687806052.169555000,5,rover_s102_1x1_n1_1fps_1s_aldrich.json,s102
1687806052.169825000,6,rover_s102_1x1_n1_1fps_1s_aldrich.json,s102
1687806052.170440000,7,rover_s102_1x1_n1_1fps_1s_aldrich.json,s102
1687806052.170700000,8,rover_s102_1x1_n1_1fps_1s_aldrich.json,s102
1687806052.170702000,9,rover_s102_1x1_n1_1fps_1s_aldrich.json,s102
1687806052.171351000,10,rover_s102_1x1_n1_1fps_1s_aldrich.json,s102
1687806053.198253000,0,rover_s102_1x1_n1_1fps_1s_aldrich.json,s102
1687806053.198738000,1,rover_s102_1x1_n1_1fps_1s_aldrich.json,s102
1687806053.199942000,2,rover_s102_1x1_n1_1fps_1s_aldrich.json,s102
1687806053.199944000,3,rover_s102_1x1_n1_1fps_1s_aldrich.json,s102
1687806053.200073000,4,rover_s102_1x1_n1_1fps_1s_aldrich.json,s102
1687806053.200195000,5,rover_s102_1x1_n1_1fps_1s_aldrich.json,s102
1687806053.200316000,6,rover_s102_1x1_n1_1fps_1s_aldrich.json,s102
1687806053.200398000,7,rover_s102_1x1_n1_1fps_1s_aldrich.json,s102
1687806053.203374000,8,rover_s102_1x1_n1_1fps_1s_aldrich.json,s102
1687806054.222123000,0,rover_s102_1x1_n1_1fps_1s_aldrich.json,s102
1687806054.222330000,1,rover_s102_1x1_n1_1fps_1s_aldrich.json,s102
1687806054.222435000,2,rover_s102_1x1_n1_1fps_1s_aldrich.json,s102
1687806054.222816000,3,rover_s102_1x1_n1_1fps_1s_aldrich.json,s102
1687806054.222917000,4,rover_s102_1x1_n1_1fps_1s_aldrich.json,s102
1687806054.222919000,5,rover_s102_1x1_n1_1fps_1s_aldrich.json,s102
1687806054.223615000,6,rover_s102_1x1_n1_1fps_1s_aldrich.json,s102
1687806054.223617000,7,rover_s102_1x1_n1_1fps_1s_aldrich.json,s102
1687806054.223753000,8,rover_s102_1x1_n1_1fps_1s_aldrich.json,s102
1687806054.224221000,9,rover_s102_1x1_n1_1fps_1s_aldrich.json,s102
1687806054.224361000,10,rover_s102_1x1_n1_1fps_1s_aldrich.json,s102
1687806055.243160000,0,rover_s102_1x1_n1_1fps_1s_aldrich.json,s102
1687806055.243522000,1,rover_s102_1x1_n1_1fps_1s_aldrich.json,s102
1687806055.244923000,2,rover_s102_1x1_n1_1fps_1s_aldrich.json,s102
1687806055.244924000,3,rover_s102_1x1_n1_1fps_1s_aldrich.json,s102
1687806055.245060000,4,rover_s102_1x1_n1_1fps_1s_aldrich.json,s102
1687806055.245178000,5,rover_s102_1x1_n1_1fps_1s_aldrich.json,s102
1687806055.245283000,6,rover_s102_1x1_n1_1fps_1s_aldrich.json,s102
1687806056.278621000,0,rover_s102_1x1_n1_1fps_1s_aldrich.json,s102
1687806056.278827000,1,rover_s102_1x1_n1_1fps_1s_aldrich.json,s102
1687806056.278924000,2,rover_s102_1x1_n1_1fps_1s_aldrich.json,s102
1687806056.279391000,3,rover_s102_1x1_n1_1fps_1s_aldrich.json,s102
1687806056.279489000,4,rover_s102_1x1_n1_1fps_1s_aldrich.json,s102
1687806056.279491000,5,rover_s102_1x1_n1_1fps_1s_aldrich.json,s102
1687806056.279629000,6,rover_s102_1x1_n1_1fps_1s_aldrich.json,s102
1687806056.280644000,7,rover_s102_1x1_n1_1fps_1s_aldrich.json,s102
1687806056.280645000,8,rover_s102_1x1_n1_1fps_1s_aldrich.json,s102
1687806056.280777000,9,rover_s102_1x1_n1_1fps_1s_aldrich.json,s102
1687806056.280879000,10,rover_s102_1x1_n1_1fps_1s_aldrich.json,s102
1687806057.299414000,0,rover_s102_1x1_n1_1fps_1s_aldrich.json,s102
1687806057.299771000,1,rover_s102_1x1_n1_1fps_1s_aldrich.json,s102
1687806057.300689000,2,rover_s102_1x1_n1_1fps_1s_aldrich.json,s102
1687806057.300792000,3,rover_s102_1x1_n1_1fps_1s_aldrich.json,s102
1687806057.300886000,4,rover_s102_1x1_n1_1fps_1s_aldrich.json,s102
1687806057.301226000,5,rover_s102_1x1_n1_1fps_1s_aldrich.json,s102
1687806058.321158000,0,rover_s102_1x1_n1_1fps_1s_aldrich.json,s102
1687806058.321387000,1,rover_s102_1x1_n1_1fps_1s_aldrich.json,s102
1687806058.321537000,2,rover_s102_1x1_n1_1fps_1s_aldrich.json,s102
1687806058.321657000,3,rover_s102_1x1_n1_1fps_1s_aldrich.json,s102
1687806058.321659000,4,rover_s102_1x1_n1_1fps_1s_aldrich.json,s102
1687806058.322102000,5,rover_s102_1x1_n1_1fps_1s_aldrich.json,s102
1687806058.322195000,6,rover_s102_1x1_n1_1fps_1s_aldrich.json,s102
1687806058.322905000,7,rover_s102_1x1_n1_1fps_1s_aldrich.json,s102
1687806058.323012000,8,rover_s102_1x1_n1_1fps_1s_aldrich.json,s102
1687806058.324223000,9,rover_s102_1x1_n1_1fps_1s_aldrich.json,s102
1687806059.342351000,0,rover_s102_1x1_n1_1fps_1s_aldrich.json,s102
1687806059.342720000,1,rover_s102_1x1_n1_1fps_1s_aldrich.json,s102
1687806059.344096000,2,rover_s102_1x1_n1_1fps_1s_aldrich.json,s102
1687806059.344098000,3,rover_s102_1x1_n1_1fps_1s_aldrich.json,s102
1687806059.344247000,4,rover_s102_1x1_n1_1fps_1s_aldrich.json,s102
1687806059.344358000,5,rover_s102_1x1_n1_1fps_1s_aldrich.json,s102
1687806059.344461000,6,rover_s102_1x1_n1_1fps_1s_aldrich.json,s102
1687806059.344760000,7,rover_s102_1x1_n1_1fps_1s_aldrich.json,s102
1687806059.344867000,8,rover_s102_1x1_n1_1fps_1s_aldrich.json,s102
1687806060.372400000,0,rover_s102_1x1_n1_1fps_1s_aldrich.json,s102
1687806060.372626000,1,rover_s102_1x1_n1_1fps_1s_aldrich.json,s102
1687806060.372743000,2,rover_s102_1x1_n1_1fps_1s_aldrich.json,s102
1687806060.373019000,3,rover_s102_1x1_n1_1fps_1s_aldrich.json,s102
1687806060.373109000,4,rover_s102_1x1_n1_1fps_1s_aldrich.json,s102
1687806060.373198000,5,rover_s102_1x1_n1_1fps_1s_aldrich.json,s102
1687806060.373754000,6,rover_s102_1x1_n1_1fps_1s_aldrich.json,s102
1687806060.373854000,7,rover_s102_1x1_n1_1fps_1s_aldrich.json,s102
1687806060.378372000,8,rover_s102_1x1_n1_1fps_1s_aldrich.json,s102
1687806060.378374000,9,rover_s102_1x1_n1_1fps_1s_aldrich.json,s102
1687806060.378607000,10,rover_s102_1x1_n1_1fps_1s_aldrich.json,s102
1687806060.379906000,11,rover_s102_1x1_n1_1fps_1s_aldrich.json,s102
1687806060.380052000,12,rover_s102_1x1_n1_1fps_1s_aldrich.json,s102
1687806061.398905000,0,rover_s102_1x1_n1_1fps_1s_aldrich.json,s102
1687806061.399272000,1,rover_s102_1x1_n1_1fps_1s_aldrich.json,s102
1687806061.400471000,2,rover_s102_1x1_n1_1fps_1s_aldrich.json,s102
1687806061.400473000,3,rover_s102_1x1_n1_1fps_1s_aldrich.json,s102
1687806061.400594000,4,rover_s102_1x1_n1_1fps_1s_aldrich.json,s102
1687806061.400705000,5,rover_s102_1x1_n1_1fps_1s_aldrich.json,s102
1687806061.400848000,6,rover_s102_1x1_n1_1fps_1s_aldrich.json,s102
1687806061.401489000,7,rover_s102_1x1_n1_1fps_1s_aldrich.json,s102
1687806061.401593000,8,rover_s102_1x1_n1_1fps_1s_aldrich.json,s102
1687806061.401686000,9,rover_s102_1x1_n1_1fps_1s_aldrich.json,s102
1687806061.402689000,10,rover_s102_1x1_n1_1fps_1s_aldrich.json,s102
1687806062.423696000,0,rover_s102_1x1_n1_1fps_1s_aldrich.json,s102
1687806062.423896000,1,rover_s102_1x1_n1_1fps_1s_aldrich.json,s102
1687806062.423987000,2,rover_s102_1x1_n1_1fps_1s_aldrich.json,s102
1687806062.424482000,3,rover_s102_1x1_n1_1fps_1s_aldrich.json,s102
1687806062.424580000,4,rover_s102_1x1_n1_1fps_1s_aldrich.json,s102
1687806062.424663000,5,rover_s102_1x1_n1_1fps_1s_aldrich.json,s102
1687806062.425226000,6,rover_s102_1x1_n1_1fps_1s_aldrich.json,s102
1687806062.425340000,7,rover_s102_1x1_n1_1fps_1s_aldrich.json,s102
1687806062.426753000,8,rover_s102_1x1_n1_1fps_1s_aldrich.json,s102
1687806062.426897000,9,rover_s102_1x1_n1_1fps_1s_aldrich.json,s102
1687806063.446674000,0,rover_s102_1x1_n1_1fps_1s_aldrich.json,s102
1687806063.447043000,1,rover_s102_1x1_n1_1fps_1s_aldrich.json,s102
1687806063.448384000,2,rover_s102_1x1_n1_1fps_1s_aldrich.json,s102
1687806063.448386000,3,rover_s102_1x1_n1_1fps_1s_aldrich.json,s102
1687806063.448573000,4,rover_s102_1x1_n1_1fps_1s_aldrich.json,s102
1687806063.448697000,5,rover_s102_1x1_n1_1fps_1s_aldrich.json,s102
1687806063.448827000,6,rover_s102_1x1_n1_1fps_1s_aldrich.json,s102
1687806063.448915000,7,rover_s102_1x1_n1_1fps_1s_aldrich.json,s102
1687806063.449618000,8,rover_s102_1x1_n1_1fps_1s_aldrich.json,s102
1687806064.469356000,0,rover_s102_1x1_n1_1fps_1s_aldrich.json,s102
1687806064.469560000,1,rover_s102_1x1_n1_1fps_1s_aldrich.json,s102
1687806064.469655000,2,rover_s102_1x1_n1_1fps_1s_aldrich.json,s102
1687806064.470022000,3,rover_s102_1x1_n1_1fps_1s_aldrich.json,s102
1687806064.470136000,4,rover_s102_1x1_n1_1fps_1s_aldrich.json,s102
1687806064.470520000,5,rover_s102_1x1_n1_1fps_1s_aldrich.json,s102
1687806064.471381000,6,rover_s102_1x1_n1_1fps_1s_aldrich.json,s102
1687806064.471495000,7,rover_s102_1x1_n1_1fps_1s_aldrich.json,s102
1687806064.471496000,8,rover_s102_1x1_n1_1fps_1s_aldrich.json,s102
1687806065.490199000,0,rover_s102_1x1_n1_1fps_1s_aldrich.json,s102
1687806065.490566000,1,rover_s102_1x1_n1_1fps_1s_aldrich.json,s102
1687806065.491740000,2,rover_s102_1x1_n1_1fps_1s_aldrich.json,s102
1687806065.491742000,3,rover_s102_1x1_n1_1fps_1s_aldrich.json,s102
1687806065.491879000,4,rover_s102_1x1_n1_1fps_1s_aldrich.json,s102
1687806065.491984000,5,rover_s102_1x1_n1_1fps_1s_aldrich.json,s102
1687806065.492801000,6,rover_s102_1x1_n1_1fps_1s_aldrich.json,s102
1687806065.492944000,7,rover_s102_1x1_n1_1fps_1s_aldrich.json,s102
1687806065.493038000,8,rover_s102_1x1_n1_1fps_1s_aldrich.json,s102
1687806065.493171000,9,rover_s102_1x1_n1_1fps_1s_aldrich.json,s102
1687806066.515440000,0,rover_s102_1x1_n1_1fps_1s_aldrich.json,s102
1687806066.516100000,1,rover_s102_1x1_n1_1fps_1s_aldrich.json,s102
1687806066.516200000,2,rover_s102_1x1_n1_1fps_1s_aldrich.json,s102
1687806066.516310000,3,rover_s102_1x1_n1_1fps_1s_aldrich.json,s102
1687806066.516754000,4,rover_s102_1x1_n1_1fps_1s_aldrich.json,s102
1687806066.516863000,5,rover_s102_1x1_n1_1fps_1s_aldrich.json,s102
1687806066.517265000,6,rover_s102_1x1_n1_1fps_1s_aldrich.json,s102
1687806066.517366000,7,rover_s102_1x1_n1_1fps_1s_aldrich.json,s102
1687806066.517945000,8,rover_s102_1x1_n1_1fps_1s_aldrich.json,s102
1687806066.518050000,9,rover_s102_1x1_n1_1fps_1s_aldrich.json,s102
1687806066.518409000,10,rover_s102_1x1_n1_1fps_1s_aldrich.json,s102
1687806066.518573000,11,rover_s102_1x1_n1_1fps_1s_aldrich.json,s102
1687806067.538398000,0,rover_s102_1x1_n1_1fps_1s_aldrich.json,s102
1687806067.538770000,1,rover_s102_1x1_n1_1fps_1s_aldrich.json,s102
1687806067.540048000,2,rover_s102_1x1_n1_1fps_1s_aldrich.json,s102
1687806067.540050000,3,rover_s102_1x1_n1_1fps_1s_aldrich.json,s102
1687806067.540189000,4,rover_s102_1x1_n1_1fps_1s_aldrich.json,s102
1687806067.540307000,5,rover_s102_1x1_n1_1fps_1s_aldrich.json,s102
1687806067.540416000,6,rover_s102_1x1_n1_1fps_1s_aldrich.json,s102
1687806067.541023000,7,rover_s102_1x1_n1_1fps_1s_aldrich.json,s102
1687806067.541128000,8,rover_s102_1x1_n1_1fps_1s_aldrich.json,s102
1687806067.541229000,9,rover_s102_1x1_n1_1fps_1s_aldrich.json,s102
1687806067.541736000,10,rover_s102_1x1_n1_1fps_1s_aldrich.json,s102
1687806067.541845000,11,rover_s102_1x1_n1_1fps_1s_aldrich.json,s102
1687806067.542323000,12,rover_s102_1x1_n1_1fps_1s_aldrich.json,s102
1687806068.572598000,0,rover_s102_1x1_n1_1fps_1s_aldrich.json,s102
1687806068.572801000,1,rover_s102_1x1_n1_1fps_1s_aldrich.json,s102
1687806068.572901000,2,rover_s102_1x1_n1_1fps_1s_aldrich.json,s102
1687806068.573019000,3,rover_s102_1x1_n1_1fps_1s_aldrich.json,s102
1687806068.573106000,4,rover_s102_1x1_n1_1fps_1s_aldrich.json,s102
1687806068.573871000,5,rover_s102_1x1_n1_1fps_1s_aldrich.json,s102
1687806068.573979000,6,rover_s102_1x1_n1_1fps_1s_aldrich.json,s102
1687806068.574287000,7,rover_s102_1x1_n1_1fps_1s_aldrich.json,s102
1687806069.595203000,0,rover_s102_1x1_n1_1fps_1s_aldrich.json,s102
1687806069.595544000,1,rover_s102_1x1_n1_1fps_1s_aldrich.json,s102
1687806069.596581000,2,rover_s102_1x1_n1_1fps_1s_aldrich.json,s102
1687806069.596687000,3,rover_s102_1x1_n1_1fps_1s_aldrich.json,s102
1687806069.596790000,4,rover_s102_1x1_n1_1fps_1s_aldrich.json,s102
1687806069.596900000,5,rover_s102_1x1_n1_1fps_1s_aldrich.json,s102
1687806069.596990000,6,rover_s102_1x1_n1_1fps_1s_aldrich.json,s102
1687806069.597738000,7,rover_s102_1x1_n1_1fps_1s_aldrich.json,s102
1687806069.600046000,8,rover_s102_1x1_n1_1fps_1s_aldrich.json,s102
1687806070.618886000,0,rover_s102_1x1_n1_1fps_1s_aldrich.json,s102
1687806070.624415000,1,rover_s102_1x1_n1_1fps_1s_aldrich.json,s102
1687806070.624543000,2,rover_s102_1x1_n1_1fps_1s_aldrich.json,s102
1687806070.624660000,3,rover_s102_1x1_n1_1fps_1s_aldrich.json,s102
1687806070.624866000,4,rover_s102_1x1_n1_1fps_1s_aldrich.json,s102
1687806070.625657000,5,rover_s102_1x1_n1_1fps_1s_aldrich.json,s102
1687806070.626282000,6,rover_s102_1x1_n1_1fps_1s_aldrich.json,s102
1687806070.627446000,7,rover_s102_1x1_n1_1fps_1s_aldrich.json,s102
1687806071.645571000,0,rover_s102_1x1_n1_1fps_1s_aldrich.json,s102
1687806071.645926000,1,rover_s102_1x1_n1_1fps_1s_aldrich.json,s102
1687806071.646851000,2,rover_s102_1x1_n1_1fps_1s_aldrich.json,s102
1687806071.646947000,3,rover_s102_1x1_n1_1fps_1s_aldrich.json,s102
1687806071.647065000,4,rover_s102_1x1_n1_1fps_1s_aldrich.json,s102
1687806071.647201000,5,rover_s102_1x1_n1_1fps_1s_aldrich.json,s102
1687806071.647202000,6,rover_s102_1x1_n1_1fps_1s_aldrich.json,s102
1687806071.647752000,7,rover_s102_1x1_n1_1fps_1s_aldrich.json,s102
1687806071.647879000,8,rover_s102_1x1_n1_1fps_1s_aldrich.json,s102
1687806072.666639000,0,rover_s102_1x1_n1_1fps_1s_aldrich.json,s102
1687806072.666844000,1,rover_s102_1x1_n1_1fps_1s_aldrich.json,s102
1687806072.667352000,2,rover_s102_1x1_n1_1fps_1s_aldrich.json,s102
1687806072.667354000,3,rover_s102_1x1_n1_1fps_1s_aldrich.json,s102
1687806072.667484000,4,rover_s102_1x1_n1_1fps_1s_aldrich.json,s102
1687806072.668010000,5,rover_s102_1x1_n1_1fps_1s_aldrich.json,s102
1687806072.668117000,6,rover_s102_1x1_n1_1fps_1s_aldrich.json,s102
1687806072.668219000,7,rover_s102_1x1_n1_1fps_1s_aldrich.json,s102
1687806072.670710000,8,rover_s102_1x1_n1_1fps_1s_aldrich.json,s102
1687806072.671799000,9,rover_s102_1x1_n1_1fps_1s_aldrich.json,s102
1687806072.671892000,10,rover_s102_1x1_n1_1fps_1s_aldrich.json,s102
1687806072.671894000,11,rover_s102_1x1_n1_1fps_1s_aldrich.json,s102
1687806073.688699000,0,rover_s102_1x1_n1_1fps_1s_aldrich.json,s102
1687806073.689036000,1,rover_s102_1x1_n1_1fps_1s_aldrich.json,s102
1687806073.689883000,2,rover_s102_1x1_n1_1fps_1s_aldrich.json,s102
1687806073.689985000,3,rover_s102_1x1_n1_1fps_1s_aldrich.json,s102
1687806073.690093000,4,rover_s102_1x1_n1_1fps_1s_aldrich.json,s102
1687806073.690196000,5,rover_s102_1x1_n1_1fps_1s_aldrich.json,s102
1687806073.690282000,6,rover_s102_1x1_n1_1fps_1s_aldrich.json,s102
1687806073.690767000,7,rover_s102_1x1_n1_1fps_1s_aldrich.json,s102
1687806073.690865000,8,rover_s102_1x1_n1_1fps_1s_aldrich.json,s102
1687806073.691446000,9,rover_s102_1x1_n1_1fps_1s_aldrich.json,s102
1687806074.714953000,0,rover_s102_1x1_n1_1fps_1s_aldrich.json,s102
1687806074.715157000,1,rover_s102_1x1_n1_1fps_1s_aldrich.json,s102
1687806074.715254000,2,rover_s102_1x1_n1_1fps_1s_aldrich.json,s102
1687806074.716464000,3,rover_s102_1x1_n1_1fps_1s_aldrich.json,s102
1687806074.716564000,4,rover_s102_1x1_n1_1fps_1s_aldrich.json,s102
1687806074.716663000,5,rover_s102_1x1_n1_1fps_1s_aldrich.json,s102
1687806074.716779000,6,rover_s102_1x1_n1_1fps_1s_aldrich.json,s102
1687806074.716872000,7,rover_s102_1x1_n1_1fps_1s_aldrich.json,s102
1687806074.717683000,8,rover_s102_1x1_n1_1fps_1s_aldrich.json,s102
1687806074.717794000,9,rover_s102_1x1_n1_1fps_1s_aldrich.json,s102
1687806074.718059000,10,rover_s102_1x1_n1_1fps_1s_aldrich.json,s102
1687806075.745668000,0,rover_s102_1x1_n1_1fps_1s_aldrich.json,s102
1687806075.746086000,1,rover_s102_1x1_n1_1fps_1s_aldrich.json,s102
1687806075.747612000,2,rover_s102_1x1_n1_1fps_1s_aldrich.json,s102
1687806075.752748000,3,rover_s102_1x1_n1_1fps_1s_aldrich.json,s102
1687806075.752856000,4,rover_s102_1x1_n1_1fps_1s_aldrich.json,s102
1687806075.752857000,5,rover_s102_1x1_n1_1fps_1s_aldrich.json,s102
1687806075.752943000,6,rover_s102_1x1_n1_1fps_1s_aldrich.json,s102
1687806075.753030000,7,rover_s102_1x1_n1_1fps_1s_aldrich.json,s102
1687806075.753093000,8,rover_s102_1x1_n1_1fps_1s_aldrich.json,s102
1687806075.753095000,9,rover_s102_1x1_n1_1fps_1s_aldrich.json,s102
1687806075.753204000,10,rover_s102_1x1_n1_1fps_1s_aldrich.json,s102
1687806075.753298000,11,rover_s102_1x1_n1_1fps_1s_aldrich.json,s102
1687806075.753369000,12,rover_s102_1x1_n1_1fps_1s_aldrich.json,s102
1687806075.753370000,13,rover_s102_1x1_n1_1fps_1s_aldrich.json,s102
1687806076.774374000,0,rover_s102_1x1_n1_1fps_1s_aldrich.json,s102
1687806076.775036000,1,rover_s102_1x1_n1_1fps_1s_aldrich.json,s102
1687806076.775150000,2,rover_s102_1x1_n1_1fps_1s_aldrich.json,s102
1687806076.775800000,3,rover_s102_1x1_n1_1fps_1s_aldrich.json,s102
1687806076.775911000,4,rover_s102_1x1_n1_1fps_1s_aldrich.json,s102
1687806076.777539000,5,rover_s102_1x1_n1_1fps_1s_aldrich.json,s102
1687806077.797834000,0,rover_s102_1x1_n1_1fps_1s_aldrich.json,s102
1687806077.800105000,1,rover_s102_1x1_n1_1fps_1s_aldrich.json,s102
1687806077.800107000,2,rover_s102_1x1_n1_1fps_1s_aldrich.json,s102
1687806077.801137000,3,rover_s102_1x1_n1_1fps_1s_aldrich.json,s102
1687806077.801220000,4,rover_s102_1x1_n1_1fps_1s_aldrich.json,s102
1687806077.801313000,5,rover_s102_1x1_n1_1fps_1s_aldrich.json,s102
1687806077.801315000,6,rover_s102_1x1_n1_1fps_1s_aldrich.json,s102
1687806078.828345000,0,rover_s102_1x1_n1_1fps_1s_aldrich.json,s102
1687806078.828621000,1,rover_s102_1x1_n1_1fps_1s_aldrich.json,s102
1687806078.829316000,2,rover_s102_1x1_n1_1fps_1s_aldrich.json,s102
1687806078.829318000,3,rover_s102_1x1_n1_1fps_1s_aldrich.json,s102
1687806078.829455000,4,rover_s102_1x1_n1_1fps_1s_aldrich.json,s102
1687806078.829611000,5,rover_s102_1x1_n1_1fps_1s_aldrich.json,s102
1687806078.830053000,6,rover_s102_1x1_n1_1fps_1s_aldrich.json,s102
1687806078.831224000,7,rover_s102_1x1_n1_1fps_1s_aldrich.json,s102
1687806078.831357000,8,rover_s102_1x1_n1_1fps_1s_aldrich.json,s102
1687806078.832087000,9,rover_s102_1x1_n1_1fps_1s_aldrich.json,s102
1687806078.832168000,10,rover_s102_1x1_n1_1fps_1s_aldrich.json,s102
1687806079.852777000,0,rover_s102_1x1_n1_1fps_1s_aldrich.json,s102
1687806079.853192000,1,rover_s102_1x1_n1_1fps_1s_aldrich.json,s102
1687806079.854749000,2,rover_s102_1x1_n1_1fps_1s_aldrich.json,s102
1687806079.854751000,3,rover_s102_1x1_n1_1fps_1s_aldrich.json,s102
1687806079.854882000,4,rover_s102_1x1_n1_1fps_1s_aldrich.json,s102
1687806079.855320000,5,rover_s102_1x1_n1_1fps_1s_aldrich.json,s102
1687806079.855322000,6,rover_s102_1x1_n1_1fps_1s_aldrich.json,s102
1687806079.855456000,7,rover_s102_1x1_n1_1fps_1s_aldrich.json,s102
1687806079.856172000,8,rover_s102_1x1_n1_1fps_1s_aldrich.json,s102
1687806079.856275000,9,rover_s102_1x1_n1_1fps_1s_aldrich.json,s102
1687806080.879108000,0,rover_s102_1x1_n1_1fps_1s_aldrich.json,s102
1687806080.879311000,1,rover_s102_1x1_n1_1fps_1s_aldrich.json,s102
1687806080.879470000,2,rover_s102_1x1_n1_1fps_1s_aldrich.json,s102
1687806080.880621000,3,rover_s102_1x1_n1_1fps_1s_aldrich.json,s102
1687806080.880740000,4,rover_s102_1x1_n1_1fps_1s_aldrich.json,s102
1687806080.880742000,5,rover_s102_1x1_n1_1fps_1s_aldrich.json,s102
1687806080.880964000,6,rover_s102_1x1_n1_1fps_1s_aldrich.json,s102
1687806080.881842000,7,rover_s102_1x1_n1_1fps_1s_aldrich.json,s102
1687806080.881952000,8,rover_s102_1x1_n1_1fps_1s_aldrich.json,s102
1687806080.881954000,9,rover_s102_1x1_n1_1fps_1s_aldrich.json,s102
1687806080.882557000,10,rover_s102_1x1_n1_1fps_1s_aldrich.json,s102
1687806080.883639000,11,rover_s102_1x1_n1_1fps_1s_aldrich.json,s102
1687806080.883640000,12,rover_s102_1x1_n1_1fps_1s_aldrich.json,s102
1687806080.883796000,13,rover_s102_1x1_n1_1fps_1s_aldrich.json,s102
1687806081.904145000,0,rover_s102_1x1_n1_1fps_1s_aldrich.json,s102
1687806081.904587000,1,rover_s102_1x1_n1_1fps_1s_aldrich.json,s102
1687806081.906203000,2,rover_s102_1x1_n1_1fps_1s_aldrich.json,s102
1687806081.906205000,3,rover_s102_1x1_n1_1fps_1s_aldrich.json,s102
1687806081.906348000,4,rover_s102_1x1_n1_1fps_1s_aldrich.json,s102
1687806081.906456000,5,rover_s102_1x1_n1_1fps_1s_aldrich.json,s102
1687806081.907309000,6,rover_s102_1x1_n1_1fps_1s_aldrich.json,s102
1687806081.907311000,7,rover_s102_1x1_n1_1fps_1s_aldrich.json,s102
1687806082.927265000,0,rover_s102_1x1_n1_1fps_1s_aldrich.json,s102
1687806082.927476000,1,rover_s102_1x1_n1_1fps_1s_aldrich.json,s102
1687806082.927580000,2,rover_s102_1x1_n1_1fps_1s_aldrich.json,s102
1687806082.929179000,3,rover_s102_1x1_n1_1fps_1s_aldrich.json,s102
1687806082.929180000,4,rover_s102_1x1_n1_1fps_1s_aldrich.json,s102
1687806082.929317000,5,rover_s102_1x1_n1_1fps_1s_aldrich.json,s102
1687806082.929426000,6,rover_s102_1x1_n1_1fps_1s_aldrich.json,s102
1687806082.931827000,7,rover_s102_1x1_n1_1fps_1s_aldrich.json,s102
1687806082.931828000,8,rover_s102_1x1_n1_1fps_1s_aldrich.json,s102
1687806083.952336000,0,rover_s102_1x1_n1_1fps_1s_aldrich.json,s102
1687806083.952757000,1,rover_s102_1x1_n1_1fps_1s_aldrich.json,s102
1687806083.954469000,2,rover_s102_1x1_n1_1fps_1s_aldrich.json,s102
1687806083.954471000,3,rover_s102_1x1_n1_1fps_1s_aldrich.json,s102
1687806083.954614000,4,rover_s102_1x1_n1_1fps_1s_aldrich.json,s102
1687806083.954759000,5,rover_s102_1x1_n1_1fps_1s_aldrich.json,s102
1687806083.955597000,6,rover_s102_1x1_n1_1fps_1s_aldrich.json,s102
1687806083.955708000,7,rover_s102_1x1_n1_1fps_1s_aldrich.json,s102
1687806084.974368000,0,rover_s102_1x1_n1_1fps_1s_aldrich.json,s102
1687806084.974582000,1,rover_s102_1x1_n1_1fps_1s_aldrich.json,s102
1687806084.975014000,2,rover_s102_1x1_n1_1fps_1s_aldrich.json,s102
1687806084.975113000,3,rover_s102_1x1_n1_1fps_1s_aldrich.json,s102
1687806084.976328000,4,rover_s102_1x1_n1_1fps_1s_aldrich.json,s102
1687806084.976330000,5,rover_s102_1x1_n1_1fps_1s_aldrich.json,s102
1687806084.976486000,6,rover_s102_1x1_n1_1fps_1s_aldrich.json,s102
1687806084.976911000,7,rover_s102_1x1_n1_1fps_1s_aldrich.json,s102
1687806085.997303000,0,rover_s102_1x1_n1_1fps_1s_aldrich.json,s102
1687806085.997718000,1,rover_s102_1x1_n1_1fps_1s_aldrich.json,s102
1687806085.999466000,2,rover_s102_1x1_n1_1fps_1s_aldrich.json,s102
1687806085.999468000,3,rover_s102_1x1_n1_1fps_1s_aldrich.json,s102
1687806086.000415000,4,rover_s102_1x1_n1_1fps_1s_aldrich.json,s102
1687806086.000495000,5,rover_s102_1x1_n1_1fps_1s_aldrich.json,s102
1687806086.000568000,6,rover_s102_1x1_n1_1fps_1s_aldrich.json,s102
1687806087.024325000,0,rover_s102_1x1_n1_1fps_1s_aldrich.json,s102
1687806087.024529000,1,rover_s102_1x1_n1_1fps_1s_aldrich.json,s102
1687806087.024631000,2,rover_s102_1x1_n1_1fps_1s_aldrich.json,s102
1687806087.024760000,3,rover_s102_1x1_n1_1fps_1s_aldrich.json,s102
1687806087.024855000,4,rover_s102_1x1_n1_1fps_1s_aldrich.json,s102
1687806087.025123000,5,rover_s102_1x1_n1_1fps_1s_aldrich.json,s102
1687806087.026042000,6,rover_s102_1x1_n1_1fps_1s_aldrich.json,s102
1687806087.026165000,7,rover_s102_1x1_n1_1fps_1s_aldrich.json,s102
1687806087.027628000,8,rover_s102_1x1_n1_1fps_1s_aldrich.json,s102
1687806087.027630000,9,rover_s102_1x1_n1_1fps_1s_aldrich.json,s102
1687806087.027788000,10,rover_s102_1x1_n1_1fps_1s_aldrich.json,s102
1687806088.052018000,0,rover_s102_1x1_n1_1fps_1s_aldrich.json,s102
1687806088.052424000,1,rover_s102_1x1_n1_1fps_1s_aldrich.json,s102
1687806088.053893000,2,rover_s102_1x1_n1_1fps_1s_aldrich.json,s102
1687806088.053895000,3,rover_s102_1x1_n1_1fps_1s_aldrich.json,s102
1687806088.054046000,4,rover_s102_1x1_n1_1fps_1s_aldrich.json,s102
1687806088.054150000,5,rover_s102_1x1_n1_1fps_1s_aldrich.json,s102
1687806088.054270000,6,rover_s102_1x1_n1_1fps_1s_aldrich.json,s102
1687806088.054356000,7,rover_s102_1x1_n1_1fps_1s_aldrich.json,s102
1687806088.055699000,8,rover_s102_1x1_n1_1fps_1s_aldrich.json,s102
1687806089.074521000,0,rover_s102_1x1_n1_1fps_1s_aldrich.json,s102
1687806089.074735000,1,rover_s102_1x1_n1_1fps_1s_aldrich.json,s102
1687806089.075069000,2,rover_s102_1x1_n1_1fps_1s_aldrich.json,s102
1687806089.076161000,3,rover_s102_1x1_n1_1fps_1s_aldrich.json,s102
1687806089.076294000,4,rover_s102_1x1_n1_1fps_1s_aldrich.json,s102
1687806089.076400000,5,rover_s102_1x1_n1_1fps_1s_aldrich.json,s102
1687806089.076504000,6,rover_s102_1x1_n1_1fps_1s_aldrich.json,s102
1687806089.076587000,7,rover_s102_1x1_n1_1fps_1s_aldrich.json,s102
1687806089.080223000,8,rover_s102_1x1_n1_1fps_1s_aldrich.json,s102
1687806090.095144000,0,rover_s102_1x1_n1_1fps_1s_aldrich.json,s102
1687806090.095556000,1,rover_s102_1x1_n1_1fps_1s_aldrich.json,s102
1687806090.096969000,2,rover_s102_1x1_n1_1fps_1s_aldrich.json,s102
1687806090.096971000,3,rover_s102_1x1_n1_1fps_1s_aldrich.json,s102
1687806090.097113000,4,rover_s102_1x1_n1_1fps_1s_aldrich.json,s102
1687806090.097225000,5,rover_s102_1x1_n1_1fps_1s_aldrich.json,s102
1687806090.097340000,6,rover_s102_1x1_n1_1fps_1s_aldrich.json,s102
1687806090.098225000,7,rover_s102_1x1_n1_1fps_1s_aldrich.json,s102
1687806090.098336000,8,rover_s102_1x1_n1_1fps_1s_aldrich.json,s102
1687806090.098423000,9,rover_s102_1x1_n1_1fps_1s_aldrich.json,s102
1687806090.099190000,10,rover_s102_1x1_n1_1fps_1s_aldrich.json,s102
1687806091.119869000,0,rover_s102_1x1_n1_1fps_1s_aldrich.json,s102
1687806091.120096000,1,rover_s102_1x1_n1_1fps_1s_aldrich.json,s102
1687806091.120212000,2,rover_s102_1x1_n1_1fps_1s_aldrich.json,s102
1687806091.121263000,3,rover_s102_1x1_n1_1fps_1s_aldrich.json,s102
1687806091.121264000,4,rover_s102_1x1_n1_1fps_1s_aldrich.json,s102
1687806091.121394000,5,rover_s102_1x1_n1_1fps_1s_aldrich.json,s102
1687806091.121492000,6,rover_s102_1x1_n1_1fps_1s_aldrich.json,s102
1687806091.121763000,7,rover_s102_1x1_n1_1fps_1s_aldrich.json,s102
1687806092.146063000,0,rover_s102_1x1_n1_1fps_1s_aldrich.json,s102
1687806092.146452000,1,rover_s102_1x1_n1_1fps_1s_aldrich.json,s102
1687806092.148211000,2,rover_s102_1x1_n1_1fps_1s_aldrich.json,s102
1687806092.148212000,3,rover_s102_1x1_n1_1fps_1s_aldrich.json,s102
1687806092.148370000,4,rover_s102_1x1_n1_1fps_1s_aldrich.json,s102
1687806092.148550000,5,rover_s102_1x1_n1_1fps_1s_aldrich.json,s102
1687806092.148689000,6,rover_s102_1x1_n1_1fps_1s_aldrich.json,s102
1687806092.148777000,7,rover_s102_1x1_n1_1fps_1s_aldrich.json,s102
1687806092.149134000,8,rover_s102_1x1_n1_1fps_1s_aldrich.json,s102
1687806092.149229000,9,rover_s102_1x1_n1_1fps_1s_aldrich.json,s102
1687806093.166942000,0,rover_s102_1x1_n1_1fps_1s_aldrich.json,s102
1687806093.167142000,1,rover_s102_1x1_n1_1fps_1s_aldrich.json,s102
1687806093.167251000,2,rover_s102_1x1_n1_1fps_1s_aldrich.json,s102
1687806093.168315000,3,rover_s102_1x1_n1_1fps_1s_aldrich.json,s102
1687806093.168317000,4,rover_s102_1x1_n1_1fps_1s_aldrich.json,s102
1687806093.168514000,5,rover_s102_1x1_n1_1fps_1s_aldrich.json,s102
1687806093.168610000,6,rover_s102_1x1_n1_1fps_1s_aldrich.json,s102
1687806093.169293000,7,rover_s102_1x1_n1_1fps_1s_aldrich.json,s102
1687806094.191245000,0,rover_s102_1x1_n1_1fps_1s_aldrich.json,s102
1687806094.191632000,1,rover_s102_1x1_n1_1fps_1s_aldrich.json,s102
1687806094.192971000,2,rover_s102_1x1_n1_1fps_1s_aldrich.json,s102
1687806094.192973000,3,rover_s102_1x1_n1_1fps_1s_aldrich.json,s102
1687806094.193129000,4,rover_s102_1x1_n1_1fps_1s_aldrich.json,s102
1687806094.193230000,5,rover_s102_1x1_n1_1fps_1s_aldrich.json,s102
1687806094.197826000,6,rover_s102_1x1_n1_1fps_1s_aldrich.json,s102
1687806095.214965000,0,rover_s102_1x1_n1_1fps_1s_aldrich.json,s102
1687806095.215164000,1,rover_s102_1x1_n1_1fps_1s_aldrich.json,s102
1687806095.215560000,2,rover_s102_1x1_n1_1fps_1s_aldrich.json,s102
1687806095.215562000,3,rover_s102_1x1_n1_1fps_1s_aldrich.json,s102
1687806095.215697000,4,rover_s102_1x1_n1_1fps_1s_aldrich.json,s102
1687806095.216755000,5,rover_s102_1x1_n1_1fps_1s_aldrich.json,s102
1687806095.216757000,6,rover_s102_1x1_n1_1fps_1s_aldrich.json,s102
1687806095.216939000,7,rover_s102_1x1_n1_1fps_1s_aldrich.json,s102
1687806095.217892000,8,rover_s102_1x1_n1_1fps_1s_aldrich.json,s102
1687806096.238781000,0,rover_s102_1x1_n1_1fps_1s_aldrich.json,s102
1687806096.239207000,1,rover_s102_1x1_n1_1fps_1s_aldrich.json,s102
1687806096.240082000,2,rover_s102_1x1_n1_1fps_1s_aldrich.json,s102
1687806096.240191000,3,rover_s102_1x1_n1_1fps_1s_aldrich.json,s102
1687806096.240298000,4,rover_s102_1x1_n1_1fps_1s_aldrich.json,s102
1687806096.240437000,5,rover_s102_1x1_n1_1fps_1s_aldrich.json,s102
1687806096.241085000,6,rover_s102_1x1_n1_1fps_1s_aldrich.json,s102
1687806096.241198000,7,rover_s102_1x1_n1_1fps_1s_aldrich.json,s102
1687806096.241292000,8,rover_s102_1x1_n1_1fps_1s_aldrich.json,s102
1687806097.268888000,0,rover_s102_1x1_n1_1fps_1s_aldrich.json,s102
1687806097.269092000,1,rover_s102_1x1_n1_1fps_1s_aldrich.json,s102
1687806097.269205000,2,rover_s102_1x1_n1_1fps_1s_aldrich.json,s102
1687806097.270107000,3,rover_s102_1x1_n1_1fps_1s_aldrich.json,s102
1687806097.270108000,4,rover_s102_1x1_n1_1fps_1s_aldrich.json,s102
1687806097.270253000,5,rover_s102_1x1_n1_1fps_1s_aldrich.json,s102
1687806097.270355000,6,rover_s102_1x1_n1_1fps_1s_aldrich.json,s102
1687806097.270833000,7,rover_s102_1x1_n1_1fps_1s_aldrich.json,s102
1687806097.270947000,8,rover_s102_1x1_n1_1fps_1s_aldrich.json,s102
1687806097.271909000,9,rover_s102_1x1_n1_1fps_1s_aldrich.json,s102
1687806098.295486000,0,rover_s102_1x1_n1_1fps_1s_aldrich.json,s102
1687806098.295925000,1,rover_s102_1x1_n1_1fps_1s_aldrich.json,s102
1687806098.297339000,2,rover_s102_1x1_n1_1fps_1s_aldrich.json,s102
1687806098.297341000,3,rover_s102_1x1_n1_1fps_1s_aldrich.json,s102
1687806098.297483000,4,rover_s102_1x1_n1_1fps_1s_aldrich.json,s102
1687806098.297607000,5,rover_s102_1x1_n1_1fps_1s_aldrich.json,s102
1687806098.297724000,6,rover_s102_1x1_n1_1fps_1s_aldrich.json,s102
1687806098.297802000,7,rover_s102_1x1_n1_1fps_1s_aldrich.json,s102
1687806099.320848000,0,rover_s102_1x1_n1_1fps_1s_aldrich.json,s102
1687806099.321094000,1,rover_s102_1x1_n1_1fps_1s_aldrich.json,s102
1687806099.321210000,2,rover_s102_1x1_n1_1fps_1s_aldrich.json,s102
1687806099.322120000,3,rover_s102_1x1_n1_1fps_1s_aldrich.json,s102
1687806099.322242000,4,rover_s102_1x1_n1_1fps_1s_aldrich.json,s102
1687806099.322780000,5,rover_s102_1x1_n1_1fps_1s_aldrich.json,s102
1687806099.322891000,6,rover_s102_1x1_n1_1fps_1s_aldrich.json,s102
1687806099.322985000,7,rover_s102_1x1_n1_1fps_1s_aldrich.json,s102
1687806099.322987000,8,rover_s102_1x1_n1_1fps_1s_aldrich.json,s102
1687806099.326055000,9,rover_s102_1x1_n1_1fps_1s_aldrich.json,s102
1687806099.326057000,10,rover_s102_1x1_n1_1fps_1s_aldrich.json,s102
1687806099.326183000,11,rover_s102_1x1_n1_1fps_1s_aldrich.json,s102
1687806100.343874000,0,rover_s102_1x1_n1_1fps_1s_aldrich.json,s102
1687806100.344264000,1,rover_s102_1x1_n1_1fps_1s_aldrich.json,s102
1687806100.345657000,2,rover_s102_1x1_n1_1fps_1s_aldrich.json,s102
1687806100.345659000,3,rover_s102_1x1_n1_1fps_1s_aldrich.json,s102
1687806100.345831000,4,rover_s102_1x1_n1_1fps_1s_aldrich.json,s102
1687806100.345960000,5,rover_s102_1x1_n1_1fps_1s_aldrich.json,s102
1687806100.346600000,6,rover_s102_1x1_n1_1fps_1s_aldrich.json,s102
1687806100.346601000,7,rover_s102_1x1_n1_1fps_1s_aldrich.json,s102
1687806101.370082000,0,rover_s102_1x1_n1_1fps_1s_aldrich.json,s102
1687806101.370286000,1,rover_s102_1x1_n1_1fps_1s_aldrich.json,s102
1687806101.370393000,2,rover_s102_1x1_n1_1fps_1s_aldrich.json,s102
1687806101.372608000,3,rover_s102_1x1_n1_1fps_1s_aldrich.json,s102
1687806101.372766000,4,rover_s102_1x1_n1_1fps_1s_aldrich.json,s102
1687806101.374691000,5,rover_s102_1x1_n1_1fps_1s_aldrich.json,s102
1687806101.374789000,6,rover_s102_1x1_n1_1fps_1s_aldrich.json,s102
1687806101.374854000,7,rover_s102_1x1_n1_1fps_1s_aldrich.json,s102
1687806101.374856000,8,rover_s102_1x1_n1_1fps_1s_aldrich.json,s102
1687806101.374967000,9,rover_s102_1x1_n1_1fps_1s_aldrich.json,s102
1687806102.399093000,0,rover_s102_1x1_n1_1fps_1s_aldrich.json,s102
1687806102.399505000,1,rover_s102_1x1_n1_1fps_1s_aldrich.json,s102
1687806102.400385000,2,rover_s102_1x1_n1_1fps_1s_aldrich.json,s102
1687806102.401335000,3,rover_s102_1x1_n1_1fps_1s_aldrich.json,s102
1687806102.401438000,4,rover_s102_1x1_n1_1fps_1s_aldrich.json,s102
1687806102.401440000,5,rover_s102_1x1_n1_1fps_1s_aldrich.json,s102
1687806102.401584000,6,rover_s102_1x1_n1_1fps_1s_aldrich.json,s102
1687806102.402758000,7,rover_s102_1x1_n1_1fps_1s_aldrich.json,s102
1687806102.402872000,8,rover_s102_1x1_n1_1fps_1s_aldrich.json,s102
1687806103.426145000,0,rover_s102_1x1_n1_1fps_1s_aldrich.json,s102
1687806103.426353000,1,rover_s102_1x1_n1_1fps_1s_aldrich.json,s102
1687806103.426487000,2,rover_s102_1x1_n1_1fps_1s_aldrich.json,s102
1687806103.427270000,3,rover_s102_1x1_n1_1fps_1s_aldrich.json,s102
1687806103.427362000,4,rover_s102_1x1_n1_1fps_1s_aldrich.json,s102
1687806103.427364000,5,rover_s102_1x1_n1_1fps_1s_aldrich.json,s102
1687806103.431583000,6,rover_s102_1x1_n1_1fps_1s_aldrich.json,s102
1687806103.431702000,7,rover_s102_1x1_n1_1fps_1s_aldrich.json,s102
1687806103.431786000,8,rover_s102_1x1_n1_1fps_1s_aldrich.json,s102
1687806104.451980000,0,rover_s102_1x1_n1_1fps_1s_aldrich.json,s102
1687806104.452341000,1,rover_s102_1x1_n1_1fps_1s_aldrich.json,s102
1687806104.453784000,2,rover_s102_1x1_n1_1fps_1s_aldrich.json,s102
1687806104.454645000,3,rover_s102_1x1_n1_1fps_1s_aldrich.json,s102
1687806104.454717000,4,rover_s102_1x1_n1_1fps_1s_aldrich.json,s102
1687806104.454792000,5,rover_s102_1x1_n1_1fps_1s_aldrich.json,s102
1687806104.454794000,6,rover_s102_1x1_n1_1fps_1s_aldrich.json,s102
1687806104.454898000,7,rover_s102_1x1_n1_1fps_1s_aldrich.json,s102
1687806104.454988000,8,rover_s102_1x1_n1_1fps_1s_aldrich.json,s102
1687806105.479118000,0,rover_s102_1x1_n1_1fps_1s_aldrich.json,s102
1687806105.479324000,1,rover_s102_1x1_n1_1fps_1s_aldrich.json,s102
1687806105.479416000,2,rover_s102_1x1_n1_1fps_1s_aldrich.json,s102
1687806105.480629000,3,rover_s102_1x1_n1_1fps_1s_aldrich.json,s102
1687806105.480631000,4,rover_s102_1x1_n1_1fps_1s_aldrich.json,s102
1687806105.480753000,5,rover_s102_1x1_n1_1fps_1s_aldrich.json,s102
1687806105.480872000,6,rover_s102_1x1_n1_1fps_1s_aldrich.json,s102
1687806105.481095000,7,rover_s102_1x1_n1_1fps_1s_aldrich.json,s102
1687806106.503787000,0,rover_s102_1x1_n1_1fps_1s_aldrich.json,s102
1687806106.505174000,1,rover_s102_1x1_n1_1fps_1s_aldrich.json,s102
1687806106.505176000,2,rover_s102_1x1_n1_1fps_1s_aldrich.json,s102
1687806106.505308000,3,rover_s102_1x1_n1_1fps_1s_aldrich.json,s102
1687806106.505431000,4,rover_s102_1x1_n1_1fps_1s_aldrich.json,s102
1687806106.505592000,5,rover_s102_1x1_n1_1fps_1s_aldrich.json,s102
1687806106.506198000,6,rover_s102_1x1_n1_1fps_1s_aldrich.json,s102
1687806106.506301000,7,rover_s102_1x1_n1_1fps_1s_aldrich.json,s102
1687806107.526582000,0,rover_s102_1x1_n1_1fps_1s_aldrich.json,s102
1687806107.527288000,1,rover_s102_1x1_n1_1fps_1s_aldrich.json,s102
1687806107.527290000,2,rover_s102_1x1_n1_1fps_1s_aldrich.json,s102
1687806107.527413000,3,rover_s102_1x1_n1_1fps_1s_aldrich.json,s102
1687806107.527515000,4,rover_s102_1x1_n1_1fps_1s_aldrich.json,s102
1687806107.527939000,5,rover_s102_1x1_n1_1fps_1s_aldrich.json,s102
1687806107.528040000,6,rover_s102_1x1_n1_1fps_1s_aldrich.json,s102
1687806107.530494000,7,rover_s102_1x1_n1_1fps_1s_aldrich.json,s102
1687806108.550490000,0,rover_s102_1x1_n1_1fps_1s_aldrich.json,s102
1687806108.550896000,1,rover_s102_1x1_n1_1fps_1s_aldrich.json,s102
1687806108.551717000,2,rover_s102_1x1_n1_1fps_1s_aldrich.json,s102
1687806108.552696000,3,rover_s102_1x1_n1_1fps_1s_aldrich.json,s102
1687806108.552850000,4,rover_s102_1x1_n1_1fps_1s_aldrich.json,s102
1687806108.556545000,5,rover_s102_1x1_n1_1fps_1s_aldrich.json,s102
1687806108.556666000,6,rover_s102_1x1_n1_1fps_1s_aldrich.json,s102
1687806108.556667000,7,rover_s102_1x1_n1_1fps_1s_aldrich.json,s102
1687806109.576804000,0,rover_s102_1x1_n1_1fps_1s_aldrich.json,s102
1687806109.577008000,1,rover_s102_1x1_n1_1fps_1s_aldrich.json,s102
1687806109.578418000,2,rover_s102_1x1_n1_1fps_1s_aldrich.json,s102
1687806109.578596000,3,rover_s102_1x1_n1_1fps_1s_aldrich.json,s102
1687806109.578703000,4,rover_s102_1x1_n1_1fps_1s_aldrich.json,s102
1687806109.579977000,5,rover_s102_1x1_n1_1fps_1s_aldrich.json,s102
1687806109.579979000,6,rover_s102_1x1_n1_1fps_1s_aldrich.json,s102
1687806110.601216000,0,rover_s102_1x1_n1_1fps_1s_aldrich.json,s102
1687806110.601597000,1,rover_s102_1x1_n1_1fps_1s_aldrich.json,s102
1687806110.602861000,2,rover_s102_1x1_n1_1fps_1s_aldrich.json,s102
1687806110.602863000,3,rover_s102_1x1_n1_1fps_1s_aldrich.json,s102
1687806110.602989000,4,rover_s102_1x1_n1_1fps_1s_aldrich.json,s102
1687806110.603098000,5,rover_s102_1x1_n1_1fps_1s_aldrich.json,s102
1687806110.603224000,6,rover_s102_1x1_n1_1fps_1s_aldrich.json,s102
1687806110.603312000,7,rover_s102_1x1_n1_1fps_1s_aldrich.json,s102
1687806110.603977000,8,rover_s102_1x1_n1_1fps_1s_aldrich.json,s102
1687806110.604082000,9,rover_s102_1x1_n1_1fps_1s_aldrich.json,s102
1687806110.606448000,10,rover_s102_1x1_n1_1fps_1s_aldrich.json,s102
1687806111.628011000,0,rover_s102_1x1_n1_1fps_1s_aldrich.json,s102
1687806111.628229000,1,rover_s102_1x1_n1_1fps_1s_aldrich.json,s102
1687806111.628403000,2,rover_s102_1x1_n1_1fps_1s_aldrich.json,s102
1687806111.629198000,3,rover_s102_1x1_n1_1fps_1s_aldrich.json,s102
1687806111.629305000,4,rover_s102_1x1_n1_1fps_1s_aldrich.json,s102
1687806111.629306000,5,rover_s102_1x1_n1_1fps_1s_aldrich.json,s102
1687806111.629488000,6,rover_s102_1x1_n1_1fps_1s_aldrich.json,s102
1687806111.630211000,7,rover_s102_1x1_n1_1fps_1s_aldrich.json,s102
1687806111.630318000,8,rover_s102_1x1_n1_1fps_1s_aldrich.json,s102
1687806111.630409000,9,rover_s102_1x1_n1_1fps_1s_aldrich.json,s102
1687806111.632285000,10,rover_s102_1x1_n1_1fps_1s_aldrich.json,s102
1687806112.654625000,0,rover_s102_1x1_n1_1fps_1s_aldrich.json,s102
1687806112.655012000,1,rover_s102_1x1_n1_1fps_1s_aldrich.json,s102
1687806112.656185000,2,rover_s102_1x1_n1_1fps_1s_aldrich.json,s102
1687806112.656187000,3,rover_s102_1x1_n1_1fps_1s_aldrich.json,s102
1687806112.656328000,4,rover_s102_1x1_n1_1fps_1s_aldrich.json,s102
1687806112.656439000,5,rover_s102_1x1_n1_1fps_1s_aldrich.json,s102
1687806112.656538000,6,rover_s102_1x1_n1_1fps_1s_aldrich.json,s102
1687806112.657207000,7,rover_s102_1x1_n1_1fps_1s_aldrich.json,s102
1687806112.657208000,8,rover_s102_1x1_n1_1fps_1s_aldrich.json,s102
1687806112.657347000,9,rover_s102_1x1_n1_1fps_1s_aldrich.json,s102
1687806113.681039000,0,rover_s102_1x1_n1_1fps_1s_aldrich.json,s102
1687806113.681249000,1,rover_s102_1x1_n1_1fps_1s_aldrich.json,s102
1687806113.681711000,2,rover_s102_1x1_n1_1fps_1s_aldrich.json,s102
1687806113.681816000,3,rover_s102_1x1_n1_1fps_1s_aldrich.json,s102
1687806113.682341000,4,rover_s102_1x1_n1_1fps_1s_aldrich.json,s102
1687806113.682443000,5,rover_s102_1x1_n1_1fps_1s_aldrich.json,s102
1687806113.682537000,6,rover_s102_1x1_n1_1fps_1s_aldrich.json,s102
1687806113.683145000,7,rover_s102_1x1_n1_1fps_1s_aldrich.json,s102
1687806113.683262000,8,rover_s102_1x1_n1_1fps_1s_aldrich.json,s102
1687806113.684925000,9,rover_s102_1x1_n1_1fps_1s_aldrich.json,s102
1687806114.704713000,0,rover_s102_1x1_n1_1fps_1s_aldrich.json,s102
1687806114.705084000,1,rover_s102_1x1_n1_1fps_1s_aldrich.json,s102
1687806114.709817000,2,rover_s102_1x1_n1_1fps_1s_aldrich.json,s102
1687806114.709819000,3,rover_s102_1x1_n1_1fps_1s_aldrich.json,s102
1687806114.709992000,4,rover_s102_1x1_n1_1fps_1s_aldrich.json,s102
1687806114.710111000,5,rover_s102_1x1_n1_1fps_1s_aldrich.json,s102
1687806114.710228000,6,rover_s102_1x1_n1_1fps_1s_aldrich.json,s102
1687806114.710322000,7,rover_s102_1x1_n1_1fps_1s_aldrich.json,s102
1687806115.727893000,0,rover_s102_1x1_n1_1fps_1s_aldrich.json,s102
1687806115.728097000,1,rover_s102_1x1_n1_1fps_1s_aldrich.json,s102
1687806115.728192000,2,rover_s102_1x1_n1_1fps_1s_aldrich.json,s102
1687806115.728303000,3,rover_s102_1x1_n1_1fps_1s_aldrich.json,s102
1687806115.728384000,4,rover_s102_1x1_n1_1fps_1s_aldrich.json,s102
1687806115.728737000,5,rover_s102_1x1_n1_1fps_1s_aldrich.json,s102
1687806115.728838000,6,rover_s102_1x1_n1_1fps_1s_aldrich.json,s102
1687806115.732094000,7,rover_s102_1x1_n1_1fps_1s_aldrich.json,s102
1687806116.752435000,0,rover_s102_1x1_n1_1fps_1s_aldrich.json,s102
1687806116.753639000,1,rover_s102_1x1_n1_1fps_1s_aldrich.json,s102
1687806116.753765000,2,rover_s102_1x1_n1_1fps_1s_aldrich.json,s102
1687806116.755648000,3,rover_s102_1x1_n1_1fps_1s_aldrich.json,s102
1687806116.755649000,4,rover_s102_1x1_n1_1fps_1s_aldrich.json,s102
1687806116.755762000,5,rover_s102_1x1_n1_1fps_1s_aldrich.json,s102
1687806116.755841000,6,rover_s102_1x1_n1_1fps_1s_aldrich.json,s102
1687806116.755928000,7,rover_s102_1x1_n1_1fps_1s_aldrich.json,s102
1687806116.755930000,8,rover_s102_1x1_n1_1fps_1s_aldrich.json,s102
1687806117.779473000,0,rover_s102_1x1_n1_1fps_1s_aldrich.json,s102
1687806117.779680000,1,rover_s102_1x1_n1_1fps_1s_aldrich.json,s102
1687806117.779957000,2,rover_s102_1x1_n1_1fps_1s_aldrich.json,s102
1687806117.780054000,3,rover_s102_1x1_n1_1fps_1s_aldrich.json,s102
1687806117.781159000,4,rover_s102_1x1_n1_1fps_1s_aldrich.json,s102
1687806117.781275000,5,rover_s102_1x1_n1_1fps_1s_aldrich.json,s102
1687806117.781606000,6,rover_s102_1x1_n1_1fps_1s_aldrich.json,s102
1687806117.781699000,7,rover_s102_1x1_n1_1fps_1s_aldrich.json,s102
1687806117.782387000,8,rover_s102_1x1_n1_1fps_1s_aldrich.json,s102
1687806117.782493000,9,rover_s102_1x1_n1_1fps_1s_aldrich.json,s102
1687806118.805682000,0,rover_s102_1x1_n1_1fps_1s_aldrich.json,s102
1687806118.806049000,1,rover_s102_1x1_n1_1fps_1s_aldrich.json,s102
1687806118.807392000,2,rover_s102_1x1_n1_1fps_1s_aldrich.json,s102
1687806118.807393000,3,rover_s102_1x1_n1_1fps_1s_aldrich.json,s102
1687806118.807522000,4,rover_s102_1x1_n1_1fps_1s_aldrich.json,s102
1687806118.807634000,5,rover_s102_1x1_n1_1fps_1s_aldrich.json,s102
1687806118.807754000,6,rover_s102_1x1_n1_1fps_1s_aldrich.json,s102
1687806118.808648000,7,rover_s102_1x1_n1_1fps_1s_aldrich.json,s102
1687806119.828398000,0,rover_s102_1x1_n1_1fps_1s_aldrich.json,s102
1687806119.828675000,1,rover_s102_1x1_n1_1fps_1s_aldrich.json,s102
1687806119.828956000,2,rover_s102_1x1_n1_1fps_1s_aldrich.json,s102
1687806119.829059000,3,rover_s102_1x1_n1_1fps_1s_aldrich.json,s102
1687806119.829704000,4,rover_s102_1x1_n1_1fps_1s_aldrich.json,s102
1687806119.829829000,5,rover_s102_1x1_n1_1fps_1s_aldrich.json,s102
1687806119.830229000,6,rover_s102_1x1_n1_1fps_1s_aldrich.json,s102
1687806120.859384000,0,rover_s102_1x1_n1_1fps_1s_aldrich.json,s102
1687806120.859756000,1,rover_s102_1x1_n1_1fps_1s_aldrich.json,s102
1687806120.860972000,2,rover_s102_1x1_n1_1fps_1s_aldrich.json,s102
1687806120.860974000,3,rover_s102_1x1_n1_1fps_1s_aldrich.json,s102
1687806120.861111000,4,rover_s102_1x1_n1_1fps_1s_aldrich.json,s102
1687806120.861225000,5,rover_s102_1x1_n1_1fps_1s_aldrich.json,s102
1687806120.861331000,6,rover_s102_1x1_n1_1fps_1s_aldrich.json,s102
1687806120.862087000,7,rover_s102_1x1_n1_1fps_1s_aldrich.json,s102
1687806120.862986000,8,rover_s102_1x1_n1_1fps_1s_aldrich.json,s102
1687806120.863091000,9,rover_s102_1x1_n1_1fps_1s_aldrich.json,s102
1687806121.883305000,0,rover_s102_1x1_n1_1fps_1s_aldrich.json,s102
1687806121.883527000,1,rover_s102_1x1_n1_1fps_1s_aldrich.json,s102
1687806121.883856000,2,rover_s102_1x1_n1_1fps_1s_aldrich.json,s102
1687806121.883962000,3,rover_s102_1x1_n1_1fps_1s_aldrich.json,s102
1687806121.883964000,4,rover_s102_1x1_n1_1fps_1s_aldrich.json,s102
1687806121.884529000,5,rover_s102_1x1_n1_1fps_1s_aldrich.json,s102
1687806121.884887000,6,rover_s102_1x1_n1_1fps_1s_aldrich.json,s102
1687806121.884888000,7,rover_s102_1x1_n1_1fps_1s_aldrich.json,s102
1687806122.904397000,0,rover_s102_1x1_n1_1fps_1s_aldrich.json,s102
1687806122.904753000,1,rover_s102_1x1_n1_1fps_1s_aldrich.json,s102
1687806122.906156000,2,rover_s102_1x1_n1_1fps_1s_aldrich.json,s102
1687806122.906158000,3,rover_s102_1x1_n1_1fps_1s_aldrich.json,s102
1687806122.906303000,4,rover_s102_1x1_n1_1fps_1s_aldrich.json,s102
1687806122.906419000,5,rover_s102_1x1_n1_1fps_1s_aldrich.json,s102
1687806122.906515000,6,rover_s102_1x1_n1_1fps_1s_aldrich.json,s102
1687806123.929683000,0,rover_s102_1x1_n1_1fps_1s_aldrich.json,s102
1687806123.929886000,1,rover_s102_1x1_n1_1fps_1s_aldrich.json,s102
1687806123.929973000,2,rover_s102_1x1_n1_1fps_1s_aldrich.json,s102
1687806123.931138000,3,rover_s102_1x1_n1_1fps_1s_aldrich.json,s102
1687806123.931210000,4,rover_s102_1x1_n1_1fps_1s_aldrich.json,s102
1687806123.931212000,5,rover_s102_1x1_n1_1fps_1s_aldrich.json,s102
1687806123.931325000,6,rover_s102_1x1_n1_1fps_1s_aldrich.json,s102
1687806123.931422000,7,rover_s102_1x1_n1_1fps_1s_aldrich.json,s102
1687806124.952810000,0,rover_s102_1x1_n1_1fps_1s_aldrich.json,s102
1687806124.953213000,1,rover_s102_1x1_n1_1fps_1s_aldrich.json,s102
1687806124.954441000,2,rover_s102_1x1_n1_1fps_1s_aldrich.json,s102
1687806124.954442000,3,rover_s102_1x1_n1_1fps_1s_aldrich.json,s102
1687806124.954584000,4,rover_s102_1x1_n1_1fps_1s_aldrich.json,s102
1687806124.954695000,5,rover_s102_1x1_n1_1fps_1s_aldrich.json,s102
1687806124.954813000,6,rover_s102_1x1_n1_1fps_1s_aldrich.json,s102
1687806125.976752000,0,rover_s102_1x1_n1_1fps_1s_aldrich.json,s102
1687806125.976961000,1,rover_s102_1x1_n1_1fps_1s_aldrich.json,s102
1687806125.977288000,2,rover_s102_1x1_n1_1fps_1s_aldrich.json,s102
1687806125.977290000,3,rover_s102_1x1_n1_1fps_1s_aldrich.json,s102
1687806125.977413000,4,rover_s102_1x1_n1_1fps_1s_aldrich.json,s102
1687806125.977994000,5,rover_s102_1x1_n1_1fps_1s_aldrich.json,s102
1687806125.978104000,6,rover_s102_1x1_n1_1fps_1s_aldrich.json,s102
1687806125.978526000,7,rover_s102_1x1_n1_1fps_1s_aldrich.json,s102
1687806127.001839000,0,rover_s102_1x1_n1_1fps_1s_aldrich.json,s102
1687806127.002600000,1,rover_s102_1x1_n1_1fps_1s_aldrich.json,s102
1687806127.003484000,2,rover_s102_1x1_n1_1fps_1s_aldrich.json,s102
1687806127.003589000,3,rover_s102_1x1_n1_1fps_1s_aldrich.json,s102
1687806127.003591000,4,rover_s102_1x1_n1_1fps_1s_aldrich.json,s102
1687806127.003719000,5,rover_s102_1x1_n1_1fps_1s_aldrich.json,s102
1687806127.004482000,6,rover_s102_1x1_n1_1fps_1s_aldrich.json,s102
1687806128.024671000,0,rover_s102_1x1_n1_1fps_1s_aldrich.json,s102
1687806128.024879000,1,rover_s102_1x1_n1_1fps_1s_aldrich.json,s102
1687806128.025242000,2,rover_s102_1x1_n1_1fps_1s_aldrich.json,s102
1687806128.025638000,3,rover_s102_1x1_n1_1fps_1s_aldrich.json,s102
1687806128.025717000,4,rover_s102_1x1_n1_1fps_1s_aldrich.json,s102
1687806128.026784000,5,rover_s102_1x1_n1_1fps_1s_aldrich.json,s102
1687806129.049053000,0,rover_s102_1x1_n1_1fps_1s_aldrich.json,s102
1687806129.049421000,1,rover_s102_1x1_n1_1fps_1s_aldrich.json,s102
1687806129.050751000,2,rover_s102_1x1_n1_1fps_1s_aldrich.json,s102
1687806129.050753000,3,rover_s102_1x1_n1_1fps_1s_aldrich.json,s102
1687806129.050896000,4,rover_s102_1x1_n1_1fps_1s_aldrich.json,s102
1687806129.051005000,5,rover_s102_1x1_n1_1fps_1s_aldrich.json,s102
1687806129.051122000,6,rover_s102_1x1_n1_1fps_1s_aldrich.json,s102
1687806130.070801000,0,rover_s102_1x1_n1_1fps_1s_aldrich.json,s102
1687806130.071005000,1,rover_s102_1x1_n1_1fps_1s_aldrich.json,s102
1687806130.071392000,2,rover_s102_1x1_n1_1fps_1s_aldrich.json,s102
1687806130.071394000,3,rover_s102_1x1_n1_1fps_1s_aldrich.json,s102
1687806130.071519000,4,rover_s102_1x1_n1_1fps_1s_aldrich.json,s102
1687806130.072003000,5,rover_s102_1x1_n1_1fps_1s_aldrich.json,s102
1687806130.072114000,6,rover_s102_1x1_n1_1fps_1s_aldrich.json,s102
1687806130.072547000,7,rover_s102_1x1_n1_1fps_1s_aldrich.json,s102
1687806130.072936000,8,rover_s102_1x1_n1_1fps_1s_aldrich.json,s102
1687806130.073020000,9,rover_s102_1x1_n1_1fps_1s_aldrich.json,s102
1687806131.097416000,0,rover_s102_1x1_n1_1fps_1s_aldrich.json,s102
1687806131.097804000,1,rover_s102_1x1_n1_1fps_1s_aldrich.json,s102
1687806131.099449000,2,rover_s102_1x1_n1_1fps_1s_aldrich.json,s102
1687806131.099451000,3,rover_s102_1x1_n1_1fps_1s_aldrich.json,s102
1687806131.099597000,4,rover_s102_1x1_n1_1fps_1s_aldrich.json,s102
1687806131.099713000,5,rover_s102_1x1_n1_1fps_1s_aldrich.json,s102
1687806131.099822000,6,rover_s102_1x1_n1_1fps_1s_aldrich.json,s102
1687806131.100383000,7,rover_s102_1x1_n1_1fps_1s_aldrich.json,s102
1687806132.122700000,0,rover_s102_1x1_n1_1fps_1s_aldrich.json,s102
1687806132.122907000,1,rover_s102_1x1_n1_1fps_1s_aldrich.json,s102
1687806132.123314000,2,rover_s102_1x1_n1_1fps_1s_aldrich.json,s102
1687806132.123316000,3,rover_s102_1x1_n1_1fps_1s_aldrich.json,s102
1687806132.123433000,4,rover_s102_1x1_n1_1fps_1s_aldrich.json,s102
1687806132.123984000,5,rover_s102_1x1_n1_1fps_1s_aldrich.json,s102
1687806132.124108000,6,rover_s102_1x1_n1_1fps_1s_aldrich.json,s102
1687806132.124109000,7,rover_s102_1x1_n1_1fps_1s_aldrich.json,s102
1687806132.124592000,8,rover_s102_1x1_n1_1fps_1s_aldrich.json,s102
1687806132.125624000,9,rover_s102_1x1_n1_1fps_1s_aldrich.json,s102
1687806132.125626000,10,rover_s102_1x1_n1_1fps_1s_aldrich.json,s102
1687806133.147081000,0,rover_s102_1x1_n1_1fps_1s_aldrich.json,s102
1687806133.147445000,1,rover_s102_1x1_n1_1fps_1s_aldrich.json,s102
1687806133.149129000,2,rover_s102_1x1_n1_1fps_1s_aldrich.json,s102
1687806133.149131000,3,rover_s102_1x1_n1_1fps_1s_aldrich.json,s102
1687806133.149280000,4,rover_s102_1x1_n1_1fps_1s_aldrich.json,s102
1687806133.149392000,5,rover_s102_1x1_n1_1fps_1s_aldrich.json,s102
1687806133.149510000,6,rover_s102_1x1_n1_1fps_1s_aldrich.json,s102
1687806134.170685000,0,rover_s102_1x1_n1_1fps_1s_aldrich.json,s102
1687806134.170892000,1,rover_s102_1x1_n1_1fps_1s_aldrich.json,s102
1687806134.171170000,2,rover_s102_1x1_n1_1fps_1s_aldrich.json,s102
1687806134.171271000,3,rover_s102_1x1_n1_1fps_1s_aldrich.json,s102
1687806134.171753000,4,rover_s102_1x1_n1_1fps_1s_aldrich.json,s102
1687806134.171853000,5,rover_s102_1x1_n1_1fps_1s_aldrich.json,s102
1687806134.172386000,6,rover_s102_1x1_n1_1fps_1s_aldrich.json,s102
1687806134.172491000,7,rover_s102_1x1_n1_1fps_1s_aldrich.json,s102
1687806134.175289000,8,rover_s102_1x1_n1_1fps_1s_aldrich.json,s102
1687806135.196657000,0,rover_s102_1x1_n1_1fps_1s_aldrich.json,s102
1687806135.197042000,1,rover_s102_1x1_n1_1fps_1s_aldrich.json,s102
1687806135.198193000,2,rover_s102_1x1_n1_1fps_1s_aldrich.json,s102
1687806135.198195000,3,rover_s102_1x1_n1_1fps_1s_aldrich.json,s102
1687806135.198336000,4,rover_s102_1x1_n1_1fps_1s_aldrich.json,s102
1687806136.227694000,0,rover_s102_1x1_n1_1fps_1s_aldrich.json,s102
1687806136.227910000,1,rover_s102_1x1_n1_1fps_1s_aldrich.json,s102
1687806136.228504000,2,rover_s102_1x1_n1_1fps_1s_aldrich.json,s102
1687806136.229724000,3,rover_s102_1x1_n1_1fps_1s_aldrich.json,s102
1687806137.258360000,0,rover_s102_1x1_n1_1fps_1s_aldrich.json,s102
1687806137.258752000,1,rover_s102_1x1_n1_1fps_1s_aldrich.json,s102
1687806137.259787000,2,rover_s102_1x1_n1_1fps_1s_aldrich.json,s102
1687806137.259789000,3,rover_s102_1x1_n1_1fps_1s_aldrich.json,s102
1687806138.288538000,0,rover_s102_1x1_n1_1fps_1s_aldrich.json,s102
1687806138.288856000,1,rover_s102_1x1_n1_1fps_1s_aldrich.json,s102
1687806138.289276000,2,rover_s102_1x1_n1_1fps_1s_aldrich.json,s102
1687806138.289820000,3,rover_s102_1x1_n1_1fps_1s_aldrich.json,s102
1687806138.290343000,4,rover_s102_1x1_n1_1fps_1s_aldrich.json,s102
1687806138.290921000,5,rover_s102_1x1_n1_1fps_1s_aldrich.json,s102
1687806138.291310000,6,rover_s102_1x1_n1_1fps_1s_aldrich.json,s102
