Timestamp,Packet,Scenario,Type
1687253036.936188000,0,rover_ap_1x1_n1_1fps_1sp_aldrich.json,ap
1687253036.936752000,1,rover_ap_1x1_n1_1fps_1sp_aldrich.json,ap
1687253036.937287000,2,rover_ap_1x1_n1_1fps_1sp_aldrich.json,ap
1687253036.937823000,3,rover_ap_1x1_n1_1fps_1sp_aldrich.json,ap
1687253036.938357000,4,rover_ap_1x1_n1_1fps_1sp_aldrich.json,ap
1687253036.938885000,5,rover_ap_1x1_n1_1fps_1sp_aldrich.json,ap
1687253036.939431000,6,rover_ap_1x1_n1_1fps_1sp_aldrich.json,ap
1687253036.939970000,7,rover_ap_1x1_n1_1fps_1sp_aldrich.json,ap
1687253036.940496000,8,rover_ap_1x1_n1_1fps_1sp_aldrich.json,ap
1687253036.942179000,9,rover_ap_1x1_n1_1fps_1sp_aldrich.json,ap
1687253037.964721000,0,rover_ap_1x1_n1_1fps_1sp_aldrich.json,ap
1687253037.965344000,1,rover_ap_1x1_n1_1fps_1sp_aldrich.json,ap
1687253037.965931000,2,rover_ap_1x1_n1_1fps_1sp_aldrich.json,ap
1687253037.966510000,3,rover_ap_1x1_n1_1fps_1sp_aldrich.json,ap
1687253037.967096000,4,rover_ap_1x1_n1_1fps_1sp_aldrich.json,ap
1687253038.992780000,0,rover_ap_1x1_n1_1fps_1sp_aldrich.json,ap
1687253038.993088000,1,rover_ap_1x1_n1_1fps_1sp_aldrich.json,ap
1687253038.993389000,2,rover_ap_1x1_n1_1fps_1sp_aldrich.json,ap
1687253038.993784000,3,rover_ap_1x1_n1_1fps_1sp_aldrich.json,ap
1687253038.994093000,4,rover_ap_1x1_n1_1fps_1sp_aldrich.json,ap
1687253038.994389000,5,rover_ap_1x1_n1_1fps_1sp_aldrich.json,ap
1687253038.994792000,6,rover_ap_1x1_n1_1fps_1sp_aldrich.json,ap
1687253038.995130000,7,rover_ap_1x1_n1_1fps_1sp_aldrich.json,ap
1687253038.995426000,8,rover_ap_1x1_n1_1fps_1sp_aldrich.json,ap
1687253038.995729000,9,rover_ap_1x1_n1_1fps_1sp_aldrich.json,ap
1687253040.016159000,0,rover_ap_1x1_n1_1fps_1sp_aldrich.json,ap
1687253040.016491000,1,rover_ap_1x1_n1_1fps_1sp_aldrich.json,ap
1687253040.016809000,2,rover_ap_1x1_n1_1fps_1sp_aldrich.json,ap
1687253040.017129000,3,rover_ap_1x1_n1_1fps_1sp_aldrich.json,ap
1687253040.017401000,4,rover_ap_1x1_n1_1fps_1sp_aldrich.json,ap
1687253040.017667000,5,rover_ap_1x1_n1_1fps_1sp_aldrich.json,ap
1687253040.018022000,6,rover_ap_1x1_n1_1fps_1sp_aldrich.json,ap
1687253040.018354000,7,rover_ap_1x1_n1_1fps_1sp_aldrich.json,ap
1687253040.018775000,8,rover_ap_1x1_n1_1fps_1sp_aldrich.json,ap
1687253040.019067000,9,rover_ap_1x1_n1_1fps_1sp_aldrich.json,ap
1687253041.042923000,0,rover_ap_1x1_n1_1fps_1sp_aldrich.json,ap
1687253041.043199000,1,rover_ap_1x1_n1_1fps_1sp_aldrich.json,ap
1687253041.043482000,2,rover_ap_1x1_n1_1fps_1sp_aldrich.json,ap
1687253041.043747000,3,rover_ap_1x1_n1_1fps_1sp_aldrich.json,ap
1687253041.044024000,4,rover_ap_1x1_n1_1fps_1sp_aldrich.json,ap
1687253041.044298000,5,rover_ap_1x1_n1_1fps_1sp_aldrich.json,ap
1687253041.044565000,6,rover_ap_1x1_n1_1fps_1sp_aldrich.json,ap
1687253041.045783000,7,rover_ap_1x1_n1_1fps_1sp_aldrich.json,ap
1687253041.046133000,8,rover_ap_1x1_n1_1fps_1sp_aldrich.json,ap
1687253041.046611000,9,rover_ap_1x1_n1_1fps_1sp_aldrich.json,ap
1687253042.074164000,0,rover_ap_1x1_n1_1fps_1sp_aldrich.json,ap
1687253042.074503000,1,rover_ap_1x1_n1_1fps_1sp_aldrich.json,ap
1687253042.074763000,2,rover_ap_1x1_n1_1fps_1sp_aldrich.json,ap
1687253042.075070000,3,rover_ap_1x1_n1_1fps_1sp_aldrich.json,ap
1687253042.075421000,4,rover_ap_1x1_n1_1fps_1sp_aldrich.json,ap
1687253042.075710000,5,rover_ap_1x1_n1_1fps_1sp_aldrich.json,ap
1687253042.075985000,6,rover_ap_1x1_n1_1fps_1sp_aldrich.json,ap
1687253042.076405000,7,rover_ap_1x1_n1_1fps_1sp_aldrich.json,ap
1687253042.076837000,8,rover_ap_1x1_n1_1fps_1sp_aldrich.json,ap
1687253042.077133000,9,rover_ap_1x1_n1_1fps_1sp_aldrich.json,ap
1687253042.077750000,10,rover_ap_1x1_n1_1fps_1sp_aldrich.json,ap
1687253043.104068000,0,rover_ap_1x1_n1_1fps_1sp_aldrich.json,ap
1687253043.104357000,1,rover_ap_1x1_n1_1fps_1sp_aldrich.json,ap
1687253043.104653000,2,rover_ap_1x1_n1_1fps_1sp_aldrich.json,ap
1687253043.104932000,3,rover_ap_1x1_n1_1fps_1sp_aldrich.json,ap
1687253043.105214000,4,rover_ap_1x1_n1_1fps_1sp_aldrich.json,ap
1687253043.105504000,5,rover_ap_1x1_n1_1fps_1sp_aldrich.json,ap
1687253043.105777000,6,rover_ap_1x1_n1_1fps_1sp_aldrich.json,ap
1687253043.106160000,7,rover_ap_1x1_n1_1fps_1sp_aldrich.json,ap
1687253043.106538000,8,rover_ap_1x1_n1_1fps_1sp_aldrich.json,ap
1687253044.128349000,0,rover_ap_1x1_n1_1fps_1sp_aldrich.json,ap
1687253044.128619000,1,rover_ap_1x1_n1_1fps_1sp_aldrich.json,ap
1687253044.128878000,2,rover_ap_1x1_n1_1fps_1sp_aldrich.json,ap
1687253044.129137000,3,rover_ap_1x1_n1_1fps_1sp_aldrich.json,ap
1687253044.129394000,4,rover_ap_1x1_n1_1fps_1sp_aldrich.json,ap
1687253044.129657000,5,rover_ap_1x1_n1_1fps_1sp_aldrich.json,ap
1687253044.129935000,6,rover_ap_1x1_n1_1fps_1sp_aldrich.json,ap
1687253044.130338000,7,rover_ap_1x1_n1_1fps_1sp_aldrich.json,ap
1687253044.130635000,8,rover_ap_1x1_n1_1fps_1sp_aldrich.json,ap
1687253044.130909000,9,rover_ap_1x1_n1_1fps_1sp_aldrich.json,ap
1687253044.131181000,10,rover_ap_1x1_n1_1fps_1sp_aldrich.json,ap
1687253045.149885000,0,rover_ap_1x1_n1_1fps_1sp_aldrich.json,ap
1687253045.150174000,1,rover_ap_1x1_n1_1fps_1sp_aldrich.json,ap
1687253045.150439000,2,rover_ap_1x1_n1_1fps_1sp_aldrich.json,ap
1687253045.150702000,3,rover_ap_1x1_n1_1fps_1sp_aldrich.json,ap
1687253045.150974000,4,rover_ap_1x1_n1_1fps_1sp_aldrich.json,ap
1687253045.151248000,5,rover_ap_1x1_n1_1fps_1sp_aldrich.json,ap
1687253045.151614000,6,rover_ap_1x1_n1_1fps_1sp_aldrich.json,ap
1687253046.184768000,0,rover_ap_1x1_n1_1fps_1sp_aldrich.json,ap
1687253046.185048000,1,rover_ap_1x1_n1_1fps_1sp_aldrich.json,ap
1687253046.185326000,2,rover_ap_1x1_n1_1fps_1sp_aldrich.json,ap
1687253046.185593000,3,rover_ap_1x1_n1_1fps_1sp_aldrich.json,ap
1687253046.185864000,4,rover_ap_1x1_n1_1fps_1sp_aldrich.json,ap
1687253046.186136000,5,rover_ap_1x1_n1_1fps_1sp_aldrich.json,ap
1687253046.186406000,6,rover_ap_1x1_n1_1fps_1sp_aldrich.json,ap
1687253046.186803000,7,rover_ap_1x1_n1_1fps_1sp_aldrich.json,ap
1687253046.187088000,8,rover_ap_1x1_n1_1fps_1sp_aldrich.json,ap
1687253046.187349000,9,rover_ap_1x1_n1_1fps_1sp_aldrich.json,ap
1687253046.187614000,10,rover_ap_1x1_n1_1fps_1sp_aldrich.json,ap
1687253047.205913000,0,rover_ap_1x1_n1_1fps_1sp_aldrich.json,ap
1687253047.206364000,1,rover_ap_1x1_n1_1fps_1sp_aldrich.json,ap
1687253047.206748000,2,rover_ap_1x1_n1_1fps_1sp_aldrich.json,ap
1687253047.207115000,3,rover_ap_1x1_n1_1fps_1sp_aldrich.json,ap
1687253047.207429000,4,rover_ap_1x1_n1_1fps_1sp_aldrich.json,ap
1687253047.207812000,5,rover_ap_1x1_n1_1fps_1sp_aldrich.json,ap
1687253048.225752000,0,rover_ap_1x1_n1_1fps_1sp_aldrich.json,ap
1687253048.226023000,1,rover_ap_1x1_n1_1fps_1sp_aldrich.json,ap
1687253048.226286000,2,rover_ap_1x1_n1_1fps_1sp_aldrich.json,ap
1687253048.226555000,3,rover_ap_1x1_n1_1fps_1sp_aldrich.json,ap
1687253048.226828000,4,rover_ap_1x1_n1_1fps_1sp_aldrich.json,ap
1687253048.227098000,5,rover_ap_1x1_n1_1fps_1sp_aldrich.json,ap
1687253048.227372000,6,rover_ap_1x1_n1_1fps_1sp_aldrich.json,ap
1687253048.229726000,7,rover_ap_1x1_n1_1fps_1sp_aldrich.json,ap
1687253048.230056000,8,rover_ap_1x1_n1_1fps_1sp_aldrich.json,ap
1687253048.230323000,9,rover_ap_1x1_n1_1fps_1sp_aldrich.json,ap
1687253049.249152000,0,rover_ap_1x1_n1_1fps_1sp_aldrich.json,ap
1687253049.249443000,1,rover_ap_1x1_n1_1fps_1sp_aldrich.json,ap
1687253049.249719000,2,rover_ap_1x1_n1_1fps_1sp_aldrich.json,ap
1687253049.250000000,3,rover_ap_1x1_n1_1fps_1sp_aldrich.json,ap
1687253049.250280000,4,rover_ap_1x1_n1_1fps_1sp_aldrich.json,ap
1687253049.250576000,5,rover_ap_1x1_n1_1fps_1sp_aldrich.json,ap
1687253049.250879000,6,rover_ap_1x1_n1_1fps_1sp_aldrich.json,ap
1687253049.251162000,7,rover_ap_1x1_n1_1fps_1sp_aldrich.json,ap
1687253049.251509000,8,rover_ap_1x1_n1_1fps_1sp_aldrich.json,ap
1687253050.278641000,0,rover_ap_1x1_n1_1fps_1sp_aldrich.json,ap
1687253050.278940000,1,rover_ap_1x1_n1_1fps_1sp_aldrich.json,ap
1687253050.279242000,2,rover_ap_1x1_n1_1fps_1sp_aldrich.json,ap
1687253050.279518000,3,rover_ap_1x1_n1_1fps_1sp_aldrich.json,ap
1687253050.279792000,4,rover_ap_1x1_n1_1fps_1sp_aldrich.json,ap
1687253050.280084000,5,rover_ap_1x1_n1_1fps_1sp_aldrich.json,ap
1687253050.280360000,6,rover_ap_1x1_n1_1fps_1sp_aldrich.json,ap
1687253050.280631000,7,rover_ap_1x1_n1_1fps_1sp_aldrich.json,ap
1687253050.280908000,8,rover_ap_1x1_n1_1fps_1sp_aldrich.json,ap
1687253050.281192000,9,rover_ap_1x1_n1_1fps_1sp_aldrich.json,ap
1687253050.281557000,10,rover_ap_1x1_n1_1fps_1sp_aldrich.json,ap
1687253050.281863000,11,rover_ap_1x1_n1_1fps_1sp_aldrich.json,ap
1687253050.282146000,12,rover_ap_1x1_n1_1fps_1sp_aldrich.json,ap
1687253051.305764000,0,rover_ap_1x1_n1_1fps_1sp_aldrich.json,ap
1687253051.306033000,1,rover_ap_1x1_n1_1fps_1sp_aldrich.json,ap
1687253051.306310000,2,rover_ap_1x1_n1_1fps_1sp_aldrich.json,ap
1687253051.306582000,3,rover_ap_1x1_n1_1fps_1sp_aldrich.json,ap
1687253051.306849000,4,rover_ap_1x1_n1_1fps_1sp_aldrich.json,ap
1687253051.307113000,5,rover_ap_1x1_n1_1fps_1sp_aldrich.json,ap
1687253051.307384000,6,rover_ap_1x1_n1_1fps_1sp_aldrich.json,ap
1687253051.307648000,7,rover_ap_1x1_n1_1fps_1sp_aldrich.json,ap
1687253051.308057000,8,rover_ap_1x1_n1_1fps_1sp_aldrich.json,ap
1687253051.308340000,9,rover_ap_1x1_n1_1fps_1sp_aldrich.json,ap
1687253051.308913000,10,rover_ap_1x1_n1_1fps_1sp_aldrich.json,ap
1687253052.329972000,0,rover_ap_1x1_n1_1fps_1sp_aldrich.json,ap
1687253052.330260000,1,rover_ap_1x1_n1_1fps_1sp_aldrich.json,ap
1687253052.330546000,2,rover_ap_1x1_n1_1fps_1sp_aldrich.json,ap
1687253052.330823000,3,rover_ap_1x1_n1_1fps_1sp_aldrich.json,ap
1687253052.331095000,4,rover_ap_1x1_n1_1fps_1sp_aldrich.json,ap
1687253052.331373000,5,rover_ap_1x1_n1_1fps_1sp_aldrich.json,ap
1687253052.331860000,6,rover_ap_1x1_n1_1fps_1sp_aldrich.json,ap
1687253052.332144000,7,rover_ap_1x1_n1_1fps_1sp_aldrich.json,ap
1687253052.332410000,8,rover_ap_1x1_n1_1fps_1sp_aldrich.json,ap
1687253052.332682000,9,rover_ap_1x1_n1_1fps_1sp_aldrich.json,ap
1687253053.351700000,0,rover_ap_1x1_n1_1fps_1sp_aldrich.json,ap
1687253053.351986000,1,rover_ap_1x1_n1_1fps_1sp_aldrich.json,ap
1687253053.352266000,2,rover_ap_1x1_n1_1fps_1sp_aldrich.json,ap
1687253053.352544000,3,rover_ap_1x1_n1_1fps_1sp_aldrich.json,ap
1687253053.352830000,4,rover_ap_1x1_n1_1fps_1sp_aldrich.json,ap
1687253053.353107000,5,rover_ap_1x1_n1_1fps_1sp_aldrich.json,ap
1687253053.353378000,6,rover_ap_1x1_n1_1fps_1sp_aldrich.json,ap
1687253053.354740000,7,rover_ap_1x1_n1_1fps_1sp_aldrich.json,ap
1687253053.355673000,8,rover_ap_1x1_n1_1fps_1sp_aldrich.json,ap
1687253054.375867000,0,rover_ap_1x1_n1_1fps_1sp_aldrich.json,ap
1687253054.376143000,1,rover_ap_1x1_n1_1fps_1sp_aldrich.json,ap
1687253054.376405000,2,rover_ap_1x1_n1_1fps_1sp_aldrich.json,ap
1687253054.376664000,3,rover_ap_1x1_n1_1fps_1sp_aldrich.json,ap
1687253054.377005000,4,rover_ap_1x1_n1_1fps_1sp_aldrich.json,ap
1687253054.377270000,5,rover_ap_1x1_n1_1fps_1sp_aldrich.json,ap
1687253054.377664000,6,rover_ap_1x1_n1_1fps_1sp_aldrich.json,ap
1687253054.378041000,7,rover_ap_1x1_n1_1fps_1sp_aldrich.json,ap
1687253054.378748000,8,rover_ap_1x1_n1_1fps_1sp_aldrich.json,ap
1687253055.397035000,0,rover_ap_1x1_n1_1fps_1sp_aldrich.json,ap
1687253055.397311000,1,rover_ap_1x1_n1_1fps_1sp_aldrich.json,ap
1687253055.397580000,2,rover_ap_1x1_n1_1fps_1sp_aldrich.json,ap
1687253055.397933000,3,rover_ap_1x1_n1_1fps_1sp_aldrich.json,ap
1687253055.398252000,4,rover_ap_1x1_n1_1fps_1sp_aldrich.json,ap
1687253055.398561000,5,rover_ap_1x1_n1_1fps_1sp_aldrich.json,ap
1687253055.398868000,6,rover_ap_1x1_n1_1fps_1sp_aldrich.json,ap
1687253055.399207000,7,rover_ap_1x1_n1_1fps_1sp_aldrich.json,ap
1687253055.399620000,8,rover_ap_1x1_n1_1fps_1sp_aldrich.json,ap
1687253055.399888000,9,rover_ap_1x1_n1_1fps_1sp_aldrich.json,ap
1687253056.422231000,0,rover_ap_1x1_n1_1fps_1sp_aldrich.json,ap
1687253056.422529000,1,rover_ap_1x1_n1_1fps_1sp_aldrich.json,ap
1687253056.422823000,2,rover_ap_1x1_n1_1fps_1sp_aldrich.json,ap
1687253056.423114000,3,rover_ap_1x1_n1_1fps_1sp_aldrich.json,ap
1687253056.423431000,4,rover_ap_1x1_n1_1fps_1sp_aldrich.json,ap
1687253056.423735000,5,rover_ap_1x1_n1_1fps_1sp_aldrich.json,ap
1687253056.424051000,6,rover_ap_1x1_n1_1fps_1sp_aldrich.json,ap
1687253056.424405000,7,rover_ap_1x1_n1_1fps_1sp_aldrich.json,ap
1687253056.424705000,8,rover_ap_1x1_n1_1fps_1sp_aldrich.json,ap
1687253056.425011000,9,rover_ap_1x1_n1_1fps_1sp_aldrich.json,ap
1687253056.425313000,10,rover_ap_1x1_n1_1fps_1sp_aldrich.json,ap
1687253056.425602000,11,rover_ap_1x1_n1_1fps_1sp_aldrich.json,ap
1687253057.444819000,0,rover_ap_1x1_n1_1fps_1sp_aldrich.json,ap
1687253057.445280000,1,rover_ap_1x1_n1_1fps_1sp_aldrich.json,ap
1687253057.445556000,2,rover_ap_1x1_n1_1fps_1sp_aldrich.json,ap
1687253057.445832000,3,rover_ap_1x1_n1_1fps_1sp_aldrich.json,ap
1687253057.446166000,4,rover_ap_1x1_n1_1fps_1sp_aldrich.json,ap
1687253057.446582000,5,rover_ap_1x1_n1_1fps_1sp_aldrich.json,ap
1687253057.446856000,6,rover_ap_1x1_n1_1fps_1sp_aldrich.json,ap
1687253057.447175000,7,rover_ap_1x1_n1_1fps_1sp_aldrich.json,ap
1687253057.447648000,8,rover_ap_1x1_n1_1fps_1sp_aldrich.json,ap
1687253057.447925000,9,rover_ap_1x1_n1_1fps_1sp_aldrich.json,ap
1687253057.448530000,10,rover_ap_1x1_n1_1fps_1sp_aldrich.json,ap
1687253057.448811000,11,rover_ap_1x1_n1_1fps_1sp_aldrich.json,ap
1687253057.449119000,12,rover_ap_1x1_n1_1fps_1sp_aldrich.json,ap
1687253058.473996000,0,rover_ap_1x1_n1_1fps_1sp_aldrich.json,ap
1687253058.474298000,1,rover_ap_1x1_n1_1fps_1sp_aldrich.json,ap
1687253058.474595000,2,rover_ap_1x1_n1_1fps_1sp_aldrich.json,ap
1687253058.474893000,3,rover_ap_1x1_n1_1fps_1sp_aldrich.json,ap
1687253058.475208000,4,rover_ap_1x1_n1_1fps_1sp_aldrich.json,ap
1687253058.475524000,5,rover_ap_1x1_n1_1fps_1sp_aldrich.json,ap
1687253058.475844000,6,rover_ap_1x1_n1_1fps_1sp_aldrich.json,ap
1687253058.481296000,7,rover_ap_1x1_n1_1fps_1sp_aldrich.json,ap
1687253059.501403000,0,rover_ap_1x1_n1_1fps_1sp_aldrich.json,ap
1687253059.501714000,1,rover_ap_1x1_n1_1fps_1sp_aldrich.json,ap
1687253059.502012000,2,rover_ap_1x1_n1_1fps_1sp_aldrich.json,ap
1687253059.502312000,3,rover_ap_1x1_n1_1fps_1sp_aldrich.json,ap
1687253059.502607000,4,rover_ap_1x1_n1_1fps_1sp_aldrich.json,ap
1687253059.502900000,5,rover_ap_1x1_n1_1fps_1sp_aldrich.json,ap
1687253059.503211000,6,rover_ap_1x1_n1_1fps_1sp_aldrich.json,ap
1687253059.503560000,7,rover_ap_1x1_n1_1fps_1sp_aldrich.json,ap
1687253059.503871000,8,rover_ap_1x1_n1_1fps_1sp_aldrich.json,ap
1687253060.525892000,0,rover_ap_1x1_n1_1fps_1sp_aldrich.json,ap
1687253060.526208000,1,rover_ap_1x1_n1_1fps_1sp_aldrich.json,ap
1687253060.526504000,2,rover_ap_1x1_n1_1fps_1sp_aldrich.json,ap
1687253060.526796000,3,rover_ap_1x1_n1_1fps_1sp_aldrich.json,ap
1687253060.527080000,4,rover_ap_1x1_n1_1fps_1sp_aldrich.json,ap
1687253060.527377000,5,rover_ap_1x1_n1_1fps_1sp_aldrich.json,ap
1687253060.527679000,6,rover_ap_1x1_n1_1fps_1sp_aldrich.json,ap
1687253060.528041000,7,rover_ap_1x1_n1_1fps_1sp_aldrich.json,ap
1687253061.551542000,0,rover_ap_1x1_n1_1fps_1sp_aldrich.json,ap
1687253061.551933000,1,rover_ap_1x1_n1_1fps_1sp_aldrich.json,ap
1687253061.552201000,2,rover_ap_1x1_n1_1fps_1sp_aldrich.json,ap
1687253061.552471000,3,rover_ap_1x1_n1_1fps_1sp_aldrich.json,ap
1687253061.552860000,4,rover_ap_1x1_n1_1fps_1sp_aldrich.json,ap
1687253061.553232000,5,rover_ap_1x1_n1_1fps_1sp_aldrich.json,ap
1687253061.553509000,6,rover_ap_1x1_n1_1fps_1sp_aldrich.json,ap
1687253061.553845000,7,rover_ap_1x1_n1_1fps_1sp_aldrich.json,ap
1687253061.554372000,8,rover_ap_1x1_n1_1fps_1sp_aldrich.json,ap
1687253062.573186000,0,rover_ap_1x1_n1_1fps_1sp_aldrich.json,ap
1687253062.573467000,1,rover_ap_1x1_n1_1fps_1sp_aldrich.json,ap
1687253062.573751000,2,rover_ap_1x1_n1_1fps_1sp_aldrich.json,ap
1687253062.574029000,3,rover_ap_1x1_n1_1fps_1sp_aldrich.json,ap
1687253062.574299000,4,rover_ap_1x1_n1_1fps_1sp_aldrich.json,ap
1687253062.574569000,5,rover_ap_1x1_n1_1fps_1sp_aldrich.json,ap
1687253062.574844000,6,rover_ap_1x1_n1_1fps_1sp_aldrich.json,ap
1687253062.575104000,7,rover_ap_1x1_n1_1fps_1sp_aldrich.json,ap
1687253062.575530000,8,rover_ap_1x1_n1_1fps_1sp_aldrich.json,ap
1687253062.575811000,9,rover_ap_1x1_n1_1fps_1sp_aldrich.json,ap
1687253062.576085000,10,rover_ap_1x1_n1_1fps_1sp_aldrich.json,ap
1687253062.576358000,11,rover_ap_1x1_n1_1fps_1sp_aldrich.json,ap
1687253063.595252000,0,rover_ap_1x1_n1_1fps_1sp_aldrich.json,ap
1687253063.595526000,1,rover_ap_1x1_n1_1fps_1sp_aldrich.json,ap
1687253063.595788000,2,rover_ap_1x1_n1_1fps_1sp_aldrich.json,ap
1687253063.596037000,3,rover_ap_1x1_n1_1fps_1sp_aldrich.json,ap
1687253063.596303000,4,rover_ap_1x1_n1_1fps_1sp_aldrich.json,ap
1687253063.596573000,5,rover_ap_1x1_n1_1fps_1sp_aldrich.json,ap
1687253063.596845000,6,rover_ap_1x1_n1_1fps_1sp_aldrich.json,ap
1687253063.597117000,7,rover_ap_1x1_n1_1fps_1sp_aldrich.json,ap
1687253063.597663000,8,rover_ap_1x1_n1_1fps_1sp_aldrich.json,ap
1687253063.598502000,9,rover_ap_1x1_n1_1fps_1sp_aldrich.json,ap
1687253064.621231000,0,rover_ap_1x1_n1_1fps_1sp_aldrich.json,ap
1687253064.621582000,1,rover_ap_1x1_n1_1fps_1sp_aldrich.json,ap
1687253064.621852000,2,rover_ap_1x1_n1_1fps_1sp_aldrich.json,ap
1687253064.622114000,3,rover_ap_1x1_n1_1fps_1sp_aldrich.json,ap
1687253064.622376000,4,rover_ap_1x1_n1_1fps_1sp_aldrich.json,ap
1687253064.622651000,5,rover_ap_1x1_n1_1fps_1sp_aldrich.json,ap
1687253064.622964000,6,rover_ap_1x1_n1_1fps_1sp_aldrich.json,ap
1687253064.623254000,7,rover_ap_1x1_n1_1fps_1sp_aldrich.json,ap
1687253064.623533000,8,rover_ap_1x1_n1_1fps_1sp_aldrich.json,ap
1687253064.623817000,9,rover_ap_1x1_n1_1fps_1sp_aldrich.json,ap
1687253064.625119000,10,rover_ap_1x1_n1_1fps_1sp_aldrich.json,ap
1687253065.652012000,0,rover_ap_1x1_n1_1fps_1sp_aldrich.json,ap
1687253065.652284000,1,rover_ap_1x1_n1_1fps_1sp_aldrich.json,ap
1687253065.652545000,2,rover_ap_1x1_n1_1fps_1sp_aldrich.json,ap
1687253065.652821000,3,rover_ap_1x1_n1_1fps_1sp_aldrich.json,ap
1687253065.653163000,4,rover_ap_1x1_n1_1fps_1sp_aldrich.json,ap
1687253065.653510000,5,rover_ap_1x1_n1_1fps_1sp_aldrich.json,ap
1687253065.653811000,6,rover_ap_1x1_n1_1fps_1sp_aldrich.json,ap
1687253065.654135000,7,rover_ap_1x1_n1_1fps_1sp_aldrich.json,ap
1687253065.654610000,8,rover_ap_1x1_n1_1fps_1sp_aldrich.json,ap
1687253065.655159000,9,rover_ap_1x1_n1_1fps_1sp_aldrich.json,ap
1687253065.656386000,10,rover_ap_1x1_n1_1fps_1sp_aldrich.json,ap
1687253065.656685000,11,rover_ap_1x1_n1_1fps_1sp_aldrich.json,ap
1687253065.656954000,12,rover_ap_1x1_n1_1fps_1sp_aldrich.json,ap
1687253065.657223000,13,rover_ap_1x1_n1_1fps_1sp_aldrich.json,ap
1687253066.681618000,0,rover_ap_1x1_n1_1fps_1sp_aldrich.json,ap
1687253066.681941000,1,rover_ap_1x1_n1_1fps_1sp_aldrich.json,ap
1687253066.682259000,2,rover_ap_1x1_n1_1fps_1sp_aldrich.json,ap
1687253066.682586000,3,rover_ap_1x1_n1_1fps_1sp_aldrich.json,ap
1687253066.682855000,4,rover_ap_1x1_n1_1fps_1sp_aldrich.json,ap
1687253066.683290000,5,rover_ap_1x1_n1_1fps_1sp_aldrich.json,ap
1687253067.704418000,0,rover_ap_1x1_n1_1fps_1sp_aldrich.json,ap
1687253067.704691000,1,rover_ap_1x1_n1_1fps_1sp_aldrich.json,ap
1687253067.705009000,2,rover_ap_1x1_n1_1fps_1sp_aldrich.json,ap
1687253067.705328000,3,rover_ap_1x1_n1_1fps_1sp_aldrich.json,ap
1687253067.705596000,4,rover_ap_1x1_n1_1fps_1sp_aldrich.json,ap
1687253067.705919000,5,rover_ap_1x1_n1_1fps_1sp_aldrich.json,ap
1687253067.706245000,6,rover_ap_1x1_n1_1fps_1sp_aldrich.json,ap
1687253068.734688000,0,rover_ap_1x1_n1_1fps_1sp_aldrich.json,ap
1687253068.734960000,1,rover_ap_1x1_n1_1fps_1sp_aldrich.json,ap
1687253068.735227000,2,rover_ap_1x1_n1_1fps_1sp_aldrich.json,ap
1687253068.735487000,3,rover_ap_1x1_n1_1fps_1sp_aldrich.json,ap
1687253068.735753000,4,rover_ap_1x1_n1_1fps_1sp_aldrich.json,ap
1687253068.736031000,5,rover_ap_1x1_n1_1fps_1sp_aldrich.json,ap
1687253068.736301000,6,rover_ap_1x1_n1_1fps_1sp_aldrich.json,ap
1687253068.736580000,7,rover_ap_1x1_n1_1fps_1sp_aldrich.json,ap
1687253068.737020000,8,rover_ap_1x1_n1_1fps_1sp_aldrich.json,ap
1687253068.737287000,9,rover_ap_1x1_n1_1fps_1sp_aldrich.json,ap
1687253068.737820000,10,rover_ap_1x1_n1_1fps_1sp_aldrich.json,ap
1687253069.759016000,0,rover_ap_1x1_n1_1fps_1sp_aldrich.json,ap
1687253069.759298000,1,rover_ap_1x1_n1_1fps_1sp_aldrich.json,ap
1687253069.759571000,2,rover_ap_1x1_n1_1fps_1sp_aldrich.json,ap
1687253069.759839000,3,rover_ap_1x1_n1_1fps_1sp_aldrich.json,ap
1687253069.760115000,4,rover_ap_1x1_n1_1fps_1sp_aldrich.json,ap
1687253069.760397000,5,rover_ap_1x1_n1_1fps_1sp_aldrich.json,ap
1687253069.760665000,6,rover_ap_1x1_n1_1fps_1sp_aldrich.json,ap
1687253069.760934000,7,rover_ap_1x1_n1_1fps_1sp_aldrich.json,ap
1687253069.761346000,8,rover_ap_1x1_n1_1fps_1sp_aldrich.json,ap
1687253069.761983000,9,rover_ap_1x1_n1_1fps_1sp_aldrich.json,ap
1687253070.785257000,0,rover_ap_1x1_n1_1fps_1sp_aldrich.json,ap
1687253070.785650000,1,rover_ap_1x1_n1_1fps_1sp_aldrich.json,ap
1687253070.785922000,2,rover_ap_1x1_n1_1fps_1sp_aldrich.json,ap
1687253070.786202000,3,rover_ap_1x1_n1_1fps_1sp_aldrich.json,ap
1687253070.786547000,4,rover_ap_1x1_n1_1fps_1sp_aldrich.json,ap
1687253070.786826000,5,rover_ap_1x1_n1_1fps_1sp_aldrich.json,ap
1687253070.787109000,6,rover_ap_1x1_n1_1fps_1sp_aldrich.json,ap
1687253070.787500000,7,rover_ap_1x1_n1_1fps_1sp_aldrich.json,ap
1687253070.787991000,8,rover_ap_1x1_n1_1fps_1sp_aldrich.json,ap
1687253070.788260000,9,rover_ap_1x1_n1_1fps_1sp_aldrich.json,ap
1687253070.788767000,10,rover_ap_1x1_n1_1fps_1sp_aldrich.json,ap
1687253070.789322000,11,rover_ap_1x1_n1_1fps_1sp_aldrich.json,ap
1687253070.789600000,12,rover_ap_1x1_n1_1fps_1sp_aldrich.json,ap
1687253070.789925000,13,rover_ap_1x1_n1_1fps_1sp_aldrich.json,ap
1687253071.810917000,0,rover_ap_1x1_n1_1fps_1sp_aldrich.json,ap
1687253071.811245000,1,rover_ap_1x1_n1_1fps_1sp_aldrich.json,ap
1687253071.811646000,2,rover_ap_1x1_n1_1fps_1sp_aldrich.json,ap
1687253071.812048000,3,rover_ap_1x1_n1_1fps_1sp_aldrich.json,ap
1687253071.812375000,4,rover_ap_1x1_n1_1fps_1sp_aldrich.json,ap
1687253071.812655000,5,rover_ap_1x1_n1_1fps_1sp_aldrich.json,ap
1687253071.812961000,6,rover_ap_1x1_n1_1fps_1sp_aldrich.json,ap
1687253071.813372000,7,rover_ap_1x1_n1_1fps_1sp_aldrich.json,ap
1687253072.833406000,0,rover_ap_1x1_n1_1fps_1sp_aldrich.json,ap
1687253072.833810000,1,rover_ap_1x1_n1_1fps_1sp_aldrich.json,ap
1687253072.834124000,2,rover_ap_1x1_n1_1fps_1sp_aldrich.json,ap
1687253072.834408000,3,rover_ap_1x1_n1_1fps_1sp_aldrich.json,ap
1687253072.834761000,4,rover_ap_1x1_n1_1fps_1sp_aldrich.json,ap
1687253072.835041000,5,rover_ap_1x1_n1_1fps_1sp_aldrich.json,ap
1687253072.835314000,6,rover_ap_1x1_n1_1fps_1sp_aldrich.json,ap
1687253072.835703000,7,rover_ap_1x1_n1_1fps_1sp_aldrich.json,ap
1687253072.836289000,8,rover_ap_1x1_n1_1fps_1sp_aldrich.json,ap
1687253073.858912000,0,rover_ap_1x1_n1_1fps_1sp_aldrich.json,ap
1687253073.859176000,1,rover_ap_1x1_n1_1fps_1sp_aldrich.json,ap
1687253073.859437000,2,rover_ap_1x1_n1_1fps_1sp_aldrich.json,ap
1687253073.859694000,3,rover_ap_1x1_n1_1fps_1sp_aldrich.json,ap
1687253073.860061000,4,rover_ap_1x1_n1_1fps_1sp_aldrich.json,ap
1687253073.860380000,5,rover_ap_1x1_n1_1fps_1sp_aldrich.json,ap
1687253073.860690000,6,rover_ap_1x1_n1_1fps_1sp_aldrich.json,ap
1687253073.861111000,7,rover_ap_1x1_n1_1fps_1sp_aldrich.json,ap
1687253074.880983000,0,rover_ap_1x1_n1_1fps_1sp_aldrich.json,ap
1687253074.881269000,1,rover_ap_1x1_n1_1fps_1sp_aldrich.json,ap
1687253074.881703000,2,rover_ap_1x1_n1_1fps_1sp_aldrich.json,ap
1687253074.882232000,3,rover_ap_1x1_n1_1fps_1sp_aldrich.json,ap
1687253074.882579000,4,rover_ap_1x1_n1_1fps_1sp_aldrich.json,ap
1687253074.882853000,5,rover_ap_1x1_n1_1fps_1sp_aldrich.json,ap
1687253074.883219000,6,rover_ap_1x1_n1_1fps_1sp_aldrich.json,ap
1687253074.883492000,7,rover_ap_1x1_n1_1fps_1sp_aldrich.json,ap
1687253075.903896000,0,rover_ap_1x1_n1_1fps_1sp_aldrich.json,ap
1687253075.904178000,1,rover_ap_1x1_n1_1fps_1sp_aldrich.json,ap
1687253075.904493000,2,rover_ap_1x1_n1_1fps_1sp_aldrich.json,ap
1687253075.904803000,3,rover_ap_1x1_n1_1fps_1sp_aldrich.json,ap
1687253075.905077000,4,rover_ap_1x1_n1_1fps_1sp_aldrich.json,ap
1687253075.905394000,5,rover_ap_1x1_n1_1fps_1sp_aldrich.json,ap
1687253075.905852000,6,rover_ap_1x1_n1_1fps_1sp_aldrich.json,ap
1687253076.927456000,0,rover_ap_1x1_n1_1fps_1sp_aldrich.json,ap
1687253076.927720000,1,rover_ap_1x1_n1_1fps_1sp_aldrich.json,ap
1687253076.927993000,2,rover_ap_1x1_n1_1fps_1sp_aldrich.json,ap
1687253076.928258000,3,rover_ap_1x1_n1_1fps_1sp_aldrich.json,ap
1687253076.928535000,4,rover_ap_1x1_n1_1fps_1sp_aldrich.json,ap
1687253076.928799000,5,rover_ap_1x1_n1_1fps_1sp_aldrich.json,ap
1687253076.929063000,6,rover_ap_1x1_n1_1fps_1sp_aldrich.json,ap
1687253076.933384000,7,rover_ap_1x1_n1_1fps_1sp_aldrich.json,ap
1687253076.933686000,8,rover_ap_1x1_n1_1fps_1sp_aldrich.json,ap
1687253076.933950000,9,rover_ap_1x1_n1_1fps_1sp_aldrich.json,ap
1687253076.934395000,10,rover_ap_1x1_n1_1fps_1sp_aldrich.json,ap
1687253077.958434000,0,rover_ap_1x1_n1_1fps_1sp_aldrich.json,ap
1687253077.958707000,1,rover_ap_1x1_n1_1fps_1sp_aldrich.json,ap
1687253077.959023000,2,rover_ap_1x1_n1_1fps_1sp_aldrich.json,ap
1687253077.959290000,3,rover_ap_1x1_n1_1fps_1sp_aldrich.json,ap
1687253077.959615000,4,rover_ap_1x1_n1_1fps_1sp_aldrich.json,ap
1687253077.959976000,5,rover_ap_1x1_n1_1fps_1sp_aldrich.json,ap
1687253077.960323000,6,rover_ap_1x1_n1_1fps_1sp_aldrich.json,ap
1687253077.960600000,7,rover_ap_1x1_n1_1fps_1sp_aldrich.json,ap
1687253077.961242000,8,rover_ap_1x1_n1_1fps_1sp_aldrich.json,ap
1687253078.979570000,0,rover_ap_1x1_n1_1fps_1sp_aldrich.json,ap
1687253078.979853000,1,rover_ap_1x1_n1_1fps_1sp_aldrich.json,ap
1687253078.980117000,2,rover_ap_1x1_n1_1fps_1sp_aldrich.json,ap
1687253078.980382000,3,rover_ap_1x1_n1_1fps_1sp_aldrich.json,ap
1687253078.980650000,4,rover_ap_1x1_n1_1fps_1sp_aldrich.json,ap
1687253078.980916000,5,rover_ap_1x1_n1_1fps_1sp_aldrich.json,ap
1687253078.981343000,6,rover_ap_1x1_n1_1fps_1sp_aldrich.json,ap
1687253078.983019000,7,rover_ap_1x1_n1_1fps_1sp_aldrich.json,ap
1687253078.983481000,8,rover_ap_1x1_n1_1fps_1sp_aldrich.json,ap
1687253080.001247000,0,rover_ap_1x1_n1_1fps_1sp_aldrich.json,ap
1687253080.001613000,1,rover_ap_1x1_n1_1fps_1sp_aldrich.json,ap
1687253080.002353000,2,rover_ap_1x1_n1_1fps_1sp_aldrich.json,ap
1687253080.002803000,3,rover_ap_1x1_n1_1fps_1sp_aldrich.json,ap
1687253080.003119000,4,rover_ap_1x1_n1_1fps_1sp_aldrich.json,ap
1687253080.003420000,5,rover_ap_1x1_n1_1fps_1sp_aldrich.json,ap
1687253080.003730000,6,rover_ap_1x1_n1_1fps_1sp_aldrich.json,ap
1687253080.004059000,7,rover_ap_1x1_n1_1fps_1sp_aldrich.json,ap
1687253080.004365000,8,rover_ap_1x1_n1_1fps_1sp_aldrich.json,ap
1687253080.004654000,9,rover_ap_1x1_n1_1fps_1sp_aldrich.json,ap
1687253080.005496000,10,rover_ap_1x1_n1_1fps_1sp_aldrich.json,ap
1687253081.026109000,0,rover_ap_1x1_n1_1fps_1sp_aldrich.json,ap
1687253081.026439000,1,rover_ap_1x1_n1_1fps_1sp_aldrich.json,ap
1687253081.026742000,2,rover_ap_1x1_n1_1fps_1sp_aldrich.json,ap
1687253081.027046000,3,rover_ap_1x1_n1_1fps_1sp_aldrich.json,ap
1687253081.027411000,4,rover_ap_1x1_n1_1fps_1sp_aldrich.json,ap
1687253081.027708000,5,rover_ap_1x1_n1_1fps_1sp_aldrich.json,ap
1687253081.028111000,6,rover_ap_1x1_n1_1fps_1sp_aldrich.json,ap
1687253081.028656000,7,rover_ap_1x1_n1_1fps_1sp_aldrich.json,ap
1687253082.052499000,0,rover_ap_1x1_n1_1fps_1sp_aldrich.json,ap
1687253082.052769000,1,rover_ap_1x1_n1_1fps_1sp_aldrich.json,ap
1687253082.053028000,2,rover_ap_1x1_n1_1fps_1sp_aldrich.json,ap
1687253082.053281000,3,rover_ap_1x1_n1_1fps_1sp_aldrich.json,ap
1687253082.053531000,4,rover_ap_1x1_n1_1fps_1sp_aldrich.json,ap
1687253082.053797000,5,rover_ap_1x1_n1_1fps_1sp_aldrich.json,ap
1687253082.054086000,6,rover_ap_1x1_n1_1fps_1sp_aldrich.json,ap
1687253082.054364000,7,rover_ap_1x1_n1_1fps_1sp_aldrich.json,ap
1687253082.054783000,8,rover_ap_1x1_n1_1fps_1sp_aldrich.json,ap
1687253082.055452000,9,rover_ap_1x1_n1_1fps_1sp_aldrich.json,ap
1687253083.073252000,0,rover_ap_1x1_n1_1fps_1sp_aldrich.json,ap
1687253083.073710000,1,rover_ap_1x1_n1_1fps_1sp_aldrich.json,ap
1687253083.073993000,2,rover_ap_1x1_n1_1fps_1sp_aldrich.json,ap
1687253083.074275000,3,rover_ap_1x1_n1_1fps_1sp_aldrich.json,ap
1687253083.074615000,4,rover_ap_1x1_n1_1fps_1sp_aldrich.json,ap
1687253083.074889000,5,rover_ap_1x1_n1_1fps_1sp_aldrich.json,ap
1687253083.075267000,6,rover_ap_1x1_n1_1fps_1sp_aldrich.json,ap
1687253083.075708000,7,rover_ap_1x1_n1_1fps_1sp_aldrich.json,ap
1687253084.098020000,0,rover_ap_1x1_n1_1fps_1sp_aldrich.json,ap
1687253084.098291000,1,rover_ap_1x1_n1_1fps_1sp_aldrich.json,ap
1687253084.098555000,2,rover_ap_1x1_n1_1fps_1sp_aldrich.json,ap
1687253084.098910000,3,rover_ap_1x1_n1_1fps_1sp_aldrich.json,ap
1687253084.099245000,4,rover_ap_1x1_n1_1fps_1sp_aldrich.json,ap
1687253084.099777000,5,rover_ap_1x1_n1_1fps_1sp_aldrich.json,ap
1687253084.100409000,6,rover_ap_1x1_n1_1fps_1sp_aldrich.json,ap
1687253085.121323000,0,rover_ap_1x1_n1_1fps_1sp_aldrich.json,ap
1687253085.121834000,1,rover_ap_1x1_n1_1fps_1sp_aldrich.json,ap
1687253085.122117000,2,rover_ap_1x1_n1_1fps_1sp_aldrich.json,ap
1687253085.122385000,3,rover_ap_1x1_n1_1fps_1sp_aldrich.json,ap
1687253085.122714000,4,rover_ap_1x1_n1_1fps_1sp_aldrich.json,ap
1687253085.122987000,5,rover_ap_1x1_n1_1fps_1sp_aldrich.json,ap
1687253085.123385000,6,rover_ap_1x1_n1_1fps_1sp_aldrich.json,ap
1687253085.123653000,7,rover_ap_1x1_n1_1fps_1sp_aldrich.json,ap
1687253085.124371000,8,rover_ap_1x1_n1_1fps_1sp_aldrich.json,ap
1687253086.145304000,0,rover_ap_1x1_n1_1fps_1sp_aldrich.json,ap
1687253086.145777000,1,rover_ap_1x1_n1_1fps_1sp_aldrich.json,ap
1687253086.146047000,2,rover_ap_1x1_n1_1fps_1sp_aldrich.json,ap
1687253086.146320000,3,rover_ap_1x1_n1_1fps_1sp_aldrich.json,ap
1687253086.146587000,4,rover_ap_1x1_n1_1fps_1sp_aldrich.json,ap
1687253086.146948000,5,rover_ap_1x1_n1_1fps_1sp_aldrich.json,ap
1687253086.147381000,6,rover_ap_1x1_n1_1fps_1sp_aldrich.json,ap
1687253086.147731000,7,rover_ap_1x1_n1_1fps_1sp_aldrich.json,ap
1687253086.148193000,8,rover_ap_1x1_n1_1fps_1sp_aldrich.json,ap
1687253087.175310000,0,rover_ap_1x1_n1_1fps_1sp_aldrich.json,ap
1687253087.175579000,1,rover_ap_1x1_n1_1fps_1sp_aldrich.json,ap
1687253087.175880000,2,rover_ap_1x1_n1_1fps_1sp_aldrich.json,ap
1687253087.176177000,3,rover_ap_1x1_n1_1fps_1sp_aldrich.json,ap
1687253087.176486000,4,rover_ap_1x1_n1_1fps_1sp_aldrich.json,ap
1687253087.176762000,5,rover_ap_1x1_n1_1fps_1sp_aldrich.json,ap
1687253087.177164000,6,rover_ap_1x1_n1_1fps_1sp_aldrich.json,ap
1687253087.177493000,7,rover_ap_1x1_n1_1fps_1sp_aldrich.json,ap
1687253087.177930000,8,rover_ap_1x1_n1_1fps_1sp_aldrich.json,ap
1687253087.178455000,9,rover_ap_1x1_n1_1fps_1sp_aldrich.json,ap
1687253088.201971000,0,rover_ap_1x1_n1_1fps_1sp_aldrich.json,ap
1687253088.202248000,1,rover_ap_1x1_n1_1fps_1sp_aldrich.json,ap
1687253088.202521000,2,rover_ap_1x1_n1_1fps_1sp_aldrich.json,ap
1687253088.202793000,3,rover_ap_1x1_n1_1fps_1sp_aldrich.json,ap
1687253088.203127000,4,rover_ap_1x1_n1_1fps_1sp_aldrich.json,ap
1687253088.203506000,5,rover_ap_1x1_n1_1fps_1sp_aldrich.json,ap
1687253088.203840000,6,rover_ap_1x1_n1_1fps_1sp_aldrich.json,ap
1687253088.204275000,7,rover_ap_1x1_n1_1fps_1sp_aldrich.json,ap
1687253089.227472000,0,rover_ap_1x1_n1_1fps_1sp_aldrich.json,ap
1687253089.227741000,1,rover_ap_1x1_n1_1fps_1sp_aldrich.json,ap
1687253089.228007000,2,rover_ap_1x1_n1_1fps_1sp_aldrich.json,ap
1687253089.228270000,3,rover_ap_1x1_n1_1fps_1sp_aldrich.json,ap
1687253089.228609000,4,rover_ap_1x1_n1_1fps_1sp_aldrich.json,ap
1687253089.228879000,5,rover_ap_1x1_n1_1fps_1sp_aldrich.json,ap
1687253089.229277000,6,rover_ap_1x1_n1_1fps_1sp_aldrich.json,ap
1687253089.229605000,7,rover_ap_1x1_n1_1fps_1sp_aldrich.json,ap
1687253089.230042000,8,rover_ap_1x1_n1_1fps_1sp_aldrich.json,ap
1687253089.230445000,9,rover_ap_1x1_n1_1fps_1sp_aldrich.json,ap
1687253089.230715000,10,rover_ap_1x1_n1_1fps_1sp_aldrich.json,ap
1687253089.231193000,11,rover_ap_1x1_n1_1fps_1sp_aldrich.json,ap
1687253090.250633000,0,rover_ap_1x1_n1_1fps_1sp_aldrich.json,ap
1687253090.250905000,1,rover_ap_1x1_n1_1fps_1sp_aldrich.json,ap
1687253090.251168000,2,rover_ap_1x1_n1_1fps_1sp_aldrich.json,ap
1687253090.251584000,3,rover_ap_1x1_n1_1fps_1sp_aldrich.json,ap
1687253090.251993000,4,rover_ap_1x1_n1_1fps_1sp_aldrich.json,ap
1687253090.252343000,5,rover_ap_1x1_n1_1fps_1sp_aldrich.json,ap
1687253090.252662000,6,rover_ap_1x1_n1_1fps_1sp_aldrich.json,ap
1687253090.253111000,7,rover_ap_1x1_n1_1fps_1sp_aldrich.json,ap
1687253091.276678000,0,rover_ap_1x1_n1_1fps_1sp_aldrich.json,ap
1687253091.276957000,1,rover_ap_1x1_n1_1fps_1sp_aldrich.json,ap
1687253091.277216000,2,rover_ap_1x1_n1_1fps_1sp_aldrich.json,ap
1687253091.277487000,3,rover_ap_1x1_n1_1fps_1sp_aldrich.json,ap
1687253091.277850000,4,rover_ap_1x1_n1_1fps_1sp_aldrich.json,ap
1687253091.278130000,5,rover_ap_1x1_n1_1fps_1sp_aldrich.json,ap
1687253091.278505000,6,rover_ap_1x1_n1_1fps_1sp_aldrich.json,ap
1687253091.278792000,7,rover_ap_1x1_n1_1fps_1sp_aldrich.json,ap
1687253091.279222000,8,rover_ap_1x1_n1_1fps_1sp_aldrich.json,ap
1687253091.279496000,9,rover_ap_1x1_n1_1fps_1sp_aldrich.json,ap
1687253092.305401000,0,rover_ap_1x1_n1_1fps_1sp_aldrich.json,ap
1687253092.305697000,1,rover_ap_1x1_n1_1fps_1sp_aldrich.json,ap
1687253092.305981000,2,rover_ap_1x1_n1_1fps_1sp_aldrich.json,ap
1687253092.306488000,3,rover_ap_1x1_n1_1fps_1sp_aldrich.json,ap
1687253092.306858000,4,rover_ap_1x1_n1_1fps_1sp_aldrich.json,ap
1687253092.307197000,5,rover_ap_1x1_n1_1fps_1sp_aldrich.json,ap
1687253092.307534000,6,rover_ap_1x1_n1_1fps_1sp_aldrich.json,ap
1687253092.307896000,7,rover_ap_1x1_n1_1fps_1sp_aldrich.json,ap
1687253092.308387000,8,rover_ap_1x1_n1_1fps_1sp_aldrich.json,ap
1687253093.332692000,0,rover_ap_1x1_n1_1fps_1sp_aldrich.json,ap
1687253093.333012000,1,rover_ap_1x1_n1_1fps_1sp_aldrich.json,ap
1687253093.333321000,2,rover_ap_1x1_n1_1fps_1sp_aldrich.json,ap
1687253093.333722000,3,rover_ap_1x1_n1_1fps_1sp_aldrich.json,ap
1687253093.334042000,4,rover_ap_1x1_n1_1fps_1sp_aldrich.json,ap
1687253093.334435000,5,rover_ap_1x1_n1_1fps_1sp_aldrich.json,ap
1687253093.334787000,6,rover_ap_1x1_n1_1fps_1sp_aldrich.json,ap
1687253093.335117000,7,rover_ap_1x1_n1_1fps_1sp_aldrich.json,ap
1687253093.335636000,8,rover_ap_1x1_n1_1fps_1sp_aldrich.json,ap
1687253094.357542000,0,rover_ap_1x1_n1_1fps_1sp_aldrich.json,ap
1687253094.357813000,1,rover_ap_1x1_n1_1fps_1sp_aldrich.json,ap
1687253094.358076000,2,rover_ap_1x1_n1_1fps_1sp_aldrich.json,ap
1687253094.358353000,3,rover_ap_1x1_n1_1fps_1sp_aldrich.json,ap
1687253094.358729000,4,rover_ap_1x1_n1_1fps_1sp_aldrich.json,ap
1687253094.359107000,5,rover_ap_1x1_n1_1fps_1sp_aldrich.json,ap
1687253094.359419000,6,rover_ap_1x1_n1_1fps_1sp_aldrich.json,ap
1687253094.359695000,7,rover_ap_1x1_n1_1fps_1sp_aldrich.json,ap
1687253094.360648000,8,rover_ap_1x1_n1_1fps_1sp_aldrich.json,ap
1687253095.385686000,0,rover_ap_1x1_n1_1fps_1sp_aldrich.json,ap
1687253095.385958000,1,rover_ap_1x1_n1_1fps_1sp_aldrich.json,ap
1687253095.386230000,2,rover_ap_1x1_n1_1fps_1sp_aldrich.json,ap
1687253095.386498000,3,rover_ap_1x1_n1_1fps_1sp_aldrich.json,ap
1687253095.386829000,4,rover_ap_1x1_n1_1fps_1sp_aldrich.json,ap
1687253095.387100000,5,rover_ap_1x1_n1_1fps_1sp_aldrich.json,ap
1687253095.387540000,6,rover_ap_1x1_n1_1fps_1sp_aldrich.json,ap
1687253095.387832000,7,rover_ap_1x1_n1_1fps_1sp_aldrich.json,ap
1687253096.409882000,0,rover_ap_1x1_n1_1fps_1sp_aldrich.json,ap
1687253096.410158000,1,rover_ap_1x1_n1_1fps_1sp_aldrich.json,ap
1687253096.410418000,2,rover_ap_1x1_n1_1fps_1sp_aldrich.json,ap
1687253096.410677000,3,rover_ap_1x1_n1_1fps_1sp_aldrich.json,ap
1687253096.411007000,4,rover_ap_1x1_n1_1fps_1sp_aldrich.json,ap
1687253096.411333000,5,rover_ap_1x1_n1_1fps_1sp_aldrich.json,ap
1687253096.411700000,6,rover_ap_1x1_n1_1fps_1sp_aldrich.json,ap
1687253096.411989000,7,rover_ap_1x1_n1_1fps_1sp_aldrich.json,ap
1687253097.433101000,0,rover_ap_1x1_n1_1fps_1sp_aldrich.json,ap
1687253097.433445000,1,rover_ap_1x1_n1_1fps_1sp_aldrich.json,ap
1687253097.433813000,2,rover_ap_1x1_n1_1fps_1sp_aldrich.json,ap
1687253097.434182000,3,rover_ap_1x1_n1_1fps_1sp_aldrich.json,ap
1687253097.434513000,4,rover_ap_1x1_n1_1fps_1sp_aldrich.json,ap
1687253097.434916000,5,rover_ap_1x1_n1_1fps_1sp_aldrich.json,ap
1687253097.435230000,6,rover_ap_1x1_n1_1fps_1sp_aldrich.json,ap
1687253097.435750000,7,rover_ap_1x1_n1_1fps_1sp_aldrich.json,ap
1687253098.457162000,0,rover_ap_1x1_n1_1fps_1sp_aldrich.json,ap
1687253098.457470000,1,rover_ap_1x1_n1_1fps_1sp_aldrich.json,ap
1687253098.457741000,2,rover_ap_1x1_n1_1fps_1sp_aldrich.json,ap
1687253098.458019000,3,rover_ap_1x1_n1_1fps_1sp_aldrich.json,ap
1687253098.458369000,4,rover_ap_1x1_n1_1fps_1sp_aldrich.json,ap
1687253098.458724000,5,rover_ap_1x1_n1_1fps_1sp_aldrich.json,ap
1687253098.459040000,6,rover_ap_1x1_n1_1fps_1sp_aldrich.json,ap
1687253098.459366000,7,rover_ap_1x1_n1_1fps_1sp_aldrich.json,ap
1687253099.483694000,0,rover_ap_1x1_n1_1fps_1sp_aldrich.json,ap
1687253099.483960000,1,rover_ap_1x1_n1_1fps_1sp_aldrich.json,ap
1687253099.484300000,2,rover_ap_1x1_n1_1fps_1sp_aldrich.json,ap
1687253099.484633000,3,rover_ap_1x1_n1_1fps_1sp_aldrich.json,ap
1687253099.484908000,4,rover_ap_1x1_n1_1fps_1sp_aldrich.json,ap
1687253099.485317000,5,rover_ap_1x1_n1_1fps_1sp_aldrich.json,ap
1687253099.485697000,6,rover_ap_1x1_n1_1fps_1sp_aldrich.json,ap
1687253100.507938000,0,rover_ap_1x1_n1_1fps_1sp_aldrich.json,ap
1687253100.508211000,1,rover_ap_1x1_n1_1fps_1sp_aldrich.json,ap
1687253100.508471000,2,rover_ap_1x1_n1_1fps_1sp_aldrich.json,ap
1687253100.508731000,3,rover_ap_1x1_n1_1fps_1sp_aldrich.json,ap
1687253100.508987000,4,rover_ap_1x1_n1_1fps_1sp_aldrich.json,ap
1687253100.509244000,5,rover_ap_1x1_n1_1fps_1sp_aldrich.json,ap
1687253100.509530000,6,rover_ap_1x1_n1_1fps_1sp_aldrich.json,ap
1687253100.509824000,7,rover_ap_1x1_n1_1fps_1sp_aldrich.json,ap
1687253100.510245000,8,rover_ap_1x1_n1_1fps_1sp_aldrich.json,ap
1687253100.510515000,9,rover_ap_1x1_n1_1fps_1sp_aldrich.json,ap
1687253100.511803000,10,rover_ap_1x1_n1_1fps_1sp_aldrich.json,ap
1687253101.534582000,0,rover_ap_1x1_n1_1fps_1sp_aldrich.json,ap
1687253101.534882000,1,rover_ap_1x1_n1_1fps_1sp_aldrich.json,ap
1687253101.535162000,2,rover_ap_1x1_n1_1fps_1sp_aldrich.json,ap
1687253101.535439000,3,rover_ap_1x1_n1_1fps_1sp_aldrich.json,ap
1687253101.535718000,4,rover_ap_1x1_n1_1fps_1sp_aldrich.json,ap
1687253101.536001000,5,rover_ap_1x1_n1_1fps_1sp_aldrich.json,ap
1687253101.536277000,6,rover_ap_1x1_n1_1fps_1sp_aldrich.json,ap
1687253101.536555000,7,rover_ap_1x1_n1_1fps_1sp_aldrich.json,ap
1687253101.536982000,8,rover_ap_1x1_n1_1fps_1sp_aldrich.json,ap
1687253101.537250000,9,rover_ap_1x1_n1_1fps_1sp_aldrich.json,ap
1687253101.537511000,10,rover_ap_1x1_n1_1fps_1sp_aldrich.json,ap
1687253102.561395000,0,rover_ap_1x1_n1_1fps_1sp_aldrich.json,ap
1687253102.561760000,1,rover_ap_1x1_n1_1fps_1sp_aldrich.json,ap
1687253102.562054000,2,rover_ap_1x1_n1_1fps_1sp_aldrich.json,ap
1687253102.562324000,3,rover_ap_1x1_n1_1fps_1sp_aldrich.json,ap
1687253102.562600000,4,rover_ap_1x1_n1_1fps_1sp_aldrich.json,ap
1687253102.562879000,5,rover_ap_1x1_n1_1fps_1sp_aldrich.json,ap
1687253102.563162000,6,rover_ap_1x1_n1_1fps_1sp_aldrich.json,ap
1687253102.563428000,7,rover_ap_1x1_n1_1fps_1sp_aldrich.json,ap
1687253102.563853000,8,rover_ap_1x1_n1_1fps_1sp_aldrich.json,ap
1687253102.564142000,9,rover_ap_1x1_n1_1fps_1sp_aldrich.json,ap
1687253103.588078000,0,rover_ap_1x1_n1_1fps_1sp_aldrich.json,ap
1687253103.588345000,1,rover_ap_1x1_n1_1fps_1sp_aldrich.json,ap
1687253103.588603000,2,rover_ap_1x1_n1_1fps_1sp_aldrich.json,ap
1687253103.588881000,3,rover_ap_1x1_n1_1fps_1sp_aldrich.json,ap
1687253103.589180000,4,rover_ap_1x1_n1_1fps_1sp_aldrich.json,ap
1687253103.589451000,5,rover_ap_1x1_n1_1fps_1sp_aldrich.json,ap
1687253103.589721000,6,rover_ap_1x1_n1_1fps_1sp_aldrich.json,ap
1687253103.589996000,7,rover_ap_1x1_n1_1fps_1sp_aldrich.json,ap
1687253103.590434000,8,rover_ap_1x1_n1_1fps_1sp_aldrich.json,ap
1687253103.590700000,9,rover_ap_1x1_n1_1fps_1sp_aldrich.json,ap
1687253104.611669000,0,rover_ap_1x1_n1_1fps_1sp_aldrich.json,ap
1687253104.611966000,1,rover_ap_1x1_n1_1fps_1sp_aldrich.json,ap
1687253104.612228000,2,rover_ap_1x1_n1_1fps_1sp_aldrich.json,ap
1687253104.612591000,3,rover_ap_1x1_n1_1fps_1sp_aldrich.json,ap
1687253104.612906000,4,rover_ap_1x1_n1_1fps_1sp_aldrich.json,ap
1687253104.613230000,5,rover_ap_1x1_n1_1fps_1sp_aldrich.json,ap
1687253104.613572000,6,rover_ap_1x1_n1_1fps_1sp_aldrich.json,ap
1687253104.613887000,7,rover_ap_1x1_n1_1fps_1sp_aldrich.json,ap
1687253105.633955000,0,rover_ap_1x1_n1_1fps_1sp_aldrich.json,ap
1687253105.634224000,1,rover_ap_1x1_n1_1fps_1sp_aldrich.json,ap
1687253105.634490000,2,rover_ap_1x1_n1_1fps_1sp_aldrich.json,ap
1687253105.634752000,3,rover_ap_1x1_n1_1fps_1sp_aldrich.json,ap
1687253105.635012000,4,rover_ap_1x1_n1_1fps_1sp_aldrich.json,ap
1687253105.635275000,5,rover_ap_1x1_n1_1fps_1sp_aldrich.json,ap
1687253105.635666000,6,rover_ap_1x1_n1_1fps_1sp_aldrich.json,ap
1687253105.636771000,7,rover_ap_1x1_n1_1fps_1sp_aldrich.json,ap
1687253106.658603000,0,rover_ap_1x1_n1_1fps_1sp_aldrich.json,ap
1687253106.658876000,1,rover_ap_1x1_n1_1fps_1sp_aldrich.json,ap
1687253106.659150000,2,rover_ap_1x1_n1_1fps_1sp_aldrich.json,ap
1687253106.659701000,3,rover_ap_1x1_n1_1fps_1sp_aldrich.json,ap
1687253106.660072000,4,rover_ap_1x1_n1_1fps_1sp_aldrich.json,ap
1687253106.660390000,5,rover_ap_1x1_n1_1fps_1sp_aldrich.json,ap
1687253106.660748000,6,rover_ap_1x1_n1_1fps_1sp_aldrich.json,ap
1687253106.661025000,7,rover_ap_1x1_n1_1fps_1sp_aldrich.json,ap
1687253106.661634000,8,rover_ap_1x1_n1_1fps_1sp_aldrich.json,ap
1687253107.686561000,0,rover_ap_1x1_n1_1fps_1sp_aldrich.json,ap
1687253107.686831000,1,rover_ap_1x1_n1_1fps_1sp_aldrich.json,ap
1687253107.687094000,2,rover_ap_1x1_n1_1fps_1sp_aldrich.json,ap
1687253107.687418000,3,rover_ap_1x1_n1_1fps_1sp_aldrich.json,ap
1687253107.687757000,4,rover_ap_1x1_n1_1fps_1sp_aldrich.json,ap
1687253107.688030000,5,rover_ap_1x1_n1_1fps_1sp_aldrich.json,ap
1687253107.688728000,6,rover_ap_1x1_n1_1fps_1sp_aldrich.json,ap
1687253107.689016000,7,rover_ap_1x1_n1_1fps_1sp_aldrich.json,ap
1687253107.689285000,8,rover_ap_1x1_n1_1fps_1sp_aldrich.json,ap
1687253107.689655000,9,rover_ap_1x1_n1_1fps_1sp_aldrich.json,ap
1687253108.712422000,0,rover_ap_1x1_n1_1fps_1sp_aldrich.json,ap
1687253108.712695000,1,rover_ap_1x1_n1_1fps_1sp_aldrich.json,ap
1687253108.712949000,2,rover_ap_1x1_n1_1fps_1sp_aldrich.json,ap
1687253108.713259000,3,rover_ap_1x1_n1_1fps_1sp_aldrich.json,ap
1687253108.713574000,4,rover_ap_1x1_n1_1fps_1sp_aldrich.json,ap
1687253108.713904000,5,rover_ap_1x1_n1_1fps_1sp_aldrich.json,ap
1687253108.714238000,6,rover_ap_1x1_n1_1fps_1sp_aldrich.json,ap
1687253108.714549000,7,rover_ap_1x1_n1_1fps_1sp_aldrich.json,ap
1687253109.735427000,0,rover_ap_1x1_n1_1fps_1sp_aldrich.json,ap
1687253109.735697000,1,rover_ap_1x1_n1_1fps_1sp_aldrich.json,ap
1687253109.736009000,2,rover_ap_1x1_n1_1fps_1sp_aldrich.json,ap
1687253109.736324000,3,rover_ap_1x1_n1_1fps_1sp_aldrich.json,ap
1687253109.736605000,4,rover_ap_1x1_n1_1fps_1sp_aldrich.json,ap
1687253109.736970000,5,rover_ap_1x1_n1_1fps_1sp_aldrich.json,ap
1687253109.737437000,6,rover_ap_1x1_n1_1fps_1sp_aldrich.json,ap
1687253110.766146000,0,rover_ap_1x1_n1_1fps_1sp_aldrich.json,ap
1687253110.766419000,1,rover_ap_1x1_n1_1fps_1sp_aldrich.json,ap
1687253110.766680000,2,rover_ap_1x1_n1_1fps_1sp_aldrich.json,ap
1687253110.766999000,3,rover_ap_1x1_n1_1fps_1sp_aldrich.json,ap
1687253110.767340000,4,rover_ap_1x1_n1_1fps_1sp_aldrich.json,ap
1687253110.767644000,5,rover_ap_1x1_n1_1fps_1sp_aldrich.json,ap
1687253110.767984000,6,rover_ap_1x1_n1_1fps_1sp_aldrich.json,ap
1687253110.768306000,7,rover_ap_1x1_n1_1fps_1sp_aldrich.json,ap
1687253110.768798000,8,rover_ap_1x1_n1_1fps_1sp_aldrich.json,ap
1687253110.769070000,9,rover_ap_1x1_n1_1fps_1sp_aldrich.json,ap
1687253111.790053000,0,rover_ap_1x1_n1_1fps_1sp_aldrich.json,ap
1687253111.790347000,1,rover_ap_1x1_n1_1fps_1sp_aldrich.json,ap
1687253111.790634000,2,rover_ap_1x1_n1_1fps_1sp_aldrich.json,ap
1687253111.790902000,3,rover_ap_1x1_n1_1fps_1sp_aldrich.json,ap
1687253111.791186000,4,rover_ap_1x1_n1_1fps_1sp_aldrich.json,ap
1687253111.791473000,5,rover_ap_1x1_n1_1fps_1sp_aldrich.json,ap
1687253111.791907000,6,rover_ap_1x1_n1_1fps_1sp_aldrich.json,ap
1687253111.792178000,7,rover_ap_1x1_n1_1fps_1sp_aldrich.json,ap
1687253112.811116000,0,rover_ap_1x1_n1_1fps_1sp_aldrich.json,ap
1687253112.811391000,1,rover_ap_1x1_n1_1fps_1sp_aldrich.json,ap
1687253112.812077000,2,rover_ap_1x1_n1_1fps_1sp_aldrich.json,ap
1687253112.812358000,3,rover_ap_1x1_n1_1fps_1sp_aldrich.json,ap
1687253112.812640000,4,rover_ap_1x1_n1_1fps_1sp_aldrich.json,ap
1687253112.812921000,5,rover_ap_1x1_n1_1fps_1sp_aldrich.json,ap
1687253112.813203000,6,rover_ap_1x1_n1_1fps_1sp_aldrich.json,ap
1687253113.836181000,0,rover_ap_1x1_n1_1fps_1sp_aldrich.json,ap
1687253113.836461000,1,rover_ap_1x1_n1_1fps_1sp_aldrich.json,ap
1687253113.836731000,2,rover_ap_1x1_n1_1fps_1sp_aldrich.json,ap
1687253113.837001000,3,rover_ap_1x1_n1_1fps_1sp_aldrich.json,ap
1687253113.837375000,4,rover_ap_1x1_n1_1fps_1sp_aldrich.json,ap
1687253113.837647000,5,rover_ap_1x1_n1_1fps_1sp_aldrich.json,ap
1687253113.838025000,6,rover_ap_1x1_n1_1fps_1sp_aldrich.json,ap
1687253113.838302000,7,rover_ap_1x1_n1_1fps_1sp_aldrich.json,ap
1687253114.859573000,0,rover_ap_1x1_n1_1fps_1sp_aldrich.json,ap
1687253114.859854000,1,rover_ap_1x1_n1_1fps_1sp_aldrich.json,ap
1687253114.860156000,2,rover_ap_1x1_n1_1fps_1sp_aldrich.json,ap
1687253114.860492000,3,rover_ap_1x1_n1_1fps_1sp_aldrich.json,ap
1687253114.860830000,4,rover_ap_1x1_n1_1fps_1sp_aldrich.json,ap
1687253114.861159000,5,rover_ap_1x1_n1_1fps_1sp_aldrich.json,ap
1687253114.861611000,6,rover_ap_1x1_n1_1fps_1sp_aldrich.json,ap
1687253115.883448000,0,rover_ap_1x1_n1_1fps_1sp_aldrich.json,ap
1687253115.883709000,1,rover_ap_1x1_n1_1fps_1sp_aldrich.json,ap
1687253115.883968000,2,rover_ap_1x1_n1_1fps_1sp_aldrich.json,ap
1687253115.884227000,3,rover_ap_1x1_n1_1fps_1sp_aldrich.json,ap
1687253115.884580000,4,rover_ap_1x1_n1_1fps_1sp_aldrich.json,ap
1687253115.884839000,5,rover_ap_1x1_n1_1fps_1sp_aldrich.json,ap
1687253115.885211000,6,rover_ap_1x1_n1_1fps_1sp_aldrich.json,ap
1687253115.885472000,7,rover_ap_1x1_n1_1fps_1sp_aldrich.json,ap
1687253116.908637000,0,rover_ap_1x1_n1_1fps_1sp_aldrich.json,ap
1687253116.908908000,1,rover_ap_1x1_n1_1fps_1sp_aldrich.json,ap
1687253116.909178000,2,rover_ap_1x1_n1_1fps_1sp_aldrich.json,ap
1687253116.909713000,3,rover_ap_1x1_n1_1fps_1sp_aldrich.json,ap
1687253116.910112000,4,rover_ap_1x1_n1_1fps_1sp_aldrich.json,ap
1687253116.910437000,5,rover_ap_1x1_n1_1fps_1sp_aldrich.json,ap
1687253116.910775000,6,rover_ap_1x1_n1_1fps_1sp_aldrich.json,ap
1687253117.931321000,0,rover_ap_1x1_n1_1fps_1sp_aldrich.json,ap
1687253117.931828000,1,rover_ap_1x1_n1_1fps_1sp_aldrich.json,ap
1687253117.932550000,2,rover_ap_1x1_n1_1fps_1sp_aldrich.json,ap
1687253117.932830000,3,rover_ap_1x1_n1_1fps_1sp_aldrich.json,ap
1687253117.933222000,4,rover_ap_1x1_n1_1fps_1sp_aldrich.json,ap
1687253117.933575000,5,rover_ap_1x1_n1_1fps_1sp_aldrich.json,ap
1687253118.955848000,0,rover_ap_1x1_n1_1fps_1sp_aldrich.json,ap
1687253118.956127000,1,rover_ap_1x1_n1_1fps_1sp_aldrich.json,ap
1687253118.956412000,2,rover_ap_1x1_n1_1fps_1sp_aldrich.json,ap
1687253118.956738000,3,rover_ap_1x1_n1_1fps_1sp_aldrich.json,ap
1687253118.957068000,4,rover_ap_1x1_n1_1fps_1sp_aldrich.json,ap
1687253118.957415000,5,rover_ap_1x1_n1_1fps_1sp_aldrich.json,ap
1687253118.957680000,6,rover_ap_1x1_n1_1fps_1sp_aldrich.json,ap
1687253119.977555000,0,rover_ap_1x1_n1_1fps_1sp_aldrich.json,ap
1687253119.977820000,1,rover_ap_1x1_n1_1fps_1sp_aldrich.json,ap
1687253119.978089000,2,rover_ap_1x1_n1_1fps_1sp_aldrich.json,ap
1687253119.978352000,3,rover_ap_1x1_n1_1fps_1sp_aldrich.json,ap
1687253119.978685000,4,rover_ap_1x1_n1_1fps_1sp_aldrich.json,ap
1687253119.978946000,5,rover_ap_1x1_n1_1fps_1sp_aldrich.json,ap
1687253119.979305000,6,rover_ap_1x1_n1_1fps_1sp_aldrich.json,ap
1687253119.979595000,7,rover_ap_1x1_n1_1fps_1sp_aldrich.json,ap
1687253119.980091000,8,rover_ap_1x1_n1_1fps_1sp_aldrich.json,ap
1687253119.980539000,9,rover_ap_1x1_n1_1fps_1sp_aldrich.json,ap
1687253121.002812000,0,rover_ap_1x1_n1_1fps_1sp_aldrich.json,ap
1687253121.003119000,1,rover_ap_1x1_n1_1fps_1sp_aldrich.json,ap
1687253121.003450000,2,rover_ap_1x1_n1_1fps_1sp_aldrich.json,ap
1687253121.003767000,3,rover_ap_1x1_n1_1fps_1sp_aldrich.json,ap
1687253121.004076000,4,rover_ap_1x1_n1_1fps_1sp_aldrich.json,ap
1687253121.004392000,5,rover_ap_1x1_n1_1fps_1sp_aldrich.json,ap
1687253121.004693000,6,rover_ap_1x1_n1_1fps_1sp_aldrich.json,ap
1687253121.007015000,7,rover_ap_1x1_n1_1fps_1sp_aldrich.json,ap
1687253122.029462000,0,rover_ap_1x1_n1_1fps_1sp_aldrich.json,ap
1687253122.029734000,1,rover_ap_1x1_n1_1fps_1sp_aldrich.json,ap
1687253122.029999000,2,rover_ap_1x1_n1_1fps_1sp_aldrich.json,ap
1687253122.030265000,3,rover_ap_1x1_n1_1fps_1sp_aldrich.json,ap
1687253122.030514000,4,rover_ap_1x1_n1_1fps_1sp_aldrich.json,ap
1687253122.030778000,5,rover_ap_1x1_n1_1fps_1sp_aldrich.json,ap
1687253122.031056000,6,rover_ap_1x1_n1_1fps_1sp_aldrich.json,ap
1687253122.031345000,7,rover_ap_1x1_n1_1fps_1sp_aldrich.json,ap
1687253122.031870000,8,rover_ap_1x1_n1_1fps_1sp_aldrich.json,ap
1687253122.032147000,9,rover_ap_1x1_n1_1fps_1sp_aldrich.json,ap
1687253122.032411000,10,rover_ap_1x1_n1_1fps_1sp_aldrich.json,ap
1687253123.053930000,0,rover_ap_1x1_n1_1fps_1sp_aldrich.json,ap
1687253123.054308000,1,rover_ap_1x1_n1_1fps_1sp_aldrich.json,ap
1687253123.054641000,2,rover_ap_1x1_n1_1fps_1sp_aldrich.json,ap
1687253123.055102000,3,rover_ap_1x1_n1_1fps_1sp_aldrich.json,ap
1687253123.055489000,4,rover_ap_1x1_n1_1fps_1sp_aldrich.json,ap
1687253123.055842000,5,rover_ap_1x1_n1_1fps_1sp_aldrich.json,ap
1687253123.056261000,6,rover_ap_1x1_n1_1fps_1sp_aldrich.json,ap
1687253124.077790000,0,rover_ap_1x1_n1_1fps_1sp_aldrich.json,ap
1687253124.078060000,1,rover_ap_1x1_n1_1fps_1sp_aldrich.json,ap
1687253124.078319000,2,rover_ap_1x1_n1_1fps_1sp_aldrich.json,ap
1687253124.078580000,3,rover_ap_1x1_n1_1fps_1sp_aldrich.json,ap
1687253124.078851000,4,rover_ap_1x1_n1_1fps_1sp_aldrich.json,ap
1687253124.079111000,5,rover_ap_1x1_n1_1fps_1sp_aldrich.json,ap
1687253124.079533000,6,rover_ap_1x1_n1_1fps_1sp_aldrich.json,ap
1687253124.079813000,7,rover_ap_1x1_n1_1fps_1sp_aldrich.json,ap
1687253124.080242000,8,rover_ap_1x1_n1_1fps_1sp_aldrich.json,ap
1687253125.103156000,0,rover_ap_1x1_n1_1fps_1sp_aldrich.json,ap
1687253125.103765000,1,rover_ap_1x1_n1_1fps_1sp_aldrich.json,ap
1687253125.104357000,2,rover_ap_1x1_n1_1fps_1sp_aldrich.json,ap
1687253125.104950000,3,rover_ap_1x1_n1_1fps_1sp_aldrich.json,ap
1687253125.105535000,4,rover_ap_1x1_n1_1fps_1sp_aldrich.json,ap
1687253126.134209000,0,rover_ap_1x1_n1_1fps_1sp_aldrich.json,ap
1687253126.134922000,1,rover_ap_1x1_n1_1fps_1sp_aldrich.json,ap
1687253126.135607000,2,rover_ap_1x1_n1_1fps_1sp_aldrich.json,ap
1687253126.136403000,3,rover_ap_1x1_n1_1fps_1sp_aldrich.json,ap
