Timestamp,Packet,Scenario,Type
1687799528.564497000,0,rover_s102_4x4_n1_1fps_1sp_bb.json,s102
1687799528.564828000,1,rover_s102_4x4_n1_1fps_1sp_bb.json,s102
1687799528.565056000,2,rover_s102_4x4_n1_1fps_1sp_bb.json,s102
1687799528.565424000,3,rover_s102_4x4_n1_1fps_1sp_bb.json,s102
1687799528.565649000,4,rover_s102_4x4_n1_1fps_1sp_bb.json,s102
1687799528.565652000,5,rover_s102_4x4_n1_1fps_1sp_bb.json,s102
1687799528.565945000,6,rover_s102_4x4_n1_1fps_1sp_bb.json,s102
1687799528.566288000,7,rover_s102_4x4_n1_1fps_1sp_bb.json,s102
1687799528.566520000,8,rover_s102_4x4_n1_1fps_1sp_bb.json,s102
1687799528.567179000,9,rover_s102_4x4_n1_1fps_1sp_bb.json,s102
1687799529.590244000,0,rover_s102_4x4_n1_1fps_1sp_bb.json,s102
1687799529.590569000,1,rover_s102_4x4_n1_1fps_1sp_bb.json,s102
1687799529.590828000,2,rover_s102_4x4_n1_1fps_1sp_bb.json,s102
1687799529.591331000,3,rover_s102_4x4_n1_1fps_1sp_bb.json,s102
1687799529.591560000,4,rover_s102_4x4_n1_1fps_1sp_bb.json,s102
1687799529.591562000,5,rover_s102_4x4_n1_1fps_1sp_bb.json,s102
1687799529.591852000,6,rover_s102_4x4_n1_1fps_1sp_bb.json,s102
1687799529.592168000,7,rover_s102_4x4_n1_1fps_1sp_bb.json,s102
1687799529.592388000,8,rover_s102_4x4_n1_1fps_1sp_bb.json,s102
1687799529.592812000,9,rover_s102_4x4_n1_1fps_1sp_bb.json,s102
1687799530.612078000,0,rover_s102_4x4_n1_1fps_1sp_bb.json,s102
1687799530.612396000,1,rover_s102_4x4_n1_1fps_1sp_bb.json,s102
1687799530.612595000,2,rover_s102_4x4_n1_1fps_1sp_bb.json,s102
1687799530.612892000,3,rover_s102_4x4_n1_1fps_1sp_bb.json,s102
1687799530.613122000,4,rover_s102_4x4_n1_1fps_1sp_bb.json,s102
1687799530.613325000,5,rover_s102_4x4_n1_1fps_1sp_bb.json,s102
1687799530.613721000,6,rover_s102_4x4_n1_1fps_1sp_bb.json,s102
1687799530.613970000,7,rover_s102_4x4_n1_1fps_1sp_bb.json,s102
1687799530.614904000,8,rover_s102_4x4_n1_1fps_1sp_bb.json,s102
1687799531.633797000,0,rover_s102_4x4_n1_1fps_1sp_bb.json,s102
1687799531.634124000,1,rover_s102_4x4_n1_1fps_1sp_bb.json,s102
1687799531.634479000,2,rover_s102_4x4_n1_1fps_1sp_bb.json,s102
1687799531.634714000,3,rover_s102_4x4_n1_1fps_1sp_bb.json,s102
1687799531.635037000,4,rover_s102_4x4_n1_1fps_1sp_bb.json,s102
1687799531.635313000,5,rover_s102_4x4_n1_1fps_1sp_bb.json,s102
1687799531.635316000,6,rover_s102_4x4_n1_1fps_1sp_bb.json,s102
1687799531.635653000,7,rover_s102_4x4_n1_1fps_1sp_bb.json,s102
1687799531.636540000,8,rover_s102_4x4_n1_1fps_1sp_bb.json,s102
1687799532.655751000,0,rover_s102_4x4_n1_1fps_1sp_bb.json,s102
1687799532.656304000,1,rover_s102_4x4_n1_1fps_1sp_bb.json,s102
1687799532.656306000,2,rover_s102_4x4_n1_1fps_1sp_bb.json,s102
1687799532.656436000,3,rover_s102_4x4_n1_1fps_1sp_bb.json,s102
1687799532.657095000,4,rover_s102_4x4_n1_1fps_1sp_bb.json,s102
1687799532.657206000,5,rover_s102_4x4_n1_1fps_1sp_bb.json,s102
1687799532.657575000,6,rover_s102_4x4_n1_1fps_1sp_bb.json,s102
1687799533.678597000,0,rover_s102_4x4_n1_1fps_1sp_bb.json,s102
1687799533.678814000,1,rover_s102_4x4_n1_1fps_1sp_bb.json,s102
1687799533.679347000,2,rover_s102_4x4_n1_1fps_1sp_bb.json,s102
1687799533.679456000,3,rover_s102_4x4_n1_1fps_1sp_bb.json,s102
1687799533.679548000,4,rover_s102_4x4_n1_1fps_1sp_bb.json,s102
1687799533.679550000,5,rover_s102_4x4_n1_1fps_1sp_bb.json,s102
1687799533.680052000,6,rover_s102_4x4_n1_1fps_1sp_bb.json,s102
1687799533.680152000,7,rover_s102_4x4_n1_1fps_1sp_bb.json,s102
1687799533.680657000,8,rover_s102_4x4_n1_1fps_1sp_bb.json,s102
1687799533.680762000,9,rover_s102_4x4_n1_1fps_1sp_bb.json,s102
1687799534.701371000,0,rover_s102_4x4_n1_1fps_1sp_bb.json,s102
1687799534.701571000,1,rover_s102_4x4_n1_1fps_1sp_bb.json,s102
1687799534.701664000,2,rover_s102_4x4_n1_1fps_1sp_bb.json,s102
1687799534.702188000,3,rover_s102_4x4_n1_1fps_1sp_bb.json,s102
1687799534.702292000,4,rover_s102_4x4_n1_1fps_1sp_bb.json,s102
1687799534.702398000,5,rover_s102_4x4_n1_1fps_1sp_bb.json,s102
1687799534.702937000,6,rover_s102_4x4_n1_1fps_1sp_bb.json,s102
1687799534.703042000,7,rover_s102_4x4_n1_1fps_1sp_bb.json,s102
1687799534.703505000,8,rover_s102_4x4_n1_1fps_1sp_bb.json,s102
1687799534.703654000,9,rover_s102_4x4_n1_1fps_1sp_bb.json,s102
1687799534.703656000,10,rover_s102_4x4_n1_1fps_1sp_bb.json,s102
1687799534.704192000,11,rover_s102_4x4_n1_1fps_1sp_bb.json,s102
1687799534.704310000,12,rover_s102_4x4_n1_1fps_1sp_bb.json,s102
1687799535.730993000,0,rover_s102_4x4_n1_1fps_1sp_bb.json,s102
1687799535.731194000,1,rover_s102_4x4_n1_1fps_1sp_bb.json,s102
1687799535.731294000,2,rover_s102_4x4_n1_1fps_1sp_bb.json,s102
1687799535.731570000,3,rover_s102_4x4_n1_1fps_1sp_bb.json,s102
1687799535.731685000,4,rover_s102_4x4_n1_1fps_1sp_bb.json,s102
1687799535.732990000,5,rover_s102_4x4_n1_1fps_1sp_bb.json,s102
1687799535.733723000,6,rover_s102_4x4_n1_1fps_1sp_bb.json,s102
1687799535.733725000,7,rover_s102_4x4_n1_1fps_1sp_bb.json,s102
1687799536.753130000,0,rover_s102_4x4_n1_1fps_1sp_bb.json,s102
1687799536.753345000,1,rover_s102_4x4_n1_1fps_1sp_bb.json,s102
1687799536.753886000,2,rover_s102_4x4_n1_1fps_1sp_bb.json,s102
1687799536.753992000,3,rover_s102_4x4_n1_1fps_1sp_bb.json,s102
1687799536.754098000,4,rover_s102_4x4_n1_1fps_1sp_bb.json,s102
1687799536.754600000,5,rover_s102_4x4_n1_1fps_1sp_bb.json,s102
1687799536.754706000,6,rover_s102_4x4_n1_1fps_1sp_bb.json,s102
1687799536.756098000,7,rover_s102_4x4_n1_1fps_1sp_bb.json,s102
1687799537.780638000,0,rover_s102_4x4_n1_1fps_1sp_bb.json,s102
1687799537.780865000,1,rover_s102_4x4_n1_1fps_1sp_bb.json,s102
1687799537.781195000,2,rover_s102_4x4_n1_1fps_1sp_bb.json,s102
1687799537.781197000,3,rover_s102_4x4_n1_1fps_1sp_bb.json,s102
1687799537.781321000,4,rover_s102_4x4_n1_1fps_1sp_bb.json,s102
1687799537.783290000,5,rover_s102_4x4_n1_1fps_1sp_bb.json,s102
1687799537.783412000,6,rover_s102_4x4_n1_1fps_1sp_bb.json,s102
1687799537.783749000,7,rover_s102_4x4_n1_1fps_1sp_bb.json,s102
1687799537.783824000,8,rover_s102_4x4_n1_1fps_1sp_bb.json,s102
1687799538.802121000,0,rover_s102_4x4_n1_1fps_1sp_bb.json,s102
1687799538.802332000,1,rover_s102_4x4_n1_1fps_1sp_bb.json,s102
1687799538.802915000,2,rover_s102_4x4_n1_1fps_1sp_bb.json,s102
1687799538.803044000,3,rover_s102_4x4_n1_1fps_1sp_bb.json,s102
1687799538.803575000,4,rover_s102_4x4_n1_1fps_1sp_bb.json,s102
1687799538.803671000,5,rover_s102_4x4_n1_1fps_1sp_bb.json,s102
1687799538.803672000,6,rover_s102_4x4_n1_1fps_1sp_bb.json,s102
1687799538.803807000,7,rover_s102_4x4_n1_1fps_1sp_bb.json,s102
1687799538.804256000,8,rover_s102_4x4_n1_1fps_1sp_bb.json,s102
1687799538.804365000,9,rover_s102_4x4_n1_1fps_1sp_bb.json,s102
1687799538.806121000,10,rover_s102_4x4_n1_1fps_1sp_bb.json,s102
1687799539.829524000,0,rover_s102_4x4_n1_1fps_1sp_bb.json,s102
1687799539.829764000,1,rover_s102_4x4_n1_1fps_1sp_bb.json,s102
1687799539.830292000,2,rover_s102_4x4_n1_1fps_1sp_bb.json,s102
1687799539.830360000,3,rover_s102_4x4_n1_1fps_1sp_bb.json,s102
1687799539.830452000,4,rover_s102_4x4_n1_1fps_1sp_bb.json,s102
1687799539.830454000,5,rover_s102_4x4_n1_1fps_1sp_bb.json,s102
1687799539.830652000,6,rover_s102_4x4_n1_1fps_1sp_bb.json,s102
1687799539.830745000,7,rover_s102_4x4_n1_1fps_1sp_bb.json,s102
1687799539.831305000,8,rover_s102_4x4_n1_1fps_1sp_bb.json,s102
1687799539.832220000,9,rover_s102_4x4_n1_1fps_1sp_bb.json,s102
1687799540.857536000,0,rover_s102_4x4_n1_1fps_1sp_bb.json,s102
1687799540.857743000,1,rover_s102_4x4_n1_1fps_1sp_bb.json,s102
1687799540.858247000,2,rover_s102_4x4_n1_1fps_1sp_bb.json,s102
1687799540.858835000,3,rover_s102_4x4_n1_1fps_1sp_bb.json,s102
1687799540.858971000,4,rover_s102_4x4_n1_1fps_1sp_bb.json,s102
1687799540.859610000,5,rover_s102_4x4_n1_1fps_1sp_bb.json,s102
1687799540.859725000,6,rover_s102_4x4_n1_1fps_1sp_bb.json,s102
1687799540.859810000,7,rover_s102_4x4_n1_1fps_1sp_bb.json,s102
1687799540.861677000,8,rover_s102_4x4_n1_1fps_1sp_bb.json,s102
1687799541.884715000,0,rover_s102_4x4_n1_1fps_1sp_bb.json,s102
1687799541.884890000,1,rover_s102_4x4_n1_1fps_1sp_bb.json,s102
1687799541.885446000,2,rover_s102_4x4_n1_1fps_1sp_bb.json,s102
1687799541.885448000,3,rover_s102_4x4_n1_1fps_1sp_bb.json,s102
1687799541.885564000,4,rover_s102_4x4_n1_1fps_1sp_bb.json,s102
1687799541.885657000,5,rover_s102_4x4_n1_1fps_1sp_bb.json,s102
1687799541.886099000,6,rover_s102_4x4_n1_1fps_1sp_bb.json,s102
1687799541.886101000,7,rover_s102_4x4_n1_1fps_1sp_bb.json,s102
1687799541.886562000,8,rover_s102_4x4_n1_1fps_1sp_bb.json,s102
1687799541.886564000,9,rover_s102_4x4_n1_1fps_1sp_bb.json,s102
1687799541.887971000,10,rover_s102_4x4_n1_1fps_1sp_bb.json,s102
1687799541.888139000,11,rover_s102_4x4_n1_1fps_1sp_bb.json,s102
1687799541.889169000,12,rover_s102_4x4_n1_1fps_1sp_bb.json,s102
1687799542.910188000,0,rover_s102_4x4_n1_1fps_1sp_bb.json,s102
1687799542.910373000,1,rover_s102_4x4_n1_1fps_1sp_bb.json,s102
1687799542.910531000,2,rover_s102_4x4_n1_1fps_1sp_bb.json,s102
1687799542.910533000,3,rover_s102_4x4_n1_1fps_1sp_bb.json,s102
1687799542.910640000,4,rover_s102_4x4_n1_1fps_1sp_bb.json,s102
1687799542.910796000,5,rover_s102_4x4_n1_1fps_1sp_bb.json,s102
1687799542.911436000,6,rover_s102_4x4_n1_1fps_1sp_bb.json,s102
1687799542.911535000,7,rover_s102_4x4_n1_1fps_1sp_bb.json,s102
1687799542.911536000,8,rover_s102_4x4_n1_1fps_1sp_bb.json,s102
1687799542.911668000,9,rover_s102_4x4_n1_1fps_1sp_bb.json,s102
1687799542.912142000,10,rover_s102_4x4_n1_1fps_1sp_bb.json,s102
1687799542.912249000,11,rover_s102_4x4_n1_1fps_1sp_bb.json,s102
1687799542.912595000,12,rover_s102_4x4_n1_1fps_1sp_bb.json,s102
1687799542.912688000,13,rover_s102_4x4_n1_1fps_1sp_bb.json,s102
1687799543.932556000,0,rover_s102_4x4_n1_1fps_1sp_bb.json,s102
1687799543.933297000,1,rover_s102_4x4_n1_1fps_1sp_bb.json,s102
1687799543.933398000,2,rover_s102_4x4_n1_1fps_1sp_bb.json,s102
1687799543.933495000,3,rover_s102_4x4_n1_1fps_1sp_bb.json,s102
1687799543.933497000,4,rover_s102_4x4_n1_1fps_1sp_bb.json,s102
1687799543.933677000,5,rover_s102_4x4_n1_1fps_1sp_bb.json,s102
1687799543.934436000,6,rover_s102_4x4_n1_1fps_1sp_bb.json,s102
1687799543.934539000,7,rover_s102_4x4_n1_1fps_1sp_bb.json,s102
1687799543.935083000,8,rover_s102_4x4_n1_1fps_1sp_bb.json,s102
1687799543.935084000,9,rover_s102_4x4_n1_1fps_1sp_bb.json,s102
1687799543.935969000,10,rover_s102_4x4_n1_1fps_1sp_bb.json,s102
1687799543.937086000,11,rover_s102_4x4_n1_1fps_1sp_bb.json,s102
1687799543.937189000,12,rover_s102_4x4_n1_1fps_1sp_bb.json,s102
1687799543.937251000,13,rover_s102_4x4_n1_1fps_1sp_bb.json,s102
1687799543.937253000,14,rover_s102_4x4_n1_1fps_1sp_bb.json,s102
1687799543.937408000,15,rover_s102_4x4_n1_1fps_1sp_bb.json,s102
1687799544.955369000,0,rover_s102_4x4_n1_1fps_1sp_bb.json,s102
1687799544.955586000,1,rover_s102_4x4_n1_1fps_1sp_bb.json,s102
1687799544.955680000,2,rover_s102_4x4_n1_1fps_1sp_bb.json,s102
1687799544.957035000,3,rover_s102_4x4_n1_1fps_1sp_bb.json,s102
1687799544.957110000,4,rover_s102_4x4_n1_1fps_1sp_bb.json,s102
1687799544.957111000,5,rover_s102_4x4_n1_1fps_1sp_bb.json,s102
1687799544.957220000,6,rover_s102_4x4_n1_1fps_1sp_bb.json,s102
1687799544.957321000,7,rover_s102_4x4_n1_1fps_1sp_bb.json,s102
1687799544.957685000,8,rover_s102_4x4_n1_1fps_1sp_bb.json,s102
1687799544.957792000,9,rover_s102_4x4_n1_1fps_1sp_bb.json,s102
1687799544.958430000,10,rover_s102_4x4_n1_1fps_1sp_bb.json,s102
1687799544.958432000,11,rover_s102_4x4_n1_1fps_1sp_bb.json,s102
1687799544.958574000,12,rover_s102_4x4_n1_1fps_1sp_bb.json,s102
1687799544.959557000,13,rover_s102_4x4_n1_1fps_1sp_bb.json,s102
1687799545.980961000,0,rover_s102_4x4_n1_1fps_1sp_bb.json,s102
1687799545.981152000,1,rover_s102_4x4_n1_1fps_1sp_bb.json,s102
1687799545.981247000,2,rover_s102_4x4_n1_1fps_1sp_bb.json,s102
1687799545.981249000,3,rover_s102_4x4_n1_1fps_1sp_bb.json,s102
1687799545.981779000,4,rover_s102_4x4_n1_1fps_1sp_bb.json,s102
1687799545.982361000,5,rover_s102_4x4_n1_1fps_1sp_bb.json,s102
1687799545.982461000,6,rover_s102_4x4_n1_1fps_1sp_bb.json,s102
1687799545.982559000,7,rover_s102_4x4_n1_1fps_1sp_bb.json,s102
1687799545.985030000,8,rover_s102_4x4_n1_1fps_1sp_bb.json,s102
1687799545.985157000,9,rover_s102_4x4_n1_1fps_1sp_bb.json,s102
1687799545.985254000,10,rover_s102_4x4_n1_1fps_1sp_bb.json,s102
1687799547.009128000,0,rover_s102_4x4_n1_1fps_1sp_bb.json,s102
1687799547.009286000,1,rover_s102_4x4_n1_1fps_1sp_bb.json,s102
1687799547.009288000,2,rover_s102_4x4_n1_1fps_1sp_bb.json,s102
1687799547.009405000,3,rover_s102_4x4_n1_1fps_1sp_bb.json,s102
1687799547.009512000,4,rover_s102_4x4_n1_1fps_1sp_bb.json,s102
1687799547.009677000,5,rover_s102_4x4_n1_1fps_1sp_bb.json,s102
1687799547.009756000,6,rover_s102_4x4_n1_1fps_1sp_bb.json,s102
1687799547.010206000,7,rover_s102_4x4_n1_1fps_1sp_bb.json,s102
1687799547.010299000,8,rover_s102_4x4_n1_1fps_1sp_bb.json,s102
1687799547.010403000,9,rover_s102_4x4_n1_1fps_1sp_bb.json,s102
1687799547.012351000,10,rover_s102_4x4_n1_1fps_1sp_bb.json,s102
1687799547.012353000,11,rover_s102_4x4_n1_1fps_1sp_bb.json,s102
1687799547.012515000,12,rover_s102_4x4_n1_1fps_1sp_bb.json,s102
1687799548.039733000,0,rover_s102_4x4_n1_1fps_1sp_bb.json,s102
1687799548.039889000,1,rover_s102_4x4_n1_1fps_1sp_bb.json,s102
1687799548.039952000,2,rover_s102_4x4_n1_1fps_1sp_bb.json,s102
1687799548.039954000,3,rover_s102_4x4_n1_1fps_1sp_bb.json,s102
1687799548.040037000,4,rover_s102_4x4_n1_1fps_1sp_bb.json,s102
1687799548.040096000,5,rover_s102_4x4_n1_1fps_1sp_bb.json,s102
1687799548.040171000,6,rover_s102_4x4_n1_1fps_1sp_bb.json,s102
1687799548.040590000,7,rover_s102_4x4_n1_1fps_1sp_bb.json,s102
1687799548.040688000,8,rover_s102_4x4_n1_1fps_1sp_bb.json,s102
1687799548.041480000,9,rover_s102_4x4_n1_1fps_1sp_bb.json,s102
1687799548.041481000,10,rover_s102_4x4_n1_1fps_1sp_bb.json,s102
1687799548.041614000,11,rover_s102_4x4_n1_1fps_1sp_bb.json,s102
1687799548.042612000,12,rover_s102_4x4_n1_1fps_1sp_bb.json,s102
1687799548.042729000,13,rover_s102_4x4_n1_1fps_1sp_bb.json,s102
1687799549.067131000,0,rover_s102_4x4_n1_1fps_1sp_bb.json,s102
1687799549.067337000,1,rover_s102_4x4_n1_1fps_1sp_bb.json,s102
1687799549.067437000,2,rover_s102_4x4_n1_1fps_1sp_bb.json,s102
1687799549.067875000,3,rover_s102_4x4_n1_1fps_1sp_bb.json,s102
1687799549.067975000,4,rover_s102_4x4_n1_1fps_1sp_bb.json,s102
1687799549.067976000,5,rover_s102_4x4_n1_1fps_1sp_bb.json,s102
1687799549.068151000,6,rover_s102_4x4_n1_1fps_1sp_bb.json,s102
1687799549.069465000,7,rover_s102_4x4_n1_1fps_1sp_bb.json,s102
1687799549.069467000,8,rover_s102_4x4_n1_1fps_1sp_bb.json,s102
1687799549.069605000,9,rover_s102_4x4_n1_1fps_1sp_bb.json,s102
1687799550.090408000,0,rover_s102_4x4_n1_1fps_1sp_bb.json,s102
1687799550.090673000,1,rover_s102_4x4_n1_1fps_1sp_bb.json,s102
1687799550.090775000,2,rover_s102_4x4_n1_1fps_1sp_bb.json,s102
1687799550.091044000,3,rover_s102_4x4_n1_1fps_1sp_bb.json,s102
1687799550.092084000,4,rover_s102_4x4_n1_1fps_1sp_bb.json,s102
1687799550.092228000,5,rover_s102_4x4_n1_1fps_1sp_bb.json,s102
1687799550.092898000,6,rover_s102_4x4_n1_1fps_1sp_bb.json,s102
1687799550.092968000,7,rover_s102_4x4_n1_1fps_1sp_bb.json,s102
1687799550.093073000,8,rover_s102_4x4_n1_1fps_1sp_bb.json,s102
1687799550.093074000,9,rover_s102_4x4_n1_1fps_1sp_bb.json,s102
1687799550.093207000,10,rover_s102_4x4_n1_1fps_1sp_bb.json,s102
1687799550.093861000,11,rover_s102_4x4_n1_1fps_1sp_bb.json,s102
1687799550.093974000,12,rover_s102_4x4_n1_1fps_1sp_bb.json,s102
1687799550.094929000,13,rover_s102_4x4_n1_1fps_1sp_bb.json,s102
1687799551.114572000,0,rover_s102_4x4_n1_1fps_1sp_bb.json,s102
1687799551.114756000,1,rover_s102_4x4_n1_1fps_1sp_bb.json,s102
1687799551.115386000,2,rover_s102_4x4_n1_1fps_1sp_bb.json,s102
1687799551.115491000,3,rover_s102_4x4_n1_1fps_1sp_bb.json,s102
1687799551.115493000,4,rover_s102_4x4_n1_1fps_1sp_bb.json,s102
1687799551.116298000,5,rover_s102_4x4_n1_1fps_1sp_bb.json,s102
1687799551.116405000,6,rover_s102_4x4_n1_1fps_1sp_bb.json,s102
1687799551.116882000,7,rover_s102_4x4_n1_1fps_1sp_bb.json,s102
1687799552.138699000,0,rover_s102_4x4_n1_1fps_1sp_bb.json,s102
1687799552.138904000,1,rover_s102_4x4_n1_1fps_1sp_bb.json,s102
1687799552.139395000,2,rover_s102_4x4_n1_1fps_1sp_bb.json,s102
1687799552.139396000,3,rover_s102_4x4_n1_1fps_1sp_bb.json,s102
1687799552.139516000,4,rover_s102_4x4_n1_1fps_1sp_bb.json,s102
1687799552.139623000,5,rover_s102_4x4_n1_1fps_1sp_bb.json,s102
1687799552.141143000,6,rover_s102_4x4_n1_1fps_1sp_bb.json,s102
1687799552.141144000,7,rover_s102_4x4_n1_1fps_1sp_bb.json,s102
1687799552.141271000,8,rover_s102_4x4_n1_1fps_1sp_bb.json,s102
1687799552.141368000,9,rover_s102_4x4_n1_1fps_1sp_bb.json,s102
1687799552.141459000,10,rover_s102_4x4_n1_1fps_1sp_bb.json,s102
1687799553.164738000,0,rover_s102_4x4_n1_1fps_1sp_bb.json,s102
1687799553.164954000,1,rover_s102_4x4_n1_1fps_1sp_bb.json,s102
1687799553.165476000,2,rover_s102_4x4_n1_1fps_1sp_bb.json,s102
1687799553.165569000,3,rover_s102_4x4_n1_1fps_1sp_bb.json,s102
1687799553.166104000,4,rover_s102_4x4_n1_1fps_1sp_bb.json,s102
1687799553.166106000,5,rover_s102_4x4_n1_1fps_1sp_bb.json,s102
1687799553.166249000,6,rover_s102_4x4_n1_1fps_1sp_bb.json,s102
1687799553.166848000,7,rover_s102_4x4_n1_1fps_1sp_bb.json,s102
1687799553.166962000,8,rover_s102_4x4_n1_1fps_1sp_bb.json,s102
1687799553.167294000,9,rover_s102_4x4_n1_1fps_1sp_bb.json,s102
1687799553.167393000,10,rover_s102_4x4_n1_1fps_1sp_bb.json,s102
1687799554.184229000,0,rover_s102_4x4_n1_1fps_1sp_bb.json,s102
1687799554.184452000,1,rover_s102_4x4_n1_1fps_1sp_bb.json,s102
1687799554.184882000,2,rover_s102_4x4_n1_1fps_1sp_bb.json,s102
1687799554.184970000,3,rover_s102_4x4_n1_1fps_1sp_bb.json,s102
1687799554.185087000,4,rover_s102_4x4_n1_1fps_1sp_bb.json,s102
1687799554.185574000,5,rover_s102_4x4_n1_1fps_1sp_bb.json,s102
1687799554.185688000,6,rover_s102_4x4_n1_1fps_1sp_bb.json,s102
1687799554.187070000,7,rover_s102_4x4_n1_1fps_1sp_bb.json,s102
1687799555.205104000,0,rover_s102_4x4_n1_1fps_1sp_bb.json,s102
1687799555.205314000,1,rover_s102_4x4_n1_1fps_1sp_bb.json,s102
1687799555.205902000,2,rover_s102_4x4_n1_1fps_1sp_bb.json,s102
1687799555.205994000,3,rover_s102_4x4_n1_1fps_1sp_bb.json,s102
1687799555.206087000,4,rover_s102_4x4_n1_1fps_1sp_bb.json,s102
1687799555.206598000,5,rover_s102_4x4_n1_1fps_1sp_bb.json,s102
1687799555.206701000,6,rover_s102_4x4_n1_1fps_1sp_bb.json,s102
1687799555.206703000,7,rover_s102_4x4_n1_1fps_1sp_bb.json,s102
1687799555.207303000,8,rover_s102_4x4_n1_1fps_1sp_bb.json,s102
1687799555.207412000,9,rover_s102_4x4_n1_1fps_1sp_bb.json,s102
1687799556.230820000,0,rover_s102_4x4_n1_1fps_1sp_bb.json,s102
1687799556.231666000,1,rover_s102_4x4_n1_1fps_1sp_bb.json,s102
1687799556.231800000,2,rover_s102_4x4_n1_1fps_1sp_bb.json,s102
1687799556.232454000,3,rover_s102_4x4_n1_1fps_1sp_bb.json,s102
1687799556.232456000,4,rover_s102_4x4_n1_1fps_1sp_bb.json,s102
1687799556.232553000,5,rover_s102_4x4_n1_1fps_1sp_bb.json,s102
1687799556.232654000,6,rover_s102_4x4_n1_1fps_1sp_bb.json,s102
1687799556.232756000,7,rover_s102_4x4_n1_1fps_1sp_bb.json,s102
1687799556.233261000,8,rover_s102_4x4_n1_1fps_1sp_bb.json,s102
1687799556.233371000,9,rover_s102_4x4_n1_1fps_1sp_bb.json,s102
1687799556.233372000,10,rover_s102_4x4_n1_1fps_1sp_bb.json,s102
1687799556.233910000,11,rover_s102_4x4_n1_1fps_1sp_bb.json,s102
1687799556.234992000,12,rover_s102_4x4_n1_1fps_1sp_bb.json,s102
1687799557.253383000,0,rover_s102_4x4_n1_1fps_1sp_bb.json,s102
1687799557.253593000,1,rover_s102_4x4_n1_1fps_1sp_bb.json,s102
1687799557.253695000,2,rover_s102_4x4_n1_1fps_1sp_bb.json,s102
1687799557.254152000,3,rover_s102_4x4_n1_1fps_1sp_bb.json,s102
1687799557.254254000,4,rover_s102_4x4_n1_1fps_1sp_bb.json,s102
1687799557.254256000,5,rover_s102_4x4_n1_1fps_1sp_bb.json,s102
1687799557.254396000,6,rover_s102_4x4_n1_1fps_1sp_bb.json,s102
1687799557.254903000,7,rover_s102_4x4_n1_1fps_1sp_bb.json,s102
1687799557.255006000,8,rover_s102_4x4_n1_1fps_1sp_bb.json,s102
1687799557.255461000,9,rover_s102_4x4_n1_1fps_1sp_bb.json,s102
1687799557.255569000,10,rover_s102_4x4_n1_1fps_1sp_bb.json,s102
1687799558.273420000,0,rover_s102_4x4_n1_1fps_1sp_bb.json,s102
1687799558.273625000,1,rover_s102_4x4_n1_1fps_1sp_bb.json,s102
1687799558.274144000,2,rover_s102_4x4_n1_1fps_1sp_bb.json,s102
1687799558.274242000,3,rover_s102_4x4_n1_1fps_1sp_bb.json,s102
1687799558.274346000,4,rover_s102_4x4_n1_1fps_1sp_bb.json,s102
1687799558.275015000,5,rover_s102_4x4_n1_1fps_1sp_bb.json,s102
1687799558.275118000,6,rover_s102_4x4_n1_1fps_1sp_bb.json,s102
1687799558.275208000,7,rover_s102_4x4_n1_1fps_1sp_bb.json,s102
1687799559.300264000,0,rover_s102_4x4_n1_1fps_1sp_bb.json,s102
1687799559.300265000,1,rover_s102_4x4_n1_1fps_1sp_bb.json,s102
1687799559.300520000,2,rover_s102_4x4_n1_1fps_1sp_bb.json,s102
1687799559.300606000,3,rover_s102_4x4_n1_1fps_1sp_bb.json,s102
1687799559.300691000,4,rover_s102_4x4_n1_1fps_1sp_bb.json,s102
1687799559.300692000,5,rover_s102_4x4_n1_1fps_1sp_bb.json,s102
1687799559.300886000,6,rover_s102_4x4_n1_1fps_1sp_bb.json,s102
1687799559.301394000,7,rover_s102_4x4_n1_1fps_1sp_bb.json,s102
1687799559.301562000,8,rover_s102_4x4_n1_1fps_1sp_bb.json,s102
1687799559.301821000,9,rover_s102_4x4_n1_1fps_1sp_bb.json,s102
1687799559.301908000,10,rover_s102_4x4_n1_1fps_1sp_bb.json,s102
1687799559.302734000,11,rover_s102_4x4_n1_1fps_1sp_bb.json,s102
1687799559.302843000,12,rover_s102_4x4_n1_1fps_1sp_bb.json,s102
1687799559.303952000,13,rover_s102_4x4_n1_1fps_1sp_bb.json,s102
1687799560.326105000,0,rover_s102_4x4_n1_1fps_1sp_bb.json,s102
1687799560.326325000,1,rover_s102_4x4_n1_1fps_1sp_bb.json,s102
1687799560.326428000,2,rover_s102_4x4_n1_1fps_1sp_bb.json,s102
1687799560.327627000,3,rover_s102_4x4_n1_1fps_1sp_bb.json,s102
1687799560.327749000,4,rover_s102_4x4_n1_1fps_1sp_bb.json,s102
1687799560.327751000,5,rover_s102_4x4_n1_1fps_1sp_bb.json,s102
1687799560.327882000,6,rover_s102_4x4_n1_1fps_1sp_bb.json,s102
1687799560.328421000,7,rover_s102_4x4_n1_1fps_1sp_bb.json,s102
1687799560.328422000,8,rover_s102_4x4_n1_1fps_1sp_bb.json,s102
1687799560.328548000,9,rover_s102_4x4_n1_1fps_1sp_bb.json,s102
1687799560.329136000,10,rover_s102_4x4_n1_1fps_1sp_bb.json,s102
1687799560.329138000,11,rover_s102_4x4_n1_1fps_1sp_bb.json,s102
1687799560.329268000,12,rover_s102_4x4_n1_1fps_1sp_bb.json,s102
1687799561.353243000,0,rover_s102_4x4_n1_1fps_1sp_bb.json,s102
1687799561.353448000,1,rover_s102_4x4_n1_1fps_1sp_bb.json,s102
1687799561.353547000,2,rover_s102_4x4_n1_1fps_1sp_bb.json,s102
1687799561.353976000,3,rover_s102_4x4_n1_1fps_1sp_bb.json,s102
1687799561.354075000,4,rover_s102_4x4_n1_1fps_1sp_bb.json,s102
1687799561.354076000,5,rover_s102_4x4_n1_1fps_1sp_bb.json,s102
1687799561.354200000,6,rover_s102_4x4_n1_1fps_1sp_bb.json,s102
1687799561.354485000,7,rover_s102_4x4_n1_1fps_1sp_bb.json,s102
1687799561.355902000,8,rover_s102_4x4_n1_1fps_1sp_bb.json,s102
1687799561.356027000,9,rover_s102_4x4_n1_1fps_1sp_bb.json,s102
1687799562.379743000,0,rover_s102_4x4_n1_1fps_1sp_bb.json,s102
1687799562.379980000,1,rover_s102_4x4_n1_1fps_1sp_bb.json,s102
1687799562.381832000,2,rover_s102_4x4_n1_1fps_1sp_bb.json,s102
1687799562.381929000,3,rover_s102_4x4_n1_1fps_1sp_bb.json,s102
1687799562.381931000,4,rover_s102_4x4_n1_1fps_1sp_bb.json,s102
1687799562.382041000,5,rover_s102_4x4_n1_1fps_1sp_bb.json,s102
1687799562.382143000,6,rover_s102_4x4_n1_1fps_1sp_bb.json,s102
1687799562.382239000,7,rover_s102_4x4_n1_1fps_1sp_bb.json,s102
1687799562.382241000,8,rover_s102_4x4_n1_1fps_1sp_bb.json,s102
1687799562.383023000,9,rover_s102_4x4_n1_1fps_1sp_bb.json,s102
1687799562.383024000,10,rover_s102_4x4_n1_1fps_1sp_bb.json,s102
1687799562.384327000,11,rover_s102_4x4_n1_1fps_1sp_bb.json,s102
1687799562.384329000,12,rover_s102_4x4_n1_1fps_1sp_bb.json,s102
1687799562.384470000,13,rover_s102_4x4_n1_1fps_1sp_bb.json,s102
1687799563.404623000,0,rover_s102_4x4_n1_1fps_1sp_bb.json,s102
1687799563.404827000,1,rover_s102_4x4_n1_1fps_1sp_bb.json,s102
1687799563.405388000,2,rover_s102_4x4_n1_1fps_1sp_bb.json,s102
1687799563.405513000,3,rover_s102_4x4_n1_1fps_1sp_bb.json,s102
1687799563.405630000,4,rover_s102_4x4_n1_1fps_1sp_bb.json,s102
1687799563.407577000,5,rover_s102_4x4_n1_1fps_1sp_bb.json,s102
1687799563.407706000,6,rover_s102_4x4_n1_1fps_1sp_bb.json,s102
1687799563.407707000,7,rover_s102_4x4_n1_1fps_1sp_bb.json,s102
1687799564.426631000,0,rover_s102_4x4_n1_1fps_1sp_bb.json,s102
1687799564.426848000,1,rover_s102_4x4_n1_1fps_1sp_bb.json,s102
1687799564.426943000,2,rover_s102_4x4_n1_1fps_1sp_bb.json,s102
1687799564.427262000,3,rover_s102_4x4_n1_1fps_1sp_bb.json,s102
1687799564.427356000,4,rover_s102_4x4_n1_1fps_1sp_bb.json,s102
1687799564.427444000,5,rover_s102_4x4_n1_1fps_1sp_bb.json,s102
1687799564.427940000,6,rover_s102_4x4_n1_1fps_1sp_bb.json,s102
1687799564.428045000,7,rover_s102_4x4_n1_1fps_1sp_bb.json,s102
1687799564.428745000,8,rover_s102_4x4_n1_1fps_1sp_bb.json,s102
1687799564.428852000,9,rover_s102_4x4_n1_1fps_1sp_bb.json,s102
1687799564.429802000,10,rover_s102_4x4_n1_1fps_1sp_bb.json,s102
1687799565.449383000,0,rover_s102_4x4_n1_1fps_1sp_bb.json,s102
1687799565.449591000,1,rover_s102_4x4_n1_1fps_1sp_bb.json,s102
1687799565.450151000,2,rover_s102_4x4_n1_1fps_1sp_bb.json,s102
1687799565.450281000,3,rover_s102_4x4_n1_1fps_1sp_bb.json,s102
1687799565.450408000,4,rover_s102_4x4_n1_1fps_1sp_bb.json,s102
1687799565.450970000,5,rover_s102_4x4_n1_1fps_1sp_bb.json,s102
1687799565.451080000,6,rover_s102_4x4_n1_1fps_1sp_bb.json,s102
1687799565.451188000,7,rover_s102_4x4_n1_1fps_1sp_bb.json,s102
1687799565.452112000,8,rover_s102_4x4_n1_1fps_1sp_bb.json,s102
1687799566.470822000,0,rover_s102_4x4_n1_1fps_1sp_bb.json,s102
1687799566.471028000,1,rover_s102_4x4_n1_1fps_1sp_bb.json,s102
1687799566.472321000,2,rover_s102_4x4_n1_1fps_1sp_bb.json,s102
1687799566.472323000,3,rover_s102_4x4_n1_1fps_1sp_bb.json,s102
1687799566.472476000,4,rover_s102_4x4_n1_1fps_1sp_bb.json,s102
1687799566.472581000,5,rover_s102_4x4_n1_1fps_1sp_bb.json,s102
1687799566.472701000,6,rover_s102_4x4_n1_1fps_1sp_bb.json,s102
1687799566.472778000,7,rover_s102_4x4_n1_1fps_1sp_bb.json,s102
1687799566.473334000,8,rover_s102_4x4_n1_1fps_1sp_bb.json,s102
1687799566.473436000,9,rover_s102_4x4_n1_1fps_1sp_bb.json,s102
1687799566.475394000,10,rover_s102_4x4_n1_1fps_1sp_bb.json,s102
1687799567.503325000,0,rover_s102_4x4_n1_1fps_1sp_bb.json,s102
1687799567.503529000,1,rover_s102_4x4_n1_1fps_1sp_bb.json,s102
1687799567.503625000,2,rover_s102_4x4_n1_1fps_1sp_bb.json,s102
1687799567.504015000,3,rover_s102_4x4_n1_1fps_1sp_bb.json,s102
1687799567.504687000,4,rover_s102_4x4_n1_1fps_1sp_bb.json,s102
1687799567.505446000,5,rover_s102_4x4_n1_1fps_1sp_bb.json,s102
1687799567.505534000,6,rover_s102_4x4_n1_1fps_1sp_bb.json,s102
1687799567.505620000,7,rover_s102_4x4_n1_1fps_1sp_bb.json,s102
1687799567.505622000,8,rover_s102_4x4_n1_1fps_1sp_bb.json,s102
1687799567.505780000,9,rover_s102_4x4_n1_1fps_1sp_bb.json,s102
1687799567.506711000,10,rover_s102_4x4_n1_1fps_1sp_bb.json,s102
1687799568.528769000,0,rover_s102_4x4_n1_1fps_1sp_bb.json,s102
1687799568.528974000,1,rover_s102_4x4_n1_1fps_1sp_bb.json,s102
1687799568.529078000,2,rover_s102_4x4_n1_1fps_1sp_bb.json,s102
1687799568.529469000,3,rover_s102_4x4_n1_1fps_1sp_bb.json,s102
1687799568.529554000,4,rover_s102_4x4_n1_1fps_1sp_bb.json,s102
1687799568.529556000,5,rover_s102_4x4_n1_1fps_1sp_bb.json,s102
1687799568.530263000,6,rover_s102_4x4_n1_1fps_1sp_bb.json,s102
1687799568.530379000,7,rover_s102_4x4_n1_1fps_1sp_bb.json,s102
1687799568.530381000,8,rover_s102_4x4_n1_1fps_1sp_bb.json,s102
1687799568.530916000,9,rover_s102_4x4_n1_1fps_1sp_bb.json,s102
1687799568.531019000,10,rover_s102_4x4_n1_1fps_1sp_bb.json,s102
1687799569.552390000,0,rover_s102_4x4_n1_1fps_1sp_bb.json,s102
1687799569.552611000,1,rover_s102_4x4_n1_1fps_1sp_bb.json,s102
1687799569.552728000,2,rover_s102_4x4_n1_1fps_1sp_bb.json,s102
1687799569.553011000,3,rover_s102_4x4_n1_1fps_1sp_bb.json,s102
1687799569.554061000,4,rover_s102_4x4_n1_1fps_1sp_bb.json,s102
1687799569.554063000,5,rover_s102_4x4_n1_1fps_1sp_bb.json,s102
1687799569.554218000,6,rover_s102_4x4_n1_1fps_1sp_bb.json,s102
1687799569.554319000,7,rover_s102_4x4_n1_1fps_1sp_bb.json,s102
1687799569.554667000,8,rover_s102_4x4_n1_1fps_1sp_bb.json,s102
1687799569.554782000,9,rover_s102_4x4_n1_1fps_1sp_bb.json,s102
1687799569.555981000,10,rover_s102_4x4_n1_1fps_1sp_bb.json,s102
1687799570.576575000,0,rover_s102_4x4_n1_1fps_1sp_bb.json,s102
1687799570.576776000,1,rover_s102_4x4_n1_1fps_1sp_bb.json,s102
1687799570.576872000,2,rover_s102_4x4_n1_1fps_1sp_bb.json,s102
1687799570.578069000,3,rover_s102_4x4_n1_1fps_1sp_bb.json,s102
1687799570.578071000,4,rover_s102_4x4_n1_1fps_1sp_bb.json,s102
1687799570.578161000,5,rover_s102_4x4_n1_1fps_1sp_bb.json,s102
1687799570.578247000,6,rover_s102_4x4_n1_1fps_1sp_bb.json,s102
1687799570.579317000,7,rover_s102_4x4_n1_1fps_1sp_bb.json,s102
1687799570.579319000,8,rover_s102_4x4_n1_1fps_1sp_bb.json,s102
1687799570.579464000,9,rover_s102_4x4_n1_1fps_1sp_bb.json,s102
1687799570.579565000,10,rover_s102_4x4_n1_1fps_1sp_bb.json,s102
1687799571.599121000,0,rover_s102_4x4_n1_1fps_1sp_bb.json,s102
1687799571.599341000,1,rover_s102_4x4_n1_1fps_1sp_bb.json,s102
1687799571.601013000,2,rover_s102_4x4_n1_1fps_1sp_bb.json,s102
1687799571.601124000,3,rover_s102_4x4_n1_1fps_1sp_bb.json,s102
1687799571.601126000,4,rover_s102_4x4_n1_1fps_1sp_bb.json,s102
1687799571.601343000,5,rover_s102_4x4_n1_1fps_1sp_bb.json,s102
1687799571.601345000,6,rover_s102_4x4_n1_1fps_1sp_bb.json,s102
1687799571.602112000,7,rover_s102_4x4_n1_1fps_1sp_bb.json,s102
1687799571.603078000,8,rover_s102_4x4_n1_1fps_1sp_bb.json,s102
1687799571.603079000,9,rover_s102_4x4_n1_1fps_1sp_bb.json,s102
1687799572.628248000,0,rover_s102_4x4_n1_1fps_1sp_bb.json,s102
1687799572.628484000,1,rover_s102_4x4_n1_1fps_1sp_bb.json,s102
1687799572.628597000,2,rover_s102_4x4_n1_1fps_1sp_bb.json,s102
1687799572.628719000,3,rover_s102_4x4_n1_1fps_1sp_bb.json,s102
1687799572.628720000,4,rover_s102_4x4_n1_1fps_1sp_bb.json,s102
1687799572.631813000,5,rover_s102_4x4_n1_1fps_1sp_bb.json,s102
1687799572.631937000,6,rover_s102_4x4_n1_1fps_1sp_bb.json,s102
1687799573.651924000,0,rover_s102_4x4_n1_1fps_1sp_bb.json,s102
1687799573.652132000,1,rover_s102_4x4_n1_1fps_1sp_bb.json,s102
1687799573.652912000,2,rover_s102_4x4_n1_1fps_1sp_bb.json,s102
1687799573.653017000,3,rover_s102_4x4_n1_1fps_1sp_bb.json,s102
1687799573.653122000,4,rover_s102_4x4_n1_1fps_1sp_bb.json,s102
1687799573.653216000,5,rover_s102_4x4_n1_1fps_1sp_bb.json,s102
1687799573.654797000,6,rover_s102_4x4_n1_1fps_1sp_bb.json,s102
1687799573.654799000,7,rover_s102_4x4_n1_1fps_1sp_bb.json,s102
1687799573.654962000,8,rover_s102_4x4_n1_1fps_1sp_bb.json,s102
1687799573.655065000,9,rover_s102_4x4_n1_1fps_1sp_bb.json,s102
1687799573.655184000,10,rover_s102_4x4_n1_1fps_1sp_bb.json,s102
1687799573.656008000,11,rover_s102_4x4_n1_1fps_1sp_bb.json,s102
1687799573.656112000,12,rover_s102_4x4_n1_1fps_1sp_bb.json,s102
1687799573.656198000,13,rover_s102_4x4_n1_1fps_1sp_bb.json,s102
1687799573.656702000,14,rover_s102_4x4_n1_1fps_1sp_bb.json,s102
1687799574.676435000,0,rover_s102_4x4_n1_1fps_1sp_bb.json,s102
1687799574.676643000,1,rover_s102_4x4_n1_1fps_1sp_bb.json,s102
1687799574.676764000,2,rover_s102_4x4_n1_1fps_1sp_bb.json,s102
1687799574.676862000,3,rover_s102_4x4_n1_1fps_1sp_bb.json,s102
1687799574.677823000,4,rover_s102_4x4_n1_1fps_1sp_bb.json,s102
1687799574.677925000,5,rover_s102_4x4_n1_1fps_1sp_bb.json,s102
1687799574.678036000,6,rover_s102_4x4_n1_1fps_1sp_bb.json,s102
1687799574.678970000,7,rover_s102_4x4_n1_1fps_1sp_bb.json,s102
1687799574.678972000,8,rover_s102_4x4_n1_1fps_1sp_bb.json,s102
1687799574.679100000,9,rover_s102_4x4_n1_1fps_1sp_bb.json,s102
1687799574.679204000,10,rover_s102_4x4_n1_1fps_1sp_bb.json,s102
1687799574.679608000,11,rover_s102_4x4_n1_1fps_1sp_bb.json,s102
1687799575.698952000,0,rover_s102_4x4_n1_1fps_1sp_bb.json,s102
1687799575.699151000,1,rover_s102_4x4_n1_1fps_1sp_bb.json,s102
1687799575.701212000,2,rover_s102_4x4_n1_1fps_1sp_bb.json,s102
1687799575.701214000,3,rover_s102_4x4_n1_1fps_1sp_bb.json,s102
1687799575.701328000,4,rover_s102_4x4_n1_1fps_1sp_bb.json,s102
1687799575.701407000,5,rover_s102_4x4_n1_1fps_1sp_bb.json,s102
1687799575.701496000,6,rover_s102_4x4_n1_1fps_1sp_bb.json,s102
1687799575.701498000,7,rover_s102_4x4_n1_1fps_1sp_bb.json,s102
1687799575.702683000,8,rover_s102_4x4_n1_1fps_1sp_bb.json,s102
1687799575.702790000,9,rover_s102_4x4_n1_1fps_1sp_bb.json,s102
1687799576.721242000,0,rover_s102_4x4_n1_1fps_1sp_bb.json,s102
1687799576.721459000,1,rover_s102_4x4_n1_1fps_1sp_bb.json,s102
1687799576.722414000,2,rover_s102_4x4_n1_1fps_1sp_bb.json,s102
1687799576.723488000,3,rover_s102_4x4_n1_1fps_1sp_bb.json,s102
1687799576.723573000,4,rover_s102_4x4_n1_1fps_1sp_bb.json,s102
1687799576.723665000,5,rover_s102_4x4_n1_1fps_1sp_bb.json,s102
1687799576.723667000,6,rover_s102_4x4_n1_1fps_1sp_bb.json,s102
1687799576.723796000,7,rover_s102_4x4_n1_1fps_1sp_bb.json,s102
1687799576.723893000,8,rover_s102_4x4_n1_1fps_1sp_bb.json,s102
1687799576.725573000,9,rover_s102_4x4_n1_1fps_1sp_bb.json,s102
1687799576.725575000,10,rover_s102_4x4_n1_1fps_1sp_bb.json,s102
1687799576.725702000,11,rover_s102_4x4_n1_1fps_1sp_bb.json,s102
1687799577.746967000,0,rover_s102_4x4_n1_1fps_1sp_bb.json,s102
1687799577.748010000,1,rover_s102_4x4_n1_1fps_1sp_bb.json,s102
1687799577.748012000,2,rover_s102_4x4_n1_1fps_1sp_bb.json,s102
1687799577.749260000,3,rover_s102_4x4_n1_1fps_1sp_bb.json,s102
1687799577.749354000,4,rover_s102_4x4_n1_1fps_1sp_bb.json,s102
1687799577.749355000,5,rover_s102_4x4_n1_1fps_1sp_bb.json,s102
1687799577.749468000,6,rover_s102_4x4_n1_1fps_1sp_bb.json,s102
1687799578.771977000,0,rover_s102_4x4_n1_1fps_1sp_bb.json,s102
1687799578.772194000,1,rover_s102_4x4_n1_1fps_1sp_bb.json,s102
1687799578.772287000,2,rover_s102_4x4_n1_1fps_1sp_bb.json,s102
1687799578.772845000,3,rover_s102_4x4_n1_1fps_1sp_bb.json,s102
1687799578.772953000,4,rover_s102_4x4_n1_1fps_1sp_bb.json,s102
1687799578.773046000,5,rover_s102_4x4_n1_1fps_1sp_bb.json,s102
1687799578.773141000,6,rover_s102_4x4_n1_1fps_1sp_bb.json,s102
1687799578.774410000,7,rover_s102_4x4_n1_1fps_1sp_bb.json,s102
1687799578.774524000,8,rover_s102_4x4_n1_1fps_1sp_bb.json,s102
1687799578.774616000,9,rover_s102_4x4_n1_1fps_1sp_bb.json,s102
1687799578.776575000,10,rover_s102_4x4_n1_1fps_1sp_bb.json,s102
1687799579.795072000,0,rover_s102_4x4_n1_1fps_1sp_bb.json,s102
1687799579.795280000,1,rover_s102_4x4_n1_1fps_1sp_bb.json,s102
1687799579.795371000,2,rover_s102_4x4_n1_1fps_1sp_bb.json,s102
1687799579.795912000,3,rover_s102_4x4_n1_1fps_1sp_bb.json,s102
1687799579.796024000,4,rover_s102_4x4_n1_1fps_1sp_bb.json,s102
1687799579.796130000,5,rover_s102_4x4_n1_1fps_1sp_bb.json,s102
1687799579.796231000,6,rover_s102_4x4_n1_1fps_1sp_bb.json,s102
1687799580.816889000,0,rover_s102_4x4_n1_1fps_1sp_bb.json,s102
1687799580.817091000,1,rover_s102_4x4_n1_1fps_1sp_bb.json,s102
1687799580.817766000,2,rover_s102_4x4_n1_1fps_1sp_bb.json,s102
1687799580.817767000,3,rover_s102_4x4_n1_1fps_1sp_bb.json,s102
1687799580.817889000,4,rover_s102_4x4_n1_1fps_1sp_bb.json,s102
1687799580.817991000,5,rover_s102_4x4_n1_1fps_1sp_bb.json,s102
1687799580.818093000,6,rover_s102_4x4_n1_1fps_1sp_bb.json,s102
1687799580.819503000,7,rover_s102_4x4_n1_1fps_1sp_bb.json,s102
1687799580.819504000,8,rover_s102_4x4_n1_1fps_1sp_bb.json,s102
1687799580.819655000,9,rover_s102_4x4_n1_1fps_1sp_bb.json,s102
1687799580.819754000,10,rover_s102_4x4_n1_1fps_1sp_bb.json,s102
1687799580.819857000,11,rover_s102_4x4_n1_1fps_1sp_bb.json,s102
1687799580.820809000,12,rover_s102_4x4_n1_1fps_1sp_bb.json,s102
1687799580.820924000,13,rover_s102_4x4_n1_1fps_1sp_bb.json,s102
1687799580.821652000,14,rover_s102_4x4_n1_1fps_1sp_bb.json,s102
1687799581.845052000,0,rover_s102_4x4_n1_1fps_1sp_bb.json,s102
1687799581.845258000,1,rover_s102_4x4_n1_1fps_1sp_bb.json,s102
1687799581.845351000,2,rover_s102_4x4_n1_1fps_1sp_bb.json,s102
1687799581.846851000,3,rover_s102_4x4_n1_1fps_1sp_bb.json,s102
1687799581.846852000,4,rover_s102_4x4_n1_1fps_1sp_bb.json,s102
1687799581.846979000,5,rover_s102_4x4_n1_1fps_1sp_bb.json,s102
1687799581.847105000,6,rover_s102_4x4_n1_1fps_1sp_bb.json,s102
1687799581.847225000,7,rover_s102_4x4_n1_1fps_1sp_bb.json,s102
1687799581.847309000,8,rover_s102_4x4_n1_1fps_1sp_bb.json,s102
1687799581.847881000,9,rover_s102_4x4_n1_1fps_1sp_bb.json,s102
1687799581.847984000,10,rover_s102_4x4_n1_1fps_1sp_bb.json,s102
1687799582.875091000,0,rover_s102_4x4_n1_1fps_1sp_bb.json,s102
1687799582.875320000,1,rover_s102_4x4_n1_1fps_1sp_bb.json,s102
1687799582.875578000,2,rover_s102_4x4_n1_1fps_1sp_bb.json,s102
1687799582.875667000,3,rover_s102_4x4_n1_1fps_1sp_bb.json,s102
1687799582.876594000,4,rover_s102_4x4_n1_1fps_1sp_bb.json,s102
1687799582.876700000,5,rover_s102_4x4_n1_1fps_1sp_bb.json,s102
1687799582.876702000,6,rover_s102_4x4_n1_1fps_1sp_bb.json,s102
1687799582.877439000,7,rover_s102_4x4_n1_1fps_1sp_bb.json,s102
1687799582.877441000,8,rover_s102_4x4_n1_1fps_1sp_bb.json,s102
1687799582.877573000,9,rover_s102_4x4_n1_1fps_1sp_bb.json,s102
1687799582.877671000,10,rover_s102_4x4_n1_1fps_1sp_bb.json,s102
1687799582.878391000,11,rover_s102_4x4_n1_1fps_1sp_bb.json,s102
1687799582.878496000,12,rover_s102_4x4_n1_1fps_1sp_bb.json,s102
1687799582.878599000,13,rover_s102_4x4_n1_1fps_1sp_bb.json,s102
1687799582.879270000,14,rover_s102_4x4_n1_1fps_1sp_bb.json,s102
1687799582.879371000,15,rover_s102_4x4_n1_1fps_1sp_bb.json,s102
1687799582.879460000,16,rover_s102_4x4_n1_1fps_1sp_bb.json,s102
1687799582.880616000,17,rover_s102_4x4_n1_1fps_1sp_bb.json,s102
1687799582.880725000,18,rover_s102_4x4_n1_1fps_1sp_bb.json,s102
1687799583.900915000,0,rover_s102_4x4_n1_1fps_1sp_bb.json,s102
1687799583.901119000,1,rover_s102_4x4_n1_1fps_1sp_bb.json,s102
1687799583.901212000,2,rover_s102_4x4_n1_1fps_1sp_bb.json,s102
1687799583.901316000,3,rover_s102_4x4_n1_1fps_1sp_bb.json,s102
1687799583.902279000,4,rover_s102_4x4_n1_1fps_1sp_bb.json,s102
1687799583.902281000,5,rover_s102_4x4_n1_1fps_1sp_bb.json,s102
1687799583.902421000,6,rover_s102_4x4_n1_1fps_1sp_bb.json,s102
1687799583.902947000,7,rover_s102_4x4_n1_1fps_1sp_bb.json,s102
1687799583.904047000,8,rover_s102_4x4_n1_1fps_1sp_bb.json,s102
1687799583.904150000,9,rover_s102_4x4_n1_1fps_1sp_bb.json,s102
1687799583.904152000,10,rover_s102_4x4_n1_1fps_1sp_bb.json,s102
1687799583.904271000,11,rover_s102_4x4_n1_1fps_1sp_bb.json,s102
1687799583.904958000,12,rover_s102_4x4_n1_1fps_1sp_bb.json,s102
1687799584.926979000,0,rover_s102_4x4_n1_1fps_1sp_bb.json,s102
1687799584.927179000,1,rover_s102_4x4_n1_1fps_1sp_bb.json,s102
1687799584.927296000,2,rover_s102_4x4_n1_1fps_1sp_bb.json,s102
1687799584.927410000,3,rover_s102_4x4_n1_1fps_1sp_bb.json,s102
1687799584.928162000,4,rover_s102_4x4_n1_1fps_1sp_bb.json,s102
1687799584.928261000,5,rover_s102_4x4_n1_1fps_1sp_bb.json,s102
1687799584.928263000,6,rover_s102_4x4_n1_1fps_1sp_bb.json,s102
1687799584.929050000,7,rover_s102_4x4_n1_1fps_1sp_bb.json,s102
1687799584.929158000,8,rover_s102_4x4_n1_1fps_1sp_bb.json,s102
1687799584.930196000,9,rover_s102_4x4_n1_1fps_1sp_bb.json,s102
1687799584.930197000,10,rover_s102_4x4_n1_1fps_1sp_bb.json,s102
1687799585.949836000,0,rover_s102_4x4_n1_1fps_1sp_bb.json,s102
1687799585.950039000,1,rover_s102_4x4_n1_1fps_1sp_bb.json,s102
1687799585.950140000,2,rover_s102_4x4_n1_1fps_1sp_bb.json,s102
1687799585.951975000,3,rover_s102_4x4_n1_1fps_1sp_bb.json,s102
1687799585.951977000,4,rover_s102_4x4_n1_1fps_1sp_bb.json,s102
1687799585.952096000,5,rover_s102_4x4_n1_1fps_1sp_bb.json,s102
1687799585.952188000,6,rover_s102_4x4_n1_1fps_1sp_bb.json,s102
1687799585.952275000,7,rover_s102_4x4_n1_1fps_1sp_bb.json,s102
1687799585.952277000,8,rover_s102_4x4_n1_1fps_1sp_bb.json,s102
1687799585.953784000,9,rover_s102_4x4_n1_1fps_1sp_bb.json,s102
1687799585.953896000,10,rover_s102_4x4_n1_1fps_1sp_bb.json,s102
1687799585.953986000,11,rover_s102_4x4_n1_1fps_1sp_bb.json,s102
1687799585.953988000,12,rover_s102_4x4_n1_1fps_1sp_bb.json,s102
1687799585.954158000,13,rover_s102_4x4_n1_1fps_1sp_bb.json,s102
1687799586.977009000,0,rover_s102_4x4_n1_1fps_1sp_bb.json,s102
1687799586.977215000,1,rover_s102_4x4_n1_1fps_1sp_bb.json,s102
1687799586.977319000,2,rover_s102_4x4_n1_1fps_1sp_bb.json,s102
1687799586.977800000,3,rover_s102_4x4_n1_1fps_1sp_bb.json,s102
1687799586.977897000,4,rover_s102_4x4_n1_1fps_1sp_bb.json,s102
1687799586.977898000,5,rover_s102_4x4_n1_1fps_1sp_bb.json,s102
1687799586.978025000,6,rover_s102_4x4_n1_1fps_1sp_bb.json,s102
1687799586.980285000,7,rover_s102_4x4_n1_1fps_1sp_bb.json,s102
1687799586.981849000,8,rover_s102_4x4_n1_1fps_1sp_bb.json,s102
1687799586.982798000,9,rover_s102_4x4_n1_1fps_1sp_bb.json,s102
1687799588.006363000,0,rover_s102_4x4_n1_1fps_1sp_bb.json,s102
1687799588.006572000,1,rover_s102_4x4_n1_1fps_1sp_bb.json,s102
1687799588.007110000,2,rover_s102_4x4_n1_1fps_1sp_bb.json,s102
1687799588.007211000,3,rover_s102_4x4_n1_1fps_1sp_bb.json,s102
1687799588.007304000,4,rover_s102_4x4_n1_1fps_1sp_bb.json,s102
1687799588.008777000,5,rover_s102_4x4_n1_1fps_1sp_bb.json,s102
1687799588.008889000,6,rover_s102_4x4_n1_1fps_1sp_bb.json,s102
1687799588.009014000,7,rover_s102_4x4_n1_1fps_1sp_bb.json,s102
1687799588.009143000,8,rover_s102_4x4_n1_1fps_1sp_bb.json,s102
1687799588.009144000,9,rover_s102_4x4_n1_1fps_1sp_bb.json,s102
1687799588.010364000,10,rover_s102_4x4_n1_1fps_1sp_bb.json,s102
1687799588.010568000,11,rover_s102_4x4_n1_1fps_1sp_bb.json,s102
1687799589.032531000,0,rover_s102_4x4_n1_1fps_1sp_bb.json,s102
1687799589.032751000,1,rover_s102_4x4_n1_1fps_1sp_bb.json,s102
1687799589.033272000,2,rover_s102_4x4_n1_1fps_1sp_bb.json,s102
1687799589.033378000,3,rover_s102_4x4_n1_1fps_1sp_bb.json,s102
1687799589.033478000,4,rover_s102_4x4_n1_1fps_1sp_bb.json,s102
1687799589.033986000,5,rover_s102_4x4_n1_1fps_1sp_bb.json,s102
1687799589.034113000,6,rover_s102_4x4_n1_1fps_1sp_bb.json,s102
1687799589.035045000,7,rover_s102_4x4_n1_1fps_1sp_bb.json,s102
1687799589.035172000,8,rover_s102_4x4_n1_1fps_1sp_bb.json,s102
1687799589.035174000,9,rover_s102_4x4_n1_1fps_1sp_bb.json,s102
1687799590.060926000,0,rover_s102_4x4_n1_1fps_1sp_bb.json,s102
1687799590.061135000,1,rover_s102_4x4_n1_1fps_1sp_bb.json,s102
1687799590.061541000,2,rover_s102_4x4_n1_1fps_1sp_bb.json,s102
1687799590.061654000,3,rover_s102_4x4_n1_1fps_1sp_bb.json,s102
1687799590.061989000,4,rover_s102_4x4_n1_1fps_1sp_bb.json,s102
1687799590.062086000,5,rover_s102_4x4_n1_1fps_1sp_bb.json,s102
1687799590.062688000,6,rover_s102_4x4_n1_1fps_1sp_bb.json,s102
1687799590.062796000,7,rover_s102_4x4_n1_1fps_1sp_bb.json,s102
1687799590.063547000,8,rover_s102_4x4_n1_1fps_1sp_bb.json,s102
1687799590.063662000,9,rover_s102_4x4_n1_1fps_1sp_bb.json,s102
1687799591.086255000,0,rover_s102_4x4_n1_1fps_1sp_bb.json,s102
1687799591.086480000,1,rover_s102_4x4_n1_1fps_1sp_bb.json,s102
1687799591.086982000,2,rover_s102_4x4_n1_1fps_1sp_bb.json,s102
1687799591.087083000,3,rover_s102_4x4_n1_1fps_1sp_bb.json,s102
1687799591.087085000,4,rover_s102_4x4_n1_1fps_1sp_bb.json,s102
1687799591.087560000,5,rover_s102_4x4_n1_1fps_1sp_bb.json,s102
1687799591.087670000,6,rover_s102_4x4_n1_1fps_1sp_bb.json,s102
1687799591.088055000,7,rover_s102_4x4_n1_1fps_1sp_bb.json,s102
1687799592.107852000,0,rover_s102_4x4_n1_1fps_1sp_bb.json,s102
1687799592.108061000,1,rover_s102_4x4_n1_1fps_1sp_bb.json,s102
1687799592.108147000,2,rover_s102_4x4_n1_1fps_1sp_bb.json,s102
1687799592.108658000,3,rover_s102_4x4_n1_1fps_1sp_bb.json,s102
1687799592.108761000,4,rover_s102_4x4_n1_1fps_1sp_bb.json,s102
1687799592.108877000,5,rover_s102_4x4_n1_1fps_1sp_bb.json,s102
1687799592.109530000,6,rover_s102_4x4_n1_1fps_1sp_bb.json,s102
1687799592.109630000,7,rover_s102_4x4_n1_1fps_1sp_bb.json,s102
1687799592.109631000,8,rover_s102_4x4_n1_1fps_1sp_bb.json,s102
1687799592.110435000,9,rover_s102_4x4_n1_1fps_1sp_bb.json,s102
1687799592.110611000,10,rover_s102_4x4_n1_1fps_1sp_bb.json,s102
1687799593.128669000,0,rover_s102_4x4_n1_1fps_1sp_bb.json,s102
1687799593.128897000,1,rover_s102_4x4_n1_1fps_1sp_bb.json,s102
1687799593.128998000,2,rover_s102_4x4_n1_1fps_1sp_bb.json,s102
1687799593.129326000,3,rover_s102_4x4_n1_1fps_1sp_bb.json,s102
1687799593.129419000,4,rover_s102_4x4_n1_1fps_1sp_bb.json,s102
1687799593.129512000,5,rover_s102_4x4_n1_1fps_1sp_bb.json,s102
1687799593.129603000,6,rover_s102_4x4_n1_1fps_1sp_bb.json,s102
1687799593.130219000,7,rover_s102_4x4_n1_1fps_1sp_bb.json,s102
1687799593.130330000,8,rover_s102_4x4_n1_1fps_1sp_bb.json,s102
1687799593.130677000,9,rover_s102_4x4_n1_1fps_1sp_bb.json,s102
1687799593.130772000,10,rover_s102_4x4_n1_1fps_1sp_bb.json,s102
1687799594.150110000,0,rover_s102_4x4_n1_1fps_1sp_bb.json,s102
1687799594.150319000,1,rover_s102_4x4_n1_1fps_1sp_bb.json,s102
1687799594.150411000,2,rover_s102_4x4_n1_1fps_1sp_bb.json,s102
1687799594.150888000,3,rover_s102_4x4_n1_1fps_1sp_bb.json,s102
1687799594.150985000,4,rover_s102_4x4_n1_1fps_1sp_bb.json,s102
1687799594.151096000,5,rover_s102_4x4_n1_1fps_1sp_bb.json,s102
1687799594.151204000,6,rover_s102_4x4_n1_1fps_1sp_bb.json,s102
