Timestamp,Packet,Scenario,Type
1687252281.679354000,0,rover_ap_2x2_n1_1fp_1sp_aldrich.json,ap
1687252281.679869000,1,rover_ap_2x2_n1_1fp_1sp_aldrich.json,ap
1687252281.680362000,2,rover_ap_2x2_n1_1fp_1sp_aldrich.json,ap
1687252281.680845000,3,rover_ap_2x2_n1_1fp_1sp_aldrich.json,ap
1687252281.681339000,4,rover_ap_2x2_n1_1fp_1sp_aldrich.json,ap
1687252281.681909000,5,rover_ap_2x2_n1_1fp_1sp_aldrich.json,ap
1687252281.682410000,6,rover_ap_2x2_n1_1fp_1sp_aldrich.json,ap
1687252281.682892000,7,rover_ap_2x2_n1_1fp_1sp_aldrich.json,ap
1687252281.683385000,8,rover_ap_2x2_n1_1fp_1sp_aldrich.json,ap
1687252281.683859000,9,rover_ap_2x2_n1_1fp_1sp_aldrich.json,ap
1687252282.708775000,0,rover_ap_2x2_n1_1fp_1sp_aldrich.json,ap
1687252282.709109000,1,rover_ap_2x2_n1_1fp_1sp_aldrich.json,ap
1687252282.709432000,2,rover_ap_2x2_n1_1fp_1sp_aldrich.json,ap
1687252282.709754000,3,rover_ap_2x2_n1_1fp_1sp_aldrich.json,ap
1687252282.710087000,4,rover_ap_2x2_n1_1fp_1sp_aldrich.json,ap
1687252282.710414000,5,rover_ap_2x2_n1_1fp_1sp_aldrich.json,ap
1687252282.710745000,6,rover_ap_2x2_n1_1fp_1sp_aldrich.json,ap
1687252282.711048000,7,rover_ap_2x2_n1_1fp_1sp_aldrich.json,ap
1687252282.711362000,8,rover_ap_2x2_n1_1fp_1sp_aldrich.json,ap
1687252282.711921000,9,rover_ap_2x2_n1_1fp_1sp_aldrich.json,ap
1687252282.713018000,10,rover_ap_2x2_n1_1fp_1sp_aldrich.json,ap
1687252282.713344000,11,rover_ap_2x2_n1_1fp_1sp_aldrich.json,ap
1687252283.737636000,0,rover_ap_2x2_n1_1fp_1sp_aldrich.json,ap
1687252283.738003000,1,rover_ap_2x2_n1_1fp_1sp_aldrich.json,ap
1687252283.738313000,2,rover_ap_2x2_n1_1fp_1sp_aldrich.json,ap
1687252283.738677000,3,rover_ap_2x2_n1_1fp_1sp_aldrich.json,ap
1687252283.739036000,4,rover_ap_2x2_n1_1fp_1sp_aldrich.json,ap
1687252283.739351000,5,rover_ap_2x2_n1_1fp_1sp_aldrich.json,ap
1687252283.739649000,6,rover_ap_2x2_n1_1fp_1sp_aldrich.json,ap
1687252283.740090000,7,rover_ap_2x2_n1_1fp_1sp_aldrich.json,ap
1687252283.740514000,8,rover_ap_2x2_n1_1fp_1sp_aldrich.json,ap
1687252283.740819000,9,rover_ap_2x2_n1_1fp_1sp_aldrich.json,ap
1687252284.760174000,0,rover_ap_2x2_n1_1fp_1sp_aldrich.json,ap
1687252284.760452000,1,rover_ap_2x2_n1_1fp_1sp_aldrich.json,ap
1687252284.760713000,2,rover_ap_2x2_n1_1fp_1sp_aldrich.json,ap
1687252284.760982000,3,rover_ap_2x2_n1_1fp_1sp_aldrich.json,ap
1687252284.761256000,4,rover_ap_2x2_n1_1fp_1sp_aldrich.json,ap
1687252284.761670000,5,rover_ap_2x2_n1_1fp_1sp_aldrich.json,ap
1687252284.761951000,6,rover_ap_2x2_n1_1fp_1sp_aldrich.json,ap
1687252284.762212000,7,rover_ap_2x2_n1_1fp_1sp_aldrich.json,ap
1687252284.762616000,8,rover_ap_2x2_n1_1fp_1sp_aldrich.json,ap
1687252284.762888000,9,rover_ap_2x2_n1_1fp_1sp_aldrich.json,ap
1687252284.764023000,10,rover_ap_2x2_n1_1fp_1sp_aldrich.json,ap
1687252285.782861000,0,rover_ap_2x2_n1_1fp_1sp_aldrich.json,ap
1687252285.783218000,1,rover_ap_2x2_n1_1fp_1sp_aldrich.json,ap
1687252285.783532000,2,rover_ap_2x2_n1_1fp_1sp_aldrich.json,ap
1687252285.783887000,3,rover_ap_2x2_n1_1fp_1sp_aldrich.json,ap
1687252285.784261000,4,rover_ap_2x2_n1_1fp_1sp_aldrich.json,ap
1687252285.784566000,5,rover_ap_2x2_n1_1fp_1sp_aldrich.json,ap
1687252285.784876000,6,rover_ap_2x2_n1_1fp_1sp_aldrich.json,ap
1687252285.785371000,7,rover_ap_2x2_n1_1fp_1sp_aldrich.json,ap
1687252285.785671000,8,rover_ap_2x2_n1_1fp_1sp_aldrich.json,ap
1687252285.785967000,9,rover_ap_2x2_n1_1fp_1sp_aldrich.json,ap
1687252285.786420000,10,rover_ap_2x2_n1_1fp_1sp_aldrich.json,ap
1687252285.786712000,11,rover_ap_2x2_n1_1fp_1sp_aldrich.json,ap
1687252286.806867000,0,rover_ap_2x2_n1_1fp_1sp_aldrich.json,ap
1687252286.807275000,1,rover_ap_2x2_n1_1fp_1sp_aldrich.json,ap
1687252286.807587000,2,rover_ap_2x2_n1_1fp_1sp_aldrich.json,ap
1687252286.807948000,3,rover_ap_2x2_n1_1fp_1sp_aldrich.json,ap
1687252286.808298000,4,rover_ap_2x2_n1_1fp_1sp_aldrich.json,ap
1687252286.808670000,5,rover_ap_2x2_n1_1fp_1sp_aldrich.json,ap
1687252286.809030000,6,rover_ap_2x2_n1_1fp_1sp_aldrich.json,ap
1687252287.829083000,0,rover_ap_2x2_n1_1fp_1sp_aldrich.json,ap
1687252287.829356000,1,rover_ap_2x2_n1_1fp_1sp_aldrich.json,ap
1687252287.829633000,2,rover_ap_2x2_n1_1fp_1sp_aldrich.json,ap
1687252287.830157000,3,rover_ap_2x2_n1_1fp_1sp_aldrich.json,ap
1687252287.830512000,4,rover_ap_2x2_n1_1fp_1sp_aldrich.json,ap
1687252287.830884000,5,rover_ap_2x2_n1_1fp_1sp_aldrich.json,ap
1687252287.831261000,6,rover_ap_2x2_n1_1fp_1sp_aldrich.json,ap
1687252287.831684000,7,rover_ap_2x2_n1_1fp_1sp_aldrich.json,ap
1687252288.857042000,0,rover_ap_2x2_n1_1fp_1sp_aldrich.json,ap
1687252288.857324000,1,rover_ap_2x2_n1_1fp_1sp_aldrich.json,ap
1687252288.857594000,2,rover_ap_2x2_n1_1fp_1sp_aldrich.json,ap
1687252288.857877000,3,rover_ap_2x2_n1_1fp_1sp_aldrich.json,ap
1687252288.858206000,4,rover_ap_2x2_n1_1fp_1sp_aldrich.json,ap
1687252288.858515000,5,rover_ap_2x2_n1_1fp_1sp_aldrich.json,ap
1687252288.858852000,6,rover_ap_2x2_n1_1fp_1sp_aldrich.json,ap
1687252288.859185000,7,rover_ap_2x2_n1_1fp_1sp_aldrich.json,ap
1687252288.859672000,8,rover_ap_2x2_n1_1fp_1sp_aldrich.json,ap
1687252288.861556000,9,rover_ap_2x2_n1_1fp_1sp_aldrich.json,ap
1687252288.861859000,10,rover_ap_2x2_n1_1fp_1sp_aldrich.json,ap
1687252289.881091000,0,rover_ap_2x2_n1_1fp_1sp_aldrich.json,ap
1687252289.881432000,1,rover_ap_2x2_n1_1fp_1sp_aldrich.json,ap
1687252289.881815000,2,rover_ap_2x2_n1_1fp_1sp_aldrich.json,ap
1687252289.882164000,3,rover_ap_2x2_n1_1fp_1sp_aldrich.json,ap
1687252289.882526000,4,rover_ap_2x2_n1_1fp_1sp_aldrich.json,ap
1687252289.882842000,5,rover_ap_2x2_n1_1fp_1sp_aldrich.json,ap
1687252289.883249000,6,rover_ap_2x2_n1_1fp_1sp_aldrich.json,ap
1687252289.883864000,7,rover_ap_2x2_n1_1fp_1sp_aldrich.json,ap
1687252290.910044000,0,rover_ap_2x2_n1_1fp_1sp_aldrich.json,ap
1687252290.910325000,1,rover_ap_2x2_n1_1fp_1sp_aldrich.json,ap
1687252290.910608000,2,rover_ap_2x2_n1_1fp_1sp_aldrich.json,ap
1687252290.910873000,3,rover_ap_2x2_n1_1fp_1sp_aldrich.json,ap
1687252290.911151000,4,rover_ap_2x2_n1_1fp_1sp_aldrich.json,ap
1687252290.911425000,5,rover_ap_2x2_n1_1fp_1sp_aldrich.json,ap
1687252290.911778000,6,rover_ap_2x2_n1_1fp_1sp_aldrich.json,ap
1687252290.912052000,7,rover_ap_2x2_n1_1fp_1sp_aldrich.json,ap
1687252290.912474000,8,rover_ap_2x2_n1_1fp_1sp_aldrich.json,ap
1687252290.913640000,9,rover_ap_2x2_n1_1fp_1sp_aldrich.json,ap
1687252291.934014000,0,rover_ap_2x2_n1_1fp_1sp_aldrich.json,ap
1687252291.934312000,1,rover_ap_2x2_n1_1fp_1sp_aldrich.json,ap
1687252291.934616000,2,rover_ap_2x2_n1_1fp_1sp_aldrich.json,ap
1687252291.934972000,3,rover_ap_2x2_n1_1fp_1sp_aldrich.json,ap
1687252291.935274000,4,rover_ap_2x2_n1_1fp_1sp_aldrich.json,ap
1687252291.935679000,5,rover_ap_2x2_n1_1fp_1sp_aldrich.json,ap
1687252291.935982000,6,rover_ap_2x2_n1_1fp_1sp_aldrich.json,ap
1687252291.936386000,7,rover_ap_2x2_n1_1fp_1sp_aldrich.json,ap
1687252291.936684000,8,rover_ap_2x2_n1_1fp_1sp_aldrich.json,ap
1687252291.937055000,9,rover_ap_2x2_n1_1fp_1sp_aldrich.json,ap
1687252291.937352000,10,rover_ap_2x2_n1_1fp_1sp_aldrich.json,ap
1687252291.937758000,11,rover_ap_2x2_n1_1fp_1sp_aldrich.json,ap
1687252291.938047000,12,rover_ap_2x2_n1_1fp_1sp_aldrich.json,ap
1687252291.938515000,13,rover_ap_2x2_n1_1fp_1sp_aldrich.json,ap
1687252291.938891000,14,rover_ap_2x2_n1_1fp_1sp_aldrich.json,ap
1687252291.939245000,15,rover_ap_2x2_n1_1fp_1sp_aldrich.json,ap
1687252291.939617000,16,rover_ap_2x2_n1_1fp_1sp_aldrich.json,ap
1687252291.939925000,17,rover_ap_2x2_n1_1fp_1sp_aldrich.json,ap
1687252291.940361000,18,rover_ap_2x2_n1_1fp_1sp_aldrich.json,ap
1687252292.963116000,0,rover_ap_2x2_n1_1fp_1sp_aldrich.json,ap
1687252292.963398000,1,rover_ap_2x2_n1_1fp_1sp_aldrich.json,ap
1687252292.963678000,2,rover_ap_2x2_n1_1fp_1sp_aldrich.json,ap
1687252292.963936000,3,rover_ap_2x2_n1_1fp_1sp_aldrich.json,ap
1687252292.964342000,4,rover_ap_2x2_n1_1fp_1sp_aldrich.json,ap
1687252292.964621000,5,rover_ap_2x2_n1_1fp_1sp_aldrich.json,ap
1687252292.964937000,6,rover_ap_2x2_n1_1fp_1sp_aldrich.json,ap
1687252292.965249000,7,rover_ap_2x2_n1_1fp_1sp_aldrich.json,ap
1687252292.965769000,8,rover_ap_2x2_n1_1fp_1sp_aldrich.json,ap
1687252293.987394000,0,rover_ap_2x2_n1_1fp_1sp_aldrich.json,ap
1687252293.987672000,1,rover_ap_2x2_n1_1fp_1sp_aldrich.json,ap
1687252293.987942000,2,rover_ap_2x2_n1_1fp_1sp_aldrich.json,ap
1687252293.988303000,3,rover_ap_2x2_n1_1fp_1sp_aldrich.json,ap
1687252293.988577000,4,rover_ap_2x2_n1_1fp_1sp_aldrich.json,ap
1687252293.988964000,5,rover_ap_2x2_n1_1fp_1sp_aldrich.json,ap
1687252295.016376000,0,rover_ap_2x2_n1_1fp_1sp_aldrich.json,ap
1687252295.016908000,1,rover_ap_2x2_n1_1fp_1sp_aldrich.json,ap
1687252295.017409000,2,rover_ap_2x2_n1_1fp_1sp_aldrich.json,ap
1687252295.017734000,3,rover_ap_2x2_n1_1fp_1sp_aldrich.json,ap
1687252295.018093000,4,rover_ap_2x2_n1_1fp_1sp_aldrich.json,ap
1687252295.018464000,5,rover_ap_2x2_n1_1fp_1sp_aldrich.json,ap
1687252295.018800000,6,rover_ap_2x2_n1_1fp_1sp_aldrich.json,ap
1687252295.019220000,7,rover_ap_2x2_n1_1fp_1sp_aldrich.json,ap
1687252296.042746000,0,rover_ap_2x2_n1_1fp_1sp_aldrich.json,ap
1687252296.043026000,1,rover_ap_2x2_n1_1fp_1sp_aldrich.json,ap
1687252296.043353000,2,rover_ap_2x2_n1_1fp_1sp_aldrich.json,ap
1687252296.043669000,3,rover_ap_2x2_n1_1fp_1sp_aldrich.json,ap
1687252296.043940000,4,rover_ap_2x2_n1_1fp_1sp_aldrich.json,ap
1687252296.044220000,5,rover_ap_2x2_n1_1fp_1sp_aldrich.json,ap
1687252296.044528000,6,rover_ap_2x2_n1_1fp_1sp_aldrich.json,ap
1687252297.067450000,0,rover_ap_2x2_n1_1fp_1sp_aldrich.json,ap
1687252297.067718000,1,rover_ap_2x2_n1_1fp_1sp_aldrich.json,ap
1687252297.067980000,2,rover_ap_2x2_n1_1fp_1sp_aldrich.json,ap
1687252297.068251000,3,rover_ap_2x2_n1_1fp_1sp_aldrich.json,ap
1687252297.068524000,4,rover_ap_2x2_n1_1fp_1sp_aldrich.json,ap
1687252297.068795000,5,rover_ap_2x2_n1_1fp_1sp_aldrich.json,ap
1687252297.069067000,6,rover_ap_2x2_n1_1fp_1sp_aldrich.json,ap
1687252297.069483000,7,rover_ap_2x2_n1_1fp_1sp_aldrich.json,ap
1687252297.069777000,8,rover_ap_2x2_n1_1fp_1sp_aldrich.json,ap
1687252297.070476000,9,rover_ap_2x2_n1_1fp_1sp_aldrich.json,ap
1687252297.071751000,10,rover_ap_2x2_n1_1fp_1sp_aldrich.json,ap
1687252298.090107000,0,rover_ap_2x2_n1_1fp_1sp_aldrich.json,ap
1687252298.090376000,1,rover_ap_2x2_n1_1fp_1sp_aldrich.json,ap
1687252298.090640000,2,rover_ap_2x2_n1_1fp_1sp_aldrich.json,ap
1687252298.090922000,3,rover_ap_2x2_n1_1fp_1sp_aldrich.json,ap
1687252298.091193000,4,rover_ap_2x2_n1_1fp_1sp_aldrich.json,ap
1687252298.091610000,5,rover_ap_2x2_n1_1fp_1sp_aldrich.json,ap
1687252298.092021000,6,rover_ap_2x2_n1_1fp_1sp_aldrich.json,ap
1687252298.092295000,7,rover_ap_2x2_n1_1fp_1sp_aldrich.json,ap
1687252298.092563000,8,rover_ap_2x2_n1_1fp_1sp_aldrich.json,ap
1687252298.092830000,9,rover_ap_2x2_n1_1fp_1sp_aldrich.json,ap
1687252298.093103000,10,rover_ap_2x2_n1_1fp_1sp_aldrich.json,ap
1687252298.093365000,11,rover_ap_2x2_n1_1fp_1sp_aldrich.json,ap
1687252298.093637000,12,rover_ap_2x2_n1_1fp_1sp_aldrich.json,ap
1687252298.096449000,13,rover_ap_2x2_n1_1fp_1sp_aldrich.json,ap
1687252298.096805000,14,rover_ap_2x2_n1_1fp_1sp_aldrich.json,ap
1687252298.097282000,15,rover_ap_2x2_n1_1fp_1sp_aldrich.json,ap
1687252299.145660000,0,rover_ap_2x2_n1_1fp_1sp_aldrich.json,ap
1687252299.145929000,1,rover_ap_2x2_n1_1fp_1sp_aldrich.json,ap
1687252299.146196000,2,rover_ap_2x2_n1_1fp_1sp_aldrich.json,ap
1687252299.146508000,3,rover_ap_2x2_n1_1fp_1sp_aldrich.json,ap
1687252299.146829000,4,rover_ap_2x2_n1_1fp_1sp_aldrich.json,ap
1687252299.147346000,5,rover_ap_2x2_n1_1fp_1sp_aldrich.json,ap
1687252299.147817000,6,rover_ap_2x2_n1_1fp_1sp_aldrich.json,ap
1687252299.148147000,7,rover_ap_2x2_n1_1fp_1sp_aldrich.json,ap
1687252299.148645000,8,rover_ap_2x2_n1_1fp_1sp_aldrich.json,ap
1687252299.148918000,9,rover_ap_2x2_n1_1fp_1sp_aldrich.json,ap
1687252300.190650000,0,rover_ap_2x2_n1_1fp_1sp_aldrich.json,ap
1687252300.190934000,1,rover_ap_2x2_n1_1fp_1sp_aldrich.json,ap
1687252300.191209000,2,rover_ap_2x2_n1_1fp_1sp_aldrich.json,ap
1687252300.191586000,3,rover_ap_2x2_n1_1fp_1sp_aldrich.json,ap
1687252300.191869000,4,rover_ap_2x2_n1_1fp_1sp_aldrich.json,ap
1687252300.192142000,5,rover_ap_2x2_n1_1fp_1sp_aldrich.json,ap
1687252300.192420000,6,rover_ap_2x2_n1_1fp_1sp_aldrich.json,ap
1687252300.192687000,7,rover_ap_2x2_n1_1fp_1sp_aldrich.json,ap
1687252300.193105000,8,rover_ap_2x2_n1_1fp_1sp_aldrich.json,ap
1687252300.193376000,9,rover_ap_2x2_n1_1fp_1sp_aldrich.json,ap
1687252300.193640000,10,rover_ap_2x2_n1_1fp_1sp_aldrich.json,ap
1687252300.193915000,11,rover_ap_2x2_n1_1fp_1sp_aldrich.json,ap
1687252300.194196000,12,rover_ap_2x2_n1_1fp_1sp_aldrich.json,ap
1687252300.194469000,13,rover_ap_2x2_n1_1fp_1sp_aldrich.json,ap
1687252300.194746000,14,rover_ap_2x2_n1_1fp_1sp_aldrich.json,ap
1687252300.195021000,15,rover_ap_2x2_n1_1fp_1sp_aldrich.json,ap
1687252300.195468000,16,rover_ap_2x2_n1_1fp_1sp_aldrich.json,ap
1687252300.195774000,17,rover_ap_2x2_n1_1fp_1sp_aldrich.json,ap
1687252300.196071000,18,rover_ap_2x2_n1_1fp_1sp_aldrich.json,ap
1687252300.196354000,19,rover_ap_2x2_n1_1fp_1sp_aldrich.json,ap
1687252300.196657000,20,rover_ap_2x2_n1_1fp_1sp_aldrich.json,ap
1687252300.196964000,21,rover_ap_2x2_n1_1fp_1sp_aldrich.json,ap
1687252300.197597000,22,rover_ap_2x2_n1_1fp_1sp_aldrich.json,ap
1687252300.197891000,23,rover_ap_2x2_n1_1fp_1sp_aldrich.json,ap
1687252300.198164000,24,rover_ap_2x2_n1_1fp_1sp_aldrich.json,ap
1687252300.198521000,25,rover_ap_2x2_n1_1fp_1sp_aldrich.json,ap
1687252300.198801000,26,rover_ap_2x2_n1_1fp_1sp_aldrich.json,ap
1687252300.199067000,27,rover_ap_2x2_n1_1fp_1sp_aldrich.json,ap
1687252300.199325000,28,rover_ap_2x2_n1_1fp_1sp_aldrich.json,ap
1687252300.199607000,29,rover_ap_2x2_n1_1fp_1sp_aldrich.json,ap
1687252301.224126000,0,rover_ap_2x2_n1_1fp_1sp_aldrich.json,ap
1687252301.224403000,1,rover_ap_2x2_n1_1fp_1sp_aldrich.json,ap
1687252301.224681000,2,rover_ap_2x2_n1_1fp_1sp_aldrich.json,ap
1687252301.224954000,3,rover_ap_2x2_n1_1fp_1sp_aldrich.json,ap
1687252301.225223000,4,rover_ap_2x2_n1_1fp_1sp_aldrich.json,ap
1687252301.225495000,5,rover_ap_2x2_n1_1fp_1sp_aldrich.json,ap
1687252301.225762000,6,rover_ap_2x2_n1_1fp_1sp_aldrich.json,ap
1687252301.226028000,7,rover_ap_2x2_n1_1fp_1sp_aldrich.json,ap
1687252301.226449000,8,rover_ap_2x2_n1_1fp_1sp_aldrich.json,ap
1687252302.254800000,0,rover_ap_2x2_n1_1fp_1sp_aldrich.json,ap
1687252302.255077000,1,rover_ap_2x2_n1_1fp_1sp_aldrich.json,ap
1687252302.255419000,2,rover_ap_2x2_n1_1fp_1sp_aldrich.json,ap
1687252302.255756000,3,rover_ap_2x2_n1_1fp_1sp_aldrich.json,ap
1687252302.256037000,4,rover_ap_2x2_n1_1fp_1sp_aldrich.json,ap
1687252302.256425000,5,rover_ap_2x2_n1_1fp_1sp_aldrich.json,ap
1687252302.256703000,6,rover_ap_2x2_n1_1fp_1sp_aldrich.json,ap
1687252302.257160000,7,rover_ap_2x2_n1_1fp_1sp_aldrich.json,ap
1687252303.279314000,0,rover_ap_2x2_n1_1fp_1sp_aldrich.json,ap
1687252303.279578000,1,rover_ap_2x2_n1_1fp_1sp_aldrich.json,ap
1687252303.279841000,2,rover_ap_2x2_n1_1fp_1sp_aldrich.json,ap
1687252303.280105000,3,rover_ap_2x2_n1_1fp_1sp_aldrich.json,ap
1687252303.280376000,4,rover_ap_2x2_n1_1fp_1sp_aldrich.json,ap
1687252303.280649000,5,rover_ap_2x2_n1_1fp_1sp_aldrich.json,ap
1687252303.280924000,6,rover_ap_2x2_n1_1fp_1sp_aldrich.json,ap
1687252303.281199000,7,rover_ap_2x2_n1_1fp_1sp_aldrich.json,ap
1687252303.281990000,8,rover_ap_2x2_n1_1fp_1sp_aldrich.json,ap
1687252304.301064000,0,rover_ap_2x2_n1_1fp_1sp_aldrich.json,ap
1687252304.301387000,1,rover_ap_2x2_n1_1fp_1sp_aldrich.json,ap
1687252304.301764000,2,rover_ap_2x2_n1_1fp_1sp_aldrich.json,ap
1687252304.302022000,3,rover_ap_2x2_n1_1fp_1sp_aldrich.json,ap
1687252304.302292000,4,rover_ap_2x2_n1_1fp_1sp_aldrich.json,ap
1687252304.302561000,5,rover_ap_2x2_n1_1fp_1sp_aldrich.json,ap
1687252304.302833000,6,rover_ap_2x2_n1_1fp_1sp_aldrich.json,ap
1687252304.304576000,7,rover_ap_2x2_n1_1fp_1sp_aldrich.json,ap
1687252304.304849000,8,rover_ap_2x2_n1_1fp_1sp_aldrich.json,ap
1687252304.305142000,9,rover_ap_2x2_n1_1fp_1sp_aldrich.json,ap
1687252304.305573000,10,rover_ap_2x2_n1_1fp_1sp_aldrich.json,ap
1687252304.305854000,11,rover_ap_2x2_n1_1fp_1sp_aldrich.json,ap
1687252304.306144000,12,rover_ap_2x2_n1_1fp_1sp_aldrich.json,ap
1687252304.306413000,13,rover_ap_2x2_n1_1fp_1sp_aldrich.json,ap
1687252305.332411000,0,rover_ap_2x2_n1_1fp_1sp_aldrich.json,ap
1687252305.332696000,1,rover_ap_2x2_n1_1fp_1sp_aldrich.json,ap
1687252305.333017000,2,rover_ap_2x2_n1_1fp_1sp_aldrich.json,ap
1687252305.333348000,3,rover_ap_2x2_n1_1fp_1sp_aldrich.json,ap
1687252305.333679000,4,rover_ap_2x2_n1_1fp_1sp_aldrich.json,ap
1687252305.333961000,5,rover_ap_2x2_n1_1fp_1sp_aldrich.json,ap
1687252305.334336000,6,rover_ap_2x2_n1_1fp_1sp_aldrich.json,ap
1687252306.355333000,0,rover_ap_2x2_n1_1fp_1sp_aldrich.json,ap
1687252306.355655000,1,rover_ap_2x2_n1_1fp_1sp_aldrich.json,ap
1687252306.355920000,2,rover_ap_2x2_n1_1fp_1sp_aldrich.json,ap
1687252306.356267000,3,rover_ap_2x2_n1_1fp_1sp_aldrich.json,ap
1687252306.356543000,4,rover_ap_2x2_n1_1fp_1sp_aldrich.json,ap
1687252306.356888000,5,rover_ap_2x2_n1_1fp_1sp_aldrich.json,ap
1687252306.357169000,6,rover_ap_2x2_n1_1fp_1sp_aldrich.json,ap
1687252306.357429000,7,rover_ap_2x2_n1_1fp_1sp_aldrich.json,ap
1687252306.358007000,8,rover_ap_2x2_n1_1fp_1sp_aldrich.json,ap
1687252306.358380000,9,rover_ap_2x2_n1_1fp_1sp_aldrich.json,ap
1687252306.358699000,10,rover_ap_2x2_n1_1fp_1sp_aldrich.json,ap
1687252307.382112000,0,rover_ap_2x2_n1_1fp_1sp_aldrich.json,ap
1687252307.382401000,1,rover_ap_2x2_n1_1fp_1sp_aldrich.json,ap
1687252307.382670000,2,rover_ap_2x2_n1_1fp_1sp_aldrich.json,ap
1687252307.382942000,3,rover_ap_2x2_n1_1fp_1sp_aldrich.json,ap
1687252307.383225000,4,rover_ap_2x2_n1_1fp_1sp_aldrich.json,ap
1687252307.383559000,5,rover_ap_2x2_n1_1fp_1sp_aldrich.json,ap
1687252307.384450000,6,rover_ap_2x2_n1_1fp_1sp_aldrich.json,ap
1687252307.387743000,7,rover_ap_2x2_n1_1fp_1sp_aldrich.json,ap
1687252307.388087000,8,rover_ap_2x2_n1_1fp_1sp_aldrich.json,ap
1687252307.389823000,9,rover_ap_2x2_n1_1fp_1sp_aldrich.json,ap
1687252307.390123000,10,rover_ap_2x2_n1_1fp_1sp_aldrich.json,ap
1687252307.390550000,11,rover_ap_2x2_n1_1fp_1sp_aldrich.json,ap
1687252307.390832000,12,rover_ap_2x2_n1_1fp_1sp_aldrich.json,ap
1687252307.391221000,13,rover_ap_2x2_n1_1fp_1sp_aldrich.json,ap
1687252307.391592000,14,rover_ap_2x2_n1_1fp_1sp_aldrich.json,ap
1687252307.391985000,15,rover_ap_2x2_n1_1fp_1sp_aldrich.json,ap
1687252307.392310000,16,rover_ap_2x2_n1_1fp_1sp_aldrich.json,ap
1687252308.413886000,0,rover_ap_2x2_n1_1fp_1sp_aldrich.json,ap
1687252308.414164000,1,rover_ap_2x2_n1_1fp_1sp_aldrich.json,ap
1687252308.414440000,2,rover_ap_2x2_n1_1fp_1sp_aldrich.json,ap
1687252308.414710000,3,rover_ap_2x2_n1_1fp_1sp_aldrich.json,ap
1687252308.415086000,4,rover_ap_2x2_n1_1fp_1sp_aldrich.json,ap
1687252308.415374000,5,rover_ap_2x2_n1_1fp_1sp_aldrich.json,ap
1687252308.415639000,6,rover_ap_2x2_n1_1fp_1sp_aldrich.json,ap
1687252308.416018000,7,rover_ap_2x2_n1_1fp_1sp_aldrich.json,ap
1687252308.416425000,8,rover_ap_2x2_n1_1fp_1sp_aldrich.json,ap
1687252308.416696000,9,rover_ap_2x2_n1_1fp_1sp_aldrich.json,ap
1687252309.436966000,0,rover_ap_2x2_n1_1fp_1sp_aldrich.json,ap
1687252309.437236000,1,rover_ap_2x2_n1_1fp_1sp_aldrich.json,ap
1687252309.437497000,2,rover_ap_2x2_n1_1fp_1sp_aldrich.json,ap
1687252309.437761000,3,rover_ap_2x2_n1_1fp_1sp_aldrich.json,ap
1687252309.438023000,4,rover_ap_2x2_n1_1fp_1sp_aldrich.json,ap
1687252309.438314000,5,rover_ap_2x2_n1_1fp_1sp_aldrich.json,ap
1687252309.438601000,6,rover_ap_2x2_n1_1fp_1sp_aldrich.json,ap
1687252309.441213000,7,rover_ap_2x2_n1_1fp_1sp_aldrich.json,ap
1687252309.441602000,8,rover_ap_2x2_n1_1fp_1sp_aldrich.json,ap
1687252310.467652000,0,rover_ap_2x2_n1_1fp_1sp_aldrich.json,ap
1687252310.467922000,1,rover_ap_2x2_n1_1fp_1sp_aldrich.json,ap
1687252310.468234000,2,rover_ap_2x2_n1_1fp_1sp_aldrich.json,ap
1687252310.468556000,3,rover_ap_2x2_n1_1fp_1sp_aldrich.json,ap
1687252310.468825000,4,rover_ap_2x2_n1_1fp_1sp_aldrich.json,ap
1687252310.469088000,5,rover_ap_2x2_n1_1fp_1sp_aldrich.json,ap
1687252310.469361000,6,rover_ap_2x2_n1_1fp_1sp_aldrich.json,ap
1687252310.469713000,7,rover_ap_2x2_n1_1fp_1sp_aldrich.json,ap
1687252311.493098000,0,rover_ap_2x2_n1_1fp_1sp_aldrich.json,ap
1687252311.493376000,1,rover_ap_2x2_n1_1fp_1sp_aldrich.json,ap
1687252311.493655000,2,rover_ap_2x2_n1_1fp_1sp_aldrich.json,ap
1687252311.493920000,3,rover_ap_2x2_n1_1fp_1sp_aldrich.json,ap
1687252311.494257000,4,rover_ap_2x2_n1_1fp_1sp_aldrich.json,ap
1687252311.494612000,5,rover_ap_2x2_n1_1fp_1sp_aldrich.json,ap
1687252311.494879000,6,rover_ap_2x2_n1_1fp_1sp_aldrich.json,ap
1687252311.495150000,7,rover_ap_2x2_n1_1fp_1sp_aldrich.json,ap
1687252311.496770000,8,rover_ap_2x2_n1_1fp_1sp_aldrich.json,ap
1687252311.497145000,9,rover_ap_2x2_n1_1fp_1sp_aldrich.json,ap
1687252312.520627000,0,rover_ap_2x2_n1_1fp_1sp_aldrich.json,ap
1687252312.520910000,1,rover_ap_2x2_n1_1fp_1sp_aldrich.json,ap
1687252312.521187000,2,rover_ap_2x2_n1_1fp_1sp_aldrich.json,ap
1687252312.521663000,3,rover_ap_2x2_n1_1fp_1sp_aldrich.json,ap
1687252312.521968000,4,rover_ap_2x2_n1_1fp_1sp_aldrich.json,ap
1687252312.522279000,5,rover_ap_2x2_n1_1fp_1sp_aldrich.json,ap
1687252312.522609000,6,rover_ap_2x2_n1_1fp_1sp_aldrich.json,ap
1687252312.525012000,7,rover_ap_2x2_n1_1fp_1sp_aldrich.json,ap
1687252312.525526000,8,rover_ap_2x2_n1_1fp_1sp_aldrich.json,ap
1687252313.552090000,0,rover_ap_2x2_n1_1fp_1sp_aldrich.json,ap
1687252313.552372000,1,rover_ap_2x2_n1_1fp_1sp_aldrich.json,ap
1687252313.552641000,2,rover_ap_2x2_n1_1fp_1sp_aldrich.json,ap
1687252313.552904000,3,rover_ap_2x2_n1_1fp_1sp_aldrich.json,ap
1687252313.553176000,4,rover_ap_2x2_n1_1fp_1sp_aldrich.json,ap
1687252313.553506000,5,rover_ap_2x2_n1_1fp_1sp_aldrich.json,ap
1687252313.554108000,6,rover_ap_2x2_n1_1fp_1sp_aldrich.json,ap
1687252313.554559000,7,rover_ap_2x2_n1_1fp_1sp_aldrich.json,ap
1687252313.555090000,8,rover_ap_2x2_n1_1fp_1sp_aldrich.json,ap
1687252313.555372000,9,rover_ap_2x2_n1_1fp_1sp_aldrich.json,ap
1687252313.557482000,10,rover_ap_2x2_n1_1fp_1sp_aldrich.json,ap
1687252314.588027000,0,rover_ap_2x2_n1_1fp_1sp_aldrich.json,ap
1687252314.588300000,1,rover_ap_2x2_n1_1fp_1sp_aldrich.json,ap
1687252314.588572000,2,rover_ap_2x2_n1_1fp_1sp_aldrich.json,ap
1687252314.588837000,3,rover_ap_2x2_n1_1fp_1sp_aldrich.json,ap
1687252314.589173000,4,rover_ap_2x2_n1_1fp_1sp_aldrich.json,ap
1687252314.589441000,5,rover_ap_2x2_n1_1fp_1sp_aldrich.json,ap
1687252314.589803000,6,rover_ap_2x2_n1_1fp_1sp_aldrich.json,ap
1687252314.590305000,7,rover_ap_2x2_n1_1fp_1sp_aldrich.json,ap
1687252315.612727000,0,rover_ap_2x2_n1_1fp_1sp_aldrich.json,ap
1687252315.613005000,1,rover_ap_2x2_n1_1fp_1sp_aldrich.json,ap
1687252315.613274000,2,rover_ap_2x2_n1_1fp_1sp_aldrich.json,ap
1687252315.613535000,3,rover_ap_2x2_n1_1fp_1sp_aldrich.json,ap
1687252315.613801000,4,rover_ap_2x2_n1_1fp_1sp_aldrich.json,ap
1687252315.614057000,5,rover_ap_2x2_n1_1fp_1sp_aldrich.json,ap
1687252315.614317000,6,rover_ap_2x2_n1_1fp_1sp_aldrich.json,ap
1687252315.615252000,7,rover_ap_2x2_n1_1fp_1sp_aldrich.json,ap
1687252315.615601000,8,rover_ap_2x2_n1_1fp_1sp_aldrich.json,ap
1687252315.616452000,9,rover_ap_2x2_n1_1fp_1sp_aldrich.json,ap
1687252315.617474000,10,rover_ap_2x2_n1_1fp_1sp_aldrich.json,ap
1687252316.640856000,0,rover_ap_2x2_n1_1fp_1sp_aldrich.json,ap
1687252316.641127000,1,rover_ap_2x2_n1_1fp_1sp_aldrich.json,ap
1687252316.641392000,2,rover_ap_2x2_n1_1fp_1sp_aldrich.json,ap
1687252316.641747000,3,rover_ap_2x2_n1_1fp_1sp_aldrich.json,ap
1687252316.642032000,4,rover_ap_2x2_n1_1fp_1sp_aldrich.json,ap
1687252316.642310000,5,rover_ap_2x2_n1_1fp_1sp_aldrich.json,ap
1687252316.642581000,6,rover_ap_2x2_n1_1fp_1sp_aldrich.json,ap
1687252316.642862000,7,rover_ap_2x2_n1_1fp_1sp_aldrich.json,ap
1687252316.643285000,8,rover_ap_2x2_n1_1fp_1sp_aldrich.json,ap
1687252316.643556000,9,rover_ap_2x2_n1_1fp_1sp_aldrich.json,ap
1687252317.668949000,0,rover_ap_2x2_n1_1fp_1sp_aldrich.json,ap
1687252317.669247000,1,rover_ap_2x2_n1_1fp_1sp_aldrich.json,ap
1687252317.669513000,2,rover_ap_2x2_n1_1fp_1sp_aldrich.json,ap
1687252317.669889000,3,rover_ap_2x2_n1_1fp_1sp_aldrich.json,ap
1687252317.670225000,4,rover_ap_2x2_n1_1fp_1sp_aldrich.json,ap
1687252317.670555000,5,rover_ap_2x2_n1_1fp_1sp_aldrich.json,ap
1687252317.670899000,6,rover_ap_2x2_n1_1fp_1sp_aldrich.json,ap
1687252318.689697000,0,rover_ap_2x2_n1_1fp_1sp_aldrich.json,ap
1687252318.689969000,1,rover_ap_2x2_n1_1fp_1sp_aldrich.json,ap
1687252318.690272000,2,rover_ap_2x2_n1_1fp_1sp_aldrich.json,ap
1687252318.690579000,3,rover_ap_2x2_n1_1fp_1sp_aldrich.json,ap
1687252318.690855000,4,rover_ap_2x2_n1_1fp_1sp_aldrich.json,ap
1687252318.691120000,5,rover_ap_2x2_n1_1fp_1sp_aldrich.json,ap
1687252318.691608000,6,rover_ap_2x2_n1_1fp_1sp_aldrich.json,ap
1687252319.711330000,0,rover_ap_2x2_n1_1fp_1sp_aldrich.json,ap
1687252319.711708000,1,rover_ap_2x2_n1_1fp_1sp_aldrich.json,ap
1687252319.711979000,2,rover_ap_2x2_n1_1fp_1sp_aldrich.json,ap
1687252319.712246000,3,rover_ap_2x2_n1_1fp_1sp_aldrich.json,ap
1687252319.712679000,4,rover_ap_2x2_n1_1fp_1sp_aldrich.json,ap
1687252319.712992000,5,rover_ap_2x2_n1_1fp_1sp_aldrich.json,ap
1687252319.713267000,6,rover_ap_2x2_n1_1fp_1sp_aldrich.json,ap
1687252319.713812000,7,rover_ap_2x2_n1_1fp_1sp_aldrich.json,ap
1687252320.735047000,0,rover_ap_2x2_n1_1fp_1sp_aldrich.json,ap
1687252320.735317000,1,rover_ap_2x2_n1_1fp_1sp_aldrich.json,ap
1687252320.735580000,2,rover_ap_2x2_n1_1fp_1sp_aldrich.json,ap
1687252320.735830000,3,rover_ap_2x2_n1_1fp_1sp_aldrich.json,ap
1687252320.736171000,4,rover_ap_2x2_n1_1fp_1sp_aldrich.json,ap
1687252320.736467000,5,rover_ap_2x2_n1_1fp_1sp_aldrich.json,ap
1687252320.736841000,6,rover_ap_2x2_n1_1fp_1sp_aldrich.json,ap
1687252320.737338000,7,rover_ap_2x2_n1_1fp_1sp_aldrich.json,ap
1687252321.755547000,0,rover_ap_2x2_n1_1fp_1sp_aldrich.json,ap
1687252321.755821000,1,rover_ap_2x2_n1_1fp_1sp_aldrich.json,ap
1687252321.756083000,2,rover_ap_2x2_n1_1fp_1sp_aldrich.json,ap
1687252321.756343000,3,rover_ap_2x2_n1_1fp_1sp_aldrich.json,ap
1687252321.756700000,4,rover_ap_2x2_n1_1fp_1sp_aldrich.json,ap
1687252321.757009000,5,rover_ap_2x2_n1_1fp_1sp_aldrich.json,ap
1687252321.757320000,6,rover_ap_2x2_n1_1fp_1sp_aldrich.json,ap
1687252321.757624000,7,rover_ap_2x2_n1_1fp_1sp_aldrich.json,ap
1687252322.781701000,0,rover_ap_2x2_n1_1fp_1sp_aldrich.json,ap
1687252322.782012000,1,rover_ap_2x2_n1_1fp_1sp_aldrich.json,ap
1687252322.782287000,2,rover_ap_2x2_n1_1fp_1sp_aldrich.json,ap
1687252322.782556000,3,rover_ap_2x2_n1_1fp_1sp_aldrich.json,ap
1687252322.782941000,4,rover_ap_2x2_n1_1fp_1sp_aldrich.json,ap
1687252322.783207000,5,rover_ap_2x2_n1_1fp_1sp_aldrich.json,ap
1687252322.783600000,6,rover_ap_2x2_n1_1fp_1sp_aldrich.json,ap
1687252322.783941000,7,rover_ap_2x2_n1_1fp_1sp_aldrich.json,ap
1687252322.784358000,8,rover_ap_2x2_n1_1fp_1sp_aldrich.json,ap
1687252322.784629000,9,rover_ap_2x2_n1_1fp_1sp_aldrich.json,ap
1687252322.784914000,10,rover_ap_2x2_n1_1fp_1sp_aldrich.json,ap
1687252322.785191000,11,rover_ap_2x2_n1_1fp_1sp_aldrich.json,ap
1687252323.806820000,0,rover_ap_2x2_n1_1fp_1sp_aldrich.json,ap
1687252323.807102000,1,rover_ap_2x2_n1_1fp_1sp_aldrich.json,ap
1687252323.807387000,2,rover_ap_2x2_n1_1fp_1sp_aldrich.json,ap
1687252323.807661000,3,rover_ap_2x2_n1_1fp_1sp_aldrich.json,ap
1687252323.807941000,4,rover_ap_2x2_n1_1fp_1sp_aldrich.json,ap
1687252323.808215000,5,rover_ap_2x2_n1_1fp_1sp_aldrich.json,ap
1687252323.808495000,6,rover_ap_2x2_n1_1fp_1sp_aldrich.json,ap
1687252323.808776000,7,rover_ap_2x2_n1_1fp_1sp_aldrich.json,ap
1687252323.809325000,8,rover_ap_2x2_n1_1fp_1sp_aldrich.json,ap
1687252323.810590000,9,rover_ap_2x2_n1_1fp_1sp_aldrich.json,ap
1687252324.834991000,0,rover_ap_2x2_n1_1fp_1sp_aldrich.json,ap
1687252324.835322000,1,rover_ap_2x2_n1_1fp_1sp_aldrich.json,ap
1687252324.835596000,2,rover_ap_2x2_n1_1fp_1sp_aldrich.json,ap
1687252324.835889000,3,rover_ap_2x2_n1_1fp_1sp_aldrich.json,ap
1687252324.836172000,4,rover_ap_2x2_n1_1fp_1sp_aldrich.json,ap
1687252324.836506000,5,rover_ap_2x2_n1_1fp_1sp_aldrich.json,ap
1687252324.836786000,6,rover_ap_2x2_n1_1fp_1sp_aldrich.json,ap
1687252324.840607000,7,rover_ap_2x2_n1_1fp_1sp_aldrich.json,ap
1687252324.840955000,8,rover_ap_2x2_n1_1fp_1sp_aldrich.json,ap
1687252325.865016000,0,rover_ap_2x2_n1_1fp_1sp_aldrich.json,ap
1687252325.865287000,1,rover_ap_2x2_n1_1fp_1sp_aldrich.json,ap
1687252325.865552000,2,rover_ap_2x2_n1_1fp_1sp_aldrich.json,ap
1687252325.865816000,3,rover_ap_2x2_n1_1fp_1sp_aldrich.json,ap
1687252325.866077000,4,rover_ap_2x2_n1_1fp_1sp_aldrich.json,ap
1687252325.866335000,5,rover_ap_2x2_n1_1fp_1sp_aldrich.json,ap
1687252325.866599000,6,rover_ap_2x2_n1_1fp_1sp_aldrich.json,ap
1687252325.866858000,7,rover_ap_2x2_n1_1fp_1sp_aldrich.json,ap
1687252325.867245000,8,rover_ap_2x2_n1_1fp_1sp_aldrich.json,ap
1687252325.867953000,9,rover_ap_2x2_n1_1fp_1sp_aldrich.json,ap
1687252326.891941000,0,rover_ap_2x2_n1_1fp_1sp_aldrich.json,ap
1687252326.892220000,1,rover_ap_2x2_n1_1fp_1sp_aldrich.json,ap
1687252326.892500000,2,rover_ap_2x2_n1_1fp_1sp_aldrich.json,ap
1687252326.892874000,3,rover_ap_2x2_n1_1fp_1sp_aldrich.json,ap
1687252326.893233000,4,rover_ap_2x2_n1_1fp_1sp_aldrich.json,ap
1687252326.893501000,5,rover_ap_2x2_n1_1fp_1sp_aldrich.json,ap
1687252326.893770000,6,rover_ap_2x2_n1_1fp_1sp_aldrich.json,ap
1687252326.894122000,7,rover_ap_2x2_n1_1fp_1sp_aldrich.json,ap
1687252327.915243000,0,rover_ap_2x2_n1_1fp_1sp_aldrich.json,ap
1687252327.915522000,1,rover_ap_2x2_n1_1fp_1sp_aldrich.json,ap
1687252327.915806000,2,rover_ap_2x2_n1_1fp_1sp_aldrich.json,ap
1687252327.916175000,3,rover_ap_2x2_n1_1fp_1sp_aldrich.json,ap
1687252327.916497000,4,rover_ap_2x2_n1_1fp_1sp_aldrich.json,ap
1687252327.916781000,5,rover_ap_2x2_n1_1fp_1sp_aldrich.json,ap
1687252327.917118000,6,rover_ap_2x2_n1_1fp_1sp_aldrich.json,ap
1687252327.917383000,7,rover_ap_2x2_n1_1fp_1sp_aldrich.json,ap
1687252327.917854000,8,rover_ap_2x2_n1_1fp_1sp_aldrich.json,ap
1687252327.918909000,9,rover_ap_2x2_n1_1fp_1sp_aldrich.json,ap
1687252327.919186000,10,rover_ap_2x2_n1_1fp_1sp_aldrich.json,ap
1687252328.938536000,0,rover_ap_2x2_n1_1fp_1sp_aldrich.json,ap
1687252328.938820000,1,rover_ap_2x2_n1_1fp_1sp_aldrich.json,ap
1687252328.939080000,2,rover_ap_2x2_n1_1fp_1sp_aldrich.json,ap
1687252328.939453000,3,rover_ap_2x2_n1_1fp_1sp_aldrich.json,ap
1687252328.939721000,4,rover_ap_2x2_n1_1fp_1sp_aldrich.json,ap
1687252328.940075000,5,rover_ap_2x2_n1_1fp_1sp_aldrich.json,ap
1687252328.940341000,6,rover_ap_2x2_n1_1fp_1sp_aldrich.json,ap
1687252329.961250000,0,rover_ap_2x2_n1_1fp_1sp_aldrich.json,ap
1687252329.961645000,1,rover_ap_2x2_n1_1fp_1sp_aldrich.json,ap
1687252329.961951000,2,rover_ap_2x2_n1_1fp_1sp_aldrich.json,ap
1687252329.962266000,3,rover_ap_2x2_n1_1fp_1sp_aldrich.json,ap
1687252329.962591000,4,rover_ap_2x2_n1_1fp_1sp_aldrich.json,ap
1687252329.962892000,5,rover_ap_2x2_n1_1fp_1sp_aldrich.json,ap
1687252329.963194000,6,rover_ap_2x2_n1_1fp_1sp_aldrich.json,ap
1687252329.963524000,7,rover_ap_2x2_n1_1fp_1sp_aldrich.json,ap
1687252329.963828000,8,rover_ap_2x2_n1_1fp_1sp_aldrich.json,ap
1687252329.964129000,9,rover_ap_2x2_n1_1fp_1sp_aldrich.json,ap
1687252330.985590000,0,rover_ap_2x2_n1_1fp_1sp_aldrich.json,ap
1687252330.985887000,1,rover_ap_2x2_n1_1fp_1sp_aldrich.json,ap
1687252330.986187000,2,rover_ap_2x2_n1_1fp_1sp_aldrich.json,ap
1687252330.986486000,3,rover_ap_2x2_n1_1fp_1sp_aldrich.json,ap
1687252330.986805000,4,rover_ap_2x2_n1_1fp_1sp_aldrich.json,ap
1687252330.987125000,5,rover_ap_2x2_n1_1fp_1sp_aldrich.json,ap
1687252330.987434000,6,rover_ap_2x2_n1_1fp_1sp_aldrich.json,ap
1687252330.987779000,7,rover_ap_2x2_n1_1fp_1sp_aldrich.json,ap
1687252330.988086000,8,rover_ap_2x2_n1_1fp_1sp_aldrich.json,ap
1687252330.988388000,9,rover_ap_2x2_n1_1fp_1sp_aldrich.json,ap
1687252332.008408000,0,rover_ap_2x2_n1_1fp_1sp_aldrich.json,ap
1687252332.008886000,1,rover_ap_2x2_n1_1fp_1sp_aldrich.json,ap
1687252332.009216000,2,rover_ap_2x2_n1_1fp_1sp_aldrich.json,ap
1687252332.009699000,3,rover_ap_2x2_n1_1fp_1sp_aldrich.json,ap
1687252332.010075000,4,rover_ap_2x2_n1_1fp_1sp_aldrich.json,ap
1687252332.010534000,5,rover_ap_2x2_n1_1fp_1sp_aldrich.json,ap
1687252332.010897000,6,rover_ap_2x2_n1_1fp_1sp_aldrich.json,ap
1687252332.011233000,7,rover_ap_2x2_n1_1fp_1sp_aldrich.json,ap
1687252332.011604000,8,rover_ap_2x2_n1_1fp_1sp_aldrich.json,ap
1687252332.012621000,9,rover_ap_2x2_n1_1fp_1sp_aldrich.json,ap
1687252332.012919000,10,rover_ap_2x2_n1_1fp_1sp_aldrich.json,ap
1687252332.013213000,11,rover_ap_2x2_n1_1fp_1sp_aldrich.json,ap
1687252332.013495000,12,rover_ap_2x2_n1_1fp_1sp_aldrich.json,ap
1687252332.013776000,13,rover_ap_2x2_n1_1fp_1sp_aldrich.json,ap
1687252332.014063000,14,rover_ap_2x2_n1_1fp_1sp_aldrich.json,ap
1687252332.014341000,15,rover_ap_2x2_n1_1fp_1sp_aldrich.json,ap
1687252332.014622000,16,rover_ap_2x2_n1_1fp_1sp_aldrich.json,ap
1687252333.037591000,0,rover_ap_2x2_n1_1fp_1sp_aldrich.json,ap
1687252333.037925000,1,rover_ap_2x2_n1_1fp_1sp_aldrich.json,ap
1687252333.038213000,2,rover_ap_2x2_n1_1fp_1sp_aldrich.json,ap
1687252333.038571000,3,rover_ap_2x2_n1_1fp_1sp_aldrich.json,ap
1687252333.038860000,4,rover_ap_2x2_n1_1fp_1sp_aldrich.json,ap
1687252333.039223000,5,rover_ap_2x2_n1_1fp_1sp_aldrich.json,ap
1687252333.039510000,6,rover_ap_2x2_n1_1fp_1sp_aldrich.json,ap
1687252334.058744000,0,rover_ap_2x2_n1_1fp_1sp_aldrich.json,ap
1687252334.059017000,1,rover_ap_2x2_n1_1fp_1sp_aldrich.json,ap
1687252334.059278000,2,rover_ap_2x2_n1_1fp_1sp_aldrich.json,ap
1687252334.059543000,3,rover_ap_2x2_n1_1fp_1sp_aldrich.json,ap
1687252334.059814000,4,rover_ap_2x2_n1_1fp_1sp_aldrich.json,ap
1687252334.060429000,5,rover_ap_2x2_n1_1fp_1sp_aldrich.json,ap
1687252334.060708000,6,rover_ap_2x2_n1_1fp_1sp_aldrich.json,ap
1687252334.060988000,7,rover_ap_2x2_n1_1fp_1sp_aldrich.json,ap
1687252334.061272000,8,rover_ap_2x2_n1_1fp_1sp_aldrich.json,ap
1687252334.061694000,9,rover_ap_2x2_n1_1fp_1sp_aldrich.json,ap
1687252334.062115000,10,rover_ap_2x2_n1_1fp_1sp_aldrich.json,ap
1687252335.084137000,0,rover_ap_2x2_n1_1fp_1sp_aldrich.json,ap
1687252335.084407000,1,rover_ap_2x2_n1_1fp_1sp_aldrich.json,ap
1687252335.084665000,2,rover_ap_2x2_n1_1fp_1sp_aldrich.json,ap
1687252335.084923000,3,rover_ap_2x2_n1_1fp_1sp_aldrich.json,ap
1687252335.085176000,4,rover_ap_2x2_n1_1fp_1sp_aldrich.json,ap
1687252335.085792000,5,rover_ap_2x2_n1_1fp_1sp_aldrich.json,ap
1687252335.086093000,6,rover_ap_2x2_n1_1fp_1sp_aldrich.json,ap
1687252335.086375000,7,rover_ap_2x2_n1_1fp_1sp_aldrich.json,ap
1687252335.086650000,8,rover_ap_2x2_n1_1fp_1sp_aldrich.json,ap
1687252335.086946000,9,rover_ap_2x2_n1_1fp_1sp_aldrich.json,ap
1687252335.087227000,10,rover_ap_2x2_n1_1fp_1sp_aldrich.json,ap
1687252335.087519000,11,rover_ap_2x2_n1_1fp_1sp_aldrich.json,ap
1687252335.088381000,12,rover_ap_2x2_n1_1fp_1sp_aldrich.json,ap
1687252335.088670000,13,rover_ap_2x2_n1_1fp_1sp_aldrich.json,ap
1687252336.110888000,0,rover_ap_2x2_n1_1fp_1sp_aldrich.json,ap
1687252336.111160000,1,rover_ap_2x2_n1_1fp_1sp_aldrich.json,ap
1687252336.111428000,2,rover_ap_2x2_n1_1fp_1sp_aldrich.json,ap
1687252336.111862000,3,rover_ap_2x2_n1_1fp_1sp_aldrich.json,ap
1687252336.112127000,4,rover_ap_2x2_n1_1fp_1sp_aldrich.json,ap
1687252336.112399000,5,rover_ap_2x2_n1_1fp_1sp_aldrich.json,ap
1687252336.112663000,6,rover_ap_2x2_n1_1fp_1sp_aldrich.json,ap
1687252336.112937000,7,rover_ap_2x2_n1_1fp_1sp_aldrich.json,ap
1687252336.113335000,8,rover_ap_2x2_n1_1fp_1sp_aldrich.json,ap
1687252337.131400000,0,rover_ap_2x2_n1_1fp_1sp_aldrich.json,ap
1687252337.131928000,1,rover_ap_2x2_n1_1fp_1sp_aldrich.json,ap
1687252337.132240000,2,rover_ap_2x2_n1_1fp_1sp_aldrich.json,ap
1687252337.132639000,3,rover_ap_2x2_n1_1fp_1sp_aldrich.json,ap
1687252337.132972000,4,rover_ap_2x2_n1_1fp_1sp_aldrich.json,ap
1687252337.133419000,5,rover_ap_2x2_n1_1fp_1sp_aldrich.json,ap
1687252337.133793000,6,rover_ap_2x2_n1_1fp_1sp_aldrich.json,ap
1687252337.134138000,7,rover_ap_2x2_n1_1fp_1sp_aldrich.json,ap
1687252338.155933000,0,rover_ap_2x2_n1_1fp_1sp_aldrich.json,ap
1687252338.156221000,1,rover_ap_2x2_n1_1fp_1sp_aldrich.json,ap
1687252338.156499000,2,rover_ap_2x2_n1_1fp_1sp_aldrich.json,ap
1687252338.156776000,3,rover_ap_2x2_n1_1fp_1sp_aldrich.json,ap
1687252338.157632000,4,rover_ap_2x2_n1_1fp_1sp_aldrich.json,ap
1687252338.157934000,5,rover_ap_2x2_n1_1fp_1sp_aldrich.json,ap
1687252338.158220000,6,rover_ap_2x2_n1_1fp_1sp_aldrich.json,ap
1687252338.158568000,7,rover_ap_2x2_n1_1fp_1sp_aldrich.json,ap
1687252338.158964000,8,rover_ap_2x2_n1_1fp_1sp_aldrich.json,ap
1687252339.181977000,0,rover_ap_2x2_n1_1fp_1sp_aldrich.json,ap
1687252339.182441000,1,rover_ap_2x2_n1_1fp_1sp_aldrich.json,ap
1687252339.182826000,2,rover_ap_2x2_n1_1fp_1sp_aldrich.json,ap
1687252339.183139000,3,rover_ap_2x2_n1_1fp_1sp_aldrich.json,ap
1687252339.183518000,4,rover_ap_2x2_n1_1fp_1sp_aldrich.json,ap
1687252339.183828000,5,rover_ap_2x2_n1_1fp_1sp_aldrich.json,ap
1687252339.184279000,6,rover_ap_2x2_n1_1fp_1sp_aldrich.json,ap
1687252339.184617000,7,rover_ap_2x2_n1_1fp_1sp_aldrich.json,ap
1687252339.184915000,8,rover_ap_2x2_n1_1fp_1sp_aldrich.json,ap
1687252339.185208000,9,rover_ap_2x2_n1_1fp_1sp_aldrich.json,ap
1687252339.186294000,10,rover_ap_2x2_n1_1fp_1sp_aldrich.json,ap
1687252339.186915000,11,rover_ap_2x2_n1_1fp_1sp_aldrich.json,ap
1687252340.213964000,0,rover_ap_2x2_n1_1fp_1sp_aldrich.json,ap
1687252340.214254000,1,rover_ap_2x2_n1_1fp_1sp_aldrich.json,ap
1687252340.214537000,2,rover_ap_2x2_n1_1fp_1sp_aldrich.json,ap
1687252340.214812000,3,rover_ap_2x2_n1_1fp_1sp_aldrich.json,ap
1687252340.215195000,4,rover_ap_2x2_n1_1fp_1sp_aldrich.json,ap
1687252340.216034000,5,rover_ap_2x2_n1_1fp_1sp_aldrich.json,ap
1687252340.216316000,6,rover_ap_2x2_n1_1fp_1sp_aldrich.json,ap
1687252340.216597000,7,rover_ap_2x2_n1_1fp_1sp_aldrich.json,ap
1687252340.216882000,8,rover_ap_2x2_n1_1fp_1sp_aldrich.json,ap
1687252340.217936000,9,rover_ap_2x2_n1_1fp_1sp_aldrich.json,ap
1687252341.239493000,0,rover_ap_2x2_n1_1fp_1sp_aldrich.json,ap
1687252341.239808000,1,rover_ap_2x2_n1_1fp_1sp_aldrich.json,ap
1687252341.240149000,2,rover_ap_2x2_n1_1fp_1sp_aldrich.json,ap
1687252341.240470000,3,rover_ap_2x2_n1_1fp_1sp_aldrich.json,ap
1687252341.240783000,4,rover_ap_2x2_n1_1fp_1sp_aldrich.json,ap
1687252341.241099000,5,rover_ap_2x2_n1_1fp_1sp_aldrich.json,ap
1687252341.241408000,6,rover_ap_2x2_n1_1fp_1sp_aldrich.json,ap
1687252341.244481000,7,rover_ap_2x2_n1_1fp_1sp_aldrich.json,ap
1687252341.244813000,8,rover_ap_2x2_n1_1fp_1sp_aldrich.json,ap
1687252341.245110000,9,rover_ap_2x2_n1_1fp_1sp_aldrich.json,ap
1687252342.270789000,0,rover_ap_2x2_n1_1fp_1sp_aldrich.json,ap
1687252342.271182000,1,rover_ap_2x2_n1_1fp_1sp_aldrich.json,ap
1687252342.271692000,2,rover_ap_2x2_n1_1fp_1sp_aldrich.json,ap
1687252342.272258000,3,rover_ap_2x2_n1_1fp_1sp_aldrich.json,ap
1687252342.272557000,4,rover_ap_2x2_n1_1fp_1sp_aldrich.json,ap
1687252342.272854000,5,rover_ap_2x2_n1_1fp_1sp_aldrich.json,ap
1687252342.273208000,6,rover_ap_2x2_n1_1fp_1sp_aldrich.json,ap
1687252342.273597000,7,rover_ap_2x2_n1_1fp_1sp_aldrich.json,ap
1687252342.273964000,8,rover_ap_2x2_n1_1fp_1sp_aldrich.json,ap
1687252343.295386000,0,rover_ap_2x2_n1_1fp_1sp_aldrich.json,ap
1687252343.295756000,1,rover_ap_2x2_n1_1fp_1sp_aldrich.json,ap
1687252343.296062000,2,rover_ap_2x2_n1_1fp_1sp_aldrich.json,ap
1687252343.296420000,3,rover_ap_2x2_n1_1fp_1sp_aldrich.json,ap
1687252343.296693000,4,rover_ap_2x2_n1_1fp_1sp_aldrich.json,ap
1687252343.296948000,5,rover_ap_2x2_n1_1fp_1sp_aldrich.json,ap
1687252343.297210000,6,rover_ap_2x2_n1_1fp_1sp_aldrich.json,ap
1687252343.298001000,7,rover_ap_2x2_n1_1fp_1sp_aldrich.json,ap
1687252343.298309000,8,rover_ap_2x2_n1_1fp_1sp_aldrich.json,ap
1687252343.298672000,9,rover_ap_2x2_n1_1fp_1sp_aldrich.json,ap
1687252343.299004000,10,rover_ap_2x2_n1_1fp_1sp_aldrich.json,ap
1687252343.299445000,11,rover_ap_2x2_n1_1fp_1sp_aldrich.json,ap
1687252343.299756000,12,rover_ap_2x2_n1_1fp_1sp_aldrich.json,ap
1687252343.300187000,13,rover_ap_2x2_n1_1fp_1sp_aldrich.json,ap
1687252343.300497000,14,rover_ap_2x2_n1_1fp_1sp_aldrich.json,ap
1687252343.300846000,15,rover_ap_2x2_n1_1fp_1sp_aldrich.json,ap
1687252343.301299000,16,rover_ap_2x2_n1_1fp_1sp_aldrich.json,ap
1687252343.301700000,17,rover_ap_2x2_n1_1fp_1sp_aldrich.json,ap
1687252343.302131000,18,rover_ap_2x2_n1_1fp_1sp_aldrich.json,ap
1687252343.302664000,19,rover_ap_2x2_n1_1fp_1sp_aldrich.json,ap
1687252344.325608000,0,rover_ap_2x2_n1_1fp_1sp_aldrich.json,ap
1687252344.326001000,1,rover_ap_2x2_n1_1fp_1sp_aldrich.json,ap
1687252344.326371000,2,rover_ap_2x2_n1_1fp_1sp_aldrich.json,ap
1687252344.326682000,3,rover_ap_2x2_n1_1fp_1sp_aldrich.json,ap
1687252344.327012000,4,rover_ap_2x2_n1_1fp_1sp_aldrich.json,ap
1687252344.327331000,5,rover_ap_2x2_n1_1fp_1sp_aldrich.json,ap
1687252344.327667000,6,rover_ap_2x2_n1_1fp_1sp_aldrich.json,ap
1687252344.328390000,7,rover_ap_2x2_n1_1fp_1sp_aldrich.json,ap
1687252344.328737000,8,rover_ap_2x2_n1_1fp_1sp_aldrich.json,ap
1687252344.329036000,9,rover_ap_2x2_n1_1fp_1sp_aldrich.json,ap
1687252344.329977000,10,rover_ap_2x2_n1_1fp_1sp_aldrich.json,ap
1687252344.330306000,11,rover_ap_2x2_n1_1fp_1sp_aldrich.json,ap
1687252344.330608000,12,rover_ap_2x2_n1_1fp_1sp_aldrich.json,ap
1687252344.330906000,13,rover_ap_2x2_n1_1fp_1sp_aldrich.json,ap
1687252344.331394000,14,rover_ap_2x2_n1_1fp_1sp_aldrich.json,ap
1687252344.331856000,15,rover_ap_2x2_n1_1fp_1sp_aldrich.json,ap
1687252344.332284000,16,rover_ap_2x2_n1_1fp_1sp_aldrich.json,ap
1687252344.332591000,17,rover_ap_2x2_n1_1fp_1sp_aldrich.json,ap
1687252344.332893000,18,rover_ap_2x2_n1_1fp_1sp_aldrich.json,ap
1687252344.333200000,19,rover_ap_2x2_n1_1fp_1sp_aldrich.json,ap
1687252344.333498000,20,rover_ap_2x2_n1_1fp_1sp_aldrich.json,ap
1687252345.356063000,0,rover_ap_2x2_n1_1fp_1sp_aldrich.json,ap
1687252345.356398000,1,rover_ap_2x2_n1_1fp_1sp_aldrich.json,ap
1687252345.356672000,2,rover_ap_2x2_n1_1fp_1sp_aldrich.json,ap
1687252345.356993000,3,rover_ap_2x2_n1_1fp_1sp_aldrich.json,ap
1687252345.357752000,4,rover_ap_2x2_n1_1fp_1sp_aldrich.json,ap
1687252345.358181000,5,rover_ap_2x2_n1_1fp_1sp_aldrich.json,ap
1687252346.377892000,0,rover_ap_2x2_n1_1fp_1sp_aldrich.json,ap
1687252346.378163000,1,rover_ap_2x2_n1_1fp_1sp_aldrich.json,ap
1687252346.378439000,2,rover_ap_2x2_n1_1fp_1sp_aldrich.json,ap
1687252346.378713000,3,rover_ap_2x2_n1_1fp_1sp_aldrich.json,ap
1687252346.378979000,4,rover_ap_2x2_n1_1fp_1sp_aldrich.json,ap
1687252346.379260000,5,rover_ap_2x2_n1_1fp_1sp_aldrich.json,ap
1687252346.379549000,6,rover_ap_2x2_n1_1fp_1sp_aldrich.json,ap
1687252346.379821000,7,rover_ap_2x2_n1_1fp_1sp_aldrich.json,ap
1687252346.380257000,8,rover_ap_2x2_n1_1fp_1sp_aldrich.json,ap
1687252347.399229000,0,rover_ap_2x2_n1_1fp_1sp_aldrich.json,ap
1687252347.399502000,1,rover_ap_2x2_n1_1fp_1sp_aldrich.json,ap
1687252347.399767000,2,rover_ap_2x2_n1_1fp_1sp_aldrich.json,ap
1687252347.400033000,3,rover_ap_2x2_n1_1fp_1sp_aldrich.json,ap
1687252347.400293000,4,rover_ap_2x2_n1_1fp_1sp_aldrich.json,ap
1687252347.400549000,5,rover_ap_2x2_n1_1fp_1sp_aldrich.json,ap
1687252347.400807000,6,rover_ap_2x2_n1_1fp_1sp_aldrich.json,ap
1687252347.401077000,7,rover_ap_2x2_n1_1fp_1sp_aldrich.json,ap
1687252347.401597000,8,rover_ap_2x2_n1_1fp_1sp_aldrich.json,ap
1687252347.402044000,9,rover_ap_2x2_n1_1fp_1sp_aldrich.json,ap
1687252347.402317000,10,rover_ap_2x2_n1_1fp_1sp_aldrich.json,ap
1687252347.402587000,11,rover_ap_2x2_n1_1fp_1sp_aldrich.json,ap
1687252347.402846000,12,rover_ap_2x2_n1_1fp_1sp_aldrich.json,ap
1687252347.403133000,13,rover_ap_2x2_n1_1fp_1sp_aldrich.json,ap
1687252347.403434000,14,rover_ap_2x2_n1_1fp_1sp_aldrich.json,ap
1687252347.403713000,15,rover_ap_2x2_n1_1fp_1sp_aldrich.json,ap
1687252348.422739000,0,rover_ap_2x2_n1_1fp_1sp_aldrich.json,ap
1687252348.423016000,1,rover_ap_2x2_n1_1fp_1sp_aldrich.json,ap
1687252348.423376000,2,rover_ap_2x2_n1_1fp_1sp_aldrich.json,ap
1687252348.423640000,3,rover_ap_2x2_n1_1fp_1sp_aldrich.json,ap
1687252348.423903000,4,rover_ap_2x2_n1_1fp_1sp_aldrich.json,ap
1687252348.424186000,5,rover_ap_2x2_n1_1fp_1sp_aldrich.json,ap
1687252348.424471000,6,rover_ap_2x2_n1_1fp_1sp_aldrich.json,ap
1687252348.424753000,7,rover_ap_2x2_n1_1fp_1sp_aldrich.json,ap
1687252348.425184000,8,rover_ap_2x2_n1_1fp_1sp_aldrich.json,ap
1687252348.425556000,9,rover_ap_2x2_n1_1fp_1sp_aldrich.json,ap
1687252348.426730000,10,rover_ap_2x2_n1_1fp_1sp_aldrich.json,ap
1687252349.445837000,0,rover_ap_2x2_n1_1fp_1sp_aldrich.json,ap
1687252349.446105000,1,rover_ap_2x2_n1_1fp_1sp_aldrich.json,ap
1687252349.446363000,2,rover_ap_2x2_n1_1fp_1sp_aldrich.json,ap
1687252349.446972000,3,rover_ap_2x2_n1_1fp_1sp_aldrich.json,ap
1687252349.447258000,4,rover_ap_2x2_n1_1fp_1sp_aldrich.json,ap
1687252349.447544000,5,rover_ap_2x2_n1_1fp_1sp_aldrich.json,ap
1687252349.447827000,6,rover_ap_2x2_n1_1fp_1sp_aldrich.json,ap
1687252349.448107000,7,rover_ap_2x2_n1_1fp_1sp_aldrich.json,ap
1687252349.448385000,8,rover_ap_2x2_n1_1fp_1sp_aldrich.json,ap
1687252349.448717000,9,rover_ap_2x2_n1_1fp_1sp_aldrich.json,ap
1687252350.470810000,0,rover_ap_2x2_n1_1fp_1sp_aldrich.json,ap
1687252350.471087000,1,rover_ap_2x2_n1_1fp_1sp_aldrich.json,ap
1687252350.471352000,2,rover_ap_2x2_n1_1fp_1sp_aldrich.json,ap
1687252350.471881000,3,rover_ap_2x2_n1_1fp_1sp_aldrich.json,ap
1687252350.472286000,4,rover_ap_2x2_n1_1fp_1sp_aldrich.json,ap
1687252350.472686000,5,rover_ap_2x2_n1_1fp_1sp_aldrich.json,ap
1687252350.472980000,6,rover_ap_2x2_n1_1fp_1sp_aldrich.json,ap
1687252350.473248000,7,rover_ap_2x2_n1_1fp_1sp_aldrich.json,ap
1687252350.473650000,8,rover_ap_2x2_n1_1fp_1sp_aldrich.json,ap
1687252350.474833000,9,rover_ap_2x2_n1_1fp_1sp_aldrich.json,ap
1687252350.475127000,10,rover_ap_2x2_n1_1fp_1sp_aldrich.json,ap
1687252350.475395000,11,rover_ap_2x2_n1_1fp_1sp_aldrich.json,ap
1687252351.498568000,0,rover_ap_2x2_n1_1fp_1sp_aldrich.json,ap
1687252351.498856000,1,rover_ap_2x2_n1_1fp_1sp_aldrich.json,ap
1687252351.499130000,2,rover_ap_2x2_n1_1fp_1sp_aldrich.json,ap
1687252351.499411000,3,rover_ap_2x2_n1_1fp_1sp_aldrich.json,ap
1687252351.499676000,4,rover_ap_2x2_n1_1fp_1sp_aldrich.json,ap
1687252351.500059000,5,rover_ap_2x2_n1_1fp_1sp_aldrich.json,ap
1687252351.500344000,6,rover_ap_2x2_n1_1fp_1sp_aldrich.json,ap
1687252351.500620000,7,rover_ap_2x2_n1_1fp_1sp_aldrich.json,ap
1687252351.500908000,8,rover_ap_2x2_n1_1fp_1sp_aldrich.json,ap
1687252351.501196000,9,rover_ap_2x2_n1_1fp_1sp_aldrich.json,ap
1687252352.520512000,0,rover_ap_2x2_n1_1fp_1sp_aldrich.json,ap
1687252352.520794000,1,rover_ap_2x2_n1_1fp_1sp_aldrich.json,ap
1687252352.521093000,2,rover_ap_2x2_n1_1fp_1sp_aldrich.json,ap
1687252352.521613000,3,rover_ap_2x2_n1_1fp_1sp_aldrich.json,ap
1687252352.522055000,4,rover_ap_2x2_n1_1fp_1sp_aldrich.json,ap
1687252352.522344000,5,rover_ap_2x2_n1_1fp_1sp_aldrich.json,ap
1687252352.522617000,6,rover_ap_2x2_n1_1fp_1sp_aldrich.json,ap
1687252352.522898000,7,rover_ap_2x2_n1_1fp_1sp_aldrich.json,ap
1687252352.523181000,8,rover_ap_2x2_n1_1fp_1sp_aldrich.json,ap
1687252352.523459000,9,rover_ap_2x2_n1_1fp_1sp_aldrich.json,ap
1687252352.524063000,10,rover_ap_2x2_n1_1fp_1sp_aldrich.json,ap
1687252353.544133000,0,rover_ap_2x2_n1_1fp_1sp_aldrich.json,ap
1687252353.544408000,1,rover_ap_2x2_n1_1fp_1sp_aldrich.json,ap
1687252353.544665000,2,rover_ap_2x2_n1_1fp_1sp_aldrich.json,ap
1687252353.544927000,3,rover_ap_2x2_n1_1fp_1sp_aldrich.json,ap
1687252353.545190000,4,rover_ap_2x2_n1_1fp_1sp_aldrich.json,ap
1687252353.545463000,5,rover_ap_2x2_n1_1fp_1sp_aldrich.json,ap
1687252353.545726000,6,rover_ap_2x2_n1_1fp_1sp_aldrich.json,ap
1687252353.546135000,7,rover_ap_2x2_n1_1fp_1sp_aldrich.json,ap
1687252353.546446000,8,rover_ap_2x2_n1_1fp_1sp_aldrich.json,ap
1687252353.546721000,9,rover_ap_2x2_n1_1fp_1sp_aldrich.json,ap
1687252353.546994000,10,rover_ap_2x2_n1_1fp_1sp_aldrich.json,ap
1687252353.547293000,11,rover_ap_2x2_n1_1fp_1sp_aldrich.json,ap
1687252354.566931000,0,rover_ap_2x2_n1_1fp_1sp_aldrich.json,ap
1687252354.567224000,1,rover_ap_2x2_n1_1fp_1sp_aldrich.json,ap
1687252354.567496000,2,rover_ap_2x2_n1_1fp_1sp_aldrich.json,ap
1687252354.568334000,3,rover_ap_2x2_n1_1fp_1sp_aldrich.json,ap
1687252354.568646000,4,rover_ap_2x2_n1_1fp_1sp_aldrich.json,ap
1687252354.568927000,5,rover_ap_2x2_n1_1fp_1sp_aldrich.json,ap
1687252354.569221000,6,rover_ap_2x2_n1_1fp_1sp_aldrich.json,ap
1687252354.569500000,7,rover_ap_2x2_n1_1fp_1sp_aldrich.json,ap
1687252354.569777000,8,rover_ap_2x2_n1_1fp_1sp_aldrich.json,ap
1687252354.570926000,9,rover_ap_2x2_n1_1fp_1sp_aldrich.json,ap
1687252355.593005000,0,rover_ap_2x2_n1_1fp_1sp_aldrich.json,ap
1687252355.593354000,1,rover_ap_2x2_n1_1fp_1sp_aldrich.json,ap
1687252355.593664000,2,rover_ap_2x2_n1_1fp_1sp_aldrich.json,ap
1687252355.593965000,3,rover_ap_2x2_n1_1fp_1sp_aldrich.json,ap
1687252355.594331000,4,rover_ap_2x2_n1_1fp_1sp_aldrich.json,ap
1687252355.594654000,5,rover_ap_2x2_n1_1fp_1sp_aldrich.json,ap
1687252355.595102000,6,rover_ap_2x2_n1_1fp_1sp_aldrich.json,ap
1687252355.595451000,7,rover_ap_2x2_n1_1fp_1sp_aldrich.json,ap
1687252355.595893000,8,rover_ap_2x2_n1_1fp_1sp_aldrich.json,ap
1687252355.596192000,9,rover_ap_2x2_n1_1fp_1sp_aldrich.json,ap
1687252355.596493000,10,rover_ap_2x2_n1_1fp_1sp_aldrich.json,ap
1687252356.616918000,0,rover_ap_2x2_n1_1fp_1sp_aldrich.json,ap
1687252356.617285000,1,rover_ap_2x2_n1_1fp_1sp_aldrich.json,ap
1687252356.617647000,2,rover_ap_2x2_n1_1fp_1sp_aldrich.json,ap
1687252356.618048000,3,rover_ap_2x2_n1_1fp_1sp_aldrich.json,ap
1687252356.618379000,4,rover_ap_2x2_n1_1fp_1sp_aldrich.json,ap
1687252356.618717000,5,rover_ap_2x2_n1_1fp_1sp_aldrich.json,ap
1687252356.619144000,6,rover_ap_2x2_n1_1fp_1sp_aldrich.json,ap
1687252357.640990000,0,rover_ap_2x2_n1_1fp_1sp_aldrich.json,ap
1687252357.641265000,1,rover_ap_2x2_n1_1fp_1sp_aldrich.json,ap
1687252357.641595000,2,rover_ap_2x2_n1_1fp_1sp_aldrich.json,ap
1687252357.641889000,3,rover_ap_2x2_n1_1fp_1sp_aldrich.json,ap
1687252357.642156000,4,rover_ap_2x2_n1_1fp_1sp_aldrich.json,ap
1687252357.642424000,5,rover_ap_2x2_n1_1fp_1sp_aldrich.json,ap
1687252357.642688000,6,rover_ap_2x2_n1_1fp_1sp_aldrich.json,ap
1687252357.642949000,7,rover_ap_2x2_n1_1fp_1sp_aldrich.json,ap
1687252357.643359000,8,rover_ap_2x2_n1_1fp_1sp_aldrich.json,ap
1687252358.661618000,0,rover_ap_2x2_n1_1fp_1sp_aldrich.json,ap
1687252358.662061000,1,rover_ap_2x2_n1_1fp_1sp_aldrich.json,ap
1687252358.662339000,2,rover_ap_2x2_n1_1fp_1sp_aldrich.json,ap
1687252358.662622000,3,rover_ap_2x2_n1_1fp_1sp_aldrich.json,ap
1687252358.662899000,4,rover_ap_2x2_n1_1fp_1sp_aldrich.json,ap
1687252358.663197000,5,rover_ap_2x2_n1_1fp_1sp_aldrich.json,ap
1687252358.663503000,6,rover_ap_2x2_n1_1fp_1sp_aldrich.json,ap
1687252358.663792000,7,rover_ap_2x2_n1_1fp_1sp_aldrich.json,ap
1687252358.664077000,8,rover_ap_2x2_n1_1fp_1sp_aldrich.json,ap
1687252358.664356000,9,rover_ap_2x2_n1_1fp_1sp_aldrich.json,ap
1687252359.688893000,0,rover_ap_2x2_n1_1fp_1sp_aldrich.json,ap
1687252359.689194000,1,rover_ap_2x2_n1_1fp_1sp_aldrich.json,ap
1687252359.689464000,2,rover_ap_2x2_n1_1fp_1sp_aldrich.json,ap
1687252359.689742000,3,rover_ap_2x2_n1_1fp_1sp_aldrich.json,ap
1687252359.690023000,4,rover_ap_2x2_n1_1fp_1sp_aldrich.json,ap
1687252359.690296000,5,rover_ap_2x2_n1_1fp_1sp_aldrich.json,ap
1687252359.690571000,6,rover_ap_2x2_n1_1fp_1sp_aldrich.json,ap
1687252360.715165000,0,rover_ap_2x2_n1_1fp_1sp_aldrich.json,ap
1687252360.715433000,1,rover_ap_2x2_n1_1fp_1sp_aldrich.json,ap
1687252360.715702000,2,rover_ap_2x2_n1_1fp_1sp_aldrich.json,ap
1687252360.715964000,3,rover_ap_2x2_n1_1fp_1sp_aldrich.json,ap
1687252360.716296000,4,rover_ap_2x2_n1_1fp_1sp_aldrich.json,ap
1687252360.716623000,5,rover_ap_2x2_n1_1fp_1sp_aldrich.json,ap
1687252360.716978000,6,rover_ap_2x2_n1_1fp_1sp_aldrich.json,ap
1687252360.717302000,7,rover_ap_2x2_n1_1fp_1sp_aldrich.json,ap
1687252360.717762000,8,rover_ap_2x2_n1_1fp_1sp_aldrich.json,ap
1687252360.718023000,9,rover_ap_2x2_n1_1fp_1sp_aldrich.json,ap
1687252361.741716000,0,rover_ap_2x2_n1_1fp_1sp_aldrich.json,ap
1687252361.742041000,1,rover_ap_2x2_n1_1fp_1sp_aldrich.json,ap
1687252361.742369000,2,rover_ap_2x2_n1_1fp_1sp_aldrich.json,ap
1687252361.742683000,3,rover_ap_2x2_n1_1fp_1sp_aldrich.json,ap
1687252361.742995000,4,rover_ap_2x2_n1_1fp_1sp_aldrich.json,ap
1687252361.743317000,5,rover_ap_2x2_n1_1fp_1sp_aldrich.json,ap
1687252361.743619000,6,rover_ap_2x2_n1_1fp_1sp_aldrich.json,ap
1687252361.743962000,7,rover_ap_2x2_n1_1fp_1sp_aldrich.json,ap
1687252361.744253000,8,rover_ap_2x2_n1_1fp_1sp_aldrich.json,ap
1687252362.766579000,0,rover_ap_2x2_n1_1fp_1sp_aldrich.json,ap
1687252362.766848000,1,rover_ap_2x2_n1_1fp_1sp_aldrich.json,ap
1687252362.767114000,2,rover_ap_2x2_n1_1fp_1sp_aldrich.json,ap
1687252362.767376000,3,rover_ap_2x2_n1_1fp_1sp_aldrich.json,ap
1687252362.767703000,4,rover_ap_2x2_n1_1fp_1sp_aldrich.json,ap
1687252362.768064000,5,rover_ap_2x2_n1_1fp_1sp_aldrich.json,ap
1687252362.768384000,6,rover_ap_2x2_n1_1fp_1sp_aldrich.json,ap
1687252362.768722000,7,rover_ap_2x2_n1_1fp_1sp_aldrich.json,ap
1687252362.769196000,8,rover_ap_2x2_n1_1fp_1sp_aldrich.json,ap
1687252362.769474000,9,rover_ap_2x2_n1_1fp_1sp_aldrich.json,ap
1687252363.790436000,0,rover_ap_2x2_n1_1fp_1sp_aldrich.json,ap
1687252363.790722000,1,rover_ap_2x2_n1_1fp_1sp_aldrich.json,ap
1687252363.790994000,2,rover_ap_2x2_n1_1fp_1sp_aldrich.json,ap
1687252363.791379000,3,rover_ap_2x2_n1_1fp_1sp_aldrich.json,ap
1687252363.791874000,4,rover_ap_2x2_n1_1fp_1sp_aldrich.json,ap
1687252363.792158000,5,rover_ap_2x2_n1_1fp_1sp_aldrich.json,ap
1687252363.792441000,6,rover_ap_2x2_n1_1fp_1sp_aldrich.json,ap
1687252364.811737000,0,rover_ap_2x2_n1_1fp_1sp_aldrich.json,ap
1687252364.812048000,1,rover_ap_2x2_n1_1fp_1sp_aldrich.json,ap
1687252364.812319000,2,rover_ap_2x2_n1_1fp_1sp_aldrich.json,ap
1687252364.812588000,3,rover_ap_2x2_n1_1fp_1sp_aldrich.json,ap
1687252364.813023000,4,rover_ap_2x2_n1_1fp_1sp_aldrich.json,ap
1687252364.813294000,5,rover_ap_2x2_n1_1fp_1sp_aldrich.json,ap
1687252364.813619000,6,rover_ap_2x2_n1_1fp_1sp_aldrich.json,ap
1687252364.813937000,7,rover_ap_2x2_n1_1fp_1sp_aldrich.json,ap
1687252364.814411000,8,rover_ap_2x2_n1_1fp_1sp_aldrich.json,ap
1687252364.814680000,9,rover_ap_2x2_n1_1fp_1sp_aldrich.json,ap
1687252364.815351000,10,rover_ap_2x2_n1_1fp_1sp_aldrich.json,ap
1687252364.815677000,11,rover_ap_2x2_n1_1fp_1sp_aldrich.json,ap
1687252364.816190000,12,rover_ap_2x2_n1_1fp_1sp_aldrich.json,ap
1687252365.835228000,0,rover_ap_2x2_n1_1fp_1sp_aldrich.json,ap
1687252365.835491000,1,rover_ap_2x2_n1_1fp_1sp_aldrich.json,ap
1687252365.835759000,2,rover_ap_2x2_n1_1fp_1sp_aldrich.json,ap
1687252365.836021000,3,rover_ap_2x2_n1_1fp_1sp_aldrich.json,ap
1687252365.836375000,4,rover_ap_2x2_n1_1fp_1sp_aldrich.json,ap
1687252365.836646000,5,rover_ap_2x2_n1_1fp_1sp_aldrich.json,ap
1687252365.836924000,6,rover_ap_2x2_n1_1fp_1sp_aldrich.json,ap
1687252365.837313000,7,rover_ap_2x2_n1_1fp_1sp_aldrich.json,ap
1687252365.837847000,8,rover_ap_2x2_n1_1fp_1sp_aldrich.json,ap
1687252365.838122000,9,rover_ap_2x2_n1_1fp_1sp_aldrich.json,ap
1687252365.838395000,10,rover_ap_2x2_n1_1fp_1sp_aldrich.json,ap
1687252366.860634000,0,rover_ap_2x2_n1_1fp_1sp_aldrich.json,ap
1687252366.860918000,1,rover_ap_2x2_n1_1fp_1sp_aldrich.json,ap
1687252366.861186000,2,rover_ap_2x2_n1_1fp_1sp_aldrich.json,ap
1687252366.861448000,3,rover_ap_2x2_n1_1fp_1sp_aldrich.json,ap
1687252366.861977000,4,rover_ap_2x2_n1_1fp_1sp_aldrich.json,ap
1687252366.862291000,5,rover_ap_2x2_n1_1fp_1sp_aldrich.json,ap
1687252366.862598000,6,rover_ap_2x2_n1_1fp_1sp_aldrich.json,ap
1687252366.862907000,7,rover_ap_2x2_n1_1fp_1sp_aldrich.json,ap
1687252366.863371000,8,rover_ap_2x2_n1_1fp_1sp_aldrich.json,ap
1687252366.863644000,9,rover_ap_2x2_n1_1fp_1sp_aldrich.json,ap
1687252367.885048000,0,rover_ap_2x2_n1_1fp_1sp_aldrich.json,ap
1687252367.885347000,1,rover_ap_2x2_n1_1fp_1sp_aldrich.json,ap
1687252367.885621000,2,rover_ap_2x2_n1_1fp_1sp_aldrich.json,ap
1687252367.885972000,3,rover_ap_2x2_n1_1fp_1sp_aldrich.json,ap
1687252367.886339000,4,rover_ap_2x2_n1_1fp_1sp_aldrich.json,ap
1687252367.886620000,5,rover_ap_2x2_n1_1fp_1sp_aldrich.json,ap
1687252367.886992000,6,rover_ap_2x2_n1_1fp_1sp_aldrich.json,ap
1687252367.887266000,7,rover_ap_2x2_n1_1fp_1sp_aldrich.json,ap
1687252367.887762000,8,rover_ap_2x2_n1_1fp_1sp_aldrich.json,ap
1687252367.888241000,9,rover_ap_2x2_n1_1fp_1sp_aldrich.json,ap
1687252368.905566000,0,rover_ap_2x2_n1_1fp_1sp_aldrich.json,ap
1687252368.905883000,1,rover_ap_2x2_n1_1fp_1sp_aldrich.json,ap
1687252368.906192000,2,rover_ap_2x2_n1_1fp_1sp_aldrich.json,ap
1687252368.906491000,3,rover_ap_2x2_n1_1fp_1sp_aldrich.json,ap
1687252368.906804000,4,rover_ap_2x2_n1_1fp_1sp_aldrich.json,ap
1687252368.907095000,5,rover_ap_2x2_n1_1fp_1sp_aldrich.json,ap
1687252368.907387000,6,rover_ap_2x2_n1_1fp_1sp_aldrich.json,ap
1687252368.907713000,7,rover_ap_2x2_n1_1fp_1sp_aldrich.json,ap
1687252368.908006000,8,rover_ap_2x2_n1_1fp_1sp_aldrich.json,ap
1687252368.908305000,9,rover_ap_2x2_n1_1fp_1sp_aldrich.json,ap
1687252368.909291000,10,rover_ap_2x2_n1_1fp_1sp_aldrich.json,ap
1687252369.929507000,0,rover_ap_2x2_n1_1fp_1sp_aldrich.json,ap
1687252369.929772000,1,rover_ap_2x2_n1_1fp_1sp_aldrich.json,ap
1687252369.930031000,2,rover_ap_2x2_n1_1fp_1sp_aldrich.json,ap
1687252369.930335000,3,rover_ap_2x2_n1_1fp_1sp_aldrich.json,ap
1687252369.930651000,4,rover_ap_2x2_n1_1fp_1sp_aldrich.json,ap
1687252369.930926000,5,rover_ap_2x2_n1_1fp_1sp_aldrich.json,ap
1687252369.931293000,6,rover_ap_2x2_n1_1fp_1sp_aldrich.json,ap
1687252369.931756000,7,rover_ap_2x2_n1_1fp_1sp_aldrich.json,ap
1687252369.932190000,8,rover_ap_2x2_n1_1fp_1sp_aldrich.json,ap
1687252369.932572000,9,rover_ap_2x2_n1_1fp_1sp_aldrich.json,ap
1687252370.952822000,0,rover_ap_2x2_n1_1fp_1sp_aldrich.json,ap
1687252370.953095000,1,rover_ap_2x2_n1_1fp_1sp_aldrich.json,ap
1687252370.953368000,2,rover_ap_2x2_n1_1fp_1sp_aldrich.json,ap
1687252370.953740000,3,rover_ap_2x2_n1_1fp_1sp_aldrich.json,ap
1687252370.954073000,4,rover_ap_2x2_n1_1fp_1sp_aldrich.json,ap
1687252370.954393000,5,rover_ap_2x2_n1_1fp_1sp_aldrich.json,ap
1687252370.954668000,6,rover_ap_2x2_n1_1fp_1sp_aldrich.json,ap
1687252370.955013000,7,rover_ap_2x2_n1_1fp_1sp_aldrich.json,ap
1687252371.975430000,0,rover_ap_2x2_n1_1fp_1sp_aldrich.json,ap
1687252371.975696000,1,rover_ap_2x2_n1_1fp_1sp_aldrich.json,ap
1687252371.975961000,2,rover_ap_2x2_n1_1fp_1sp_aldrich.json,ap
1687252371.976217000,3,rover_ap_2x2_n1_1fp_1sp_aldrich.json,ap
1687252371.976812000,4,rover_ap_2x2_n1_1fp_1sp_aldrich.json,ap
1687252371.977307000,5,rover_ap_2x2_n1_1fp_1sp_aldrich.json,ap
1687252371.977648000,6,rover_ap_2x2_n1_1fp_1sp_aldrich.json,ap
1687252371.978007000,7,rover_ap_2x2_n1_1fp_1sp_aldrich.json,ap
1687252372.998596000,0,rover_ap_2x2_n1_1fp_1sp_aldrich.json,ap
1687252372.998870000,1,rover_ap_2x2_n1_1fp_1sp_aldrich.json,ap
1687252372.999122000,2,rover_ap_2x2_n1_1fp_1sp_aldrich.json,ap
1687252372.999375000,3,rover_ap_2x2_n1_1fp_1sp_aldrich.json,ap
1687252372.999796000,4,rover_ap_2x2_n1_1fp_1sp_aldrich.json,ap
1687252373.000118000,5,rover_ap_2x2_n1_1fp_1sp_aldrich.json,ap
1687252373.000383000,6,rover_ap_2x2_n1_1fp_1sp_aldrich.json,ap
1687252374.025882000,0,rover_ap_2x2_n1_1fp_1sp_aldrich.json,ap
1687252374.026157000,1,rover_ap_2x2_n1_1fp_1sp_aldrich.json,ap
1687252374.026414000,2,rover_ap_2x2_n1_1fp_1sp_aldrich.json,ap
1687252374.026731000,3,rover_ap_2x2_n1_1fp_1sp_aldrich.json,ap
1687252374.026995000,4,rover_ap_2x2_n1_1fp_1sp_aldrich.json,ap
1687252374.027327000,5,rover_ap_2x2_n1_1fp_1sp_aldrich.json,ap
1687252374.027618000,6,rover_ap_2x2_n1_1fp_1sp_aldrich.json,ap
1687252375.049899000,0,rover_ap_2x2_n1_1fp_1sp_aldrich.json,ap
1687252375.050180000,1,rover_ap_2x2_n1_1fp_1sp_aldrich.json,ap
1687252375.050453000,2,rover_ap_2x2_n1_1fp_1sp_aldrich.json,ap
1687252375.050727000,3,rover_ap_2x2_n1_1fp_1sp_aldrich.json,ap
1687252375.051097000,4,rover_ap_2x2_n1_1fp_1sp_aldrich.json,ap
1687252375.051429000,5,rover_ap_2x2_n1_1fp_1sp_aldrich.json,ap
1687252375.051827000,6,rover_ap_2x2_n1_1fp_1sp_aldrich.json,ap
1687252376.071640000,0,rover_ap_2x2_n1_1fp_1sp_aldrich.json,ap
1687252376.071955000,1,rover_ap_2x2_n1_1fp_1sp_aldrich.json,ap
1687252376.072277000,2,rover_ap_2x2_n1_1fp_1sp_aldrich.json,ap
1687252376.072602000,3,rover_ap_2x2_n1_1fp_1sp_aldrich.json,ap
1687252376.072884000,4,rover_ap_2x2_n1_1fp_1sp_aldrich.json,ap
1687252376.073245000,5,rover_ap_2x2_n1_1fp_1sp_aldrich.json,ap
1687252376.073509000,6,rover_ap_2x2_n1_1fp_1sp_aldrich.json,ap
1687252376.073949000,7,rover_ap_2x2_n1_1fp_1sp_aldrich.json,ap
1687252377.095508000,0,rover_ap_2x2_n1_1fp_1sp_aldrich.json,ap
1687252377.096133000,1,rover_ap_2x2_n1_1fp_1sp_aldrich.json,ap
1687252377.096818000,2,rover_ap_2x2_n1_1fp_1sp_aldrich.json,ap
1687252377.097712000,3,rover_ap_2x2_n1_1fp_1sp_aldrich.json,ap
1687252378.126996000,0,rover_ap_2x2_n1_1fp_1sp_aldrich.json,ap
1687252378.127598000,1,rover_ap_2x2_n1_1fp_1sp_aldrich.json,ap
1687252378.128171000,2,rover_ap_2x2_n1_1fp_1sp_aldrich.json,ap
1687252378.128758000,3,rover_ap_2x2_n1_1fp_1sp_aldrich.json,ap
1687252378.129338000,4,rover_ap_2x2_n1_1fp_1sp_aldrich.json,ap
1687252379.162820000,0,rover_ap_2x2_n1_1fp_1sp_aldrich.json,ap
1687252379.163601000,1,rover_ap_2x2_n1_1fp_1sp_aldrich.json,ap
1687252379.164157000,2,rover_ap_2x2_n1_1fp_1sp_aldrich.json,ap
1687252379.164854000,3,rover_ap_2x2_n1_1fp_1sp_aldrich.json,ap
