Timestamp,Packet,Scenario,Type
1687250416.942165000,0,rover_ap_4x4_n1_1fps_1sp_aldrich.json,ap
1687250416.942445000,1,rover_ap_4x4_n1_1fps_1sp_aldrich.json,ap
1687250416.942717000,2,rover_ap_4x4_n1_1fps_1sp_aldrich.json,ap
1687250416.942993000,3,rover_ap_4x4_n1_1fps_1sp_aldrich.json,ap
1687250416.943274000,4,rover_ap_4x4_n1_1fps_1sp_aldrich.json,ap
1687250416.943545000,5,rover_ap_4x4_n1_1fps_1sp_aldrich.json,ap
1687250416.943813000,6,rover_ap_4x4_n1_1fps_1sp_aldrich.json,ap
1687250416.944084000,7,rover_ap_4x4_n1_1fps_1sp_aldrich.json,ap
1687250416.944491000,8,rover_ap_4x4_n1_1fps_1sp_aldrich.json,ap
1687250417.964938000,0,rover_ap_4x4_n1_1fps_1sp_aldrich.json,ap
1687250417.965221000,1,rover_ap_4x4_n1_1fps_1sp_aldrich.json,ap
1687250417.965490000,2,rover_ap_4x4_n1_1fps_1sp_aldrich.json,ap
1687250417.965778000,3,rover_ap_4x4_n1_1fps_1sp_aldrich.json,ap
1687250417.966049000,4,rover_ap_4x4_n1_1fps_1sp_aldrich.json,ap
1687250417.966324000,5,rover_ap_4x4_n1_1fps_1sp_aldrich.json,ap
1687250417.966590000,6,rover_ap_4x4_n1_1fps_1sp_aldrich.json,ap
1687250417.966858000,7,rover_ap_4x4_n1_1fps_1sp_aldrich.json,ap
1687250417.967267000,8,rover_ap_4x4_n1_1fps_1sp_aldrich.json,ap
1687250418.987252000,0,rover_ap_4x4_n1_1fps_1sp_aldrich.json,ap
1687250418.987536000,1,rover_ap_4x4_n1_1fps_1sp_aldrich.json,ap
1687250418.987818000,2,rover_ap_4x4_n1_1fps_1sp_aldrich.json,ap
1687250418.988085000,3,rover_ap_4x4_n1_1fps_1sp_aldrich.json,ap
1687250418.988359000,4,rover_ap_4x4_n1_1fps_1sp_aldrich.json,ap
1687250418.988630000,5,rover_ap_4x4_n1_1fps_1sp_aldrich.json,ap
1687250418.988906000,6,rover_ap_4x4_n1_1fps_1sp_aldrich.json,ap
1687250418.989340000,7,rover_ap_4x4_n1_1fps_1sp_aldrich.json,ap
1687250418.989606000,8,rover_ap_4x4_n1_1fps_1sp_aldrich.json,ap
1687250420.009746000,0,rover_ap_4x4_n1_1fps_1sp_aldrich.json,ap
1687250420.010011000,1,rover_ap_4x4_n1_1fps_1sp_aldrich.json,ap
1687250420.010268000,2,rover_ap_4x4_n1_1fps_1sp_aldrich.json,ap
1687250420.010599000,3,rover_ap_4x4_n1_1fps_1sp_aldrich.json,ap
1687250420.010867000,4,rover_ap_4x4_n1_1fps_1sp_aldrich.json,ap
1687250420.011247000,5,rover_ap_4x4_n1_1fps_1sp_aldrich.json,ap
1687250420.011794000,6,rover_ap_4x4_n1_1fps_1sp_aldrich.json,ap
1687250421.034525000,0,rover_ap_4x4_n1_1fps_1sp_aldrich.json,ap
1687250421.034803000,1,rover_ap_4x4_n1_1fps_1sp_aldrich.json,ap
1687250421.035068000,2,rover_ap_4x4_n1_1fps_1sp_aldrich.json,ap
1687250421.035329000,3,rover_ap_4x4_n1_1fps_1sp_aldrich.json,ap
1687250421.035587000,4,rover_ap_4x4_n1_1fps_1sp_aldrich.json,ap
1687250421.035948000,5,rover_ap_4x4_n1_1fps_1sp_aldrich.json,ap
1687250421.036255000,6,rover_ap_4x4_n1_1fps_1sp_aldrich.json,ap
1687250421.036577000,7,rover_ap_4x4_n1_1fps_1sp_aldrich.json,ap
1687250421.037059000,8,rover_ap_4x4_n1_1fps_1sp_aldrich.json,ap
1687250422.059303000,0,rover_ap_4x4_n1_1fps_1sp_aldrich.json,ap
1687250422.059572000,1,rover_ap_4x4_n1_1fps_1sp_aldrich.json,ap
1687250422.059834000,2,rover_ap_4x4_n1_1fps_1sp_aldrich.json,ap
1687250422.060094000,3,rover_ap_4x4_n1_1fps_1sp_aldrich.json,ap
1687250422.060350000,4,rover_ap_4x4_n1_1fps_1sp_aldrich.json,ap
1687250422.060613000,5,rover_ap_4x4_n1_1fps_1sp_aldrich.json,ap
1687250422.060868000,6,rover_ap_4x4_n1_1fps_1sp_aldrich.json,ap
1687250422.061135000,7,rover_ap_4x4_n1_1fps_1sp_aldrich.json,ap
1687250422.061609000,8,rover_ap_4x4_n1_1fps_1sp_aldrich.json,ap
1687250423.078572000,0,rover_ap_4x4_n1_1fps_1sp_aldrich.json,ap
1687250423.078851000,1,rover_ap_4x4_n1_1fps_1sp_aldrich.json,ap
1687250423.079129000,2,rover_ap_4x4_n1_1fps_1sp_aldrich.json,ap
1687250423.079419000,3,rover_ap_4x4_n1_1fps_1sp_aldrich.json,ap
1687250423.079690000,4,rover_ap_4x4_n1_1fps_1sp_aldrich.json,ap
1687250423.079959000,5,rover_ap_4x4_n1_1fps_1sp_aldrich.json,ap
1687250423.080236000,6,rover_ap_4x4_n1_1fps_1sp_aldrich.json,ap
1687250423.080661000,7,rover_ap_4x4_n1_1fps_1sp_aldrich.json,ap
1687250423.080957000,8,rover_ap_4x4_n1_1fps_1sp_aldrich.json,ap
1687250423.081426000,9,rover_ap_4x4_n1_1fps_1sp_aldrich.json,ap
1687250423.082244000,10,rover_ap_4x4_n1_1fps_1sp_aldrich.json,ap
1687250423.082704000,11,rover_ap_4x4_n1_1fps_1sp_aldrich.json,ap
1687250423.083035000,12,rover_ap_4x4_n1_1fps_1sp_aldrich.json,ap
1687250424.103339000,0,rover_ap_4x4_n1_1fps_1sp_aldrich.json,ap
1687250424.103619000,1,rover_ap_4x4_n1_1fps_1sp_aldrich.json,ap
1687250424.104022000,2,rover_ap_4x4_n1_1fps_1sp_aldrich.json,ap
1687250424.104297000,3,rover_ap_4x4_n1_1fps_1sp_aldrich.json,ap
1687250424.104586000,4,rover_ap_4x4_n1_1fps_1sp_aldrich.json,ap
1687250424.104866000,5,rover_ap_4x4_n1_1fps_1sp_aldrich.json,ap
1687250424.105140000,6,rover_ap_4x4_n1_1fps_1sp_aldrich.json,ap
1687250424.105411000,7,rover_ap_4x4_n1_1fps_1sp_aldrich.json,ap
1687250424.105812000,8,rover_ap_4x4_n1_1fps_1sp_aldrich.json,ap
1687250424.106107000,9,rover_ap_4x4_n1_1fps_1sp_aldrich.json,ap
1687250424.106552000,10,rover_ap_4x4_n1_1fps_1sp_aldrich.json,ap
1687250424.106834000,11,rover_ap_4x4_n1_1fps_1sp_aldrich.json,ap
1687250424.107253000,12,rover_ap_4x4_n1_1fps_1sp_aldrich.json,ap
1687250424.107568000,13,rover_ap_4x4_n1_1fps_1sp_aldrich.json,ap
1687250424.107868000,14,rover_ap_4x4_n1_1fps_1sp_aldrich.json,ap
1687250425.128610000,0,rover_ap_4x4_n1_1fps_1sp_aldrich.json,ap
1687250425.128884000,1,rover_ap_4x4_n1_1fps_1sp_aldrich.json,ap
1687250425.129150000,2,rover_ap_4x4_n1_1fps_1sp_aldrich.json,ap
1687250425.129425000,3,rover_ap_4x4_n1_1fps_1sp_aldrich.json,ap
1687250425.129694000,4,rover_ap_4x4_n1_1fps_1sp_aldrich.json,ap
1687250425.129966000,5,rover_ap_4x4_n1_1fps_1sp_aldrich.json,ap
1687250425.130238000,6,rover_ap_4x4_n1_1fps_1sp_aldrich.json,ap
1687250425.130502000,7,rover_ap_4x4_n1_1fps_1sp_aldrich.json,ap
1687250425.130917000,8,rover_ap_4x4_n1_1fps_1sp_aldrich.json,ap
1687250425.131195000,9,rover_ap_4x4_n1_1fps_1sp_aldrich.json,ap
1687250425.131552000,10,rover_ap_4x4_n1_1fps_1sp_aldrich.json,ap
1687250425.131826000,11,rover_ap_4x4_n1_1fps_1sp_aldrich.json,ap
1687250425.132108000,12,rover_ap_4x4_n1_1fps_1sp_aldrich.json,ap
1687250425.132379000,13,rover_ap_4x4_n1_1fps_1sp_aldrich.json,ap
1687250426.153891000,0,rover_ap_4x4_n1_1fps_1sp_aldrich.json,ap
1687250426.154184000,1,rover_ap_4x4_n1_1fps_1sp_aldrich.json,ap
1687250426.154446000,2,rover_ap_4x4_n1_1fps_1sp_aldrich.json,ap
1687250426.154706000,3,rover_ap_4x4_n1_1fps_1sp_aldrich.json,ap
1687250426.154978000,4,rover_ap_4x4_n1_1fps_1sp_aldrich.json,ap
1687250426.155238000,5,rover_ap_4x4_n1_1fps_1sp_aldrich.json,ap
1687250426.155499000,6,rover_ap_4x4_n1_1fps_1sp_aldrich.json,ap
1687250426.155765000,7,rover_ap_4x4_n1_1fps_1sp_aldrich.json,ap
1687250426.156182000,8,rover_ap_4x4_n1_1fps_1sp_aldrich.json,ap
1687250426.156452000,9,rover_ap_4x4_n1_1fps_1sp_aldrich.json,ap
1687250427.176344000,0,rover_ap_4x4_n1_1fps_1sp_aldrich.json,ap
1687250427.176619000,1,rover_ap_4x4_n1_1fps_1sp_aldrich.json,ap
1687250427.176891000,2,rover_ap_4x4_n1_1fps_1sp_aldrich.json,ap
1687250427.177150000,3,rover_ap_4x4_n1_1fps_1sp_aldrich.json,ap
1687250427.177468000,4,rover_ap_4x4_n1_1fps_1sp_aldrich.json,ap
1687250427.177736000,5,rover_ap_4x4_n1_1fps_1sp_aldrich.json,ap
1687250427.178018000,6,rover_ap_4x4_n1_1fps_1sp_aldrich.json,ap
1687250427.178402000,7,rover_ap_4x4_n1_1fps_1sp_aldrich.json,ap
1687250427.178971000,8,rover_ap_4x4_n1_1fps_1sp_aldrich.json,ap
1687250427.179246000,9,rover_ap_4x4_n1_1fps_1sp_aldrich.json,ap
1687250427.179601000,10,rover_ap_4x4_n1_1fps_1sp_aldrich.json,ap
1687250428.235247000,0,rover_ap_4x4_n1_1fps_1sp_aldrich.json,ap
1687250428.235531000,1,rover_ap_4x4_n1_1fps_1sp_aldrich.json,ap
1687250428.235807000,2,rover_ap_4x4_n1_1fps_1sp_aldrich.json,ap
1687250428.236073000,3,rover_ap_4x4_n1_1fps_1sp_aldrich.json,ap
1687250428.236342000,4,rover_ap_4x4_n1_1fps_1sp_aldrich.json,ap
1687250428.236612000,5,rover_ap_4x4_n1_1fps_1sp_aldrich.json,ap
1687250428.236977000,6,rover_ap_4x4_n1_1fps_1sp_aldrich.json,ap
1687250429.266268000,0,rover_ap_4x4_n1_1fps_1sp_aldrich.json,ap
1687250429.266546000,1,rover_ap_4x4_n1_1fps_1sp_aldrich.json,ap
1687250429.266813000,2,rover_ap_4x4_n1_1fps_1sp_aldrich.json,ap
1687250429.267087000,3,rover_ap_4x4_n1_1fps_1sp_aldrich.json,ap
1687250429.267371000,4,rover_ap_4x4_n1_1fps_1sp_aldrich.json,ap
1687250429.267672000,5,rover_ap_4x4_n1_1fps_1sp_aldrich.json,ap
1687250429.267957000,6,rover_ap_4x4_n1_1fps_1sp_aldrich.json,ap
1687250429.268234000,7,rover_ap_4x4_n1_1fps_1sp_aldrich.json,ap
1687250429.268684000,8,rover_ap_4x4_n1_1fps_1sp_aldrich.json,ap
1687250430.289873000,0,rover_ap_4x4_n1_1fps_1sp_aldrich.json,ap
1687250430.290173000,1,rover_ap_4x4_n1_1fps_1sp_aldrich.json,ap
1687250430.290441000,2,rover_ap_4x4_n1_1fps_1sp_aldrich.json,ap
1687250430.290950000,3,rover_ap_4x4_n1_1fps_1sp_aldrich.json,ap
1687250430.291233000,4,rover_ap_4x4_n1_1fps_1sp_aldrich.json,ap
1687250430.291688000,5,rover_ap_4x4_n1_1fps_1sp_aldrich.json,ap
1687250430.292303000,6,rover_ap_4x4_n1_1fps_1sp_aldrich.json,ap
1687250430.294461000,7,rover_ap_4x4_n1_1fps_1sp_aldrich.json,ap
1687250430.294760000,8,rover_ap_4x4_n1_1fps_1sp_aldrich.json,ap
1687250430.295026000,9,rover_ap_4x4_n1_1fps_1sp_aldrich.json,ap
1687250430.295281000,10,rover_ap_4x4_n1_1fps_1sp_aldrich.json,ap
1687250430.295546000,11,rover_ap_4x4_n1_1fps_1sp_aldrich.json,ap
1687250430.295814000,12,rover_ap_4x4_n1_1fps_1sp_aldrich.json,ap
1687250430.297409000,13,rover_ap_4x4_n1_1fps_1sp_aldrich.json,ap
1687250430.297712000,14,rover_ap_4x4_n1_1fps_1sp_aldrich.json,ap
1687250431.318955000,0,rover_ap_4x4_n1_1fps_1sp_aldrich.json,ap
1687250431.319226000,1,rover_ap_4x4_n1_1fps_1sp_aldrich.json,ap
1687250431.319485000,2,rover_ap_4x4_n1_1fps_1sp_aldrich.json,ap
1687250431.319749000,3,rover_ap_4x4_n1_1fps_1sp_aldrich.json,ap
1687250431.320001000,4,rover_ap_4x4_n1_1fps_1sp_aldrich.json,ap
1687250431.320265000,5,rover_ap_4x4_n1_1fps_1sp_aldrich.json,ap
1687250431.320529000,6,rover_ap_4x4_n1_1fps_1sp_aldrich.json,ap
1687250431.320790000,7,rover_ap_4x4_n1_1fps_1sp_aldrich.json,ap
1687250431.321190000,8,rover_ap_4x4_n1_1fps_1sp_aldrich.json,ap
1687250431.322115000,9,rover_ap_4x4_n1_1fps_1sp_aldrich.json,ap
1687250431.322763000,10,rover_ap_4x4_n1_1fps_1sp_aldrich.json,ap
1687250432.342020000,0,rover_ap_4x4_n1_1fps_1sp_aldrich.json,ap
1687250432.342288000,1,rover_ap_4x4_n1_1fps_1sp_aldrich.json,ap
1687250432.342560000,2,rover_ap_4x4_n1_1fps_1sp_aldrich.json,ap
1687250432.342813000,3,rover_ap_4x4_n1_1fps_1sp_aldrich.json,ap
1687250432.343139000,4,rover_ap_4x4_n1_1fps_1sp_aldrich.json,ap
1687250432.343395000,5,rover_ap_4x4_n1_1fps_1sp_aldrich.json,ap
1687250432.343734000,6,rover_ap_4x4_n1_1fps_1sp_aldrich.json,ap
1687250432.344028000,7,rover_ap_4x4_n1_1fps_1sp_aldrich.json,ap
1687250433.364899000,0,rover_ap_4x4_n1_1fps_1sp_aldrich.json,ap
1687250433.365177000,1,rover_ap_4x4_n1_1fps_1sp_aldrich.json,ap
1687250433.365451000,2,rover_ap_4x4_n1_1fps_1sp_aldrich.json,ap
1687250433.365720000,3,rover_ap_4x4_n1_1fps_1sp_aldrich.json,ap
1687250433.365977000,4,rover_ap_4x4_n1_1fps_1sp_aldrich.json,ap
1687250433.366248000,5,rover_ap_4x4_n1_1fps_1sp_aldrich.json,ap
1687250433.366511000,6,rover_ap_4x4_n1_1fps_1sp_aldrich.json,ap
1687250433.366781000,7,rover_ap_4x4_n1_1fps_1sp_aldrich.json,ap
1687250433.367221000,8,rover_ap_4x4_n1_1fps_1sp_aldrich.json,ap
1687250433.367496000,9,rover_ap_4x4_n1_1fps_1sp_aldrich.json,ap
1687250433.367769000,10,rover_ap_4x4_n1_1fps_1sp_aldrich.json,ap
1687250433.368037000,11,rover_ap_4x4_n1_1fps_1sp_aldrich.json,ap
1687250434.388309000,0,rover_ap_4x4_n1_1fps_1sp_aldrich.json,ap
1687250434.388588000,1,rover_ap_4x4_n1_1fps_1sp_aldrich.json,ap
1687250434.388860000,2,rover_ap_4x4_n1_1fps_1sp_aldrich.json,ap
1687250434.389142000,3,rover_ap_4x4_n1_1fps_1sp_aldrich.json,ap
1687250434.389422000,4,rover_ap_4x4_n1_1fps_1sp_aldrich.json,ap
1687250434.389692000,5,rover_ap_4x4_n1_1fps_1sp_aldrich.json,ap
1687250434.389958000,6,rover_ap_4x4_n1_1fps_1sp_aldrich.json,ap
1687250434.390225000,7,rover_ap_4x4_n1_1fps_1sp_aldrich.json,ap
1687250434.390637000,8,rover_ap_4x4_n1_1fps_1sp_aldrich.json,ap
1687250434.390911000,9,rover_ap_4x4_n1_1fps_1sp_aldrich.json,ap
1687250434.391421000,10,rover_ap_4x4_n1_1fps_1sp_aldrich.json,ap
1687250434.391869000,11,rover_ap_4x4_n1_1fps_1sp_aldrich.json,ap
1687250434.392170000,12,rover_ap_4x4_n1_1fps_1sp_aldrich.json,ap
1687250435.410627000,0,rover_ap_4x4_n1_1fps_1sp_aldrich.json,ap
1687250435.410893000,1,rover_ap_4x4_n1_1fps_1sp_aldrich.json,ap
1687250435.411153000,2,rover_ap_4x4_n1_1fps_1sp_aldrich.json,ap
1687250435.411416000,3,rover_ap_4x4_n1_1fps_1sp_aldrich.json,ap
1687250435.411903000,4,rover_ap_4x4_n1_1fps_1sp_aldrich.json,ap
1687250435.412188000,5,rover_ap_4x4_n1_1fps_1sp_aldrich.json,ap
1687250435.412581000,6,rover_ap_4x4_n1_1fps_1sp_aldrich.json,ap
1687250435.413004000,7,rover_ap_4x4_n1_1fps_1sp_aldrich.json,ap
1687250435.413561000,8,rover_ap_4x4_n1_1fps_1sp_aldrich.json,ap
1687250435.413918000,9,rover_ap_4x4_n1_1fps_1sp_aldrich.json,ap
1687250435.414200000,10,rover_ap_4x4_n1_1fps_1sp_aldrich.json,ap
1687250436.436617000,0,rover_ap_4x4_n1_1fps_1sp_aldrich.json,ap
1687250436.436887000,1,rover_ap_4x4_n1_1fps_1sp_aldrich.json,ap
1687250436.437150000,2,rover_ap_4x4_n1_1fps_1sp_aldrich.json,ap
1687250436.437410000,3,rover_ap_4x4_n1_1fps_1sp_aldrich.json,ap
1687250436.437671000,4,rover_ap_4x4_n1_1fps_1sp_aldrich.json,ap
1687250436.437933000,5,rover_ap_4x4_n1_1fps_1sp_aldrich.json,ap
1687250436.438204000,6,rover_ap_4x4_n1_1fps_1sp_aldrich.json,ap
1687250436.438477000,7,rover_ap_4x4_n1_1fps_1sp_aldrich.json,ap
1687250436.438880000,8,rover_ap_4x4_n1_1fps_1sp_aldrich.json,ap
1687250436.439411000,9,rover_ap_4x4_n1_1fps_1sp_aldrich.json,ap
1687250437.458950000,0,rover_ap_4x4_n1_1fps_1sp_aldrich.json,ap
1687250437.459220000,1,rover_ap_4x4_n1_1fps_1sp_aldrich.json,ap
1687250437.459490000,2,rover_ap_4x4_n1_1fps_1sp_aldrich.json,ap
1687250437.459745000,3,rover_ap_4x4_n1_1fps_1sp_aldrich.json,ap
1687250437.459994000,4,rover_ap_4x4_n1_1fps_1sp_aldrich.json,ap
1687250437.460262000,5,rover_ap_4x4_n1_1fps_1sp_aldrich.json,ap
1687250437.460558000,6,rover_ap_4x4_n1_1fps_1sp_aldrich.json,ap
1687250437.461775000,7,rover_ap_4x4_n1_1fps_1sp_aldrich.json,ap
1687250437.462074000,8,rover_ap_4x4_n1_1fps_1sp_aldrich.json,ap
1687250437.462343000,9,rover_ap_4x4_n1_1fps_1sp_aldrich.json,ap
1687250437.462616000,10,rover_ap_4x4_n1_1fps_1sp_aldrich.json,ap
1687250437.462902000,11,rover_ap_4x4_n1_1fps_1sp_aldrich.json,ap
1687250437.463181000,12,rover_ap_4x4_n1_1fps_1sp_aldrich.json,ap
1687250438.485376000,0,rover_ap_4x4_n1_1fps_1sp_aldrich.json,ap
1687250438.485646000,1,rover_ap_4x4_n1_1fps_1sp_aldrich.json,ap
1687250438.485914000,2,rover_ap_4x4_n1_1fps_1sp_aldrich.json,ap
1687250438.486172000,3,rover_ap_4x4_n1_1fps_1sp_aldrich.json,ap
1687250438.486433000,4,rover_ap_4x4_n1_1fps_1sp_aldrich.json,ap
1687250438.486699000,5,rover_ap_4x4_n1_1fps_1sp_aldrich.json,ap
1687250438.486966000,6,rover_ap_4x4_n1_1fps_1sp_aldrich.json,ap
1687250438.487242000,7,rover_ap_4x4_n1_1fps_1sp_aldrich.json,ap
1687250438.487665000,8,rover_ap_4x4_n1_1fps_1sp_aldrich.json,ap
1687250439.508980000,0,rover_ap_4x4_n1_1fps_1sp_aldrich.json,ap
1687250439.509252000,1,rover_ap_4x4_n1_1fps_1sp_aldrich.json,ap
1687250439.509529000,2,rover_ap_4x4_n1_1fps_1sp_aldrich.json,ap
1687250439.509883000,3,rover_ap_4x4_n1_1fps_1sp_aldrich.json,ap
1687250439.510142000,4,rover_ap_4x4_n1_1fps_1sp_aldrich.json,ap
1687250439.510416000,5,rover_ap_4x4_n1_1fps_1sp_aldrich.json,ap
1687250439.510720000,6,rover_ap_4x4_n1_1fps_1sp_aldrich.json,ap
1687250439.511134000,7,rover_ap_4x4_n1_1fps_1sp_aldrich.json,ap
1687250439.511438000,8,rover_ap_4x4_n1_1fps_1sp_aldrich.json,ap
1687250439.511934000,9,rover_ap_4x4_n1_1fps_1sp_aldrich.json,ap
1687250439.512215000,10,rover_ap_4x4_n1_1fps_1sp_aldrich.json,ap
1687250439.512488000,11,rover_ap_4x4_n1_1fps_1sp_aldrich.json,ap
1687250439.512766000,12,rover_ap_4x4_n1_1fps_1sp_aldrich.json,ap
1687250439.513063000,13,rover_ap_4x4_n1_1fps_1sp_aldrich.json,ap
1687250439.513362000,14,rover_ap_4x4_n1_1fps_1sp_aldrich.json,ap
1687250440.544201000,0,rover_ap_4x4_n1_1fps_1sp_aldrich.json,ap
1687250440.544469000,1,rover_ap_4x4_n1_1fps_1sp_aldrich.json,ap
1687250440.544741000,2,rover_ap_4x4_n1_1fps_1sp_aldrich.json,ap
1687250440.545013000,3,rover_ap_4x4_n1_1fps_1sp_aldrich.json,ap
1687250440.545291000,4,rover_ap_4x4_n1_1fps_1sp_aldrich.json,ap
1687250440.545676000,5,rover_ap_4x4_n1_1fps_1sp_aldrich.json,ap
1687250440.545947000,6,rover_ap_4x4_n1_1fps_1sp_aldrich.json,ap
1687250440.546496000,7,rover_ap_4x4_n1_1fps_1sp_aldrich.json,ap
1687250440.546779000,8,rover_ap_4x4_n1_1fps_1sp_aldrich.json,ap
1687250440.547165000,9,rover_ap_4x4_n1_1fps_1sp_aldrich.json,ap
1687250440.547443000,10,rover_ap_4x4_n1_1fps_1sp_aldrich.json,ap
1687250440.547845000,11,rover_ap_4x4_n1_1fps_1sp_aldrich.json,ap
1687250440.548123000,12,rover_ap_4x4_n1_1fps_1sp_aldrich.json,ap
1687250440.548401000,13,rover_ap_4x4_n1_1fps_1sp_aldrich.json,ap
1687250440.548796000,14,rover_ap_4x4_n1_1fps_1sp_aldrich.json,ap
1687250440.549073000,15,rover_ap_4x4_n1_1fps_1sp_aldrich.json,ap
1687250440.549672000,16,rover_ap_4x4_n1_1fps_1sp_aldrich.json,ap
1687250440.549979000,17,rover_ap_4x4_n1_1fps_1sp_aldrich.json,ap
1687250440.550384000,18,rover_ap_4x4_n1_1fps_1sp_aldrich.json,ap
1687250440.550693000,19,rover_ap_4x4_n1_1fps_1sp_aldrich.json,ap
1687250440.550994000,20,rover_ap_4x4_n1_1fps_1sp_aldrich.json,ap
1687250440.551392000,21,rover_ap_4x4_n1_1fps_1sp_aldrich.json,ap
1687250440.551986000,22,rover_ap_4x4_n1_1fps_1sp_aldrich.json,ap
1687250440.552315000,23,rover_ap_4x4_n1_1fps_1sp_aldrich.json,ap
1687250440.552623000,24,rover_ap_4x4_n1_1fps_1sp_aldrich.json,ap
1687250440.552934000,25,rover_ap_4x4_n1_1fps_1sp_aldrich.json,ap
1687250440.553383000,26,rover_ap_4x4_n1_1fps_1sp_aldrich.json,ap
1687250440.553756000,27,rover_ap_4x4_n1_1fps_1sp_aldrich.json,ap
1687250440.554178000,28,rover_ap_4x4_n1_1fps_1sp_aldrich.json,ap
1687250440.554486000,29,rover_ap_4x4_n1_1fps_1sp_aldrich.json,ap
1687250440.559192000,30,rover_ap_4x4_n1_1fps_1sp_aldrich.json,ap
1687250440.559505000,31,rover_ap_4x4_n1_1fps_1sp_aldrich.json,ap
1687250440.560160000,32,rover_ap_4x4_n1_1fps_1sp_aldrich.json,ap
1687250440.560441000,33,rover_ap_4x4_n1_1fps_1sp_aldrich.json,ap
1687250440.560772000,34,rover_ap_4x4_n1_1fps_1sp_aldrich.json,ap
1687250440.561040000,35,rover_ap_4x4_n1_1fps_1sp_aldrich.json,ap
1687250440.561496000,36,rover_ap_4x4_n1_1fps_1sp_aldrich.json,ap
1687250440.561971000,37,rover_ap_4x4_n1_1fps_1sp_aldrich.json,ap
1687250440.562328000,38,rover_ap_4x4_n1_1fps_1sp_aldrich.json,ap
1687250440.562596000,39,rover_ap_4x4_n1_1fps_1sp_aldrich.json,ap
1687250440.562875000,40,rover_ap_4x4_n1_1fps_1sp_aldrich.json,ap
1687250441.579346000,0,rover_ap_4x4_n1_1fps_1sp_aldrich.json,ap
1687250441.579627000,1,rover_ap_4x4_n1_1fps_1sp_aldrich.json,ap
1687250441.579905000,2,rover_ap_4x4_n1_1fps_1sp_aldrich.json,ap
1687250441.580186000,3,rover_ap_4x4_n1_1fps_1sp_aldrich.json,ap
1687250441.580472000,4,rover_ap_4x4_n1_1fps_1sp_aldrich.json,ap
1687250441.581391000,5,rover_ap_4x4_n1_1fps_1sp_aldrich.json,ap
1687250441.581804000,6,rover_ap_4x4_n1_1fps_1sp_aldrich.json,ap
1687250441.582158000,7,rover_ap_4x4_n1_1fps_1sp_aldrich.json,ap
1687250441.582463000,8,rover_ap_4x4_n1_1fps_1sp_aldrich.json,ap
1687250441.582769000,9,rover_ap_4x4_n1_1fps_1sp_aldrich.json,ap
1687250441.583077000,10,rover_ap_4x4_n1_1fps_1sp_aldrich.json,ap
1687250441.583366000,11,rover_ap_4x4_n1_1fps_1sp_aldrich.json,ap
1687250441.583800000,12,rover_ap_4x4_n1_1fps_1sp_aldrich.json,ap
1687250441.584134000,13,rover_ap_4x4_n1_1fps_1sp_aldrich.json,ap
1687250441.584438000,14,rover_ap_4x4_n1_1fps_1sp_aldrich.json,ap
1687250441.584778000,15,rover_ap_4x4_n1_1fps_1sp_aldrich.json,ap
1687250441.585096000,16,rover_ap_4x4_n1_1fps_1sp_aldrich.json,ap
1687250441.585400000,17,rover_ap_4x4_n1_1fps_1sp_aldrich.json,ap
1687250441.585708000,18,rover_ap_4x4_n1_1fps_1sp_aldrich.json,ap
1687250441.586014000,19,rover_ap_4x4_n1_1fps_1sp_aldrich.json,ap
1687250441.586307000,20,rover_ap_4x4_n1_1fps_1sp_aldrich.json,ap
1687250441.586607000,21,rover_ap_4x4_n1_1fps_1sp_aldrich.json,ap
1687250441.586901000,22,rover_ap_4x4_n1_1fps_1sp_aldrich.json,ap
1687250441.587224000,23,rover_ap_4x4_n1_1fps_1sp_aldrich.json,ap
1687250441.587518000,24,rover_ap_4x4_n1_1fps_1sp_aldrich.json,ap
1687250441.587841000,25,rover_ap_4x4_n1_1fps_1sp_aldrich.json,ap
1687250441.588157000,26,rover_ap_4x4_n1_1fps_1sp_aldrich.json,ap
1687250441.588463000,27,rover_ap_4x4_n1_1fps_1sp_aldrich.json,ap
1687250441.588764000,28,rover_ap_4x4_n1_1fps_1sp_aldrich.json,ap
1687250441.589083000,29,rover_ap_4x4_n1_1fps_1sp_aldrich.json,ap
1687250441.589404000,30,rover_ap_4x4_n1_1fps_1sp_aldrich.json,ap
1687250441.589726000,31,rover_ap_4x4_n1_1fps_1sp_aldrich.json,ap
1687250441.590274000,32,rover_ap_4x4_n1_1fps_1sp_aldrich.json,ap
1687250441.590555000,33,rover_ap_4x4_n1_1fps_1sp_aldrich.json,ap
1687250441.590820000,34,rover_ap_4x4_n1_1fps_1sp_aldrich.json,ap
1687250441.591089000,35,rover_ap_4x4_n1_1fps_1sp_aldrich.json,ap
1687250441.591363000,36,rover_ap_4x4_n1_1fps_1sp_aldrich.json,ap
1687250441.591947000,37,rover_ap_4x4_n1_1fps_1sp_aldrich.json,ap
1687250441.592235000,38,rover_ap_4x4_n1_1fps_1sp_aldrich.json,ap
1687250441.592515000,39,rover_ap_4x4_n1_1fps_1sp_aldrich.json,ap
1687250441.592783000,40,rover_ap_4x4_n1_1fps_1sp_aldrich.json,ap
1687250442.618174000,0,rover_ap_4x4_n1_1fps_1sp_aldrich.json,ap
1687250442.618452000,1,rover_ap_4x4_n1_1fps_1sp_aldrich.json,ap
1687250442.618822000,2,rover_ap_4x4_n1_1fps_1sp_aldrich.json,ap
1687250442.619085000,3,rover_ap_4x4_n1_1fps_1sp_aldrich.json,ap
1687250442.619355000,4,rover_ap_4x4_n1_1fps_1sp_aldrich.json,ap
1687250442.619635000,5,rover_ap_4x4_n1_1fps_1sp_aldrich.json,ap
1687250442.620050000,6,rover_ap_4x4_n1_1fps_1sp_aldrich.json,ap
1687250442.620469000,7,rover_ap_4x4_n1_1fps_1sp_aldrich.json,ap
1687250442.620757000,8,rover_ap_4x4_n1_1fps_1sp_aldrich.json,ap
1687250442.621027000,9,rover_ap_4x4_n1_1fps_1sp_aldrich.json,ap
1687250442.621284000,10,rover_ap_4x4_n1_1fps_1sp_aldrich.json,ap
1687250442.621645000,11,rover_ap_4x4_n1_1fps_1sp_aldrich.json,ap
1687250442.621983000,12,rover_ap_4x4_n1_1fps_1sp_aldrich.json,ap
1687250442.622246000,13,rover_ap_4x4_n1_1fps_1sp_aldrich.json,ap
1687250442.622532000,14,rover_ap_4x4_n1_1fps_1sp_aldrich.json,ap
1687250442.622822000,15,rover_ap_4x4_n1_1fps_1sp_aldrich.json,ap
1687250442.623097000,16,rover_ap_4x4_n1_1fps_1sp_aldrich.json,ap
1687250442.623370000,17,rover_ap_4x4_n1_1fps_1sp_aldrich.json,ap
1687250443.642898000,0,rover_ap_4x4_n1_1fps_1sp_aldrich.json,ap
1687250443.643180000,1,rover_ap_4x4_n1_1fps_1sp_aldrich.json,ap
1687250443.643448000,2,rover_ap_4x4_n1_1fps_1sp_aldrich.json,ap
1687250443.643705000,3,rover_ap_4x4_n1_1fps_1sp_aldrich.json,ap
1687250443.643980000,4,rover_ap_4x4_n1_1fps_1sp_aldrich.json,ap
1687250443.644255000,5,rover_ap_4x4_n1_1fps_1sp_aldrich.json,ap
1687250443.644528000,6,rover_ap_4x4_n1_1fps_1sp_aldrich.json,ap
1687250443.644803000,7,rover_ap_4x4_n1_1fps_1sp_aldrich.json,ap
1687250443.645210000,8,rover_ap_4x4_n1_1fps_1sp_aldrich.json,ap
1687250444.670181000,0,rover_ap_4x4_n1_1fps_1sp_aldrich.json,ap
1687250444.670452000,1,rover_ap_4x4_n1_1fps_1sp_aldrich.json,ap
1687250444.670715000,2,rover_ap_4x4_n1_1fps_1sp_aldrich.json,ap
1687250444.670982000,3,rover_ap_4x4_n1_1fps_1sp_aldrich.json,ap
1687250444.671248000,4,rover_ap_4x4_n1_1fps_1sp_aldrich.json,ap
1687250444.671663000,5,rover_ap_4x4_n1_1fps_1sp_aldrich.json,ap
1687250444.671952000,6,rover_ap_4x4_n1_1fps_1sp_aldrich.json,ap
1687250444.672361000,7,rover_ap_4x4_n1_1fps_1sp_aldrich.json,ap
1687250444.672645000,8,rover_ap_4x4_n1_1fps_1sp_aldrich.json,ap
1687250444.672910000,9,rover_ap_4x4_n1_1fps_1sp_aldrich.json,ap
1687250444.673167000,10,rover_ap_4x4_n1_1fps_1sp_aldrich.json,ap
1687250445.693457000,0,rover_ap_4x4_n1_1fps_1sp_aldrich.json,ap
1687250445.693728000,1,rover_ap_4x4_n1_1fps_1sp_aldrich.json,ap
1687250445.693998000,2,rover_ap_4x4_n1_1fps_1sp_aldrich.json,ap
1687250445.694263000,3,rover_ap_4x4_n1_1fps_1sp_aldrich.json,ap
1687250445.694518000,4,rover_ap_4x4_n1_1fps_1sp_aldrich.json,ap
1687250445.694793000,5,rover_ap_4x4_n1_1fps_1sp_aldrich.json,ap
1687250445.695076000,6,rover_ap_4x4_n1_1fps_1sp_aldrich.json,ap
1687250445.695358000,7,rover_ap_4x4_n1_1fps_1sp_aldrich.json,ap
1687250445.695794000,8,rover_ap_4x4_n1_1fps_1sp_aldrich.json,ap
1687250445.696280000,9,rover_ap_4x4_n1_1fps_1sp_aldrich.json,ap
1687250445.696569000,10,rover_ap_4x4_n1_1fps_1sp_aldrich.json,ap
1687250445.697389000,11,rover_ap_4x4_n1_1fps_1sp_aldrich.json,ap
1687250446.717704000,0,rover_ap_4x4_n1_1fps_1sp_aldrich.json,ap
1687250446.717973000,1,rover_ap_4x4_n1_1fps_1sp_aldrich.json,ap
1687250446.718250000,2,rover_ap_4x4_n1_1fps_1sp_aldrich.json,ap
1687250446.718515000,3,rover_ap_4x4_n1_1fps_1sp_aldrich.json,ap
1687250446.718794000,4,rover_ap_4x4_n1_1fps_1sp_aldrich.json,ap
1687250446.719069000,5,rover_ap_4x4_n1_1fps_1sp_aldrich.json,ap
1687250446.719340000,6,rover_ap_4x4_n1_1fps_1sp_aldrich.json,ap
1687250446.719608000,7,rover_ap_4x4_n1_1fps_1sp_aldrich.json,ap
1687250446.720035000,8,rover_ap_4x4_n1_1fps_1sp_aldrich.json,ap
1687250447.738871000,0,rover_ap_4x4_n1_1fps_1sp_aldrich.json,ap
1687250447.739143000,1,rover_ap_4x4_n1_1fps_1sp_aldrich.json,ap
1687250447.739420000,2,rover_ap_4x4_n1_1fps_1sp_aldrich.json,ap
1687250447.739690000,3,rover_ap_4x4_n1_1fps_1sp_aldrich.json,ap
1687250447.739968000,4,rover_ap_4x4_n1_1fps_1sp_aldrich.json,ap
1687250447.740246000,5,rover_ap_4x4_n1_1fps_1sp_aldrich.json,ap
1687250447.740595000,6,rover_ap_4x4_n1_1fps_1sp_aldrich.json,ap
1687250447.744424000,7,rover_ap_4x4_n1_1fps_1sp_aldrich.json,ap
1687250447.744859000,8,rover_ap_4x4_n1_1fps_1sp_aldrich.json,ap
1687250447.745131000,9,rover_ap_4x4_n1_1fps_1sp_aldrich.json,ap
1687250447.745411000,10,rover_ap_4x4_n1_1fps_1sp_aldrich.json,ap
1687250447.745764000,11,rover_ap_4x4_n1_1fps_1sp_aldrich.json,ap
1687250447.746149000,12,rover_ap_4x4_n1_1fps_1sp_aldrich.json,ap
1687250447.746448000,13,rover_ap_4x4_n1_1fps_1sp_aldrich.json,ap
1687250447.746748000,14,rover_ap_4x4_n1_1fps_1sp_aldrich.json,ap
1687250447.747099000,15,rover_ap_4x4_n1_1fps_1sp_aldrich.json,ap
1687250447.747716000,16,rover_ap_4x4_n1_1fps_1sp_aldrich.json,ap
1687250447.748018000,17,rover_ap_4x4_n1_1fps_1sp_aldrich.json,ap
1687250447.748397000,18,rover_ap_4x4_n1_1fps_1sp_aldrich.json,ap
1687250448.767464000,0,rover_ap_4x4_n1_1fps_1sp_aldrich.json,ap
1687250448.767745000,1,rover_ap_4x4_n1_1fps_1sp_aldrich.json,ap
1687250448.768008000,2,rover_ap_4x4_n1_1fps_1sp_aldrich.json,ap
1687250448.768270000,3,rover_ap_4x4_n1_1fps_1sp_aldrich.json,ap
1687250448.768547000,4,rover_ap_4x4_n1_1fps_1sp_aldrich.json,ap
1687250448.768932000,5,rover_ap_4x4_n1_1fps_1sp_aldrich.json,ap
1687250448.769223000,6,rover_ap_4x4_n1_1fps_1sp_aldrich.json,ap
1687250448.769761000,7,rover_ap_4x4_n1_1fps_1sp_aldrich.json,ap
1687250448.770054000,8,rover_ap_4x4_n1_1fps_1sp_aldrich.json,ap
1687250448.770422000,9,rover_ap_4x4_n1_1fps_1sp_aldrich.json,ap
1687250448.770686000,10,rover_ap_4x4_n1_1fps_1sp_aldrich.json,ap
1687250449.791227000,0,rover_ap_4x4_n1_1fps_1sp_aldrich.json,ap
1687250449.791583000,1,rover_ap_4x4_n1_1fps_1sp_aldrich.json,ap
1687250449.791849000,2,rover_ap_4x4_n1_1fps_1sp_aldrich.json,ap
1687250449.792110000,3,rover_ap_4x4_n1_1fps_1sp_aldrich.json,ap
1687250449.792470000,4,rover_ap_4x4_n1_1fps_1sp_aldrich.json,ap
1687250449.792814000,5,rover_ap_4x4_n1_1fps_1sp_aldrich.json,ap
1687250449.793073000,6,rover_ap_4x4_n1_1fps_1sp_aldrich.json,ap
1687250449.793362000,7,rover_ap_4x4_n1_1fps_1sp_aldrich.json,ap
1687250449.793865000,8,rover_ap_4x4_n1_1fps_1sp_aldrich.json,ap
1687250449.794323000,9,rover_ap_4x4_n1_1fps_1sp_aldrich.json,ap
1687250450.818649000,0,rover_ap_4x4_n1_1fps_1sp_aldrich.json,ap
1687250450.818928000,1,rover_ap_4x4_n1_1fps_1sp_aldrich.json,ap
1687250450.819209000,2,rover_ap_4x4_n1_1fps_1sp_aldrich.json,ap
1687250450.819488000,3,rover_ap_4x4_n1_1fps_1sp_aldrich.json,ap
1687250450.819760000,4,rover_ap_4x4_n1_1fps_1sp_aldrich.json,ap
1687250450.820034000,5,rover_ap_4x4_n1_1fps_1sp_aldrich.json,ap
1687250450.820314000,6,rover_ap_4x4_n1_1fps_1sp_aldrich.json,ap
1687250450.820620000,7,rover_ap_4x4_n1_1fps_1sp_aldrich.json,ap
1687250450.821056000,8,rover_ap_4x4_n1_1fps_1sp_aldrich.json,ap
1687250450.821332000,9,rover_ap_4x4_n1_1fps_1sp_aldrich.json,ap
1687250450.821811000,10,rover_ap_4x4_n1_1fps_1sp_aldrich.json,ap
1687250450.822314000,11,rover_ap_4x4_n1_1fps_1sp_aldrich.json,ap
1687250450.822750000,12,rover_ap_4x4_n1_1fps_1sp_aldrich.json,ap
1687250450.823065000,13,rover_ap_4x4_n1_1fps_1sp_aldrich.json,ap
1687250450.823366000,14,rover_ap_4x4_n1_1fps_1sp_aldrich.json,ap
1687250450.823682000,15,rover_ap_4x4_n1_1fps_1sp_aldrich.json,ap
1687250450.823982000,16,rover_ap_4x4_n1_1fps_1sp_aldrich.json,ap
1687250450.824286000,17,rover_ap_4x4_n1_1fps_1sp_aldrich.json,ap
1687250450.824606000,18,rover_ap_4x4_n1_1fps_1sp_aldrich.json,ap
1687250450.824924000,19,rover_ap_4x4_n1_1fps_1sp_aldrich.json,ap
1687250450.825241000,20,rover_ap_4x4_n1_1fps_1sp_aldrich.json,ap
1687250450.825550000,21,rover_ap_4x4_n1_1fps_1sp_aldrich.json,ap
1687250450.825852000,22,rover_ap_4x4_n1_1fps_1sp_aldrich.json,ap
1687250450.826194000,23,rover_ap_4x4_n1_1fps_1sp_aldrich.json,ap
1687250450.826489000,24,rover_ap_4x4_n1_1fps_1sp_aldrich.json,ap
1687250450.826785000,25,rover_ap_4x4_n1_1fps_1sp_aldrich.json,ap
1687250450.827282000,26,rover_ap_4x4_n1_1fps_1sp_aldrich.json,ap
1687250450.827598000,27,rover_ap_4x4_n1_1fps_1sp_aldrich.json,ap
1687250450.827934000,28,rover_ap_4x4_n1_1fps_1sp_aldrich.json,ap
1687250451.848208000,0,rover_ap_4x4_n1_1fps_1sp_aldrich.json,ap
1687250451.848481000,1,rover_ap_4x4_n1_1fps_1sp_aldrich.json,ap
1687250451.848760000,2,rover_ap_4x4_n1_1fps_1sp_aldrich.json,ap
1687250451.849034000,3,rover_ap_4x4_n1_1fps_1sp_aldrich.json,ap
1687250451.849310000,4,rover_ap_4x4_n1_1fps_1sp_aldrich.json,ap
1687250451.849571000,5,rover_ap_4x4_n1_1fps_1sp_aldrich.json,ap
1687250451.849838000,6,rover_ap_4x4_n1_1fps_1sp_aldrich.json,ap
1687250451.850750000,7,rover_ap_4x4_n1_1fps_1sp_aldrich.json,ap
1687250451.851096000,8,rover_ap_4x4_n1_1fps_1sp_aldrich.json,ap
1687250451.851959000,9,rover_ap_4x4_n1_1fps_1sp_aldrich.json,ap
1687250452.873912000,0,rover_ap_4x4_n1_1fps_1sp_aldrich.json,ap
1687250452.874196000,1,rover_ap_4x4_n1_1fps_1sp_aldrich.json,ap
1687250452.874472000,2,rover_ap_4x4_n1_1fps_1sp_aldrich.json,ap
1687250452.874737000,3,rover_ap_4x4_n1_1fps_1sp_aldrich.json,ap
1687250452.875019000,4,rover_ap_4x4_n1_1fps_1sp_aldrich.json,ap
1687250452.875277000,5,rover_ap_4x4_n1_1fps_1sp_aldrich.json,ap
1687250452.875544000,6,rover_ap_4x4_n1_1fps_1sp_aldrich.json,ap
1687250452.876759000,7,rover_ap_4x4_n1_1fps_1sp_aldrich.json,ap
1687250452.877062000,8,rover_ap_4x4_n1_1fps_1sp_aldrich.json,ap
1687250453.897139000,0,rover_ap_4x4_n1_1fps_1sp_aldrich.json,ap
1687250453.897404000,1,rover_ap_4x4_n1_1fps_1sp_aldrich.json,ap
1687250453.897664000,2,rover_ap_4x4_n1_1fps_1sp_aldrich.json,ap
1687250453.897925000,3,rover_ap_4x4_n1_1fps_1sp_aldrich.json,ap
1687250453.898192000,4,rover_ap_4x4_n1_1fps_1sp_aldrich.json,ap
1687250453.898458000,5,rover_ap_4x4_n1_1fps_1sp_aldrich.json,ap
1687250453.898728000,6,rover_ap_4x4_n1_1fps_1sp_aldrich.json,ap
1687250453.899320000,7,rover_ap_4x4_n1_1fps_1sp_aldrich.json,ap
1687250453.899600000,8,rover_ap_4x4_n1_1fps_1sp_aldrich.json,ap
1687250453.899871000,9,rover_ap_4x4_n1_1fps_1sp_aldrich.json,ap
1687250453.900196000,10,rover_ap_4x4_n1_1fps_1sp_aldrich.json,ap
1687250454.920512000,0,rover_ap_4x4_n1_1fps_1sp_aldrich.json,ap
1687250454.920780000,1,rover_ap_4x4_n1_1fps_1sp_aldrich.json,ap
1687250454.921042000,2,rover_ap_4x4_n1_1fps_1sp_aldrich.json,ap
1687250454.921309000,3,rover_ap_4x4_n1_1fps_1sp_aldrich.json,ap
1687250454.921659000,4,rover_ap_4x4_n1_1fps_1sp_aldrich.json,ap
1687250454.921965000,5,rover_ap_4x4_n1_1fps_1sp_aldrich.json,ap
1687250454.922231000,6,rover_ap_4x4_n1_1fps_1sp_aldrich.json,ap
1687250454.923512000,7,rover_ap_4x4_n1_1fps_1sp_aldrich.json,ap
1687250454.923830000,8,rover_ap_4x4_n1_1fps_1sp_aldrich.json,ap
1687250455.943734000,0,rover_ap_4x4_n1_1fps_1sp_aldrich.json,ap
1687250455.944012000,1,rover_ap_4x4_n1_1fps_1sp_aldrich.json,ap
1687250455.944277000,2,rover_ap_4x4_n1_1fps_1sp_aldrich.json,ap
1687250455.944541000,3,rover_ap_4x4_n1_1fps_1sp_aldrich.json,ap
1687250455.944913000,4,rover_ap_4x4_n1_1fps_1sp_aldrich.json,ap
1687250455.945426000,5,rover_ap_4x4_n1_1fps_1sp_aldrich.json,ap
1687250455.945910000,6,rover_ap_4x4_n1_1fps_1sp_aldrich.json,ap
1687250455.951960000,7,rover_ap_4x4_n1_1fps_1sp_aldrich.json,ap
1687250455.952267000,8,rover_ap_4x4_n1_1fps_1sp_aldrich.json,ap
1687250455.952532000,9,rover_ap_4x4_n1_1fps_1sp_aldrich.json,ap
1687250455.952922000,10,rover_ap_4x4_n1_1fps_1sp_aldrich.json,ap
1687250455.953189000,11,rover_ap_4x4_n1_1fps_1sp_aldrich.json,ap
1687250455.953452000,12,rover_ap_4x4_n1_1fps_1sp_aldrich.json,ap
1687250455.953928000,13,rover_ap_4x4_n1_1fps_1sp_aldrich.json,ap
1687250456.985071000,0,rover_ap_4x4_n1_1fps_1sp_aldrich.json,ap
1687250456.985353000,1,rover_ap_4x4_n1_1fps_1sp_aldrich.json,ap
1687250456.985649000,2,rover_ap_4x4_n1_1fps_1sp_aldrich.json,ap
1687250456.985987000,3,rover_ap_4x4_n1_1fps_1sp_aldrich.json,ap
1687250456.986327000,4,rover_ap_4x4_n1_1fps_1sp_aldrich.json,ap
1687250456.986727000,5,rover_ap_4x4_n1_1fps_1sp_aldrich.json,ap
1687250456.987008000,6,rover_ap_4x4_n1_1fps_1sp_aldrich.json,ap
1687250456.987337000,7,rover_ap_4x4_n1_1fps_1sp_aldrich.json,ap
1687250456.987799000,8,rover_ap_4x4_n1_1fps_1sp_aldrich.json,ap
1687250458.009477000,0,rover_ap_4x4_n1_1fps_1sp_aldrich.json,ap
1687250458.009747000,1,rover_ap_4x4_n1_1fps_1sp_aldrich.json,ap
1687250458.010005000,2,rover_ap_4x4_n1_1fps_1sp_aldrich.json,ap
1687250458.010279000,3,rover_ap_4x4_n1_1fps_1sp_aldrich.json,ap
1687250458.010583000,4,rover_ap_4x4_n1_1fps_1sp_aldrich.json,ap
1687250458.010870000,5,rover_ap_4x4_n1_1fps_1sp_aldrich.json,ap
1687250458.011137000,6,rover_ap_4x4_n1_1fps_1sp_aldrich.json,ap
1687250458.011420000,7,rover_ap_4x4_n1_1fps_1sp_aldrich.json,ap
1687250458.011943000,8,rover_ap_4x4_n1_1fps_1sp_aldrich.json,ap
1687250458.012207000,9,rover_ap_4x4_n1_1fps_1sp_aldrich.json,ap
1687250458.012481000,10,rover_ap_4x4_n1_1fps_1sp_aldrich.json,ap
1687250458.012747000,11,rover_ap_4x4_n1_1fps_1sp_aldrich.json,ap
1687250458.013020000,12,rover_ap_4x4_n1_1fps_1sp_aldrich.json,ap
1687250458.013282000,13,rover_ap_4x4_n1_1fps_1sp_aldrich.json,ap
1687250458.013544000,14,rover_ap_4x4_n1_1fps_1sp_aldrich.json,ap
1687250458.013809000,15,rover_ap_4x4_n1_1fps_1sp_aldrich.json,ap
1687250458.014228000,16,rover_ap_4x4_n1_1fps_1sp_aldrich.json,ap
1687250459.034203000,0,rover_ap_4x4_n1_1fps_1sp_aldrich.json,ap
1687250459.034472000,1,rover_ap_4x4_n1_1fps_1sp_aldrich.json,ap
1687250459.034742000,2,rover_ap_4x4_n1_1fps_1sp_aldrich.json,ap
1687250459.035007000,3,rover_ap_4x4_n1_1fps_1sp_aldrich.json,ap
1687250459.035279000,4,rover_ap_4x4_n1_1fps_1sp_aldrich.json,ap
1687250459.035546000,5,rover_ap_4x4_n1_1fps_1sp_aldrich.json,ap
1687250459.035809000,6,rover_ap_4x4_n1_1fps_1sp_aldrich.json,ap
1687250459.036085000,7,rover_ap_4x4_n1_1fps_1sp_aldrich.json,ap
1687250459.036499000,8,rover_ap_4x4_n1_1fps_1sp_aldrich.json,ap
1687250459.036759000,9,rover_ap_4x4_n1_1fps_1sp_aldrich.json,ap
1687250459.037020000,10,rover_ap_4x4_n1_1fps_1sp_aldrich.json,ap
1687250459.037286000,11,rover_ap_4x4_n1_1fps_1sp_aldrich.json,ap
1687250459.037547000,12,rover_ap_4x4_n1_1fps_1sp_aldrich.json,ap
1687250459.037811000,13,rover_ap_4x4_n1_1fps_1sp_aldrich.json,ap
1687250459.038071000,14,rover_ap_4x4_n1_1fps_1sp_aldrich.json,ap
1687250459.038619000,15,rover_ap_4x4_n1_1fps_1sp_aldrich.json,ap
1687250460.061955000,0,rover_ap_4x4_n1_1fps_1sp_aldrich.json,ap
1687250460.062222000,1,rover_ap_4x4_n1_1fps_1sp_aldrich.json,ap
1687250460.062482000,2,rover_ap_4x4_n1_1fps_1sp_aldrich.json,ap
1687250460.062749000,3,rover_ap_4x4_n1_1fps_1sp_aldrich.json,ap
1687250460.063013000,4,rover_ap_4x4_n1_1fps_1sp_aldrich.json,ap
1687250460.063278000,5,rover_ap_4x4_n1_1fps_1sp_aldrich.json,ap
1687250460.063552000,6,rover_ap_4x4_n1_1fps_1sp_aldrich.json,ap
1687250460.064022000,7,rover_ap_4x4_n1_1fps_1sp_aldrich.json,ap
1687250460.064318000,8,rover_ap_4x4_n1_1fps_1sp_aldrich.json,ap
1687250460.064593000,9,rover_ap_4x4_n1_1fps_1sp_aldrich.json,ap
1687250460.064866000,10,rover_ap_4x4_n1_1fps_1sp_aldrich.json,ap
1687250460.065334000,11,rover_ap_4x4_n1_1fps_1sp_aldrich.json,ap
1687250461.084034000,0,rover_ap_4x4_n1_1fps_1sp_aldrich.json,ap
1687250461.084338000,1,rover_ap_4x4_n1_1fps_1sp_aldrich.json,ap
1687250461.084608000,2,rover_ap_4x4_n1_1fps_1sp_aldrich.json,ap
1687250461.084894000,3,rover_ap_4x4_n1_1fps_1sp_aldrich.json,ap
1687250461.085170000,4,rover_ap_4x4_n1_1fps_1sp_aldrich.json,ap
1687250461.085436000,5,rover_ap_4x4_n1_1fps_1sp_aldrich.json,ap
1687250461.085708000,6,rover_ap_4x4_n1_1fps_1sp_aldrich.json,ap
1687250461.086436000,7,rover_ap_4x4_n1_1fps_1sp_aldrich.json,ap
1687250461.086750000,8,rover_ap_4x4_n1_1fps_1sp_aldrich.json,ap
1687250461.087020000,9,rover_ap_4x4_n1_1fps_1sp_aldrich.json,ap
1687250461.087303000,10,rover_ap_4x4_n1_1fps_1sp_aldrich.json,ap
1687250461.087572000,11,rover_ap_4x4_n1_1fps_1sp_aldrich.json,ap
1687250462.108267000,0,rover_ap_4x4_n1_1fps_1sp_aldrich.json,ap
1687250462.108555000,1,rover_ap_4x4_n1_1fps_1sp_aldrich.json,ap
1687250462.108825000,2,rover_ap_4x4_n1_1fps_1sp_aldrich.json,ap
1687250462.109085000,3,rover_ap_4x4_n1_1fps_1sp_aldrich.json,ap
1687250462.109369000,4,rover_ap_4x4_n1_1fps_1sp_aldrich.json,ap
1687250462.109641000,5,rover_ap_4x4_n1_1fps_1sp_aldrich.json,ap
1687250462.109912000,6,rover_ap_4x4_n1_1fps_1sp_aldrich.json,ap
1687250462.110390000,7,rover_ap_4x4_n1_1fps_1sp_aldrich.json,ap
1687250462.110773000,8,rover_ap_4x4_n1_1fps_1sp_aldrich.json,ap
1687250462.112014000,9,rover_ap_4x4_n1_1fps_1sp_aldrich.json,ap
1687250463.134274000,0,rover_ap_4x4_n1_1fps_1sp_aldrich.json,ap
1687250463.134544000,1,rover_ap_4x4_n1_1fps_1sp_aldrich.json,ap
1687250463.134805000,2,rover_ap_4x4_n1_1fps_1sp_aldrich.json,ap
1687250463.135074000,3,rover_ap_4x4_n1_1fps_1sp_aldrich.json,ap
1687250463.135342000,4,rover_ap_4x4_n1_1fps_1sp_aldrich.json,ap
1687250463.135619000,5,rover_ap_4x4_n1_1fps_1sp_aldrich.json,ap
1687250463.136033000,6,rover_ap_4x4_n1_1fps_1sp_aldrich.json,ap
1687250463.136316000,7,rover_ap_4x4_n1_1fps_1sp_aldrich.json,ap
1687250463.136791000,8,rover_ap_4x4_n1_1fps_1sp_aldrich.json,ap
1687250463.137082000,9,rover_ap_4x4_n1_1fps_1sp_aldrich.json,ap
1687250463.137360000,10,rover_ap_4x4_n1_1fps_1sp_aldrich.json,ap
1687250463.137638000,11,rover_ap_4x4_n1_1fps_1sp_aldrich.json,ap
1687250463.137903000,12,rover_ap_4x4_n1_1fps_1sp_aldrich.json,ap
1687250463.138173000,13,rover_ap_4x4_n1_1fps_1sp_aldrich.json,ap
1687250463.138449000,14,rover_ap_4x4_n1_1fps_1sp_aldrich.json,ap
1687250463.138748000,15,rover_ap_4x4_n1_1fps_1sp_aldrich.json,ap
1687250464.160543000,0,rover_ap_4x4_n1_1fps_1sp_aldrich.json,ap
1687250464.160813000,1,rover_ap_4x4_n1_1fps_1sp_aldrich.json,ap
1687250464.161076000,2,rover_ap_4x4_n1_1fps_1sp_aldrich.json,ap
1687250464.161344000,3,rover_ap_4x4_n1_1fps_1sp_aldrich.json,ap
1687250464.161715000,4,rover_ap_4x4_n1_1fps_1sp_aldrich.json,ap
1687250464.161985000,5,rover_ap_4x4_n1_1fps_1sp_aldrich.json,ap
1687250464.162258000,6,rover_ap_4x4_n1_1fps_1sp_aldrich.json,ap
1687250464.162524000,7,rover_ap_4x4_n1_1fps_1sp_aldrich.json,ap
1687250465.185142000,0,rover_ap_4x4_n1_1fps_1sp_aldrich.json,ap
1687250465.185421000,1,rover_ap_4x4_n1_1fps_1sp_aldrich.json,ap
1687250465.185687000,2,rover_ap_4x4_n1_1fps_1sp_aldrich.json,ap
1687250465.185962000,3,rover_ap_4x4_n1_1fps_1sp_aldrich.json,ap
1687250465.186247000,4,rover_ap_4x4_n1_1fps_1sp_aldrich.json,ap
1687250465.186546000,5,rover_ap_4x4_n1_1fps_1sp_aldrich.json,ap
1687250465.186836000,6,rover_ap_4x4_n1_1fps_1sp_aldrich.json,ap
1687250466.209249000,0,rover_ap_4x4_n1_1fps_1sp_aldrich.json,ap
1687250466.209533000,1,rover_ap_4x4_n1_1fps_1sp_aldrich.json,ap
1687250466.209811000,2,rover_ap_4x4_n1_1fps_1sp_aldrich.json,ap
1687250466.210077000,3,rover_ap_4x4_n1_1fps_1sp_aldrich.json,ap
1687250466.210350000,4,rover_ap_4x4_n1_1fps_1sp_aldrich.json,ap
1687250466.210621000,5,rover_ap_4x4_n1_1fps_1sp_aldrich.json,ap
1687250466.210880000,6,rover_ap_4x4_n1_1fps_1sp_aldrich.json,ap
1687250466.211926000,7,rover_ap_4x4_n1_1fps_1sp_aldrich.json,ap
1687250466.212372000,8,rover_ap_4x4_n1_1fps_1sp_aldrich.json,ap
1687250466.212797000,9,rover_ap_4x4_n1_1fps_1sp_aldrich.json,ap
1687250467.265784000,0,rover_ap_4x4_n1_1fps_1sp_aldrich.json,ap
1687250467.266065000,1,rover_ap_4x4_n1_1fps_1sp_aldrich.json,ap
1687250467.266328000,2,rover_ap_4x4_n1_1fps_1sp_aldrich.json,ap
1687250467.266600000,3,rover_ap_4x4_n1_1fps_1sp_aldrich.json,ap
1687250467.266884000,4,rover_ap_4x4_n1_1fps_1sp_aldrich.json,ap
1687250467.267181000,5,rover_ap_4x4_n1_1fps_1sp_aldrich.json,ap
1687250467.267466000,6,rover_ap_4x4_n1_1fps_1sp_aldrich.json,ap
1687250467.267737000,7,rover_ap_4x4_n1_1fps_1sp_aldrich.json,ap
1687250467.268158000,8,rover_ap_4x4_n1_1fps_1sp_aldrich.json,ap
1687250468.292230000,0,rover_ap_4x4_n1_1fps_1sp_aldrich.json,ap
1687250468.292517000,1,rover_ap_4x4_n1_1fps_1sp_aldrich.json,ap
1687250468.292784000,2,rover_ap_4x4_n1_1fps_1sp_aldrich.json,ap
1687250468.293115000,3,rover_ap_4x4_n1_1fps_1sp_aldrich.json,ap
1687250468.293393000,4,rover_ap_4x4_n1_1fps_1sp_aldrich.json,ap
1687250468.293742000,5,rover_ap_4x4_n1_1fps_1sp_aldrich.json,ap
1687250468.294044000,6,rover_ap_4x4_n1_1fps_1sp_aldrich.json,ap
1687250468.294372000,7,rover_ap_4x4_n1_1fps_1sp_aldrich.json,ap
1687250468.294626000,8,rover_ap_4x4_n1_1fps_1sp_aldrich.json,ap
1687250468.294961000,9,rover_ap_4x4_n1_1fps_1sp_aldrich.json,ap
1687250468.295216000,10,rover_ap_4x4_n1_1fps_1sp_aldrich.json,ap
1687250469.317676000,0,rover_ap_4x4_n1_1fps_1sp_aldrich.json,ap
1687250469.317994000,1,rover_ap_4x4_n1_1fps_1sp_aldrich.json,ap
1687250469.318305000,2,rover_ap_4x4_n1_1fps_1sp_aldrich.json,ap
1687250469.318613000,3,rover_ap_4x4_n1_1fps_1sp_aldrich.json,ap
1687250469.318913000,4,rover_ap_4x4_n1_1fps_1sp_aldrich.json,ap
1687250469.319228000,5,rover_ap_4x4_n1_1fps_1sp_aldrich.json,ap
1687250469.319542000,6,rover_ap_4x4_n1_1fps_1sp_aldrich.json,ap
1687250470.339921000,0,rover_ap_4x4_n1_1fps_1sp_aldrich.json,ap
1687250470.340189000,1,rover_ap_4x4_n1_1fps_1sp_aldrich.json,ap
1687250470.340457000,2,rover_ap_4x4_n1_1fps_1sp_aldrich.json,ap
1687250470.340716000,3,rover_ap_4x4_n1_1fps_1sp_aldrich.json,ap
1687250470.340987000,4,rover_ap_4x4_n1_1fps_1sp_aldrich.json,ap
1687250470.341284000,5,rover_ap_4x4_n1_1fps_1sp_aldrich.json,ap
1687250470.341641000,6,rover_ap_4x4_n1_1fps_1sp_aldrich.json,ap
1687250470.341928000,7,rover_ap_4x4_n1_1fps_1sp_aldrich.json,ap
1687250470.342361000,8,rover_ap_4x4_n1_1fps_1sp_aldrich.json,ap
1687250471.363799000,0,rover_ap_4x4_n1_1fps_1sp_aldrich.json,ap
1687250471.364112000,1,rover_ap_4x4_n1_1fps_1sp_aldrich.json,ap
1687250471.364425000,2,rover_ap_4x4_n1_1fps_1sp_aldrich.json,ap
1687250471.364726000,3,rover_ap_4x4_n1_1fps_1sp_aldrich.json,ap
1687250471.365040000,4,rover_ap_4x4_n1_1fps_1sp_aldrich.json,ap
1687250471.365352000,5,rover_ap_4x4_n1_1fps_1sp_aldrich.json,ap
1687250471.365647000,6,rover_ap_4x4_n1_1fps_1sp_aldrich.json,ap
1687250471.365987000,7,rover_ap_4x4_n1_1fps_1sp_aldrich.json,ap
1687250471.366286000,8,rover_ap_4x4_n1_1fps_1sp_aldrich.json,ap
1687250472.386906000,0,rover_ap_4x4_n1_1fps_1sp_aldrich.json,ap
1687250472.387176000,1,rover_ap_4x4_n1_1fps_1sp_aldrich.json,ap
1687250472.387439000,2,rover_ap_4x4_n1_1fps_1sp_aldrich.json,ap
1687250472.387705000,3,rover_ap_4x4_n1_1fps_1sp_aldrich.json,ap
1687250472.387967000,4,rover_ap_4x4_n1_1fps_1sp_aldrich.json,ap
1687250472.388236000,5,rover_ap_4x4_n1_1fps_1sp_aldrich.json,ap
1687250472.388731000,6,rover_ap_4x4_n1_1fps_1sp_aldrich.json,ap
1687250472.389002000,7,rover_ap_4x4_n1_1fps_1sp_aldrich.json,ap
1687250472.389419000,8,rover_ap_4x4_n1_1fps_1sp_aldrich.json,ap
1687250473.407976000,0,rover_ap_4x4_n1_1fps_1sp_aldrich.json,ap
1687250473.408254000,1,rover_ap_4x4_n1_1fps_1sp_aldrich.json,ap
1687250473.408519000,2,rover_ap_4x4_n1_1fps_1sp_aldrich.json,ap
1687250473.408795000,3,rover_ap_4x4_n1_1fps_1sp_aldrich.json,ap
1687250473.409060000,4,rover_ap_4x4_n1_1fps_1sp_aldrich.json,ap
1687250473.409328000,5,rover_ap_4x4_n1_1fps_1sp_aldrich.json,ap
1687250473.409600000,6,rover_ap_4x4_n1_1fps_1sp_aldrich.json,ap
1687250473.409857000,7,rover_ap_4x4_n1_1fps_1sp_aldrich.json,ap
1687250473.410264000,8,rover_ap_4x4_n1_1fps_1sp_aldrich.json,ap
1687250473.410539000,9,rover_ap_4x4_n1_1fps_1sp_aldrich.json,ap
1687250473.410817000,10,rover_ap_4x4_n1_1fps_1sp_aldrich.json,ap
1687250473.411096000,11,rover_ap_4x4_n1_1fps_1sp_aldrich.json,ap
1687250473.411383000,12,rover_ap_4x4_n1_1fps_1sp_aldrich.json,ap
1687250473.411992000,13,rover_ap_4x4_n1_1fps_1sp_aldrich.json,ap
1687250473.412309000,14,rover_ap_4x4_n1_1fps_1sp_aldrich.json,ap
1687250474.433028000,0,rover_ap_4x4_n1_1fps_1sp_aldrich.json,ap
1687250474.433329000,1,rover_ap_4x4_n1_1fps_1sp_aldrich.json,ap
1687250474.433618000,2,rover_ap_4x4_n1_1fps_1sp_aldrich.json,ap
1687250474.433898000,3,rover_ap_4x4_n1_1fps_1sp_aldrich.json,ap
1687250474.434179000,4,rover_ap_4x4_n1_1fps_1sp_aldrich.json,ap
1687250474.434460000,5,rover_ap_4x4_n1_1fps_1sp_aldrich.json,ap
1687250474.434728000,6,rover_ap_4x4_n1_1fps_1sp_aldrich.json,ap
1687250474.435008000,7,rover_ap_4x4_n1_1fps_1sp_aldrich.json,ap
1687250474.435441000,8,rover_ap_4x4_n1_1fps_1sp_aldrich.json,ap
1687250475.455451000,0,rover_ap_4x4_n1_1fps_1sp_aldrich.json,ap
1687250475.455719000,1,rover_ap_4x4_n1_1fps_1sp_aldrich.json,ap
1687250475.455995000,2,rover_ap_4x4_n1_1fps_1sp_aldrich.json,ap
1687250475.456265000,3,rover_ap_4x4_n1_1fps_1sp_aldrich.json,ap
1687250475.456539000,4,rover_ap_4x4_n1_1fps_1sp_aldrich.json,ap
1687250475.456814000,5,rover_ap_4x4_n1_1fps_1sp_aldrich.json,ap
1687250475.457083000,6,rover_ap_4x4_n1_1fps_1sp_aldrich.json,ap
1687250475.457353000,7,rover_ap_4x4_n1_1fps_1sp_aldrich.json,ap
1687250475.457770000,8,rover_ap_4x4_n1_1fps_1sp_aldrich.json,ap
1687250475.458040000,9,rover_ap_4x4_n1_1fps_1sp_aldrich.json,ap
1687250475.458308000,10,rover_ap_4x4_n1_1fps_1sp_aldrich.json,ap
1687250475.458570000,11,rover_ap_4x4_n1_1fps_1sp_aldrich.json,ap
1687250475.458841000,12,rover_ap_4x4_n1_1fps_1sp_aldrich.json,ap
1687250475.459114000,13,rover_ap_4x4_n1_1fps_1sp_aldrich.json,ap
1687250475.459375000,14,rover_ap_4x4_n1_1fps_1sp_aldrich.json,ap
1687250476.481672000,0,rover_ap_4x4_n1_1fps_1sp_aldrich.json,ap
1687250476.482008000,1,rover_ap_4x4_n1_1fps_1sp_aldrich.json,ap
1687250476.482285000,2,rover_ap_4x4_n1_1fps_1sp_aldrich.json,ap
1687250476.482609000,3,rover_ap_4x4_n1_1fps_1sp_aldrich.json,ap
1687250476.482940000,4,rover_ap_4x4_n1_1fps_1sp_aldrich.json,ap
1687250476.483390000,5,rover_ap_4x4_n1_1fps_1sp_aldrich.json,ap
1687250477.506960000,0,rover_ap_4x4_n1_1fps_1sp_aldrich.json,ap
1687250477.507326000,1,rover_ap_4x4_n1_1fps_1sp_aldrich.json,ap
1687250477.507620000,2,rover_ap_4x4_n1_1fps_1sp_aldrich.json,ap
1687250477.507923000,3,rover_ap_4x4_n1_1fps_1sp_aldrich.json,ap
1687250477.508488000,4,rover_ap_4x4_n1_1fps_1sp_aldrich.json,ap
1687250477.508904000,5,rover_ap_4x4_n1_1fps_1sp_aldrich.json,ap
1687250477.509215000,6,rover_ap_4x4_n1_1fps_1sp_aldrich.json,ap
1687250477.509620000,7,rover_ap_4x4_n1_1fps_1sp_aldrich.json,ap
1687250477.511316000,8,rover_ap_4x4_n1_1fps_1sp_aldrich.json,ap
1687250477.511692000,9,rover_ap_4x4_n1_1fps_1sp_aldrich.json,ap
1687250477.511958000,10,rover_ap_4x4_n1_1fps_1sp_aldrich.json,ap
1687250477.512229000,11,rover_ap_4x4_n1_1fps_1sp_aldrich.json,ap
1687250477.512498000,12,rover_ap_4x4_n1_1fps_1sp_aldrich.json,ap
1687250477.512763000,13,rover_ap_4x4_n1_1fps_1sp_aldrich.json,ap
1687250478.535476000,0,rover_ap_4x4_n1_1fps_1sp_aldrich.json,ap
1687250478.535742000,1,rover_ap_4x4_n1_1fps_1sp_aldrich.json,ap
1687250478.536006000,2,rover_ap_4x4_n1_1fps_1sp_aldrich.json,ap
1687250478.536272000,3,rover_ap_4x4_n1_1fps_1sp_aldrich.json,ap
1687250478.536540000,4,rover_ap_4x4_n1_1fps_1sp_aldrich.json,ap
1687250478.536801000,5,rover_ap_4x4_n1_1fps_1sp_aldrich.json,ap
1687250478.537067000,6,rover_ap_4x4_n1_1fps_1sp_aldrich.json,ap
1687250478.537563000,7,rover_ap_4x4_n1_1fps_1sp_aldrich.json,ap
1687250478.537851000,8,rover_ap_4x4_n1_1fps_1sp_aldrich.json,ap
1687250478.538113000,9,rover_ap_4x4_n1_1fps_1sp_aldrich.json,ap
1687250478.538370000,10,rover_ap_4x4_n1_1fps_1sp_aldrich.json,ap
1687250479.559807000,0,rover_ap_4x4_n1_1fps_1sp_aldrich.json,ap
1687250479.560080000,1,rover_ap_4x4_n1_1fps_1sp_aldrich.json,ap
1687250479.560340000,2,rover_ap_4x4_n1_1fps_1sp_aldrich.json,ap
1687250479.560595000,3,rover_ap_4x4_n1_1fps_1sp_aldrich.json,ap
1687250479.560860000,4,rover_ap_4x4_n1_1fps_1sp_aldrich.json,ap
1687250479.561219000,5,rover_ap_4x4_n1_1fps_1sp_aldrich.json,ap
1687250479.561623000,6,rover_ap_4x4_n1_1fps_1sp_aldrich.json,ap
1687250479.562047000,7,rover_ap_4x4_n1_1fps_1sp_aldrich.json,ap
1687250479.562471000,8,rover_ap_4x4_n1_1fps_1sp_aldrich.json,ap
1687250480.586359000,0,rover_ap_4x4_n1_1fps_1sp_aldrich.json,ap
1687250480.586635000,1,rover_ap_4x4_n1_1fps_1sp_aldrich.json,ap
1687250480.586905000,2,rover_ap_4x4_n1_1fps_1sp_aldrich.json,ap
1687250480.587176000,3,rover_ap_4x4_n1_1fps_1sp_aldrich.json,ap
1687250480.587450000,4,rover_ap_4x4_n1_1fps_1sp_aldrich.json,ap
1687250480.587730000,5,rover_ap_4x4_n1_1fps_1sp_aldrich.json,ap
1687250480.588199000,6,rover_ap_4x4_n1_1fps_1sp_aldrich.json,ap
1687250480.588625000,7,rover_ap_4x4_n1_1fps_1sp_aldrich.json,ap
1687250480.588926000,8,rover_ap_4x4_n1_1fps_1sp_aldrich.json,ap
1687250480.589200000,9,rover_ap_4x4_n1_1fps_1sp_aldrich.json,ap
1687250480.589482000,10,rover_ap_4x4_n1_1fps_1sp_aldrich.json,ap
1687250480.589759000,11,rover_ap_4x4_n1_1fps_1sp_aldrich.json,ap
1687250481.610395000,0,rover_ap_4x4_n1_1fps_1sp_aldrich.json,ap
1687250481.610674000,1,rover_ap_4x4_n1_1fps_1sp_aldrich.json,ap
1687250481.610932000,2,rover_ap_4x4_n1_1fps_1sp_aldrich.json,ap
1687250481.611205000,3,rover_ap_4x4_n1_1fps_1sp_aldrich.json,ap
1687250481.611615000,4,rover_ap_4x4_n1_1fps_1sp_aldrich.json,ap
1687250481.611891000,5,rover_ap_4x4_n1_1fps_1sp_aldrich.json,ap
1687250481.612345000,6,rover_ap_4x4_n1_1fps_1sp_aldrich.json,ap
1687250482.633307000,0,rover_ap_4x4_n1_1fps_1sp_aldrich.json,ap
1687250482.633753000,1,rover_ap_4x4_n1_1fps_1sp_aldrich.json,ap
1687250482.634048000,2,rover_ap_4x4_n1_1fps_1sp_aldrich.json,ap
1687250482.634403000,3,rover_ap_4x4_n1_1fps_1sp_aldrich.json,ap
1687250482.634751000,4,rover_ap_4x4_n1_1fps_1sp_aldrich.json,ap
1687250482.635123000,5,rover_ap_4x4_n1_1fps_1sp_aldrich.json,ap
1687250482.635439000,6,rover_ap_4x4_n1_1fps_1sp_aldrich.json,ap
1687250482.635785000,7,rover_ap_4x4_n1_1fps_1sp_aldrich.json,ap
1687250483.659282000,0,rover_ap_4x4_n1_1fps_1sp_aldrich.json,ap
1687250483.659555000,1,rover_ap_4x4_n1_1fps_1sp_aldrich.json,ap
1687250483.659820000,2,rover_ap_4x4_n1_1fps_1sp_aldrich.json,ap
1687250483.660095000,3,rover_ap_4x4_n1_1fps_1sp_aldrich.json,ap
1687250483.660405000,4,rover_ap_4x4_n1_1fps_1sp_aldrich.json,ap
1687250483.660698000,5,rover_ap_4x4_n1_1fps_1sp_aldrich.json,ap
1687250483.660972000,6,rover_ap_4x4_n1_1fps_1sp_aldrich.json,ap
1687250483.661250000,7,rover_ap_4x4_n1_1fps_1sp_aldrich.json,ap
1687250483.661939000,8,rover_ap_4x4_n1_1fps_1sp_aldrich.json,ap
1687250483.662370000,9,rover_ap_4x4_n1_1fps_1sp_aldrich.json,ap
1687250483.662784000,10,rover_ap_4x4_n1_1fps_1sp_aldrich.json,ap
1687250484.687146000,0,rover_ap_4x4_n1_1fps_1sp_aldrich.json,ap
1687250484.687419000,1,rover_ap_4x4_n1_1fps_1sp_aldrich.json,ap
1687250484.687698000,2,rover_ap_4x4_n1_1fps_1sp_aldrich.json,ap
1687250484.687995000,3,rover_ap_4x4_n1_1fps_1sp_aldrich.json,ap
1687250484.688282000,4,rover_ap_4x4_n1_1fps_1sp_aldrich.json,ap
1687250484.688560000,5,rover_ap_4x4_n1_1fps_1sp_aldrich.json,ap
1687250484.688840000,6,rover_ap_4x4_n1_1fps_1sp_aldrich.json,ap
1687250484.689117000,7,rover_ap_4x4_n1_1fps_1sp_aldrich.json,ap
1687250484.689543000,8,rover_ap_4x4_n1_1fps_1sp_aldrich.json,ap
1687250484.689821000,9,rover_ap_4x4_n1_1fps_1sp_aldrich.json,ap
1687250484.690089000,10,rover_ap_4x4_n1_1fps_1sp_aldrich.json,ap
1687250484.690356000,11,rover_ap_4x4_n1_1fps_1sp_aldrich.json,ap
1687250485.715943000,0,rover_ap_4x4_n1_1fps_1sp_aldrich.json,ap
1687250485.716240000,1,rover_ap_4x4_n1_1fps_1sp_aldrich.json,ap
1687250485.716508000,2,rover_ap_4x4_n1_1fps_1sp_aldrich.json,ap
1687250485.716860000,3,rover_ap_4x4_n1_1fps_1sp_aldrich.json,ap
1687250485.717266000,4,rover_ap_4x4_n1_1fps_1sp_aldrich.json,ap
1687250485.717550000,5,rover_ap_4x4_n1_1fps_1sp_aldrich.json,ap
1687250485.717905000,6,rover_ap_4x4_n1_1fps_1sp_aldrich.json,ap
1687250485.718171000,7,rover_ap_4x4_n1_1fps_1sp_aldrich.json,ap
1687250485.718672000,8,rover_ap_4x4_n1_1fps_1sp_aldrich.json,ap
1687250486.738582000,0,rover_ap_4x4_n1_1fps_1sp_aldrich.json,ap
1687250486.738866000,1,rover_ap_4x4_n1_1fps_1sp_aldrich.json,ap
1687250486.739137000,2,rover_ap_4x4_n1_1fps_1sp_aldrich.json,ap
1687250486.739409000,3,rover_ap_4x4_n1_1fps_1sp_aldrich.json,ap
1687250486.739687000,4,rover_ap_4x4_n1_1fps_1sp_aldrich.json,ap
1687250486.739948000,5,rover_ap_4x4_n1_1fps_1sp_aldrich.json,ap
1687250486.740213000,6,rover_ap_4x4_n1_1fps_1sp_aldrich.json,ap
1687250486.740482000,7,rover_ap_4x4_n1_1fps_1sp_aldrich.json,ap
1687250486.740916000,8,rover_ap_4x4_n1_1fps_1sp_aldrich.json,ap
1687250486.741214000,9,rover_ap_4x4_n1_1fps_1sp_aldrich.json,ap
1687250486.741641000,10,rover_ap_4x4_n1_1fps_1sp_aldrich.json,ap
1687250487.760748000,0,rover_ap_4x4_n1_1fps_1sp_aldrich.json,ap
1687250487.761037000,1,rover_ap_4x4_n1_1fps_1sp_aldrich.json,ap
1687250487.761330000,2,rover_ap_4x4_n1_1fps_1sp_aldrich.json,ap
1687250487.761716000,3,rover_ap_4x4_n1_1fps_1sp_aldrich.json,ap
1687250487.762000000,4,rover_ap_4x4_n1_1fps_1sp_aldrich.json,ap
1687250487.762289000,5,rover_ap_4x4_n1_1fps_1sp_aldrich.json,ap
1687250487.762558000,6,rover_ap_4x4_n1_1fps_1sp_aldrich.json,ap
1687250487.762828000,7,rover_ap_4x4_n1_1fps_1sp_aldrich.json,ap
1687250487.763257000,8,rover_ap_4x4_n1_1fps_1sp_aldrich.json,ap
1687250487.764262000,9,rover_ap_4x4_n1_1fps_1sp_aldrich.json,ap
1687250488.793458000,0,rover_ap_4x4_n1_1fps_1sp_aldrich.json,ap
1687250488.793729000,1,rover_ap_4x4_n1_1fps_1sp_aldrich.json,ap
1687250488.793998000,2,rover_ap_4x4_n1_1fps_1sp_aldrich.json,ap
1687250488.794265000,3,rover_ap_4x4_n1_1fps_1sp_aldrich.json,ap
1687250488.794523000,4,rover_ap_4x4_n1_1fps_1sp_aldrich.json,ap
1687250488.794782000,5,rover_ap_4x4_n1_1fps_1sp_aldrich.json,ap
1687250488.795035000,6,rover_ap_4x4_n1_1fps_1sp_aldrich.json,ap
1687250488.795494000,7,rover_ap_4x4_n1_1fps_1sp_aldrich.json,ap
1687250488.795756000,8,rover_ap_4x4_n1_1fps_1sp_aldrich.json,ap
1687250488.796021000,9,rover_ap_4x4_n1_1fps_1sp_aldrich.json,ap
1687250488.796283000,10,rover_ap_4x4_n1_1fps_1sp_aldrich.json,ap
1687250488.796546000,11,rover_ap_4x4_n1_1fps_1sp_aldrich.json,ap
1687250488.796810000,12,rover_ap_4x4_n1_1fps_1sp_aldrich.json,ap
1687250489.828117000,0,rover_ap_4x4_n1_1fps_1sp_aldrich.json,ap
1687250489.828383000,1,rover_ap_4x4_n1_1fps_1sp_aldrich.json,ap
1687250489.828654000,2,rover_ap_4x4_n1_1fps_1sp_aldrich.json,ap
1687250489.828920000,3,rover_ap_4x4_n1_1fps_1sp_aldrich.json,ap
1687250489.829186000,4,rover_ap_4x4_n1_1fps_1sp_aldrich.json,ap
1687250489.829456000,5,rover_ap_4x4_n1_1fps_1sp_aldrich.json,ap
1687250489.829708000,6,rover_ap_4x4_n1_1fps_1sp_aldrich.json,ap
1687250489.829974000,7,rover_ap_4x4_n1_1fps_1sp_aldrich.json,ap
1687250489.830387000,8,rover_ap_4x4_n1_1fps_1sp_aldrich.json,ap
1687250489.830659000,9,rover_ap_4x4_n1_1fps_1sp_aldrich.json,ap
1687250490.853646000,0,rover_ap_4x4_n1_1fps_1sp_aldrich.json,ap
1687250490.853922000,1,rover_ap_4x4_n1_1fps_1sp_aldrich.json,ap
1687250490.854188000,2,rover_ap_4x4_n1_1fps_1sp_aldrich.json,ap
1687250490.854518000,3,rover_ap_4x4_n1_1fps_1sp_aldrich.json,ap
1687250490.854827000,4,rover_ap_4x4_n1_1fps_1sp_aldrich.json,ap
1687250490.855112000,5,rover_ap_4x4_n1_1fps_1sp_aldrich.json,ap
1687250490.855505000,6,rover_ap_4x4_n1_1fps_1sp_aldrich.json,ap
1687250490.855781000,7,rover_ap_4x4_n1_1fps_1sp_aldrich.json,ap
1687250490.856414000,8,rover_ap_4x4_n1_1fps_1sp_aldrich.json,ap
1687250491.874311000,0,rover_ap_4x4_n1_1fps_1sp_aldrich.json,ap
1687250491.874580000,1,rover_ap_4x4_n1_1fps_1sp_aldrich.json,ap
1687250491.874847000,2,rover_ap_4x4_n1_1fps_1sp_aldrich.json,ap
1687250491.875101000,3,rover_ap_4x4_n1_1fps_1sp_aldrich.json,ap
1687250491.875373000,4,rover_ap_4x4_n1_1fps_1sp_aldrich.json,ap
1687250491.875639000,5,rover_ap_4x4_n1_1fps_1sp_aldrich.json,ap
1687250491.875916000,6,rover_ap_4x4_n1_1fps_1sp_aldrich.json,ap
1687250491.876330000,7,rover_ap_4x4_n1_1fps_1sp_aldrich.json,ap
1687250491.876609000,8,rover_ap_4x4_n1_1fps_1sp_aldrich.json,ap
1687250491.876872000,9,rover_ap_4x4_n1_1fps_1sp_aldrich.json,ap
1687250491.877124000,10,rover_ap_4x4_n1_1fps_1sp_aldrich.json,ap
1687250491.877395000,11,rover_ap_4x4_n1_1fps_1sp_aldrich.json,ap
1687250491.877663000,12,rover_ap_4x4_n1_1fps_1sp_aldrich.json,ap
1687250491.877942000,13,rover_ap_4x4_n1_1fps_1sp_aldrich.json,ap
1687250492.903536000,0,rover_ap_4x4_n1_1fps_1sp_aldrich.json,ap
1687250492.903800000,1,rover_ap_4x4_n1_1fps_1sp_aldrich.json,ap
1687250492.904076000,2,rover_ap_4x4_n1_1fps_1sp_aldrich.json,ap
1687250492.904342000,3,rover_ap_4x4_n1_1fps_1sp_aldrich.json,ap
1687250492.904605000,4,rover_ap_4x4_n1_1fps_1sp_aldrich.json,ap
1687250492.905220000,5,rover_ap_4x4_n1_1fps_1sp_aldrich.json,ap
1687250492.905516000,6,rover_ap_4x4_n1_1fps_1sp_aldrich.json,ap
1687250492.905794000,7,rover_ap_4x4_n1_1fps_1sp_aldrich.json,ap
1687250492.906079000,8,rover_ap_4x4_n1_1fps_1sp_aldrich.json,ap
1687250492.906364000,9,rover_ap_4x4_n1_1fps_1sp_aldrich.json,ap
1687250493.928757000,0,rover_ap_4x4_n1_1fps_1sp_aldrich.json,ap
1687250493.929037000,1,rover_ap_4x4_n1_1fps_1sp_aldrich.json,ap
1687250493.929297000,2,rover_ap_4x4_n1_1fps_1sp_aldrich.json,ap
1687250493.929567000,3,rover_ap_4x4_n1_1fps_1sp_aldrich.json,ap
1687250493.929845000,4,rover_ap_4x4_n1_1fps_1sp_aldrich.json,ap
1687250493.930118000,5,rover_ap_4x4_n1_1fps_1sp_aldrich.json,ap
1687250493.930379000,6,rover_ap_4x4_n1_1fps_1sp_aldrich.json,ap
1687250493.933404000,7,rover_ap_4x4_n1_1fps_1sp_aldrich.json,ap
1687250493.933709000,8,rover_ap_4x4_n1_1fps_1sp_aldrich.json,ap
1687250493.933983000,9,rover_ap_4x4_n1_1fps_1sp_aldrich.json,ap
1687250493.934246000,10,rover_ap_4x4_n1_1fps_1sp_aldrich.json,ap
1687250493.934515000,11,rover_ap_4x4_n1_1fps_1sp_aldrich.json,ap
1687250493.934787000,12,rover_ap_4x4_n1_1fps_1sp_aldrich.json,ap
1687250494.962702000,0,rover_ap_4x4_n1_1fps_1sp_aldrich.json,ap
1687250494.962980000,1,rover_ap_4x4_n1_1fps_1sp_aldrich.json,ap
1687250494.963260000,2,rover_ap_4x4_n1_1fps_1sp_aldrich.json,ap
1687250494.963541000,3,rover_ap_4x4_n1_1fps_1sp_aldrich.json,ap
1687250494.963808000,4,rover_ap_4x4_n1_1fps_1sp_aldrich.json,ap
1687250494.964080000,5,rover_ap_4x4_n1_1fps_1sp_aldrich.json,ap
1687250494.964356000,6,rover_ap_4x4_n1_1fps_1sp_aldrich.json,ap
1687250495.987897000,0,rover_ap_4x4_n1_1fps_1sp_aldrich.json,ap
1687250495.988206000,1,rover_ap_4x4_n1_1fps_1sp_aldrich.json,ap
1687250495.988478000,2,rover_ap_4x4_n1_1fps_1sp_aldrich.json,ap
1687250495.988755000,3,rover_ap_4x4_n1_1fps_1sp_aldrich.json,ap
1687250495.989041000,4,rover_ap_4x4_n1_1fps_1sp_aldrich.json,ap
1687250495.989307000,5,rover_ap_4x4_n1_1fps_1sp_aldrich.json,ap
1687250495.989593000,6,rover_ap_4x4_n1_1fps_1sp_aldrich.json,ap
1687250495.994768000,7,rover_ap_4x4_n1_1fps_1sp_aldrich.json,ap
1687250495.995167000,8,rover_ap_4x4_n1_1fps_1sp_aldrich.json,ap
1687250495.996132000,9,rover_ap_4x4_n1_1fps_1sp_aldrich.json,ap
1687250495.996532000,10,rover_ap_4x4_n1_1fps_1sp_aldrich.json,ap
1687250497.019651000,0,rover_ap_4x4_n1_1fps_1sp_aldrich.json,ap
1687250497.019933000,1,rover_ap_4x4_n1_1fps_1sp_aldrich.json,ap
1687250497.020201000,2,rover_ap_4x4_n1_1fps_1sp_aldrich.json,ap
1687250497.020464000,3,rover_ap_4x4_n1_1fps_1sp_aldrich.json,ap
1687250497.020735000,4,rover_ap_4x4_n1_1fps_1sp_aldrich.json,ap
1687250497.021071000,5,rover_ap_4x4_n1_1fps_1sp_aldrich.json,ap
1687250497.021334000,6,rover_ap_4x4_n1_1fps_1sp_aldrich.json,ap
1687250497.021938000,7,rover_ap_4x4_n1_1fps_1sp_aldrich.json,ap
1687250497.022367000,8,rover_ap_4x4_n1_1fps_1sp_aldrich.json,ap
1687250497.022657000,9,rover_ap_4x4_n1_1fps_1sp_aldrich.json,ap
1687250497.022930000,10,rover_ap_4x4_n1_1fps_1sp_aldrich.json,ap
1687250497.023405000,11,rover_ap_4x4_n1_1fps_1sp_aldrich.json,ap
1687250498.046272000,0,rover_ap_4x4_n1_1fps_1sp_aldrich.json,ap
1687250498.046542000,1,rover_ap_4x4_n1_1fps_1sp_aldrich.json,ap
1687250498.046809000,2,rover_ap_4x4_n1_1fps_1sp_aldrich.json,ap
1687250498.047068000,3,rover_ap_4x4_n1_1fps_1sp_aldrich.json,ap
1687250498.047363000,4,rover_ap_4x4_n1_1fps_1sp_aldrich.json,ap
1687250498.047648000,5,rover_ap_4x4_n1_1fps_1sp_aldrich.json,ap
1687250498.047926000,6,rover_ap_4x4_n1_1fps_1sp_aldrich.json,ap
1687250498.048218000,7,rover_ap_4x4_n1_1fps_1sp_aldrich.json,ap
1687250498.048660000,8,rover_ap_4x4_n1_1fps_1sp_aldrich.json,ap
1687250499.071691000,0,rover_ap_4x4_n1_1fps_1sp_aldrich.json,ap
1687250499.071984000,1,rover_ap_4x4_n1_1fps_1sp_aldrich.json,ap
1687250499.072250000,2,rover_ap_4x4_n1_1fps_1sp_aldrich.json,ap
1687250499.072561000,3,rover_ap_4x4_n1_1fps_1sp_aldrich.json,ap
1687250499.072831000,4,rover_ap_4x4_n1_1fps_1sp_aldrich.json,ap
1687250499.073134000,5,rover_ap_4x4_n1_1fps_1sp_aldrich.json,ap
1687250499.073399000,6,rover_ap_4x4_n1_1fps_1sp_aldrich.json,ap
1687250499.074102000,7,rover_ap_4x4_n1_1fps_1sp_aldrich.json,ap
1687250499.074404000,8,rover_ap_4x4_n1_1fps_1sp_aldrich.json,ap
1687250499.074834000,9,rover_ap_4x4_n1_1fps_1sp_aldrich.json,ap
1687250499.075106000,10,rover_ap_4x4_n1_1fps_1sp_aldrich.json,ap
1687250499.075484000,11,rover_ap_4x4_n1_1fps_1sp_aldrich.json,ap
1687250499.075794000,12,rover_ap_4x4_n1_1fps_1sp_aldrich.json,ap
1687250500.095442000,0,rover_ap_4x4_n1_1fps_1sp_aldrich.json,ap
1687250500.095707000,1,rover_ap_4x4_n1_1fps_1sp_aldrich.json,ap
1687250500.095968000,2,rover_ap_4x4_n1_1fps_1sp_aldrich.json,ap
1687250500.096223000,3,rover_ap_4x4_n1_1fps_1sp_aldrich.json,ap
1687250500.096583000,4,rover_ap_4x4_n1_1fps_1sp_aldrich.json,ap
1687250500.096852000,5,rover_ap_4x4_n1_1fps_1sp_aldrich.json,ap
1687250500.097188000,6,rover_ap_4x4_n1_1fps_1sp_aldrich.json,ap
1687250500.097454000,7,rover_ap_4x4_n1_1fps_1sp_aldrich.json,ap
1687250500.097866000,8,rover_ap_4x4_n1_1fps_1sp_aldrich.json,ap
1687250500.098279000,9,rover_ap_4x4_n1_1fps_1sp_aldrich.json,ap
1687250500.098551000,10,rover_ap_4x4_n1_1fps_1sp_aldrich.json,ap
1687250500.099251000,11,rover_ap_4x4_n1_1fps_1sp_aldrich.json,ap
1687250500.099545000,12,rover_ap_4x4_n1_1fps_1sp_aldrich.json,ap
1687250500.099851000,13,rover_ap_4x4_n1_1fps_1sp_aldrich.json,ap
1687250501.122484000,0,rover_ap_4x4_n1_1fps_1sp_aldrich.json,ap
1687250501.122766000,1,rover_ap_4x4_n1_1fps_1sp_aldrich.json,ap
1687250501.123031000,2,rover_ap_4x4_n1_1fps_1sp_aldrich.json,ap
1687250501.123294000,3,rover_ap_4x4_n1_1fps_1sp_aldrich.json,ap
1687250501.123634000,4,rover_ap_4x4_n1_1fps_1sp_aldrich.json,ap
1687250501.124436000,5,rover_ap_4x4_n1_1fps_1sp_aldrich.json,ap
1687250501.124721000,6,rover_ap_4x4_n1_1fps_1sp_aldrich.json,ap
1687250501.124984000,7,rover_ap_4x4_n1_1fps_1sp_aldrich.json,ap
1687250502.146810000,0,rover_ap_4x4_n1_1fps_1sp_aldrich.json,ap
1687250502.147156000,1,rover_ap_4x4_n1_1fps_1sp_aldrich.json,ap
1687250502.147432000,2,rover_ap_4x4_n1_1fps_1sp_aldrich.json,ap
1687250502.147778000,3,rover_ap_4x4_n1_1fps_1sp_aldrich.json,ap
1687250502.148116000,4,rover_ap_4x4_n1_1fps_1sp_aldrich.json,ap
1687250502.148502000,5,rover_ap_4x4_n1_1fps_1sp_aldrich.json,ap
1687250502.148907000,6,rover_ap_4x4_n1_1fps_1sp_aldrich.json,ap
1687250503.171156000,0,rover_ap_4x4_n1_1fps_1sp_aldrich.json,ap
1687250503.171570000,1,rover_ap_4x4_n1_1fps_1sp_aldrich.json,ap
1687250503.171840000,2,rover_ap_4x4_n1_1fps_1sp_aldrich.json,ap
1687250503.172199000,3,rover_ap_4x4_n1_1fps_1sp_aldrich.json,ap
1687250503.172528000,4,rover_ap_4x4_n1_1fps_1sp_aldrich.json,ap
1687250503.172848000,5,rover_ap_4x4_n1_1fps_1sp_aldrich.json,ap
1687250503.173158000,6,rover_ap_4x4_n1_1fps_1sp_aldrich.json,ap
1687250503.173591000,7,rover_ap_4x4_n1_1fps_1sp_aldrich.json,ap
1687250504.193618000,0,rover_ap_4x4_n1_1fps_1sp_aldrich.json,ap
1687250504.193898000,1,rover_ap_4x4_n1_1fps_1sp_aldrich.json,ap
1687250504.194164000,2,rover_ap_4x4_n1_1fps_1sp_aldrich.json,ap
1687250504.194429000,3,rover_ap_4x4_n1_1fps_1sp_aldrich.json,ap
1687250504.194764000,4,rover_ap_4x4_n1_1fps_1sp_aldrich.json,ap
1687250504.195028000,5,rover_ap_4x4_n1_1fps_1sp_aldrich.json,ap
1687250504.195416000,6,rover_ap_4x4_n1_1fps_1sp_aldrich.json,ap
1687250504.195696000,7,rover_ap_4x4_n1_1fps_1sp_aldrich.json,ap
1687250505.226429000,0,rover_ap_4x4_n1_1fps_1sp_aldrich.json,ap
1687250505.226742000,1,rover_ap_4x4_n1_1fps_1sp_aldrich.json,ap
1687250505.227004000,2,rover_ap_4x4_n1_1fps_1sp_aldrich.json,ap
1687250505.227273000,3,rover_ap_4x4_n1_1fps_1sp_aldrich.json,ap
1687250505.227558000,4,rover_ap_4x4_n1_1fps_1sp_aldrich.json,ap
1687250505.227823000,5,rover_ap_4x4_n1_1fps_1sp_aldrich.json,ap
1687250505.228099000,6,rover_ap_4x4_n1_1fps_1sp_aldrich.json,ap
1687250505.228374000,7,rover_ap_4x4_n1_1fps_1sp_aldrich.json,ap
1687250505.228828000,8,rover_ap_4x4_n1_1fps_1sp_aldrich.json,ap
1687250506.249756000,0,rover_ap_4x4_n1_1fps_1sp_aldrich.json,ap
1687250506.250021000,1,rover_ap_4x4_n1_1fps_1sp_aldrich.json,ap
1687250506.250310000,2,rover_ap_4x4_n1_1fps_1sp_aldrich.json,ap
1687250506.250591000,3,rover_ap_4x4_n1_1fps_1sp_aldrich.json,ap
1687250506.250985000,4,rover_ap_4x4_n1_1fps_1sp_aldrich.json,ap
1687250506.251356000,5,rover_ap_4x4_n1_1fps_1sp_aldrich.json,ap
1687250506.251805000,6,rover_ap_4x4_n1_1fps_1sp_aldrich.json,ap
1687250507.274069000,0,rover_ap_4x4_n1_1fps_1sp_aldrich.json,ap
1687250507.274334000,1,rover_ap_4x4_n1_1fps_1sp_aldrich.json,ap
1687250507.274593000,2,rover_ap_4x4_n1_1fps_1sp_aldrich.json,ap
1687250507.274855000,3,rover_ap_4x4_n1_1fps_1sp_aldrich.json,ap
1687250507.275187000,4,rover_ap_4x4_n1_1fps_1sp_aldrich.json,ap
1687250507.275459000,5,rover_ap_4x4_n1_1fps_1sp_aldrich.json,ap
1687250507.275814000,6,rover_ap_4x4_n1_1fps_1sp_aldrich.json,ap
1687250507.276084000,7,rover_ap_4x4_n1_1fps_1sp_aldrich.json,ap
1687250507.276617000,8,rover_ap_4x4_n1_1fps_1sp_aldrich.json,ap
1687250507.276885000,9,rover_ap_4x4_n1_1fps_1sp_aldrich.json,ap
1687250507.277145000,10,rover_ap_4x4_n1_1fps_1sp_aldrich.json,ap
1687250507.277664000,11,rover_ap_4x4_n1_1fps_1sp_aldrich.json,ap
1687250508.302898000,0,rover_ap_4x4_n1_1fps_1sp_aldrich.json,ap
1687250508.303173000,1,rover_ap_4x4_n1_1fps_1sp_aldrich.json,ap
1687250508.303439000,2,rover_ap_4x4_n1_1fps_1sp_aldrich.json,ap
1687250508.303707000,3,rover_ap_4x4_n1_1fps_1sp_aldrich.json,ap
1687250508.303977000,4,rover_ap_4x4_n1_1fps_1sp_aldrich.json,ap
1687250508.304251000,5,rover_ap_4x4_n1_1fps_1sp_aldrich.json,ap
1687250508.304528000,6,rover_ap_4x4_n1_1fps_1sp_aldrich.json,ap
1687250508.304798000,7,rover_ap_4x4_n1_1fps_1sp_aldrich.json,ap
1687250508.305220000,8,rover_ap_4x4_n1_1fps_1sp_aldrich.json,ap
1687250509.324429000,0,rover_ap_4x4_n1_1fps_1sp_aldrich.json,ap
1687250509.324716000,1,rover_ap_4x4_n1_1fps_1sp_aldrich.json,ap
1687250509.324982000,2,rover_ap_4x4_n1_1fps_1sp_aldrich.json,ap
1687250509.325250000,3,rover_ap_4x4_n1_1fps_1sp_aldrich.json,ap
1687250509.325524000,4,rover_ap_4x4_n1_1fps_1sp_aldrich.json,ap
1687250509.325790000,5,rover_ap_4x4_n1_1fps_1sp_aldrich.json,ap
1687250509.326057000,6,rover_ap_4x4_n1_1fps_1sp_aldrich.json,ap
1687250509.326314000,7,rover_ap_4x4_n1_1fps_1sp_aldrich.json,ap
1687250509.326714000,8,rover_ap_4x4_n1_1fps_1sp_aldrich.json,ap
1687250509.326987000,9,rover_ap_4x4_n1_1fps_1sp_aldrich.json,ap
1687250510.346720000,0,rover_ap_4x4_n1_1fps_1sp_aldrich.json,ap
1687250510.346991000,1,rover_ap_4x4_n1_1fps_1sp_aldrich.json,ap
1687250510.347264000,2,rover_ap_4x4_n1_1fps_1sp_aldrich.json,ap
1687250510.347533000,3,rover_ap_4x4_n1_1fps_1sp_aldrich.json,ap
1687250510.347811000,4,rover_ap_4x4_n1_1fps_1sp_aldrich.json,ap
1687250510.348089000,5,rover_ap_4x4_n1_1fps_1sp_aldrich.json,ap
1687250510.348366000,6,rover_ap_4x4_n1_1fps_1sp_aldrich.json,ap
1687250510.348634000,7,rover_ap_4x4_n1_1fps_1sp_aldrich.json,ap
