Timestamp,Packet,Scenario,Type
1687800986.228581000,0,rover_s102_2x2_n1_1fps_1sp_bb.json,s102
1687800986.228792000,1,rover_s102_2x2_n1_1fps_1sp_bb.json,s102
1687800986.229320000,2,rover_s102_2x2_n1_1fps_1sp_bb.json,s102
1687800986.229418000,3,rover_s102_2x2_n1_1fps_1sp_bb.json,s102
1687800986.229508000,4,rover_s102_2x2_n1_1fps_1sp_bb.json,s102
1687800986.230078000,5,rover_s102_2x2_n1_1fps_1sp_bb.json,s102
1687800986.230179000,6,rover_s102_2x2_n1_1fps_1sp_bb.json,s102
1687800986.230280000,7,rover_s102_2x2_n1_1fps_1sp_bb.json,s102
1687800986.230895000,8,rover_s102_2x2_n1_1fps_1sp_bb.json,s102
1687800986.230998000,9,rover_s102_2x2_n1_1fps_1sp_bb.json,s102
1687800986.231086000,10,rover_s102_2x2_n1_1fps_1sp_bb.json,s102
1687800986.231858000,11,rover_s102_2x2_n1_1fps_1sp_bb.json,s102
1687800987.252556000,0,rover_s102_2x2_n1_1fps_1sp_bb.json,s102
1687800987.252728000,1,rover_s102_2x2_n1_1fps_1sp_bb.json,s102
1687800987.252729000,2,rover_s102_2x2_n1_1fps_1sp_bb.json,s102
1687800987.252838000,3,rover_s102_2x2_n1_1fps_1sp_bb.json,s102
1687800987.252941000,4,rover_s102_2x2_n1_1fps_1sp_bb.json,s102
1687800987.253286000,5,rover_s102_2x2_n1_1fps_1sp_bb.json,s102
1687800987.253381000,6,rover_s102_2x2_n1_1fps_1sp_bb.json,s102
1687800987.253383000,7,rover_s102_2x2_n1_1fps_1sp_bb.json,s102
1687800987.254706000,8,rover_s102_2x2_n1_1fps_1sp_bb.json,s102
1687800987.254829000,9,rover_s102_2x2_n1_1fps_1sp_bb.json,s102
1687800988.275110000,0,rover_s102_2x2_n1_1fps_1sp_bb.json,s102
1687800988.275490000,1,rover_s102_2x2_n1_1fps_1sp_bb.json,s102
1687800988.276645000,2,rover_s102_2x2_n1_1fps_1sp_bb.json,s102
1687800988.276646000,3,rover_s102_2x2_n1_1fps_1sp_bb.json,s102
1687800988.276765000,4,rover_s102_2x2_n1_1fps_1sp_bb.json,s102
1687800988.276866000,5,rover_s102_2x2_n1_1fps_1sp_bb.json,s102
1687800988.276990000,6,rover_s102_2x2_n1_1fps_1sp_bb.json,s102
1687800988.277098000,7,rover_s102_2x2_n1_1fps_1sp_bb.json,s102
1687800988.277689000,8,rover_s102_2x2_n1_1fps_1sp_bb.json,s102
1687800988.277830000,9,rover_s102_2x2_n1_1fps_1sp_bb.json,s102
1687800988.278696000,10,rover_s102_2x2_n1_1fps_1sp_bb.json,s102
1687800989.298007000,0,rover_s102_2x2_n1_1fps_1sp_bb.json,s102
1687800989.298198000,1,rover_s102_2x2_n1_1fps_1sp_bb.json,s102
1687800989.298257000,2,rover_s102_2x2_n1_1fps_1sp_bb.json,s102
1687800989.298259000,3,rover_s102_2x2_n1_1fps_1sp_bb.json,s102
1687800989.298337000,4,rover_s102_2x2_n1_1fps_1sp_bb.json,s102
1687800989.298396000,5,rover_s102_2x2_n1_1fps_1sp_bb.json,s102
1687800989.298494000,6,rover_s102_2x2_n1_1fps_1sp_bb.json,s102
1687800989.298761000,7,rover_s102_2x2_n1_1fps_1sp_bb.json,s102
1687800989.298763000,8,rover_s102_2x2_n1_1fps_1sp_bb.json,s102
1687800989.300810000,9,rover_s102_2x2_n1_1fps_1sp_bb.json,s102
1687800989.300812000,10,rover_s102_2x2_n1_1fps_1sp_bb.json,s102
1687800989.303921000,11,rover_s102_2x2_n1_1fps_1sp_bb.json,s102
1687800989.304028000,12,rover_s102_2x2_n1_1fps_1sp_bb.json,s102
1687800989.304030000,13,rover_s102_2x2_n1_1fps_1sp_bb.json,s102
1687800989.304134000,14,rover_s102_2x2_n1_1fps_1sp_bb.json,s102
1687800989.304227000,15,rover_s102_2x2_n1_1fps_1sp_bb.json,s102
1687800989.304346000,16,rover_s102_2x2_n1_1fps_1sp_bb.json,s102
1687800990.320778000,0,rover_s102_2x2_n1_1fps_1sp_bb.json,s102
1687800990.321572000,1,rover_s102_2x2_n1_1fps_1sp_bb.json,s102
1687800990.321573000,2,rover_s102_2x2_n1_1fps_1sp_bb.json,s102
1687800990.321696000,3,rover_s102_2x2_n1_1fps_1sp_bb.json,s102
1687800990.321796000,4,rover_s102_2x2_n1_1fps_1sp_bb.json,s102
1687800990.322413000,5,rover_s102_2x2_n1_1fps_1sp_bb.json,s102
1687800990.323072000,6,rover_s102_2x2_n1_1fps_1sp_bb.json,s102
1687800990.323074000,7,rover_s102_2x2_n1_1fps_1sp_bb.json,s102
1687800990.323923000,8,rover_s102_2x2_n1_1fps_1sp_bb.json,s102
1687800990.324991000,9,rover_s102_2x2_n1_1fps_1sp_bb.json,s102
1687800990.325085000,10,rover_s102_2x2_n1_1fps_1sp_bb.json,s102
1687800990.325171000,11,rover_s102_2x2_n1_1fps_1sp_bb.json,s102
1687800990.325173000,12,rover_s102_2x2_n1_1fps_1sp_bb.json,s102
1687800991.343754000,0,rover_s102_2x2_n1_1fps_1sp_bb.json,s102
1687800991.344153000,1,rover_s102_2x2_n1_1fps_1sp_bb.json,s102
1687800991.345593000,2,rover_s102_2x2_n1_1fps_1sp_bb.json,s102
1687800991.345709000,3,rover_s102_2x2_n1_1fps_1sp_bb.json,s102
1687800991.345711000,4,rover_s102_2x2_n1_1fps_1sp_bb.json,s102
1687800991.345865000,5,rover_s102_2x2_n1_1fps_1sp_bb.json,s102
1687800991.346485000,6,rover_s102_2x2_n1_1fps_1sp_bb.json,s102
1687800991.346619000,7,rover_s102_2x2_n1_1fps_1sp_bb.json,s102
1687800991.346621000,8,rover_s102_2x2_n1_1fps_1sp_bb.json,s102
1687800991.347572000,9,rover_s102_2x2_n1_1fps_1sp_bb.json,s102
1687800992.372593000,0,rover_s102_2x2_n1_1fps_1sp_bb.json,s102
1687800992.372796000,1,rover_s102_2x2_n1_1fps_1sp_bb.json,s102
1687800992.373785000,2,rover_s102_2x2_n1_1fps_1sp_bb.json,s102
1687800992.373787000,3,rover_s102_2x2_n1_1fps_1sp_bb.json,s102
1687800992.373915000,4,rover_s102_2x2_n1_1fps_1sp_bb.json,s102
1687800992.374033000,5,rover_s102_2x2_n1_1fps_1sp_bb.json,s102
1687800992.374619000,6,rover_s102_2x2_n1_1fps_1sp_bb.json,s102
1687800992.374721000,7,rover_s102_2x2_n1_1fps_1sp_bb.json,s102
1687800992.375501000,8,rover_s102_2x2_n1_1fps_1sp_bb.json,s102
1687800993.394601000,0,rover_s102_2x2_n1_1fps_1sp_bb.json,s102
1687800993.394823000,1,rover_s102_2x2_n1_1fps_1sp_bb.json,s102
1687800993.394942000,2,rover_s102_2x2_n1_1fps_1sp_bb.json,s102
1687800993.395288000,3,rover_s102_2x2_n1_1fps_1sp_bb.json,s102
1687800993.395377000,4,rover_s102_2x2_n1_1fps_1sp_bb.json,s102
1687800993.395488000,5,rover_s102_2x2_n1_1fps_1sp_bb.json,s102
1687800993.396655000,6,rover_s102_2x2_n1_1fps_1sp_bb.json,s102
1687800993.396769000,7,rover_s102_2x2_n1_1fps_1sp_bb.json,s102
1687800993.396889000,8,rover_s102_2x2_n1_1fps_1sp_bb.json,s102
1687800993.397701000,9,rover_s102_2x2_n1_1fps_1sp_bb.json,s102
1687800993.397703000,10,rover_s102_2x2_n1_1fps_1sp_bb.json,s102
1687800993.397831000,11,rover_s102_2x2_n1_1fps_1sp_bb.json,s102
1687800993.397933000,12,rover_s102_2x2_n1_1fps_1sp_bb.json,s102
1687800994.418180000,0,rover_s102_2x2_n1_1fps_1sp_bb.json,s102
1687800994.418569000,1,rover_s102_2x2_n1_1fps_1sp_bb.json,s102
1687800994.419465000,2,rover_s102_2x2_n1_1fps_1sp_bb.json,s102
1687800994.419571000,3,rover_s102_2x2_n1_1fps_1sp_bb.json,s102
1687800994.419675000,4,rover_s102_2x2_n1_1fps_1sp_bb.json,s102
1687800994.422143000,5,rover_s102_2x2_n1_1fps_1sp_bb.json,s102
1687800994.422252000,6,rover_s102_2x2_n1_1fps_1sp_bb.json,s102
1687800994.422983000,7,rover_s102_2x2_n1_1fps_1sp_bb.json,s102
1687800994.422985000,8,rover_s102_2x2_n1_1fps_1sp_bb.json,s102
1687800995.440084000,0,rover_s102_2x2_n1_1fps_1sp_bb.json,s102
1687800995.440316000,1,rover_s102_2x2_n1_1fps_1sp_bb.json,s102
1687800995.440948000,2,rover_s102_2x2_n1_1fps_1sp_bb.json,s102
1687800995.441048000,3,rover_s102_2x2_n1_1fps_1sp_bb.json,s102
1687800995.441049000,4,rover_s102_2x2_n1_1fps_1sp_bb.json,s102
1687800995.441285000,5,rover_s102_2x2_n1_1fps_1sp_bb.json,s102
1687800995.442358000,6,rover_s102_2x2_n1_1fps_1sp_bb.json,s102
1687800995.442463000,7,rover_s102_2x2_n1_1fps_1sp_bb.json,s102
1687800995.442563000,8,rover_s102_2x2_n1_1fps_1sp_bb.json,s102
1687800995.443362000,9,rover_s102_2x2_n1_1fps_1sp_bb.json,s102
1687800995.445562000,10,rover_s102_2x2_n1_1fps_1sp_bb.json,s102
1687800996.466544000,0,rover_s102_2x2_n1_1fps_1sp_bb.json,s102
1687800996.466748000,1,rover_s102_2x2_n1_1fps_1sp_bb.json,s102
1687800996.466840000,2,rover_s102_2x2_n1_1fps_1sp_bb.json,s102
1687800996.467785000,3,rover_s102_2x2_n1_1fps_1sp_bb.json,s102
1687800996.467787000,4,rover_s102_2x2_n1_1fps_1sp_bb.json,s102
1687800996.467906000,5,rover_s102_2x2_n1_1fps_1sp_bb.json,s102
1687800996.468004000,6,rover_s102_2x2_n1_1fps_1sp_bb.json,s102
1687800996.468527000,7,rover_s102_2x2_n1_1fps_1sp_bb.json,s102
1687800996.469041000,8,rover_s102_2x2_n1_1fps_1sp_bb.json,s102
1687800996.469043000,9,rover_s102_2x2_n1_1fps_1sp_bb.json,s102
1687800996.469171000,10,rover_s102_2x2_n1_1fps_1sp_bb.json,s102
1687800996.469755000,11,rover_s102_2x2_n1_1fps_1sp_bb.json,s102
1687800996.469868000,12,rover_s102_2x2_n1_1fps_1sp_bb.json,s102
1687800996.471008000,13,rover_s102_2x2_n1_1fps_1sp_bb.json,s102
1687800996.471121000,14,rover_s102_2x2_n1_1fps_1sp_bb.json,s102
1687800997.498285000,0,rover_s102_2x2_n1_1fps_1sp_bb.json,s102
1687800997.498631000,1,rover_s102_2x2_n1_1fps_1sp_bb.json,s102
1687800997.499651000,2,rover_s102_2x2_n1_1fps_1sp_bb.json,s102
1687800997.499755000,3,rover_s102_2x2_n1_1fps_1sp_bb.json,s102
1687800997.499756000,4,rover_s102_2x2_n1_1fps_1sp_bb.json,s102
1687800997.499884000,5,rover_s102_2x2_n1_1fps_1sp_bb.json,s102
1687800997.500032000,6,rover_s102_2x2_n1_1fps_1sp_bb.json,s102
1687800997.500718000,7,rover_s102_2x2_n1_1fps_1sp_bb.json,s102
1687800997.500720000,8,rover_s102_2x2_n1_1fps_1sp_bb.json,s102
1687800997.500855000,9,rover_s102_2x2_n1_1fps_1sp_bb.json,s102
1687800997.502070000,10,rover_s102_2x2_n1_1fps_1sp_bb.json,s102
1687800998.524194000,0,rover_s102_2x2_n1_1fps_1sp_bb.json,s102
1687800998.525681000,1,rover_s102_2x2_n1_1fps_1sp_bb.json,s102
1687800998.525780000,2,rover_s102_2x2_n1_1fps_1sp_bb.json,s102
1687800998.525856000,3,rover_s102_2x2_n1_1fps_1sp_bb.json,s102
1687800998.525857000,4,rover_s102_2x2_n1_1fps_1sp_bb.json,s102
1687800998.525961000,5,rover_s102_2x2_n1_1fps_1sp_bb.json,s102
1687800998.526039000,6,rover_s102_2x2_n1_1fps_1sp_bb.json,s102
1687800998.526136000,7,rover_s102_2x2_n1_1fps_1sp_bb.json,s102
1687800998.526215000,8,rover_s102_2x2_n1_1fps_1sp_bb.json,s102
1687800998.526297000,9,rover_s102_2x2_n1_1fps_1sp_bb.json,s102
1687800999.549899000,0,rover_s102_2x2_n1_1fps_1sp_bb.json,s102
1687800999.550071000,1,rover_s102_2x2_n1_1fps_1sp_bb.json,s102
1687800999.550155000,2,rover_s102_2x2_n1_1fps_1sp_bb.json,s102
1687800999.550157000,3,rover_s102_2x2_n1_1fps_1sp_bb.json,s102
1687800999.550273000,4,rover_s102_2x2_n1_1fps_1sp_bb.json,s102
1687800999.550367000,5,rover_s102_2x2_n1_1fps_1sp_bb.json,s102
1687800999.550478000,6,rover_s102_2x2_n1_1fps_1sp_bb.json,s102
1687800999.551154000,7,rover_s102_2x2_n1_1fps_1sp_bb.json,s102
1687800999.551156000,8,rover_s102_2x2_n1_1fps_1sp_bb.json,s102
1687800999.551290000,9,rover_s102_2x2_n1_1fps_1sp_bb.json,s102
1687800999.551955000,10,rover_s102_2x2_n1_1fps_1sp_bb.json,s102
1687800999.552076000,11,rover_s102_2x2_n1_1fps_1sp_bb.json,s102
1687800999.553160000,12,rover_s102_2x2_n1_1fps_1sp_bb.json,s102
1687800999.553252000,13,rover_s102_2x2_n1_1fps_1sp_bb.json,s102
1687801000.574656000,0,rover_s102_2x2_n1_1fps_1sp_bb.json,s102
1687801000.575722000,1,rover_s102_2x2_n1_1fps_1sp_bb.json,s102
1687801000.575824000,2,rover_s102_2x2_n1_1fps_1sp_bb.json,s102
1687801000.575826000,3,rover_s102_2x2_n1_1fps_1sp_bb.json,s102
1687801000.575934000,4,rover_s102_2x2_n1_1fps_1sp_bb.json,s102
1687801000.576082000,5,rover_s102_2x2_n1_1fps_1sp_bb.json,s102
1687801000.576784000,6,rover_s102_2x2_n1_1fps_1sp_bb.json,s102
1687801000.576785000,7,rover_s102_2x2_n1_1fps_1sp_bb.json,s102
1687801000.576918000,8,rover_s102_2x2_n1_1fps_1sp_bb.json,s102
1687801000.577671000,9,rover_s102_2x2_n1_1fps_1sp_bb.json,s102
1687801000.577792000,10,rover_s102_2x2_n1_1fps_1sp_bb.json,s102
1687801000.578270000,11,rover_s102_2x2_n1_1fps_1sp_bb.json,s102
1687801000.578384000,12,rover_s102_2x2_n1_1fps_1sp_bb.json,s102
1687801000.578386000,13,rover_s102_2x2_n1_1fps_1sp_bb.json,s102
1687801001.602656000,0,rover_s102_2x2_n1_1fps_1sp_bb.json,s102
1687801001.602855000,1,rover_s102_2x2_n1_1fps_1sp_bb.json,s102
1687801001.602970000,2,rover_s102_2x2_n1_1fps_1sp_bb.json,s102
1687801001.603957000,3,rover_s102_2x2_n1_1fps_1sp_bb.json,s102
1687801001.604064000,4,rover_s102_2x2_n1_1fps_1sp_bb.json,s102
1687801001.604065000,5,rover_s102_2x2_n1_1fps_1sp_bb.json,s102
1687801001.604207000,6,rover_s102_2x2_n1_1fps_1sp_bb.json,s102
1687801001.605133000,7,rover_s102_2x2_n1_1fps_1sp_bb.json,s102
1687801001.605741000,8,rover_s102_2x2_n1_1fps_1sp_bb.json,s102
1687801001.605814000,9,rover_s102_2x2_n1_1fps_1sp_bb.json,s102
1687801001.605912000,10,rover_s102_2x2_n1_1fps_1sp_bb.json,s102
1687801001.605914000,11,rover_s102_2x2_n1_1fps_1sp_bb.json,s102
1687801002.626521000,0,rover_s102_2x2_n1_1fps_1sp_bb.json,s102
1687801002.626740000,1,rover_s102_2x2_n1_1fps_1sp_bb.json,s102
1687801002.626835000,2,rover_s102_2x2_n1_1fps_1sp_bb.json,s102
1687801002.627321000,3,rover_s102_2x2_n1_1fps_1sp_bb.json,s102
1687801002.627436000,4,rover_s102_2x2_n1_1fps_1sp_bb.json,s102
1687801002.627595000,5,rover_s102_2x2_n1_1fps_1sp_bb.json,s102
1687801002.628619000,6,rover_s102_2x2_n1_1fps_1sp_bb.json,s102
1687801002.628740000,7,rover_s102_2x2_n1_1fps_1sp_bb.json,s102
1687801002.628826000,8,rover_s102_2x2_n1_1fps_1sp_bb.json,s102
1687801002.628827000,9,rover_s102_2x2_n1_1fps_1sp_bb.json,s102
1687801002.629960000,10,rover_s102_2x2_n1_1fps_1sp_bb.json,s102
1687801003.650444000,0,rover_s102_2x2_n1_1fps_1sp_bb.json,s102
1687801003.650446000,1,rover_s102_2x2_n1_1fps_1sp_bb.json,s102
1687801003.650753000,2,rover_s102_2x2_n1_1fps_1sp_bb.json,s102
1687801003.654255000,3,rover_s102_2x2_n1_1fps_1sp_bb.json,s102
1687801003.654360000,4,rover_s102_2x2_n1_1fps_1sp_bb.json,s102
1687801003.654362000,5,rover_s102_2x2_n1_1fps_1sp_bb.json,s102
1687801003.654480000,6,rover_s102_2x2_n1_1fps_1sp_bb.json,s102
1687801003.654635000,7,rover_s102_2x2_n1_1fps_1sp_bb.json,s102
1687801003.654769000,8,rover_s102_2x2_n1_1fps_1sp_bb.json,s102
1687801003.654862000,9,rover_s102_2x2_n1_1fps_1sp_bb.json,s102
1687801003.655255000,10,rover_s102_2x2_n1_1fps_1sp_bb.json,s102
1687801003.655357000,11,rover_s102_2x2_n1_1fps_1sp_bb.json,s102
1687801003.656368000,12,rover_s102_2x2_n1_1fps_1sp_bb.json,s102
1687801003.656513000,13,rover_s102_2x2_n1_1fps_1sp_bb.json,s102
1687801003.657002000,14,rover_s102_2x2_n1_1fps_1sp_bb.json,s102
1687801003.657098000,15,rover_s102_2x2_n1_1fps_1sp_bb.json,s102
1687801003.657099000,16,rover_s102_2x2_n1_1fps_1sp_bb.json,s102
1687801004.676577000,0,rover_s102_2x2_n1_1fps_1sp_bb.json,s102
1687801004.676579000,1,rover_s102_2x2_n1_1fps_1sp_bb.json,s102
1687801004.676810000,2,rover_s102_2x2_n1_1fps_1sp_bb.json,s102
1687801004.677740000,3,rover_s102_2x2_n1_1fps_1sp_bb.json,s102
1687801004.677742000,4,rover_s102_2x2_n1_1fps_1sp_bb.json,s102
1687801004.677872000,5,rover_s102_2x2_n1_1fps_1sp_bb.json,s102
1687801004.677979000,6,rover_s102_2x2_n1_1fps_1sp_bb.json,s102
1687801004.678665000,7,rover_s102_2x2_n1_1fps_1sp_bb.json,s102
1687801004.678766000,8,rover_s102_2x2_n1_1fps_1sp_bb.json,s102
1687801004.679913000,9,rover_s102_2x2_n1_1fps_1sp_bb.json,s102
1687801004.679915000,10,rover_s102_2x2_n1_1fps_1sp_bb.json,s102
1687801005.698291000,0,rover_s102_2x2_n1_1fps_1sp_bb.json,s102
1687801005.698492000,1,rover_s102_2x2_n1_1fps_1sp_bb.json,s102
1687801005.699076000,2,rover_s102_2x2_n1_1fps_1sp_bb.json,s102
1687801005.699078000,3,rover_s102_2x2_n1_1fps_1sp_bb.json,s102
1687801005.699200000,4,rover_s102_2x2_n1_1fps_1sp_bb.json,s102
1687801005.699299000,5,rover_s102_2x2_n1_1fps_1sp_bb.json,s102
1687801005.700337000,6,rover_s102_2x2_n1_1fps_1sp_bb.json,s102
1687801005.700339000,7,rover_s102_2x2_n1_1fps_1sp_bb.json,s102
1687801005.700534000,8,rover_s102_2x2_n1_1fps_1sp_bb.json,s102
1687801005.700639000,9,rover_s102_2x2_n1_1fps_1sp_bb.json,s102
1687801005.701115000,10,rover_s102_2x2_n1_1fps_1sp_bb.json,s102
1687801005.701216000,11,rover_s102_2x2_n1_1fps_1sp_bb.json,s102
1687801005.701323000,12,rover_s102_2x2_n1_1fps_1sp_bb.json,s102
1687801005.702005000,13,rover_s102_2x2_n1_1fps_1sp_bb.json,s102
1687801005.702007000,14,rover_s102_2x2_n1_1fps_1sp_bb.json,s102
1687801005.702139000,15,rover_s102_2x2_n1_1fps_1sp_bb.json,s102
1687801005.703129000,16,rover_s102_2x2_n1_1fps_1sp_bb.json,s102
1687801006.720121000,0,rover_s102_2x2_n1_1fps_1sp_bb.json,s102
1687801006.720547000,1,rover_s102_2x2_n1_1fps_1sp_bb.json,s102
1687801006.721352000,2,rover_s102_2x2_n1_1fps_1sp_bb.json,s102
1687801006.721457000,3,rover_s102_2x2_n1_1fps_1sp_bb.json,s102
1687801006.721555000,4,rover_s102_2x2_n1_1fps_1sp_bb.json,s102
1687801006.721663000,5,rover_s102_2x2_n1_1fps_1sp_bb.json,s102
1687801006.722476000,6,rover_s102_2x2_n1_1fps_1sp_bb.json,s102
1687801006.722833000,7,rover_s102_2x2_n1_1fps_1sp_bb.json,s102
1687801006.722908000,8,rover_s102_2x2_n1_1fps_1sp_bb.json,s102
1687801007.746103000,0,rover_s102_2x2_n1_1fps_1sp_bb.json,s102
1687801007.746270000,1,rover_s102_2x2_n1_1fps_1sp_bb.json,s102
1687801007.746272000,2,rover_s102_2x2_n1_1fps_1sp_bb.json,s102
1687801007.746383000,3,rover_s102_2x2_n1_1fps_1sp_bb.json,s102
1687801007.746473000,4,rover_s102_2x2_n1_1fps_1sp_bb.json,s102
1687801007.746562000,5,rover_s102_2x2_n1_1fps_1sp_bb.json,s102
1687801007.746661000,6,rover_s102_2x2_n1_1fps_1sp_bb.json,s102
1687801007.747330000,7,rover_s102_2x2_n1_1fps_1sp_bb.json,s102
1687801007.747456000,8,rover_s102_2x2_n1_1fps_1sp_bb.json,s102
1687801007.747543000,9,rover_s102_2x2_n1_1fps_1sp_bb.json,s102
1687801007.748399000,10,rover_s102_2x2_n1_1fps_1sp_bb.json,s102
1687801007.748502000,11,rover_s102_2x2_n1_1fps_1sp_bb.json,s102
1687801008.767129000,0,rover_s102_2x2_n1_1fps_1sp_bb.json,s102
1687801008.767339000,1,rover_s102_2x2_n1_1fps_1sp_bb.json,s102
1687801008.767426000,2,rover_s102_2x2_n1_1fps_1sp_bb.json,s102
1687801008.767986000,3,rover_s102_2x2_n1_1fps_1sp_bb.json,s102
1687801008.768073000,4,rover_s102_2x2_n1_1fps_1sp_bb.json,s102
1687801008.768171000,5,rover_s102_2x2_n1_1fps_1sp_bb.json,s102
1687801008.769420000,6,rover_s102_2x2_n1_1fps_1sp_bb.json,s102
1687801008.769421000,7,rover_s102_2x2_n1_1fps_1sp_bb.json,s102
1687801008.769569000,8,rover_s102_2x2_n1_1fps_1sp_bb.json,s102
1687801008.770618000,9,rover_s102_2x2_n1_1fps_1sp_bb.json,s102
1687801008.770711000,10,rover_s102_2x2_n1_1fps_1sp_bb.json,s102
1687801009.788643000,0,rover_s102_2x2_n1_1fps_1sp_bb.json,s102
1687801009.788986000,1,rover_s102_2x2_n1_1fps_1sp_bb.json,s102
1687801009.789976000,2,rover_s102_2x2_n1_1fps_1sp_bb.json,s102
1687801009.790080000,3,rover_s102_2x2_n1_1fps_1sp_bb.json,s102
1687801009.790082000,4,rover_s102_2x2_n1_1fps_1sp_bb.json,s102
1687801009.790231000,5,rover_s102_2x2_n1_1fps_1sp_bb.json,s102
1687801009.790351000,6,rover_s102_2x2_n1_1fps_1sp_bb.json,s102
1687801009.791039000,7,rover_s102_2x2_n1_1fps_1sp_bb.json,s102
1687801009.791040000,8,rover_s102_2x2_n1_1fps_1sp_bb.json,s102
1687801009.791172000,9,rover_s102_2x2_n1_1fps_1sp_bb.json,s102
1687801009.792111000,10,rover_s102_2x2_n1_1fps_1sp_bb.json,s102
1687801010.810921000,0,rover_s102_2x2_n1_1fps_1sp_bb.json,s102
1687801010.811133000,1,rover_s102_2x2_n1_1fps_1sp_bb.json,s102
1687801010.811233000,2,rover_s102_2x2_n1_1fps_1sp_bb.json,s102
1687801010.811725000,3,rover_s102_2x2_n1_1fps_1sp_bb.json,s102
1687801010.811839000,4,rover_s102_2x2_n1_1fps_1sp_bb.json,s102
1687801010.812623000,5,rover_s102_2x2_n1_1fps_1sp_bb.json,s102
1687801010.813853000,6,rover_s102_2x2_n1_1fps_1sp_bb.json,s102
1687801010.813960000,7,rover_s102_2x2_n1_1fps_1sp_bb.json,s102
1687801011.835426000,0,rover_s102_2x2_n1_1fps_1sp_bb.json,s102
1687801011.835662000,1,rover_s102_2x2_n1_1fps_1sp_bb.json,s102
1687801011.836237000,2,rover_s102_2x2_n1_1fps_1sp_bb.json,s102
1687801011.836336000,3,rover_s102_2x2_n1_1fps_1sp_bb.json,s102
1687801011.836427000,4,rover_s102_2x2_n1_1fps_1sp_bb.json,s102
1687801011.836428000,5,rover_s102_2x2_n1_1fps_1sp_bb.json,s102
1687801011.836845000,6,rover_s102_2x2_n1_1fps_1sp_bb.json,s102
1687801011.837799000,7,rover_s102_2x2_n1_1fps_1sp_bb.json,s102
1687801011.837900000,8,rover_s102_2x2_n1_1fps_1sp_bb.json,s102
1687801011.837902000,9,rover_s102_2x2_n1_1fps_1sp_bb.json,s102
1687801011.838046000,10,rover_s102_2x2_n1_1fps_1sp_bb.json,s102
1687801011.838799000,11,rover_s102_2x2_n1_1fps_1sp_bb.json,s102
1687801011.838898000,12,rover_s102_2x2_n1_1fps_1sp_bb.json,s102
1687801011.838998000,13,rover_s102_2x2_n1_1fps_1sp_bb.json,s102
1687801011.839549000,14,rover_s102_2x2_n1_1fps_1sp_bb.json,s102
1687801011.839642000,15,rover_s102_2x2_n1_1fps_1sp_bb.json,s102
1687801012.865279000,0,rover_s102_2x2_n1_1fps_1sp_bb.json,s102
1687801012.865628000,1,rover_s102_2x2_n1_1fps_1sp_bb.json,s102
1687801012.866508000,2,rover_s102_2x2_n1_1fps_1sp_bb.json,s102
1687801012.866606000,3,rover_s102_2x2_n1_1fps_1sp_bb.json,s102
1687801012.866705000,4,rover_s102_2x2_n1_1fps_1sp_bb.json,s102
1687801012.867385000,5,rover_s102_2x2_n1_1fps_1sp_bb.json,s102
1687801012.867496000,6,rover_s102_2x2_n1_1fps_1sp_bb.json,s102
1687801012.867624000,7,rover_s102_2x2_n1_1fps_1sp_bb.json,s102
1687801013.890027000,0,rover_s102_2x2_n1_1fps_1sp_bb.json,s102
1687801013.890255000,1,rover_s102_2x2_n1_1fps_1sp_bb.json,s102
1687801013.890346000,2,rover_s102_2x2_n1_1fps_1sp_bb.json,s102
1687801013.890776000,3,rover_s102_2x2_n1_1fps_1sp_bb.json,s102
1687801013.890870000,4,rover_s102_2x2_n1_1fps_1sp_bb.json,s102
1687801013.890973000,5,rover_s102_2x2_n1_1fps_1sp_bb.json,s102
1687801013.891099000,6,rover_s102_2x2_n1_1fps_1sp_bb.json,s102
1687801013.892227000,7,rover_s102_2x2_n1_1fps_1sp_bb.json,s102
1687801013.892229000,8,rover_s102_2x2_n1_1fps_1sp_bb.json,s102
1687801013.892387000,9,rover_s102_2x2_n1_1fps_1sp_bb.json,s102
1687801013.892521000,10,rover_s102_2x2_n1_1fps_1sp_bb.json,s102
1687801014.917899000,0,rover_s102_2x2_n1_1fps_1sp_bb.json,s102
1687801014.918107000,1,rover_s102_2x2_n1_1fps_1sp_bb.json,s102
1687801014.918554000,2,rover_s102_2x2_n1_1fps_1sp_bb.json,s102
1687801014.918649000,3,rover_s102_2x2_n1_1fps_1sp_bb.json,s102
1687801014.919132000,4,rover_s102_2x2_n1_1fps_1sp_bb.json,s102
1687801014.920581000,5,rover_s102_2x2_n1_1fps_1sp_bb.json,s102
1687801014.920682000,6,rover_s102_2x2_n1_1fps_1sp_bb.json,s102
1687801015.943726000,0,rover_s102_2x2_n1_1fps_1sp_bb.json,s102
1687801015.944098000,1,rover_s102_2x2_n1_1fps_1sp_bb.json,s102
1687801015.945398000,2,rover_s102_2x2_n1_1fps_1sp_bb.json,s102
1687801015.945400000,3,rover_s102_2x2_n1_1fps_1sp_bb.json,s102
1687801015.945523000,4,rover_s102_2x2_n1_1fps_1sp_bb.json,s102
1687801015.945646000,5,rover_s102_2x2_n1_1fps_1sp_bb.json,s102
1687801015.945768000,6,rover_s102_2x2_n1_1fps_1sp_bb.json,s102
1687801015.945855000,7,rover_s102_2x2_n1_1fps_1sp_bb.json,s102
1687801015.946301000,8,rover_s102_2x2_n1_1fps_1sp_bb.json,s102
1687801015.946404000,9,rover_s102_2x2_n1_1fps_1sp_bb.json,s102
1687801016.965236000,0,rover_s102_2x2_n1_1fps_1sp_bb.json,s102
1687801016.965441000,1,rover_s102_2x2_n1_1fps_1sp_bb.json,s102
1687801016.965972000,2,rover_s102_2x2_n1_1fps_1sp_bb.json,s102
1687801016.966068000,3,rover_s102_2x2_n1_1fps_1sp_bb.json,s102
1687801016.966175000,4,rover_s102_2x2_n1_1fps_1sp_bb.json,s102
1687801016.966810000,5,rover_s102_2x2_n1_1fps_1sp_bb.json,s102
1687801016.966911000,6,rover_s102_2x2_n1_1fps_1sp_bb.json,s102
1687801016.967001000,7,rover_s102_2x2_n1_1fps_1sp_bb.json,s102
1687801016.967971000,8,rover_s102_2x2_n1_1fps_1sp_bb.json,s102
1687801017.988789000,0,rover_s102_2x2_n1_1fps_1sp_bb.json,s102
1687801017.989480000,1,rover_s102_2x2_n1_1fps_1sp_bb.json,s102
1687801017.989482000,2,rover_s102_2x2_n1_1fps_1sp_bb.json,s102
1687801017.989619000,3,rover_s102_2x2_n1_1fps_1sp_bb.json,s102
1687801017.989726000,4,rover_s102_2x2_n1_1fps_1sp_bb.json,s102
1687801017.989840000,5,rover_s102_2x2_n1_1fps_1sp_bb.json,s102
1687801017.990527000,6,rover_s102_2x2_n1_1fps_1sp_bb.json,s102
1687801017.990631000,7,rover_s102_2x2_n1_1fps_1sp_bb.json,s102
1687801017.990724000,8,rover_s102_2x2_n1_1fps_1sp_bb.json,s102
1687801019.014554000,0,rover_s102_2x2_n1_1fps_1sp_bb.json,s102
1687801019.014933000,1,rover_s102_2x2_n1_1fps_1sp_bb.json,s102
1687801019.019469000,2,rover_s102_2x2_n1_1fps_1sp_bb.json,s102
1687801019.020367000,3,rover_s102_2x2_n1_1fps_1sp_bb.json,s102
1687801019.020536000,4,rover_s102_2x2_n1_1fps_1sp_bb.json,s102
1687801019.020538000,5,rover_s102_2x2_n1_1fps_1sp_bb.json,s102
1687801019.020625000,6,rover_s102_2x2_n1_1fps_1sp_bb.json,s102
1687801019.020712000,7,rover_s102_2x2_n1_1fps_1sp_bb.json,s102
1687801019.020797000,8,rover_s102_2x2_n1_1fps_1sp_bb.json,s102
1687801020.041015000,0,rover_s102_2x2_n1_1fps_1sp_bb.json,s102
1687801020.042914000,1,rover_s102_2x2_n1_1fps_1sp_bb.json,s102
1687801020.043023000,2,rover_s102_2x2_n1_1fps_1sp_bb.json,s102
1687801020.043090000,3,rover_s102_2x2_n1_1fps_1sp_bb.json,s102
1687801020.043092000,4,rover_s102_2x2_n1_1fps_1sp_bb.json,s102
1687801020.043192000,5,rover_s102_2x2_n1_1fps_1sp_bb.json,s102
1687801020.043276000,6,rover_s102_2x2_n1_1fps_1sp_bb.json,s102
1687801020.043380000,7,rover_s102_2x2_n1_1fps_1sp_bb.json,s102
1687801020.043472000,8,rover_s102_2x2_n1_1fps_1sp_bb.json,s102
1687801020.043772000,9,rover_s102_2x2_n1_1fps_1sp_bb.json,s102
1687801020.043870000,10,rover_s102_2x2_n1_1fps_1sp_bb.json,s102
1687801020.046032000,11,rover_s102_2x2_n1_1fps_1sp_bb.json,s102
1687801020.046033000,12,rover_s102_2x2_n1_1fps_1sp_bb.json,s102
1687801021.064392000,0,rover_s102_2x2_n1_1fps_1sp_bb.json,s102
1687801021.064600000,1,rover_s102_2x2_n1_1fps_1sp_bb.json,s102
1687801021.064702000,2,rover_s102_2x2_n1_1fps_1sp_bb.json,s102
1687801021.065009000,3,rover_s102_2x2_n1_1fps_1sp_bb.json,s102
1687801021.065113000,4,rover_s102_2x2_n1_1fps_1sp_bb.json,s102
1687801021.065658000,5,rover_s102_2x2_n1_1fps_1sp_bb.json,s102
1687801021.065770000,6,rover_s102_2x2_n1_1fps_1sp_bb.json,s102
1687801021.066446000,7,rover_s102_2x2_n1_1fps_1sp_bb.json,s102
1687801021.066553000,8,rover_s102_2x2_n1_1fps_1sp_bb.json,s102
1687801021.066555000,9,rover_s102_2x2_n1_1fps_1sp_bb.json,s102
1687801021.068700000,10,rover_s102_2x2_n1_1fps_1sp_bb.json,s102
1687801022.091268000,0,rover_s102_2x2_n1_1fps_1sp_bb.json,s102
1687801022.092141000,1,rover_s102_2x2_n1_1fps_1sp_bb.json,s102
1687801022.093039000,2,rover_s102_2x2_n1_1fps_1sp_bb.json,s102
1687801022.093144000,3,rover_s102_2x2_n1_1fps_1sp_bb.json,s102
1687801022.093145000,4,rover_s102_2x2_n1_1fps_1sp_bb.json,s102
1687801022.093302000,5,rover_s102_2x2_n1_1fps_1sp_bb.json,s102
1687801022.093880000,6,rover_s102_2x2_n1_1fps_1sp_bb.json,s102
1687801022.093970000,7,rover_s102_2x2_n1_1fps_1sp_bb.json,s102
1687801022.094055000,8,rover_s102_2x2_n1_1fps_1sp_bb.json,s102
1687801023.112895000,0,rover_s102_2x2_n1_1fps_1sp_bb.json,s102
1687801023.113108000,1,rover_s102_2x2_n1_1fps_1sp_bb.json,s102
1687801023.113200000,2,rover_s102_2x2_n1_1fps_1sp_bb.json,s102
1687801023.114330000,3,rover_s102_2x2_n1_1fps_1sp_bb.json,s102
1687801023.114332000,4,rover_s102_2x2_n1_1fps_1sp_bb.json,s102
1687801023.114425000,5,rover_s102_2x2_n1_1fps_1sp_bb.json,s102
1687801023.114530000,6,rover_s102_2x2_n1_1fps_1sp_bb.json,s102
1687801023.114617000,7,rover_s102_2x2_n1_1fps_1sp_bb.json,s102
1687801023.114619000,8,rover_s102_2x2_n1_1fps_1sp_bb.json,s102
1687801023.114931000,9,rover_s102_2x2_n1_1fps_1sp_bb.json,s102
1687801023.115026000,10,rover_s102_2x2_n1_1fps_1sp_bb.json,s102
1687801023.115492000,11,rover_s102_2x2_n1_1fps_1sp_bb.json,s102
1687801023.115593000,12,rover_s102_2x2_n1_1fps_1sp_bb.json,s102
1687801024.135770000,0,rover_s102_2x2_n1_1fps_1sp_bb.json,s102
1687801024.135976000,1,rover_s102_2x2_n1_1fps_1sp_bb.json,s102
1687801024.136549000,2,rover_s102_2x2_n1_1fps_1sp_bb.json,s102
1687801024.136551000,3,rover_s102_2x2_n1_1fps_1sp_bb.json,s102
1687801024.136670000,4,rover_s102_2x2_n1_1fps_1sp_bb.json,s102
1687801024.136768000,5,rover_s102_2x2_n1_1fps_1sp_bb.json,s102
1687801024.137315000,6,rover_s102_2x2_n1_1fps_1sp_bb.json,s102
1687801024.137421000,7,rover_s102_2x2_n1_1fps_1sp_bb.json,s102
1687801024.137526000,8,rover_s102_2x2_n1_1fps_1sp_bb.json,s102
1687801024.138145000,9,rover_s102_2x2_n1_1fps_1sp_bb.json,s102
1687801024.138243000,10,rover_s102_2x2_n1_1fps_1sp_bb.json,s102
1687801024.139504000,11,rover_s102_2x2_n1_1fps_1sp_bb.json,s102
1687801024.139506000,12,rover_s102_2x2_n1_1fps_1sp_bb.json,s102
1687801025.163319000,0,rover_s102_2x2_n1_1fps_1sp_bb.json,s102
1687801025.164677000,1,rover_s102_2x2_n1_1fps_1sp_bb.json,s102
1687801025.165619000,2,rover_s102_2x2_n1_1fps_1sp_bb.json,s102
1687801025.165620000,3,rover_s102_2x2_n1_1fps_1sp_bb.json,s102
1687801025.165736000,4,rover_s102_2x2_n1_1fps_1sp_bb.json,s102
1687801025.165832000,5,rover_s102_2x2_n1_1fps_1sp_bb.json,s102
1687801025.165934000,6,rover_s102_2x2_n1_1fps_1sp_bb.json,s102
1687801025.165936000,7,rover_s102_2x2_n1_1fps_1sp_bb.json,s102
1687801025.166081000,8,rover_s102_2x2_n1_1fps_1sp_bb.json,s102
1687801026.185951000,0,rover_s102_2x2_n1_1fps_1sp_bb.json,s102
1687801026.187606000,1,rover_s102_2x2_n1_1fps_1sp_bb.json,s102
1687801026.187711000,2,rover_s102_2x2_n1_1fps_1sp_bb.json,s102
1687801026.187787000,3,rover_s102_2x2_n1_1fps_1sp_bb.json,s102
1687801026.187789000,4,rover_s102_2x2_n1_1fps_1sp_bb.json,s102
1687801026.187876000,5,rover_s102_2x2_n1_1fps_1sp_bb.json,s102
1687801026.187985000,6,rover_s102_2x2_n1_1fps_1sp_bb.json,s102
1687801026.188086000,7,rover_s102_2x2_n1_1fps_1sp_bb.json,s102
1687801026.188087000,8,rover_s102_2x2_n1_1fps_1sp_bb.json,s102
1687801026.189845000,9,rover_s102_2x2_n1_1fps_1sp_bb.json,s102
1687801026.189981000,10,rover_s102_2x2_n1_1fps_1sp_bb.json,s102
1687801026.191060000,11,rover_s102_2x2_n1_1fps_1sp_bb.json,s102
1687801026.191139000,12,rover_s102_2x2_n1_1fps_1sp_bb.json,s102
1687801026.191140000,13,rover_s102_2x2_n1_1fps_1sp_bb.json,s102
1687801026.191277000,14,rover_s102_2x2_n1_1fps_1sp_bb.json,s102
1687801026.191380000,15,rover_s102_2x2_n1_1fps_1sp_bb.json,s102
1687801027.218059000,0,rover_s102_2x2_n1_1fps_1sp_bb.json,s102
1687801027.218254000,1,rover_s102_2x2_n1_1fps_1sp_bb.json,s102
1687801027.218344000,2,rover_s102_2x2_n1_1fps_1sp_bb.json,s102
1687801027.218346000,3,rover_s102_2x2_n1_1fps_1sp_bb.json,s102
1687801027.218480000,4,rover_s102_2x2_n1_1fps_1sp_bb.json,s102
1687801027.218597000,5,rover_s102_2x2_n1_1fps_1sp_bb.json,s102
1687801027.219217000,6,rover_s102_2x2_n1_1fps_1sp_bb.json,s102
1687801027.219218000,7,rover_s102_2x2_n1_1fps_1sp_bb.json,s102
1687801027.219346000,8,rover_s102_2x2_n1_1fps_1sp_bb.json,s102
1687801027.219921000,9,rover_s102_2x2_n1_1fps_1sp_bb.json,s102
1687801027.220027000,10,rover_s102_2x2_n1_1fps_1sp_bb.json,s102
1687801027.220608000,11,rover_s102_2x2_n1_1fps_1sp_bb.json,s102
1687801027.220708000,12,rover_s102_2x2_n1_1fps_1sp_bb.json,s102
1687801027.220809000,13,rover_s102_2x2_n1_1fps_1sp_bb.json,s102
1687801027.221321000,14,rover_s102_2x2_n1_1fps_1sp_bb.json,s102
1687801027.221433000,15,rover_s102_2x2_n1_1fps_1sp_bb.json,s102
1687801027.223814000,16,rover_s102_2x2_n1_1fps_1sp_bb.json,s102
1687801027.223816000,17,rover_s102_2x2_n1_1fps_1sp_bb.json,s102
1687801028.240898000,0,rover_s102_2x2_n1_1fps_1sp_bb.json,s102
1687801028.241280000,1,rover_s102_2x2_n1_1fps_1sp_bb.json,s102
1687801028.242207000,2,rover_s102_2x2_n1_1fps_1sp_bb.json,s102
1687801028.242303000,3,rover_s102_2x2_n1_1fps_1sp_bb.json,s102
1687801028.242422000,4,rover_s102_2x2_n1_1fps_1sp_bb.json,s102
1687801028.242544000,5,rover_s102_2x2_n1_1fps_1sp_bb.json,s102
1687801028.242545000,6,rover_s102_2x2_n1_1fps_1sp_bb.json,s102
1687801028.243374000,7,rover_s102_2x2_n1_1fps_1sp_bb.json,s102
1687801028.243475000,8,rover_s102_2x2_n1_1fps_1sp_bb.json,s102
1687801028.244440000,9,rover_s102_2x2_n1_1fps_1sp_bb.json,s102
1687801029.266576000,0,rover_s102_2x2_n1_1fps_1sp_bb.json,s102
1687801029.266577000,1,rover_s102_2x2_n1_1fps_1sp_bb.json,s102
1687801029.266792000,2,rover_s102_2x2_n1_1fps_1sp_bb.json,s102
1687801029.266884000,3,rover_s102_2x2_n1_1fps_1sp_bb.json,s102
1687801029.267194000,4,rover_s102_2x2_n1_1fps_1sp_bb.json,s102
1687801029.267291000,5,rover_s102_2x2_n1_1fps_1sp_bb.json,s102
1687801029.267374000,6,rover_s102_2x2_n1_1fps_1sp_bb.json,s102
1687801029.267776000,7,rover_s102_2x2_n1_1fps_1sp_bb.json,s102
1687801029.267872000,8,rover_s102_2x2_n1_1fps_1sp_bb.json,s102
1687801029.269255000,9,rover_s102_2x2_n1_1fps_1sp_bb.json,s102
1687801029.269395000,10,rover_s102_2x2_n1_1fps_1sp_bb.json,s102
1687801029.269397000,11,rover_s102_2x2_n1_1fps_1sp_bb.json,s102
1687801029.269557000,12,rover_s102_2x2_n1_1fps_1sp_bb.json,s102
1687801030.289972000,0,rover_s102_2x2_n1_1fps_1sp_bb.json,s102
1687801030.290174000,1,rover_s102_2x2_n1_1fps_1sp_bb.json,s102
1687801030.290264000,2,rover_s102_2x2_n1_1fps_1sp_bb.json,s102
1687801030.290696000,3,rover_s102_2x2_n1_1fps_1sp_bb.json,s102
1687801030.290791000,4,rover_s102_2x2_n1_1fps_1sp_bb.json,s102
1687801030.290889000,5,rover_s102_2x2_n1_1fps_1sp_bb.json,s102
1687801030.291821000,6,rover_s102_2x2_n1_1fps_1sp_bb.json,s102
1687801030.292909000,7,rover_s102_2x2_n1_1fps_1sp_bb.json,s102
1687801030.293013000,8,rover_s102_2x2_n1_1fps_1sp_bb.json,s102
1687801030.293014000,9,rover_s102_2x2_n1_1fps_1sp_bb.json,s102
1687801030.293514000,10,rover_s102_2x2_n1_1fps_1sp_bb.json,s102
1687801030.295037000,11,rover_s102_2x2_n1_1fps_1sp_bb.json,s102
1687801030.295150000,12,rover_s102_2x2_n1_1fps_1sp_bb.json,s102
1687801030.295236000,13,rover_s102_2x2_n1_1fps_1sp_bb.json,s102
1687801031.317407000,0,rover_s102_2x2_n1_1fps_1sp_bb.json,s102
1687801031.317822000,1,rover_s102_2x2_n1_1fps_1sp_bb.json,s102
1687801031.320825000,2,rover_s102_2x2_n1_1fps_1sp_bb.json,s102
1687801031.321535000,3,rover_s102_2x2_n1_1fps_1sp_bb.json,s102
1687801031.321620000,4,rover_s102_2x2_n1_1fps_1sp_bb.json,s102
1687801031.321622000,5,rover_s102_2x2_n1_1fps_1sp_bb.json,s102
1687801031.322564000,6,rover_s102_2x2_n1_1fps_1sp_bb.json,s102
1687801031.322651000,7,rover_s102_2x2_n1_1fps_1sp_bb.json,s102
1687801032.341026000,0,rover_s102_2x2_n1_1fps_1sp_bb.json,s102
1687801032.341227000,1,rover_s102_2x2_n1_1fps_1sp_bb.json,s102
1687801032.341334000,2,rover_s102_2x2_n1_1fps_1sp_bb.json,s102
1687801032.341336000,3,rover_s102_2x2_n1_1fps_1sp_bb.json,s102
1687801032.341653000,4,rover_s102_2x2_n1_1fps_1sp_bb.json,s102
1687801032.342196000,5,rover_s102_2x2_n1_1fps_1sp_bb.json,s102
1687801032.342198000,6,rover_s102_2x2_n1_1fps_1sp_bb.json,s102
1687801032.342342000,7,rover_s102_2x2_n1_1fps_1sp_bb.json,s102
1687801032.346392000,8,rover_s102_2x2_n1_1fps_1sp_bb.json,s102
1687801032.346528000,9,rover_s102_2x2_n1_1fps_1sp_bb.json,s102
1687801032.346617000,10,rover_s102_2x2_n1_1fps_1sp_bb.json,s102
1687801033.368876000,0,rover_s102_2x2_n1_1fps_1sp_bb.json,s102
1687801033.368877000,1,rover_s102_2x2_n1_1fps_1sp_bb.json,s102
1687801033.369110000,2,rover_s102_2x2_n1_1fps_1sp_bb.json,s102
1687801033.369216000,3,rover_s102_2x2_n1_1fps_1sp_bb.json,s102
1687801033.369328000,4,rover_s102_2x2_n1_1fps_1sp_bb.json,s102
1687801033.369413000,5,rover_s102_2x2_n1_1fps_1sp_bb.json,s102
1687801033.369872000,6,rover_s102_2x2_n1_1fps_1sp_bb.json,s102
1687801033.369975000,7,rover_s102_2x2_n1_1fps_1sp_bb.json,s102
1687801033.371642000,8,rover_s102_2x2_n1_1fps_1sp_bb.json,s102
1687801033.371768000,9,rover_s102_2x2_n1_1fps_1sp_bb.json,s102
1687801033.371868000,10,rover_s102_2x2_n1_1fps_1sp_bb.json,s102
1687801033.371962000,11,rover_s102_2x2_n1_1fps_1sp_bb.json,s102
1687801033.373307000,12,rover_s102_2x2_n1_1fps_1sp_bb.json,s102
1687801033.373432000,13,rover_s102_2x2_n1_1fps_1sp_bb.json,s102
1687801033.373522000,14,rover_s102_2x2_n1_1fps_1sp_bb.json,s102
1687801033.374475000,15,rover_s102_2x2_n1_1fps_1sp_bb.json,s102
1687801033.374584000,16,rover_s102_2x2_n1_1fps_1sp_bb.json,s102
1687801033.374694000,17,rover_s102_2x2_n1_1fps_1sp_bb.json,s102
1687801033.374778000,18,rover_s102_2x2_n1_1fps_1sp_bb.json,s102
1687801034.399544000,0,rover_s102_2x2_n1_1fps_1sp_bb.json,s102
1687801034.399977000,1,rover_s102_2x2_n1_1fps_1sp_bb.json,s102
1687801034.401614000,2,rover_s102_2x2_n1_1fps_1sp_bb.json,s102
1687801034.401616000,3,rover_s102_2x2_n1_1fps_1sp_bb.json,s102
1687801034.401747000,4,rover_s102_2x2_n1_1fps_1sp_bb.json,s102
1687801034.401850000,5,rover_s102_2x2_n1_1fps_1sp_bb.json,s102
1687801034.402048000,6,rover_s102_2x2_n1_1fps_1sp_bb.json,s102
1687801034.402140000,7,rover_s102_2x2_n1_1fps_1sp_bb.json,s102
1687801034.403395000,8,rover_s102_2x2_n1_1fps_1sp_bb.json,s102
1687801035.424095000,0,rover_s102_2x2_n1_1fps_1sp_bb.json,s102
1687801035.424268000,1,rover_s102_2x2_n1_1fps_1sp_bb.json,s102
1687801035.424375000,2,rover_s102_2x2_n1_1fps_1sp_bb.json,s102
1687801035.424377000,3,rover_s102_2x2_n1_1fps_1sp_bb.json,s102
1687801035.426003000,4,rover_s102_2x2_n1_1fps_1sp_bb.json,s102
1687801035.426004000,5,rover_s102_2x2_n1_1fps_1sp_bb.json,s102
1687801035.426117000,6,rover_s102_2x2_n1_1fps_1sp_bb.json,s102
1687801035.426213000,7,rover_s102_2x2_n1_1fps_1sp_bb.json,s102
1687801035.426310000,8,rover_s102_2x2_n1_1fps_1sp_bb.json,s102
1687801036.446530000,0,rover_s102_2x2_n1_1fps_1sp_bb.json,s102
1687801036.446737000,1,rover_s102_2x2_n1_1fps_1sp_bb.json,s102
1687801036.447524000,2,rover_s102_2x2_n1_1fps_1sp_bb.json,s102
1687801036.447525000,3,rover_s102_2x2_n1_1fps_1sp_bb.json,s102
1687801036.447658000,4,rover_s102_2x2_n1_1fps_1sp_bb.json,s102
1687801036.447772000,5,rover_s102_2x2_n1_1fps_1sp_bb.json,s102
1687801036.447876000,6,rover_s102_2x2_n1_1fps_1sp_bb.json,s102
1687801036.449243000,7,rover_s102_2x2_n1_1fps_1sp_bb.json,s102
1687801036.449245000,8,rover_s102_2x2_n1_1fps_1sp_bb.json,s102
1687801036.450035000,9,rover_s102_2x2_n1_1fps_1sp_bb.json,s102
1687801036.450114000,10,rover_s102_2x2_n1_1fps_1sp_bb.json,s102
1687801037.467540000,0,rover_s102_2x2_n1_1fps_1sp_bb.json,s102
1687801037.467976000,1,rover_s102_2x2_n1_1fps_1sp_bb.json,s102
1687801037.470056000,2,rover_s102_2x2_n1_1fps_1sp_bb.json,s102
1687801037.470058000,3,rover_s102_2x2_n1_1fps_1sp_bb.json,s102
1687801037.471484000,4,rover_s102_2x2_n1_1fps_1sp_bb.json,s102
1687801037.471567000,5,rover_s102_2x2_n1_1fps_1sp_bb.json,s102
1687801037.471632000,6,rover_s102_2x2_n1_1fps_1sp_bb.json,s102
1687801037.471634000,7,rover_s102_2x2_n1_1fps_1sp_bb.json,s102
1687801037.471760000,8,rover_s102_2x2_n1_1fps_1sp_bb.json,s102
1687801038.491253000,0,rover_s102_2x2_n1_1fps_1sp_bb.json,s102
1687801038.491436000,1,rover_s102_2x2_n1_1fps_1sp_bb.json,s102
1687801038.491534000,2,rover_s102_2x2_n1_1fps_1sp_bb.json,s102
1687801038.492228000,3,rover_s102_2x2_n1_1fps_1sp_bb.json,s102
1687801038.492330000,4,rover_s102_2x2_n1_1fps_1sp_bb.json,s102
1687801038.492332000,5,rover_s102_2x2_n1_1fps_1sp_bb.json,s102
1687801038.492510000,6,rover_s102_2x2_n1_1fps_1sp_bb.json,s102
1687801038.494149000,7,rover_s102_2x2_n1_1fps_1sp_bb.json,s102
1687801038.494150000,8,rover_s102_2x2_n1_1fps_1sp_bb.json,s102
1687801038.494331000,9,rover_s102_2x2_n1_1fps_1sp_bb.json,s102
1687801038.494483000,10,rover_s102_2x2_n1_1fps_1sp_bb.json,s102
1687801038.494592000,11,rover_s102_2x2_n1_1fps_1sp_bb.json,s102
1687801038.494670000,12,rover_s102_2x2_n1_1fps_1sp_bb.json,s102
1687801039.513690000,0,rover_s102_2x2_n1_1fps_1sp_bb.json,s102
1687801039.513910000,1,rover_s102_2x2_n1_1fps_1sp_bb.json,s102
1687801039.514008000,2,rover_s102_2x2_n1_1fps_1sp_bb.json,s102
1687801039.515176000,3,rover_s102_2x2_n1_1fps_1sp_bb.json,s102
1687801039.516207000,4,rover_s102_2x2_n1_1fps_1sp_bb.json,s102
1687801039.516289000,5,rover_s102_2x2_n1_1fps_1sp_bb.json,s102
1687801039.516369000,6,rover_s102_2x2_n1_1fps_1sp_bb.json,s102
1687801039.516371000,7,rover_s102_2x2_n1_1fps_1sp_bb.json,s102
1687801040.538277000,0,rover_s102_2x2_n1_1fps_1sp_bb.json,s102
1687801040.539047000,1,rover_s102_2x2_n1_1fps_1sp_bb.json,s102
1687801040.540302000,2,rover_s102_2x2_n1_1fps_1sp_bb.json,s102
1687801040.540412000,3,rover_s102_2x2_n1_1fps_1sp_bb.json,s102
1687801040.540414000,4,rover_s102_2x2_n1_1fps_1sp_bb.json,s102
1687801040.540728000,5,rover_s102_2x2_n1_1fps_1sp_bb.json,s102
1687801040.541600000,6,rover_s102_2x2_n1_1fps_1sp_bb.json,s102
1687801040.541771000,7,rover_s102_2x2_n1_1fps_1sp_bb.json,s102
1687801040.541882000,8,rover_s102_2x2_n1_1fps_1sp_bb.json,s102
1687801040.541884000,9,rover_s102_2x2_n1_1fps_1sp_bb.json,s102
1687801041.562675000,0,rover_s102_2x2_n1_1fps_1sp_bb.json,s102
1687801041.562879000,1,rover_s102_2x2_n1_1fps_1sp_bb.json,s102
1687801041.562985000,2,rover_s102_2x2_n1_1fps_1sp_bb.json,s102
1687801041.563108000,3,rover_s102_2x2_n1_1fps_1sp_bb.json,s102
1687801041.563110000,4,rover_s102_2x2_n1_1fps_1sp_bb.json,s102
1687801041.563804000,5,rover_s102_2x2_n1_1fps_1sp_bb.json,s102
1687801041.563890000,6,rover_s102_2x2_n1_1fps_1sp_bb.json,s102
1687801041.564744000,7,rover_s102_2x2_n1_1fps_1sp_bb.json,s102
1687801041.564858000,8,rover_s102_2x2_n1_1fps_1sp_bb.json,s102
1687801041.565860000,9,rover_s102_2x2_n1_1fps_1sp_bb.json,s102
1687801042.589067000,0,rover_s102_2x2_n1_1fps_1sp_bb.json,s102
1687801042.589265000,1,rover_s102_2x2_n1_1fps_1sp_bb.json,s102
1687801042.589379000,2,rover_s102_2x2_n1_1fps_1sp_bb.json,s102
1687801042.589475000,3,rover_s102_2x2_n1_1fps_1sp_bb.json,s102
1687801042.590396000,4,rover_s102_2x2_n1_1fps_1sp_bb.json,s102
1687801042.590592000,5,rover_s102_2x2_n1_1fps_1sp_bb.json,s102
1687801042.590715000,6,rover_s102_2x2_n1_1fps_1sp_bb.json,s102
1687801042.591574000,7,rover_s102_2x2_n1_1fps_1sp_bb.json,s102
1687801042.592420000,8,rover_s102_2x2_n1_1fps_1sp_bb.json,s102
