Timestamp,Packet,Scenario,Type
1687798219.465014000,0,rover_s102_2x2_n2_1fps_1sp_aldrich.json,s102
1687798219.465384000,1,rover_s102_2x2_n2_1fps_1sp_aldrich.json,s102
1687798219.466774000,2,rover_s102_2x2_n2_1fps_1sp_aldrich.json,s102
1687798219.466776000,3,rover_s102_2x2_n2_1fps_1sp_aldrich.json,s102
1687798219.466898000,4,rover_s102_2x2_n2_1fps_1sp_aldrich.json,s102
1687798219.467020000,5,rover_s102_2x2_n2_1fps_1sp_aldrich.json,s102
1687798219.467144000,6,rover_s102_2x2_n2_1fps_1sp_aldrich.json,s102
1687798219.467232000,7,rover_s102_2x2_n2_1fps_1sp_aldrich.json,s102
1687798219.468046000,8,rover_s102_2x2_n2_1fps_1sp_aldrich.json,s102
1687798220.487112000,0,rover_s102_2x2_n2_1fps_1sp_aldrich.json,s102
1687798220.487322000,1,rover_s102_2x2_n2_1fps_1sp_aldrich.json,s102
1687798220.487416000,2,rover_s102_2x2_n2_1fps_1sp_aldrich.json,s102
1687798220.487893000,3,rover_s102_2x2_n2_1fps_1sp_aldrich.json,s102
1687798220.488001000,4,rover_s102_2x2_n2_1fps_1sp_aldrich.json,s102
1687798220.488644000,5,rover_s102_2x2_n2_1fps_1sp_aldrich.json,s102
1687798220.488747000,6,rover_s102_2x2_n2_1fps_1sp_aldrich.json,s102
1687798220.488851000,7,rover_s102_2x2_n2_1fps_1sp_aldrich.json,s102
1687798220.489274000,8,rover_s102_2x2_n2_1fps_1sp_aldrich.json,s102
1687798220.489374000,9,rover_s102_2x2_n2_1fps_1sp_aldrich.json,s102
1687798221.518137000,0,rover_s102_2x2_n2_1fps_1sp_aldrich.json,s102
1687798221.518559000,1,rover_s102_2x2_n2_1fps_1sp_aldrich.json,s102
1687798221.519936000,2,rover_s102_2x2_n2_1fps_1sp_aldrich.json,s102
1687798221.519938000,3,rover_s102_2x2_n2_1fps_1sp_aldrich.json,s102
1687798221.520085000,4,rover_s102_2x2_n2_1fps_1sp_aldrich.json,s102
1687798221.520197000,5,rover_s102_2x2_n2_1fps_1sp_aldrich.json,s102
1687798221.520429000,6,rover_s102_2x2_n2_1fps_1sp_aldrich.json,s102
1687798221.520520000,7,rover_s102_2x2_n2_1fps_1sp_aldrich.json,s102
1687798222.538246000,0,rover_s102_2x2_n2_1fps_1sp_aldrich.json,s102
1687798222.538508000,1,rover_s102_2x2_n2_1fps_1sp_aldrich.json,s102
1687798222.538794000,2,rover_s102_2x2_n2_1fps_1sp_aldrich.json,s102
1687798222.538795000,3,rover_s102_2x2_n2_1fps_1sp_aldrich.json,s102
1687798222.538922000,4,rover_s102_2x2_n2_1fps_1sp_aldrich.json,s102
1687798222.539305000,5,rover_s102_2x2_n2_1fps_1sp_aldrich.json,s102
1687798222.539399000,6,rover_s102_2x2_n2_1fps_1sp_aldrich.json,s102
1687798222.539976000,7,rover_s102_2x2_n2_1fps_1sp_aldrich.json,s102
1687798222.540343000,8,rover_s102_2x2_n2_1fps_1sp_aldrich.json,s102
1687798222.540344000,9,rover_s102_2x2_n2_1fps_1sp_aldrich.json,s102
1687798222.540732000,10,rover_s102_2x2_n2_1fps_1sp_aldrich.json,s102
1687798222.541230000,11,rover_s102_2x2_n2_1fps_1sp_aldrich.json,s102
1687798222.541492000,12,rover_s102_2x2_n2_1fps_1sp_aldrich.json,s102
1687798223.566502000,0,rover_s102_2x2_n2_1fps_1sp_aldrich.json,s102
1687798223.567222000,1,rover_s102_2x2_n2_1fps_1sp_aldrich.json,s102
1687798223.568520000,2,rover_s102_2x2_n2_1fps_1sp_aldrich.json,s102
1687798223.568521000,3,rover_s102_2x2_n2_1fps_1sp_aldrich.json,s102
1687798223.568657000,4,rover_s102_2x2_n2_1fps_1sp_aldrich.json,s102
1687798223.568771000,5,rover_s102_2x2_n2_1fps_1sp_aldrich.json,s102
1687798223.568915000,6,rover_s102_2x2_n2_1fps_1sp_aldrich.json,s102
1687798223.568999000,7,rover_s102_2x2_n2_1fps_1sp_aldrich.json,s102
1687798223.570556000,8,rover_s102_2x2_n2_1fps_1sp_aldrich.json,s102
1687798223.570678000,9,rover_s102_2x2_n2_1fps_1sp_aldrich.json,s102
1687798223.570792000,10,rover_s102_2x2_n2_1fps_1sp_aldrich.json,s102
1687798223.570902000,11,rover_s102_2x2_n2_1fps_1sp_aldrich.json,s102
1687798223.571313000,12,rover_s102_2x2_n2_1fps_1sp_aldrich.json,s102
1687798223.571422000,13,rover_s102_2x2_n2_1fps_1sp_aldrich.json,s102
1687798224.594078000,0,rover_s102_2x2_n2_1fps_1sp_aldrich.json,s102
1687798224.594288000,1,rover_s102_2x2_n2_1fps_1sp_aldrich.json,s102
1687798224.594389000,2,rover_s102_2x2_n2_1fps_1sp_aldrich.json,s102
1687798224.595309000,3,rover_s102_2x2_n2_1fps_1sp_aldrich.json,s102
1687798224.595310000,4,rover_s102_2x2_n2_1fps_1sp_aldrich.json,s102
1687798224.595441000,5,rover_s102_2x2_n2_1fps_1sp_aldrich.json,s102
1687798224.595860000,6,rover_s102_2x2_n2_1fps_1sp_aldrich.json,s102
1687798224.595966000,7,rover_s102_2x2_n2_1fps_1sp_aldrich.json,s102
1687798224.595968000,8,rover_s102_2x2_n2_1fps_1sp_aldrich.json,s102
1687798224.596659000,9,rover_s102_2x2_n2_1fps_1sp_aldrich.json,s102
1687798224.596786000,10,rover_s102_2x2_n2_1fps_1sp_aldrich.json,s102
1687798224.597040000,11,rover_s102_2x2_n2_1fps_1sp_aldrich.json,s102
1687798225.620084000,0,rover_s102_2x2_n2_1fps_1sp_aldrich.json,s102
1687798225.620473000,1,rover_s102_2x2_n2_1fps_1sp_aldrich.json,s102
1687798225.621757000,2,rover_s102_2x2_n2_1fps_1sp_aldrich.json,s102
1687798225.621759000,3,rover_s102_2x2_n2_1fps_1sp_aldrich.json,s102
1687798225.621888000,4,rover_s102_2x2_n2_1fps_1sp_aldrich.json,s102
1687798225.622014000,5,rover_s102_2x2_n2_1fps_1sp_aldrich.json,s102
1687798225.622135000,6,rover_s102_2x2_n2_1fps_1sp_aldrich.json,s102
1687798225.622222000,7,rover_s102_2x2_n2_1fps_1sp_aldrich.json,s102
1687798226.643052000,0,rover_s102_2x2_n2_1fps_1sp_aldrich.json,s102
1687798226.643265000,1,rover_s102_2x2_n2_1fps_1sp_aldrich.json,s102
1687798226.643354000,2,rover_s102_2x2_n2_1fps_1sp_aldrich.json,s102
1687798226.643759000,3,rover_s102_2x2_n2_1fps_1sp_aldrich.json,s102
1687798226.643854000,4,rover_s102_2x2_n2_1fps_1sp_aldrich.json,s102
1687798226.643947000,5,rover_s102_2x2_n2_1fps_1sp_aldrich.json,s102
1687798226.644304000,6,rover_s102_2x2_n2_1fps_1sp_aldrich.json,s102
1687798226.644407000,7,rover_s102_2x2_n2_1fps_1sp_aldrich.json,s102
1687798226.645016000,8,rover_s102_2x2_n2_1fps_1sp_aldrich.json,s102
1687798226.645127000,9,rover_s102_2x2_n2_1fps_1sp_aldrich.json,s102
1687798226.645567000,10,rover_s102_2x2_n2_1fps_1sp_aldrich.json,s102
1687798226.645668000,11,rover_s102_2x2_n2_1fps_1sp_aldrich.json,s102
1687798227.666491000,0,rover_s102_2x2_n2_1fps_1sp_aldrich.json,s102
1687798227.667223000,1,rover_s102_2x2_n2_1fps_1sp_aldrich.json,s102
1687798227.667330000,2,rover_s102_2x2_n2_1fps_1sp_aldrich.json,s102
1687798227.667578000,3,rover_s102_2x2_n2_1fps_1sp_aldrich.json,s102
1687798227.667668000,4,rover_s102_2x2_n2_1fps_1sp_aldrich.json,s102
1687798227.668360000,5,rover_s102_2x2_n2_1fps_1sp_aldrich.json,s102
1687798227.668546000,6,rover_s102_2x2_n2_1fps_1sp_aldrich.json,s102
1687798228.691419000,0,rover_s102_2x2_n2_1fps_1sp_aldrich.json,s102
1687798228.691634000,1,rover_s102_2x2_n2_1fps_1sp_aldrich.json,s102
1687798228.691965000,2,rover_s102_2x2_n2_1fps_1sp_aldrich.json,s102
1687798228.692064000,3,rover_s102_2x2_n2_1fps_1sp_aldrich.json,s102
1687798228.692697000,4,rover_s102_2x2_n2_1fps_1sp_aldrich.json,s102
1687798228.692699000,5,rover_s102_2x2_n2_1fps_1sp_aldrich.json,s102
1687798228.693086000,6,rover_s102_2x2_n2_1fps_1sp_aldrich.json,s102
1687798228.693172000,7,rover_s102_2x2_n2_1fps_1sp_aldrich.json,s102
1687798228.693410000,8,rover_s102_2x2_n2_1fps_1sp_aldrich.json,s102
1687798228.694229000,9,rover_s102_2x2_n2_1fps_1sp_aldrich.json,s102
1687798228.694977000,10,rover_s102_2x2_n2_1fps_1sp_aldrich.json,s102
1687798228.694979000,11,rover_s102_2x2_n2_1fps_1sp_aldrich.json,s102
1687798228.695385000,12,rover_s102_2x2_n2_1fps_1sp_aldrich.json,s102
1687798229.716802000,0,rover_s102_2x2_n2_1fps_1sp_aldrich.json,s102
1687798229.717180000,1,rover_s102_2x2_n2_1fps_1sp_aldrich.json,s102
1687798229.718540000,2,rover_s102_2x2_n2_1fps_1sp_aldrich.json,s102
1687798229.718542000,3,rover_s102_2x2_n2_1fps_1sp_aldrich.json,s102
1687798229.718679000,4,rover_s102_2x2_n2_1fps_1sp_aldrich.json,s102
1687798229.718800000,5,rover_s102_2x2_n2_1fps_1sp_aldrich.json,s102
1687798229.719001000,6,rover_s102_2x2_n2_1fps_1sp_aldrich.json,s102
1687798229.719088000,7,rover_s102_2x2_n2_1fps_1sp_aldrich.json,s102
1687798229.719486000,8,rover_s102_2x2_n2_1fps_1sp_aldrich.json,s102
1687798229.719926000,9,rover_s102_2x2_n2_1fps_1sp_aldrich.json,s102
1687798229.720019000,10,rover_s102_2x2_n2_1fps_1sp_aldrich.json,s102
1687798230.742169000,0,rover_s102_2x2_n2_1fps_1sp_aldrich.json,s102
1687798230.742171000,1,rover_s102_2x2_n2_1fps_1sp_aldrich.json,s102
1687798230.742423000,2,rover_s102_2x2_n2_1fps_1sp_aldrich.json,s102
1687798230.742752000,3,rover_s102_2x2_n2_1fps_1sp_aldrich.json,s102
1687798230.742854000,4,rover_s102_2x2_n2_1fps_1sp_aldrich.json,s102
1687798230.743401000,5,rover_s102_2x2_n2_1fps_1sp_aldrich.json,s102
1687798230.743511000,6,rover_s102_2x2_n2_1fps_1sp_aldrich.json,s102
1687798230.745805000,7,rover_s102_2x2_n2_1fps_1sp_aldrich.json,s102
1687798231.772410000,0,rover_s102_2x2_n2_1fps_1sp_aldrich.json,s102
1687798231.773297000,1,rover_s102_2x2_n2_1fps_1sp_aldrich.json,s102
1687798231.775113000,2,rover_s102_2x2_n2_1fps_1sp_aldrich.json,s102
1687798231.775295000,3,rover_s102_2x2_n2_1fps_1sp_aldrich.json,s102
1687798231.775296000,4,rover_s102_2x2_n2_1fps_1sp_aldrich.json,s102
1687798231.776208000,5,rover_s102_2x2_n2_1fps_1sp_aldrich.json,s102
1687798232.797538000,0,rover_s102_2x2_n2_1fps_1sp_aldrich.json,s102
1687798232.797741000,1,rover_s102_2x2_n2_1fps_1sp_aldrich.json,s102
1687798232.797743000,2,rover_s102_2x2_n2_1fps_1sp_aldrich.json,s102
1687798232.797946000,3,rover_s102_2x2_n2_1fps_1sp_aldrich.json,s102
1687798232.798700000,4,rover_s102_2x2_n2_1fps_1sp_aldrich.json,s102
1687798232.799365000,5,rover_s102_2x2_n2_1fps_1sp_aldrich.json,s102
1687798232.799469000,6,rover_s102_2x2_n2_1fps_1sp_aldrich.json,s102
1687798232.799471000,7,rover_s102_2x2_n2_1fps_1sp_aldrich.json,s102
1687798232.800144000,8,rover_s102_2x2_n2_1fps_1sp_aldrich.json,s102
1687798232.800260000,9,rover_s102_2x2_n2_1fps_1sp_aldrich.json,s102
1687798232.800814000,10,rover_s102_2x2_n2_1fps_1sp_aldrich.json,s102
1687798232.800914000,11,rover_s102_2x2_n2_1fps_1sp_aldrich.json,s102
1687798232.801004000,12,rover_s102_2x2_n2_1fps_1sp_aldrich.json,s102
1687798232.801541000,13,rover_s102_2x2_n2_1fps_1sp_aldrich.json,s102
1687798232.801651000,14,rover_s102_2x2_n2_1fps_1sp_aldrich.json,s102
1687798232.802224000,15,rover_s102_2x2_n2_1fps_1sp_aldrich.json,s102
1687798232.802323000,16,rover_s102_2x2_n2_1fps_1sp_aldrich.json,s102
1687798232.802414000,17,rover_s102_2x2_n2_1fps_1sp_aldrich.json,s102
1687798232.803008000,18,rover_s102_2x2_n2_1fps_1sp_aldrich.json,s102
1687798232.803129000,19,rover_s102_2x2_n2_1fps_1sp_aldrich.json,s102
1687798232.803764000,20,rover_s102_2x2_n2_1fps_1sp_aldrich.json,s102
1687798232.803857000,21,rover_s102_2x2_n2_1fps_1sp_aldrich.json,s102
1687798232.807478000,22,rover_s102_2x2_n2_1fps_1sp_aldrich.json,s102
1687798232.808293000,23,rover_s102_2x2_n2_1fps_1sp_aldrich.json,s102
1687798232.808976000,24,rover_s102_2x2_n2_1fps_1sp_aldrich.json,s102
1687798232.808978000,25,rover_s102_2x2_n2_1fps_1sp_aldrich.json,s102
1687798232.809673000,26,rover_s102_2x2_n2_1fps_1sp_aldrich.json,s102
1687798232.809674000,27,rover_s102_2x2_n2_1fps_1sp_aldrich.json,s102
1687798232.810085000,28,rover_s102_2x2_n2_1fps_1sp_aldrich.json,s102
1687798232.810177000,29,rover_s102_2x2_n2_1fps_1sp_aldrich.json,s102
1687798232.810744000,30,rover_s102_2x2_n2_1fps_1sp_aldrich.json,s102
1687798232.811674000,31,rover_s102_2x2_n2_1fps_1sp_aldrich.json,s102
1687798232.811788000,32,rover_s102_2x2_n2_1fps_1sp_aldrich.json,s102
1687798232.812154000,33,rover_s102_2x2_n2_1fps_1sp_aldrich.json,s102
1687798232.812244000,34,rover_s102_2x2_n2_1fps_1sp_aldrich.json,s102
1687798232.812770000,35,rover_s102_2x2_n2_1fps_1sp_aldrich.json,s102
1687798232.813450000,36,rover_s102_2x2_n2_1fps_1sp_aldrich.json,s102
1687798232.813452000,37,rover_s102_2x2_n2_1fps_1sp_aldrich.json,s102
1687798232.814175000,38,rover_s102_2x2_n2_1fps_1sp_aldrich.json,s102
1687798232.814176000,39,rover_s102_2x2_n2_1fps_1sp_aldrich.json,s102
1687798232.815297000,40,rover_s102_2x2_n2_1fps_1sp_aldrich.json,s102
1687798233.835305000,0,rover_s102_2x2_n2_1fps_1sp_aldrich.json,s102
1687798233.835658000,1,rover_s102_2x2_n2_1fps_1sp_aldrich.json,s102
1687798233.838037000,2,rover_s102_2x2_n2_1fps_1sp_aldrich.json,s102
1687798233.838039000,3,rover_s102_2x2_n2_1fps_1sp_aldrich.json,s102
1687798233.838181000,4,rover_s102_2x2_n2_1fps_1sp_aldrich.json,s102
1687798233.838286000,5,rover_s102_2x2_n2_1fps_1sp_aldrich.json,s102
1687798233.838403000,6,rover_s102_2x2_n2_1fps_1sp_aldrich.json,s102
1687798233.838558000,7,rover_s102_2x2_n2_1fps_1sp_aldrich.json,s102
1687798233.839209000,8,rover_s102_2x2_n2_1fps_1sp_aldrich.json,s102
1687798233.839324000,9,rover_s102_2x2_n2_1fps_1sp_aldrich.json,s102
1687798233.840188000,10,rover_s102_2x2_n2_1fps_1sp_aldrich.json,s102
1687798233.840654000,11,rover_s102_2x2_n2_1fps_1sp_aldrich.json,s102
1687798233.840748000,12,rover_s102_2x2_n2_1fps_1sp_aldrich.json,s102
1687798234.862167000,0,rover_s102_2x2_n2_1fps_1sp_aldrich.json,s102
1687798234.862389000,1,rover_s102_2x2_n2_1fps_1sp_aldrich.json,s102
1687798234.862694000,2,rover_s102_2x2_n2_1fps_1sp_aldrich.json,s102
1687798234.862803000,3,rover_s102_2x2_n2_1fps_1sp_aldrich.json,s102
1687798234.862805000,4,rover_s102_2x2_n2_1fps_1sp_aldrich.json,s102
1687798234.863251000,5,rover_s102_2x2_n2_1fps_1sp_aldrich.json,s102
1687798234.863345000,6,rover_s102_2x2_n2_1fps_1sp_aldrich.json,s102
1687798234.867271000,7,rover_s102_2x2_n2_1fps_1sp_aldrich.json,s102
1687798234.867399000,8,rover_s102_2x2_n2_1fps_1sp_aldrich.json,s102
1687798235.890794000,0,rover_s102_2x2_n2_1fps_1sp_aldrich.json,s102
1687798235.891140000,1,rover_s102_2x2_n2_1fps_1sp_aldrich.json,s102
1687798235.892115000,2,rover_s102_2x2_n2_1fps_1sp_aldrich.json,s102
1687798235.892214000,3,rover_s102_2x2_n2_1fps_1sp_aldrich.json,s102
1687798235.892338000,4,rover_s102_2x2_n2_1fps_1sp_aldrich.json,s102
1687798235.892340000,5,rover_s102_2x2_n2_1fps_1sp_aldrich.json,s102
1687798235.892481000,6,rover_s102_2x2_n2_1fps_1sp_aldrich.json,s102
1687798235.893031000,7,rover_s102_2x2_n2_1fps_1sp_aldrich.json,s102
1687798235.893122000,8,rover_s102_2x2_n2_1fps_1sp_aldrich.json,s102
1687798236.914914000,0,rover_s102_2x2_n2_1fps_1sp_aldrich.json,s102
1687798236.915121000,1,rover_s102_2x2_n2_1fps_1sp_aldrich.json,s102
1687798236.915281000,2,rover_s102_2x2_n2_1fps_1sp_aldrich.json,s102
1687798236.916556000,3,rover_s102_2x2_n2_1fps_1sp_aldrich.json,s102
1687798236.916673000,4,rover_s102_2x2_n2_1fps_1sp_aldrich.json,s102
1687798236.916674000,5,rover_s102_2x2_n2_1fps_1sp_aldrich.json,s102
1687798236.918541000,6,rover_s102_2x2_n2_1fps_1sp_aldrich.json,s102
1687798237.941868000,0,rover_s102_2x2_n2_1fps_1sp_aldrich.json,s102
1687798237.942276000,1,rover_s102_2x2_n2_1fps_1sp_aldrich.json,s102
1687798237.945521000,2,rover_s102_2x2_n2_1fps_1sp_aldrich.json,s102
1687798237.945630000,3,rover_s102_2x2_n2_1fps_1sp_aldrich.json,s102
1687798237.945726000,4,rover_s102_2x2_n2_1fps_1sp_aldrich.json,s102
1687798237.945728000,5,rover_s102_2x2_n2_1fps_1sp_aldrich.json,s102
1687798237.945837000,6,rover_s102_2x2_n2_1fps_1sp_aldrich.json,s102
1687798237.945931000,7,rover_s102_2x2_n2_1fps_1sp_aldrich.json,s102
1687798238.965283000,0,rover_s102_2x2_n2_1fps_1sp_aldrich.json,s102
1687798238.969272000,1,rover_s102_2x2_n2_1fps_1sp_aldrich.json,s102
1687798238.969454000,2,rover_s102_2x2_n2_1fps_1sp_aldrich.json,s102
1687798238.969572000,3,rover_s102_2x2_n2_1fps_1sp_aldrich.json,s102
1687798238.970683000,4,rover_s102_2x2_n2_1fps_1sp_aldrich.json,s102
1687798238.970685000,5,rover_s102_2x2_n2_1fps_1sp_aldrich.json,s102
1687798238.970795000,6,rover_s102_2x2_n2_1fps_1sp_aldrich.json,s102
1687798238.970878000,7,rover_s102_2x2_n2_1fps_1sp_aldrich.json,s102
1687798238.970964000,8,rover_s102_2x2_n2_1fps_1sp_aldrich.json,s102
1687798238.970965000,9,rover_s102_2x2_n2_1fps_1sp_aldrich.json,s102
1687798239.987582000,0,rover_s102_2x2_n2_1fps_1sp_aldrich.json,s102
1687798239.988351000,1,rover_s102_2x2_n2_1fps_1sp_aldrich.json,s102
1687798239.989596000,2,rover_s102_2x2_n2_1fps_1sp_aldrich.json,s102
1687798239.989704000,3,rover_s102_2x2_n2_1fps_1sp_aldrich.json,s102
1687798239.989705000,4,rover_s102_2x2_n2_1fps_1sp_aldrich.json,s102
1687798239.990059000,5,rover_s102_2x2_n2_1fps_1sp_aldrich.json,s102
1687798239.990905000,6,rover_s102_2x2_n2_1fps_1sp_aldrich.json,s102
1687798239.991009000,7,rover_s102_2x2_n2_1fps_1sp_aldrich.json,s102
1687798239.991095000,8,rover_s102_2x2_n2_1fps_1sp_aldrich.json,s102
1687798241.010325000,0,rover_s102_2x2_n2_1fps_1sp_aldrich.json,s102
1687798241.010530000,1,rover_s102_2x2_n2_1fps_1sp_aldrich.json,s102
1687798241.010634000,2,rover_s102_2x2_n2_1fps_1sp_aldrich.json,s102
1687798241.011329000,3,rover_s102_2x2_n2_1fps_1sp_aldrich.json,s102
1687798241.011453000,4,rover_s102_2x2_n2_1fps_1sp_aldrich.json,s102
1687798241.011656000,5,rover_s102_2x2_n2_1fps_1sp_aldrich.json,s102
1687798241.011740000,6,rover_s102_2x2_n2_1fps_1sp_aldrich.json,s102
1687798241.012890000,7,rover_s102_2x2_n2_1fps_1sp_aldrich.json,s102
1687798241.013025000,8,rover_s102_2x2_n2_1fps_1sp_aldrich.json,s102
1687798241.013027000,9,rover_s102_2x2_n2_1fps_1sp_aldrich.json,s102
1687798241.013217000,10,rover_s102_2x2_n2_1fps_1sp_aldrich.json,s102
1687798241.014177000,11,rover_s102_2x2_n2_1fps_1sp_aldrich.json,s102
1687798241.014294000,12,rover_s102_2x2_n2_1fps_1sp_aldrich.json,s102
1687798242.031427000,0,rover_s102_2x2_n2_1fps_1sp_aldrich.json,s102
1687798242.031863000,1,rover_s102_2x2_n2_1fps_1sp_aldrich.json,s102
1687798242.033311000,2,rover_s102_2x2_n2_1fps_1sp_aldrich.json,s102
1687798242.033429000,3,rover_s102_2x2_n2_1fps_1sp_aldrich.json,s102
1687798242.033531000,4,rover_s102_2x2_n2_1fps_1sp_aldrich.json,s102
1687798242.034290000,5,rover_s102_2x2_n2_1fps_1sp_aldrich.json,s102
1687798242.034291000,6,rover_s102_2x2_n2_1fps_1sp_aldrich.json,s102
1687798242.034417000,7,rover_s102_2x2_n2_1fps_1sp_aldrich.json,s102
1687798243.052684000,0,rover_s102_2x2_n2_1fps_1sp_aldrich.json,s102
1687798243.052899000,1,rover_s102_2x2_n2_1fps_1sp_aldrich.json,s102
1687798243.052989000,2,rover_s102_2x2_n2_1fps_1sp_aldrich.json,s102
1687798243.053526000,3,rover_s102_2x2_n2_1fps_1sp_aldrich.json,s102
1687798243.053655000,4,rover_s102_2x2_n2_1fps_1sp_aldrich.json,s102
1687798243.054608000,5,rover_s102_2x2_n2_1fps_1sp_aldrich.json,s102
1687798243.054753000,6,rover_s102_2x2_n2_1fps_1sp_aldrich.json,s102
1687798243.054876000,7,rover_s102_2x2_n2_1fps_1sp_aldrich.json,s102
1687798243.054878000,8,rover_s102_2x2_n2_1fps_1sp_aldrich.json,s102
1687798243.055825000,9,rover_s102_2x2_n2_1fps_1sp_aldrich.json,s102
1687798243.056216000,10,rover_s102_2x2_n2_1fps_1sp_aldrich.json,s102
1687798244.073921000,0,rover_s102_2x2_n2_1fps_1sp_aldrich.json,s102
1687798244.074328000,1,rover_s102_2x2_n2_1fps_1sp_aldrich.json,s102
1687798244.075376000,2,rover_s102_2x2_n2_1fps_1sp_aldrich.json,s102
1687798244.075473000,3,rover_s102_2x2_n2_1fps_1sp_aldrich.json,s102
1687798244.075573000,4,rover_s102_2x2_n2_1fps_1sp_aldrich.json,s102
1687798244.075748000,5,rover_s102_2x2_n2_1fps_1sp_aldrich.json,s102
1687798244.075844000,6,rover_s102_2x2_n2_1fps_1sp_aldrich.json,s102
1687798244.076203000,7,rover_s102_2x2_n2_1fps_1sp_aldrich.json,s102
1687798245.099479000,0,rover_s102_2x2_n2_1fps_1sp_aldrich.json,s102
1687798245.099481000,1,rover_s102_2x2_n2_1fps_1sp_aldrich.json,s102
1687798245.099683000,2,rover_s102_2x2_n2_1fps_1sp_aldrich.json,s102
1687798245.100551000,3,rover_s102_2x2_n2_1fps_1sp_aldrich.json,s102
1687798245.100652000,4,rover_s102_2x2_n2_1fps_1sp_aldrich.json,s102
1687798245.100759000,5,rover_s102_2x2_n2_1fps_1sp_aldrich.json,s102
1687798245.101557000,6,rover_s102_2x2_n2_1fps_1sp_aldrich.json,s102
1687798245.102448000,7,rover_s102_2x2_n2_1fps_1sp_aldrich.json,s102
1687798245.102536000,8,rover_s102_2x2_n2_1fps_1sp_aldrich.json,s102
1687798245.102669000,9,rover_s102_2x2_n2_1fps_1sp_aldrich.json,s102
1687798245.102671000,10,rover_s102_2x2_n2_1fps_1sp_aldrich.json,s102
1687798245.102842000,11,rover_s102_2x2_n2_1fps_1sp_aldrich.json,s102
1687798245.103499000,12,rover_s102_2x2_n2_1fps_1sp_aldrich.json,s102
1687798245.103628000,13,rover_s102_2x2_n2_1fps_1sp_aldrich.json,s102
1687798245.104087000,14,rover_s102_2x2_n2_1fps_1sp_aldrich.json,s102
1687798246.126109000,0,rover_s102_2x2_n2_1fps_1sp_aldrich.json,s102
1687798246.126474000,1,rover_s102_2x2_n2_1fps_1sp_aldrich.json,s102
1687798246.127531000,2,rover_s102_2x2_n2_1fps_1sp_aldrich.json,s102
1687798246.127628000,3,rover_s102_2x2_n2_1fps_1sp_aldrich.json,s102
1687798246.127744000,4,rover_s102_2x2_n2_1fps_1sp_aldrich.json,s102
1687798246.128822000,5,rover_s102_2x2_n2_1fps_1sp_aldrich.json,s102
1687798246.128928000,6,rover_s102_2x2_n2_1fps_1sp_aldrich.json,s102
1687798246.128930000,7,rover_s102_2x2_n2_1fps_1sp_aldrich.json,s102
1687798246.129055000,8,rover_s102_2x2_n2_1fps_1sp_aldrich.json,s102
1687798246.130853000,9,rover_s102_2x2_n2_1fps_1sp_aldrich.json,s102
1687798247.154742000,0,rover_s102_2x2_n2_1fps_1sp_aldrich.json,s102
1687798247.154898000,1,rover_s102_2x2_n2_1fps_1sp_aldrich.json,s102
1687798247.154899000,2,rover_s102_2x2_n2_1fps_1sp_aldrich.json,s102
1687798247.155731000,3,rover_s102_2x2_n2_1fps_1sp_aldrich.json,s102
1687798247.155829000,4,rover_s102_2x2_n2_1fps_1sp_aldrich.json,s102
1687798247.155831000,5,rover_s102_2x2_n2_1fps_1sp_aldrich.json,s102
1687798247.155981000,6,rover_s102_2x2_n2_1fps_1sp_aldrich.json,s102
1687798247.159113000,7,rover_s102_2x2_n2_1fps_1sp_aldrich.json,s102
1687798247.159209000,8,rover_s102_2x2_n2_1fps_1sp_aldrich.json,s102
1687798247.159297000,9,rover_s102_2x2_n2_1fps_1sp_aldrich.json,s102
1687798248.180072000,0,rover_s102_2x2_n2_1fps_1sp_aldrich.json,s102
1687798248.180479000,1,rover_s102_2x2_n2_1fps_1sp_aldrich.json,s102
1687798248.181984000,2,rover_s102_2x2_n2_1fps_1sp_aldrich.json,s102
1687798248.181986000,3,rover_s102_2x2_n2_1fps_1sp_aldrich.json,s102
1687798248.182136000,4,rover_s102_2x2_n2_1fps_1sp_aldrich.json,s102
1687798248.182314000,5,rover_s102_2x2_n2_1fps_1sp_aldrich.json,s102
1687798248.183779000,6,rover_s102_2x2_n2_1fps_1sp_aldrich.json,s102
1687798248.183874000,7,rover_s102_2x2_n2_1fps_1sp_aldrich.json,s102
1687798249.200376000,0,rover_s102_2x2_n2_1fps_1sp_aldrich.json,s102
1687798249.200601000,1,rover_s102_2x2_n2_1fps_1sp_aldrich.json,s102
1687798249.201205000,2,rover_s102_2x2_n2_1fps_1sp_aldrich.json,s102
1687798249.201304000,3,rover_s102_2x2_n2_1fps_1sp_aldrich.json,s102
1687798249.201306000,4,rover_s102_2x2_n2_1fps_1sp_aldrich.json,s102
1687798249.201470000,5,rover_s102_2x2_n2_1fps_1sp_aldrich.json,s102
1687798249.203179000,6,rover_s102_2x2_n2_1fps_1sp_aldrich.json,s102
1687798249.203180000,7,rover_s102_2x2_n2_1fps_1sp_aldrich.json,s102
1687798249.203919000,8,rover_s102_2x2_n2_1fps_1sp_aldrich.json,s102
1687798249.204021000,9,rover_s102_2x2_n2_1fps_1sp_aldrich.json,s102
1687798249.204123000,10,rover_s102_2x2_n2_1fps_1sp_aldrich.json,s102
1687798250.221922000,0,rover_s102_2x2_n2_1fps_1sp_aldrich.json,s102
1687798250.222843000,1,rover_s102_2x2_n2_1fps_1sp_aldrich.json,s102
1687798250.224002000,2,rover_s102_2x2_n2_1fps_1sp_aldrich.json,s102
1687798250.224148000,3,rover_s102_2x2_n2_1fps_1sp_aldrich.json,s102
1687798250.224865000,4,rover_s102_2x2_n2_1fps_1sp_aldrich.json,s102
1687798250.224969000,5,rover_s102_2x2_n2_1fps_1sp_aldrich.json,s102
1687798250.224970000,6,rover_s102_2x2_n2_1fps_1sp_aldrich.json,s102
1687798250.225070000,7,rover_s102_2x2_n2_1fps_1sp_aldrich.json,s102
1687798251.242522000,0,rover_s102_2x2_n2_1fps_1sp_aldrich.json,s102
1687798251.242723000,1,rover_s102_2x2_n2_1fps_1sp_aldrich.json,s102
1687798251.245161000,2,rover_s102_2x2_n2_1fps_1sp_aldrich.json,s102
1687798251.245275000,3,rover_s102_2x2_n2_1fps_1sp_aldrich.json,s102
1687798251.245375000,4,rover_s102_2x2_n2_1fps_1sp_aldrich.json,s102
1687798251.245376000,5,rover_s102_2x2_n2_1fps_1sp_aldrich.json,s102
1687798251.245491000,6,rover_s102_2x2_n2_1fps_1sp_aldrich.json,s102
1687798251.245598000,7,rover_s102_2x2_n2_1fps_1sp_aldrich.json,s102
1687798251.245696000,8,rover_s102_2x2_n2_1fps_1sp_aldrich.json,s102
1687798251.245767000,9,rover_s102_2x2_n2_1fps_1sp_aldrich.json,s102
1687798251.245768000,10,rover_s102_2x2_n2_1fps_1sp_aldrich.json,s102
1687798252.266743000,0,rover_s102_2x2_n2_1fps_1sp_aldrich.json,s102
1687798252.267137000,1,rover_s102_2x2_n2_1fps_1sp_aldrich.json,s102
1687798252.268672000,2,rover_s102_2x2_n2_1fps_1sp_aldrich.json,s102
1687798252.268674000,3,rover_s102_2x2_n2_1fps_1sp_aldrich.json,s102
1687798252.270333000,4,rover_s102_2x2_n2_1fps_1sp_aldrich.json,s102
1687798252.270434000,5,rover_s102_2x2_n2_1fps_1sp_aldrich.json,s102
1687798252.270436000,6,rover_s102_2x2_n2_1fps_1sp_aldrich.json,s102
1687798252.270527000,7,rover_s102_2x2_n2_1fps_1sp_aldrich.json,s102
1687798253.290524000,0,rover_s102_2x2_n2_1fps_1sp_aldrich.json,s102
1687798253.290737000,1,rover_s102_2x2_n2_1fps_1sp_aldrich.json,s102
1687798253.290835000,2,rover_s102_2x2_n2_1fps_1sp_aldrich.json,s102
1687798253.290837000,3,rover_s102_2x2_n2_1fps_1sp_aldrich.json,s102
1687798253.291576000,4,rover_s102_2x2_n2_1fps_1sp_aldrich.json,s102
1687798253.291578000,5,rover_s102_2x2_n2_1fps_1sp_aldrich.json,s102
1687798253.291700000,6,rover_s102_2x2_n2_1fps_1sp_aldrich.json,s102
1687798253.291804000,7,rover_s102_2x2_n2_1fps_1sp_aldrich.json,s102
1687798253.292684000,8,rover_s102_2x2_n2_1fps_1sp_aldrich.json,s102
1687798253.292796000,9,rover_s102_2x2_n2_1fps_1sp_aldrich.json,s102
1687798253.292899000,10,rover_s102_2x2_n2_1fps_1sp_aldrich.json,s102
1687798253.293404000,11,rover_s102_2x2_n2_1fps_1sp_aldrich.json,s102
1687798253.293491000,12,rover_s102_2x2_n2_1fps_1sp_aldrich.json,s102
1687798254.313017000,0,rover_s102_2x2_n2_1fps_1sp_aldrich.json,s102
1687798255.334529000,0,rover_s102_2x2_n2_1fps_1sp_aldrich.json,s102
1687798255.334739000,1,rover_s102_2x2_n2_1fps_1sp_aldrich.json,s102
1687798255.335306000,2,rover_s102_2x2_n2_1fps_1sp_aldrich.json,s102
1687798255.335404000,3,rover_s102_2x2_n2_1fps_1sp_aldrich.json,s102
1687798255.335487000,4,rover_s102_2x2_n2_1fps_1sp_aldrich.json,s102
1687798255.336819000,5,rover_s102_2x2_n2_1fps_1sp_aldrich.json,s102
1687798255.336821000,6,rover_s102_2x2_n2_1fps_1sp_aldrich.json,s102
1687798255.336954000,7,rover_s102_2x2_n2_1fps_1sp_aldrich.json,s102
1687798255.337050000,8,rover_s102_2x2_n2_1fps_1sp_aldrich.json,s102
1687798255.337856000,9,rover_s102_2x2_n2_1fps_1sp_aldrich.json,s102
1687798256.359383000,0,rover_s102_2x2_n2_1fps_1sp_aldrich.json,s102
1687798256.359756000,1,rover_s102_2x2_n2_1fps_1sp_aldrich.json,s102
1687798256.361114000,2,rover_s102_2x2_n2_1fps_1sp_aldrich.json,s102
1687798256.361116000,3,rover_s102_2x2_n2_1fps_1sp_aldrich.json,s102
1687798256.361250000,4,rover_s102_2x2_n2_1fps_1sp_aldrich.json,s102
1687798256.361368000,5,rover_s102_2x2_n2_1fps_1sp_aldrich.json,s102
1687798256.361481000,6,rover_s102_2x2_n2_1fps_1sp_aldrich.json,s102
1687798256.361936000,7,rover_s102_2x2_n2_1fps_1sp_aldrich.json,s102
1687798257.394865000,0,rover_s102_2x2_n2_1fps_1sp_aldrich.json,s102
1687798257.394867000,1,rover_s102_2x2_n2_1fps_1sp_aldrich.json,s102
1687798257.395076000,2,rover_s102_2x2_n2_1fps_1sp_aldrich.json,s102
1687798257.395191000,3,rover_s102_2x2_n2_1fps_1sp_aldrich.json,s102
1687798257.395285000,4,rover_s102_2x2_n2_1fps_1sp_aldrich.json,s102
1687798257.395771000,5,rover_s102_2x2_n2_1fps_1sp_aldrich.json,s102
1687798257.395874000,6,rover_s102_2x2_n2_1fps_1sp_aldrich.json,s102
1687798257.395975000,7,rover_s102_2x2_n2_1fps_1sp_aldrich.json,s102
1687798257.396554000,8,rover_s102_2x2_n2_1fps_1sp_aldrich.json,s102
1687798257.396660000,9,rover_s102_2x2_n2_1fps_1sp_aldrich.json,s102
1687798257.397632000,10,rover_s102_2x2_n2_1fps_1sp_aldrich.json,s102
1687798257.397634000,11,rover_s102_2x2_n2_1fps_1sp_aldrich.json,s102
1687798258.417274000,0,rover_s102_2x2_n2_1fps_1sp_aldrich.json,s102
1687798258.417659000,1,rover_s102_2x2_n2_1fps_1sp_aldrich.json,s102
1687798258.418878000,2,rover_s102_2x2_n2_1fps_1sp_aldrich.json,s102
1687798258.418879000,3,rover_s102_2x2_n2_1fps_1sp_aldrich.json,s102
1687798258.419005000,4,rover_s102_2x2_n2_1fps_1sp_aldrich.json,s102
1687798258.419110000,5,rover_s102_2x2_n2_1fps_1sp_aldrich.json,s102
1687798258.419235000,6,rover_s102_2x2_n2_1fps_1sp_aldrich.json,s102
1687798258.419330000,7,rover_s102_2x2_n2_1fps_1sp_aldrich.json,s102
1687798258.419990000,8,rover_s102_2x2_n2_1fps_1sp_aldrich.json,s102
1687798258.420098000,9,rover_s102_2x2_n2_1fps_1sp_aldrich.json,s102
1687798258.421335000,10,rover_s102_2x2_n2_1fps_1sp_aldrich.json,s102
1687798259.446709000,0,rover_s102_2x2_n2_1fps_1sp_aldrich.json,s102
1687798259.446911000,1,rover_s102_2x2_n2_1fps_1sp_aldrich.json,s102
1687798259.447008000,2,rover_s102_2x2_n2_1fps_1sp_aldrich.json,s102
1687798259.447112000,3,rover_s102_2x2_n2_1fps_1sp_aldrich.json,s102
1687798259.447894000,4,rover_s102_2x2_n2_1fps_1sp_aldrich.json,s102
1687798259.447992000,5,rover_s102_2x2_n2_1fps_1sp_aldrich.json,s102
1687798259.448075000,6,rover_s102_2x2_n2_1fps_1sp_aldrich.json,s102
1687798259.448887000,7,rover_s102_2x2_n2_1fps_1sp_aldrich.json,s102
1687798260.469119000,0,rover_s102_2x2_n2_1fps_1sp_aldrich.json,s102
1687798260.469496000,1,rover_s102_2x2_n2_1fps_1sp_aldrich.json,s102
1687798260.471044000,2,rover_s102_2x2_n2_1fps_1sp_aldrich.json,s102
1687798260.471045000,3,rover_s102_2x2_n2_1fps_1sp_aldrich.json,s102
1687798260.471229000,4,rover_s102_2x2_n2_1fps_1sp_aldrich.json,s102
1687798260.471847000,5,rover_s102_2x2_n2_1fps_1sp_aldrich.json,s102
1687798260.471921000,6,rover_s102_2x2_n2_1fps_1sp_aldrich.json,s102
1687798260.471992000,7,rover_s102_2x2_n2_1fps_1sp_aldrich.json,s102
1687798261.491014000,0,rover_s102_2x2_n2_1fps_1sp_aldrich.json,s102
1687798261.491016000,1,rover_s102_2x2_n2_1fps_1sp_aldrich.json,s102
1687798261.491208000,2,rover_s102_2x2_n2_1fps_1sp_aldrich.json,s102
1687798261.491297000,3,rover_s102_2x2_n2_1fps_1sp_aldrich.json,s102
1687798261.491381000,4,rover_s102_2x2_n2_1fps_1sp_aldrich.json,s102
1687798261.491665000,5,rover_s102_2x2_n2_1fps_1sp_aldrich.json,s102
1687798261.491774000,6,rover_s102_2x2_n2_1fps_1sp_aldrich.json,s102
1687798261.492362000,7,rover_s102_2x2_n2_1fps_1sp_aldrich.json,s102
1687798261.492459000,8,rover_s102_2x2_n2_1fps_1sp_aldrich.json,s102
1687798261.492756000,9,rover_s102_2x2_n2_1fps_1sp_aldrich.json,s102
1687798261.492848000,10,rover_s102_2x2_n2_1fps_1sp_aldrich.json,s102
1687798261.493252000,11,rover_s102_2x2_n2_1fps_1sp_aldrich.json,s102
1687798261.493366000,12,rover_s102_2x2_n2_1fps_1sp_aldrich.json,s102
1687798261.493912000,13,rover_s102_2x2_n2_1fps_1sp_aldrich.json,s102
1687798261.494577000,14,rover_s102_2x2_n2_1fps_1sp_aldrich.json,s102
1687798261.495523000,15,rover_s102_2x2_n2_1fps_1sp_aldrich.json,s102
1687798262.515998000,0,rover_s102_2x2_n2_1fps_1sp_aldrich.json,s102
1687798262.516363000,1,rover_s102_2x2_n2_1fps_1sp_aldrich.json,s102
1687798262.517840000,2,rover_s102_2x2_n2_1fps_1sp_aldrich.json,s102
1687798262.517842000,3,rover_s102_2x2_n2_1fps_1sp_aldrich.json,s102
1687798262.517980000,4,rover_s102_2x2_n2_1fps_1sp_aldrich.json,s102
1687798262.518117000,5,rover_s102_2x2_n2_1fps_1sp_aldrich.json,s102
1687798262.518266000,6,rover_s102_2x2_n2_1fps_1sp_aldrich.json,s102
1687798262.518355000,7,rover_s102_2x2_n2_1fps_1sp_aldrich.json,s102
1687798262.518755000,8,rover_s102_2x2_n2_1fps_1sp_aldrich.json,s102
1687798262.518862000,9,rover_s102_2x2_n2_1fps_1sp_aldrich.json,s102
1687798262.519446000,10,rover_s102_2x2_n2_1fps_1sp_aldrich.json,s102
1687798262.520875000,11,rover_s102_2x2_n2_1fps_1sp_aldrich.json,s102
1687798262.520877000,12,rover_s102_2x2_n2_1fps_1sp_aldrich.json,s102
1687798263.539332000,0,rover_s102_2x2_n2_1fps_1sp_aldrich.json,s102
1687798263.539554000,1,rover_s102_2x2_n2_1fps_1sp_aldrich.json,s102
1687798263.539896000,2,rover_s102_2x2_n2_1fps_1sp_aldrich.json,s102
1687798263.539992000,3,rover_s102_2x2_n2_1fps_1sp_aldrich.json,s102
1687798263.540554000,4,rover_s102_2x2_n2_1fps_1sp_aldrich.json,s102
1687798263.540648000,5,rover_s102_2x2_n2_1fps_1sp_aldrich.json,s102
1687798263.540961000,6,rover_s102_2x2_n2_1fps_1sp_aldrich.json,s102
1687798264.562652000,0,rover_s102_2x2_n2_1fps_1sp_aldrich.json,s102
1687798264.563021000,1,rover_s102_2x2_n2_1fps_1sp_aldrich.json,s102
1687798264.563584000,2,rover_s102_2x2_n2_1fps_1sp_aldrich.json,s102
1687798264.563993000,3,rover_s102_2x2_n2_1fps_1sp_aldrich.json,s102
1687798264.564077000,4,rover_s102_2x2_n2_1fps_1sp_aldrich.json,s102
1687798264.564794000,5,rover_s102_2x2_n2_1fps_1sp_aldrich.json,s102
1687798264.565463000,6,rover_s102_2x2_n2_1fps_1sp_aldrich.json,s102
1687798265.587178000,0,rover_s102_2x2_n2_1fps_1sp_aldrich.json,s102
1687798265.587396000,1,rover_s102_2x2_n2_1fps_1sp_aldrich.json,s102
1687798265.587751000,2,rover_s102_2x2_n2_1fps_1sp_aldrich.json,s102
1687798265.587859000,3,rover_s102_2x2_n2_1fps_1sp_aldrich.json,s102
1687798265.587860000,4,rover_s102_2x2_n2_1fps_1sp_aldrich.json,s102
1687798265.588516000,5,rover_s102_2x2_n2_1fps_1sp_aldrich.json,s102
1687798265.588624000,6,rover_s102_2x2_n2_1fps_1sp_aldrich.json,s102
1687798265.588899000,7,rover_s102_2x2_n2_1fps_1sp_aldrich.json,s102
1687798265.588987000,8,rover_s102_2x2_n2_1fps_1sp_aldrich.json,s102
1687798266.610183000,0,rover_s102_2x2_n2_1fps_1sp_aldrich.json,s102
1687798266.610557000,1,rover_s102_2x2_n2_1fps_1sp_aldrich.json,s102
1687798266.612889000,2,rover_s102_2x2_n2_1fps_1sp_aldrich.json,s102
1687798266.612891000,3,rover_s102_2x2_n2_1fps_1sp_aldrich.json,s102
1687798266.613030000,4,rover_s102_2x2_n2_1fps_1sp_aldrich.json,s102
1687798266.613158000,5,rover_s102_2x2_n2_1fps_1sp_aldrich.json,s102
1687798266.613309000,6,rover_s102_2x2_n2_1fps_1sp_aldrich.json,s102
1687798266.613400000,7,rover_s102_2x2_n2_1fps_1sp_aldrich.json,s102
1687798266.613770000,8,rover_s102_2x2_n2_1fps_1sp_aldrich.json,s102
1687798266.613889000,9,rover_s102_2x2_n2_1fps_1sp_aldrich.json,s102
1687798267.634540000,0,rover_s102_2x2_n2_1fps_1sp_aldrich.json,s102
1687798267.634752000,1,rover_s102_2x2_n2_1fps_1sp_aldrich.json,s102
1687798267.635129000,2,rover_s102_2x2_n2_1fps_1sp_aldrich.json,s102
1687798267.635235000,3,rover_s102_2x2_n2_1fps_1sp_aldrich.json,s102
1687798267.635917000,4,rover_s102_2x2_n2_1fps_1sp_aldrich.json,s102
1687798267.636022000,5,rover_s102_2x2_n2_1fps_1sp_aldrich.json,s102
1687798267.637238000,6,rover_s102_2x2_n2_1fps_1sp_aldrich.json,s102
1687798267.637240000,7,rover_s102_2x2_n2_1fps_1sp_aldrich.json,s102
1687798268.657760000,0,rover_s102_2x2_n2_1fps_1sp_aldrich.json,s102
1687798268.658154000,1,rover_s102_2x2_n2_1fps_1sp_aldrich.json,s102
1687798268.659329000,2,rover_s102_2x2_n2_1fps_1sp_aldrich.json,s102
1687798268.659330000,3,rover_s102_2x2_n2_1fps_1sp_aldrich.json,s102
1687798268.659467000,4,rover_s102_2x2_n2_1fps_1sp_aldrich.json,s102
1687798268.659575000,5,rover_s102_2x2_n2_1fps_1sp_aldrich.json,s102
1687798268.660184000,6,rover_s102_2x2_n2_1fps_1sp_aldrich.json,s102
1687798268.660285000,7,rover_s102_2x2_n2_1fps_1sp_aldrich.json,s102
1687798268.661040000,8,rover_s102_2x2_n2_1fps_1sp_aldrich.json,s102
1687798268.661042000,9,rover_s102_2x2_n2_1fps_1sp_aldrich.json,s102
1687798269.684009000,0,rover_s102_2x2_n2_1fps_1sp_aldrich.json,s102
1687798269.684214000,1,rover_s102_2x2_n2_1fps_1sp_aldrich.json,s102
1687798269.684566000,2,rover_s102_2x2_n2_1fps_1sp_aldrich.json,s102
1687798269.684658000,3,rover_s102_2x2_n2_1fps_1sp_aldrich.json,s102
1687798269.685153000,4,rover_s102_2x2_n2_1fps_1sp_aldrich.json,s102
1687798269.685256000,5,rover_s102_2x2_n2_1fps_1sp_aldrich.json,s102
1687798269.686592000,6,rover_s102_2x2_n2_1fps_1sp_aldrich.json,s102
1687798269.686715000,7,rover_s102_2x2_n2_1fps_1sp_aldrich.json,s102
1687798269.686857000,8,rover_s102_2x2_n2_1fps_1sp_aldrich.json,s102
1687798269.687003000,9,rover_s102_2x2_n2_1fps_1sp_aldrich.json,s102
1687798269.687369000,10,rover_s102_2x2_n2_1fps_1sp_aldrich.json,s102
1687798269.687463000,11,rover_s102_2x2_n2_1fps_1sp_aldrich.json,s102
1687798269.688032000,12,rover_s102_2x2_n2_1fps_1sp_aldrich.json,s102
1687798270.707218000,0,rover_s102_2x2_n2_1fps_1sp_aldrich.json,s102
1687798270.707949000,1,rover_s102_2x2_n2_1fps_1sp_aldrich.json,s102
1687798270.708917000,2,rover_s102_2x2_n2_1fps_1sp_aldrich.json,s102
1687798270.709039000,3,rover_s102_2x2_n2_1fps_1sp_aldrich.json,s102
1687798270.709040000,4,rover_s102_2x2_n2_1fps_1sp_aldrich.json,s102
1687798270.709174000,5,rover_s102_2x2_n2_1fps_1sp_aldrich.json,s102
1687798270.709624000,6,rover_s102_2x2_n2_1fps_1sp_aldrich.json,s102
1687798270.709626000,7,rover_s102_2x2_n2_1fps_1sp_aldrich.json,s102
1687798271.734727000,0,rover_s102_2x2_n2_1fps_1sp_aldrich.json,s102
1687798271.734972000,1,rover_s102_2x2_n2_1fps_1sp_aldrich.json,s102
1687798271.735326000,2,rover_s102_2x2_n2_1fps_1sp_aldrich.json,s102
1687798271.735328000,3,rover_s102_2x2_n2_1fps_1sp_aldrich.json,s102
1687798271.735455000,4,rover_s102_2x2_n2_1fps_1sp_aldrich.json,s102
1687798271.736034000,5,rover_s102_2x2_n2_1fps_1sp_aldrich.json,s102
1687798271.736150000,6,rover_s102_2x2_n2_1fps_1sp_aldrich.json,s102
1687798271.736680000,7,rover_s102_2x2_n2_1fps_1sp_aldrich.json,s102
1687798271.738824000,8,rover_s102_2x2_n2_1fps_1sp_aldrich.json,s102
1687798272.761480000,0,rover_s102_2x2_n2_1fps_1sp_aldrich.json,s102
1687798272.761867000,1,rover_s102_2x2_n2_1fps_1sp_aldrich.json,s102
1687798272.763053000,2,rover_s102_2x2_n2_1fps_1sp_aldrich.json,s102
1687798272.763055000,3,rover_s102_2x2_n2_1fps_1sp_aldrich.json,s102
1687798272.763178000,4,rover_s102_2x2_n2_1fps_1sp_aldrich.json,s102
1687798272.763310000,5,rover_s102_2x2_n2_1fps_1sp_aldrich.json,s102
1687798272.763440000,6,rover_s102_2x2_n2_1fps_1sp_aldrich.json,s102
1687798272.763544000,7,rover_s102_2x2_n2_1fps_1sp_aldrich.json,s102
1687798272.764033000,8,rover_s102_2x2_n2_1fps_1sp_aldrich.json,s102
1687798272.764133000,9,rover_s102_2x2_n2_1fps_1sp_aldrich.json,s102
1687798272.765587000,10,rover_s102_2x2_n2_1fps_1sp_aldrich.json,s102
1687798273.788682000,0,rover_s102_2x2_n2_1fps_1sp_aldrich.json,s102
1687798273.788885000,1,rover_s102_2x2_n2_1fps_1sp_aldrich.json,s102
1687798273.789085000,2,rover_s102_2x2_n2_1fps_1sp_aldrich.json,s102
1687798273.789182000,3,rover_s102_2x2_n2_1fps_1sp_aldrich.json,s102
1687798273.789672000,4,rover_s102_2x2_n2_1fps_1sp_aldrich.json,s102
1687798273.789772000,5,rover_s102_2x2_n2_1fps_1sp_aldrich.json,s102
1687798273.790292000,6,rover_s102_2x2_n2_1fps_1sp_aldrich.json,s102
1687798273.792358000,7,rover_s102_2x2_n2_1fps_1sp_aldrich.json,s102
1687798274.813099000,0,rover_s102_2x2_n2_1fps_1sp_aldrich.json,s102
1687798274.813463000,1,rover_s102_2x2_n2_1fps_1sp_aldrich.json,s102
1687798274.814797000,2,rover_s102_2x2_n2_1fps_1sp_aldrich.json,s102
1687798274.814799000,3,rover_s102_2x2_n2_1fps_1sp_aldrich.json,s102
1687798274.815686000,4,rover_s102_2x2_n2_1fps_1sp_aldrich.json,s102
1687798274.815688000,5,rover_s102_2x2_n2_1fps_1sp_aldrich.json,s102
1687798274.815803000,6,rover_s102_2x2_n2_1fps_1sp_aldrich.json,s102
1687798274.816071000,7,rover_s102_2x2_n2_1fps_1sp_aldrich.json,s102
1687798274.816140000,8,rover_s102_2x2_n2_1fps_1sp_aldrich.json,s102
1687798274.816141000,9,rover_s102_2x2_n2_1fps_1sp_aldrich.json,s102
1687798275.842542000,0,rover_s102_2x2_n2_1fps_1sp_aldrich.json,s102
1687798275.842758000,1,rover_s102_2x2_n2_1fps_1sp_aldrich.json,s102
1687798275.843210000,2,rover_s102_2x2_n2_1fps_1sp_aldrich.json,s102
1687798275.843307000,3,rover_s102_2x2_n2_1fps_1sp_aldrich.json,s102
1687798275.843308000,4,rover_s102_2x2_n2_1fps_1sp_aldrich.json,s102
1687798275.843784000,5,rover_s102_2x2_n2_1fps_1sp_aldrich.json,s102
1687798275.843886000,6,rover_s102_2x2_n2_1fps_1sp_aldrich.json,s102
1687798275.844460000,7,rover_s102_2x2_n2_1fps_1sp_aldrich.json,s102
1687798275.844743000,8,rover_s102_2x2_n2_1fps_1sp_aldrich.json,s102
1687798275.845716000,9,rover_s102_2x2_n2_1fps_1sp_aldrich.json,s102
1687798275.845824000,10,rover_s102_2x2_n2_1fps_1sp_aldrich.json,s102
1687798275.847893000,11,rover_s102_2x2_n2_1fps_1sp_aldrich.json,s102
1687798276.865582000,0,rover_s102_2x2_n2_1fps_1sp_aldrich.json,s102
1687798276.865993000,1,rover_s102_2x2_n2_1fps_1sp_aldrich.json,s102
1687798276.867404000,2,rover_s102_2x2_n2_1fps_1sp_aldrich.json,s102
1687798276.867406000,3,rover_s102_2x2_n2_1fps_1sp_aldrich.json,s102
1687798276.867538000,4,rover_s102_2x2_n2_1fps_1sp_aldrich.json,s102
1687798276.867641000,5,rover_s102_2x2_n2_1fps_1sp_aldrich.json,s102
1687798276.868376000,6,rover_s102_2x2_n2_1fps_1sp_aldrich.json,s102
1687798277.893116000,0,rover_s102_2x2_n2_1fps_1sp_aldrich.json,s102
1687798277.893845000,1,rover_s102_2x2_n2_1fps_1sp_aldrich.json,s102
1687798277.894001000,2,rover_s102_2x2_n2_1fps_1sp_aldrich.json,s102
1687798277.894003000,3,rover_s102_2x2_n2_1fps_1sp_aldrich.json,s102
1687798277.894756000,4,rover_s102_2x2_n2_1fps_1sp_aldrich.json,s102
1687798277.894859000,5,rover_s102_2x2_n2_1fps_1sp_aldrich.json,s102
1687798277.894963000,6,rover_s102_2x2_n2_1fps_1sp_aldrich.json,s102
1687798277.897018000,7,rover_s102_2x2_n2_1fps_1sp_aldrich.json,s102
1687798277.897020000,8,rover_s102_2x2_n2_1fps_1sp_aldrich.json,s102
1687798278.915069000,0,rover_s102_2x2_n2_1fps_1sp_aldrich.json,s102
1687798278.916812000,1,rover_s102_2x2_n2_1fps_1sp_aldrich.json,s102
1687798278.916814000,2,rover_s102_2x2_n2_1fps_1sp_aldrich.json,s102
1687798278.916944000,3,rover_s102_2x2_n2_1fps_1sp_aldrich.json,s102
1687798278.917063000,4,rover_s102_2x2_n2_1fps_1sp_aldrich.json,s102
1687798278.917186000,5,rover_s102_2x2_n2_1fps_1sp_aldrich.json,s102
1687798278.917271000,6,rover_s102_2x2_n2_1fps_1sp_aldrich.json,s102
1687798278.917834000,7,rover_s102_2x2_n2_1fps_1sp_aldrich.json,s102
1687798278.918925000,8,rover_s102_2x2_n2_1fps_1sp_aldrich.json,s102
1687798279.941648000,0,rover_s102_2x2_n2_1fps_1sp_aldrich.json,s102
1687798279.941869000,1,rover_s102_2x2_n2_1fps_1sp_aldrich.json,s102
1687798279.941967000,2,rover_s102_2x2_n2_1fps_1sp_aldrich.json,s102
1687798279.942079000,3,rover_s102_2x2_n2_1fps_1sp_aldrich.json,s102
1687798279.942167000,4,rover_s102_2x2_n2_1fps_1sp_aldrich.json,s102
1687798279.944473000,5,rover_s102_2x2_n2_1fps_1sp_aldrich.json,s102
1687798279.945601000,6,rover_s102_2x2_n2_1fps_1sp_aldrich.json,s102
1687798279.945603000,7,rover_s102_2x2_n2_1fps_1sp_aldrich.json,s102
1687798280.966635000,0,rover_s102_2x2_n2_1fps_1sp_aldrich.json,s102
1687798280.968066000,1,rover_s102_2x2_n2_1fps_1sp_aldrich.json,s102
1687798280.968067000,2,rover_s102_2x2_n2_1fps_1sp_aldrich.json,s102
1687798280.968239000,3,rover_s102_2x2_n2_1fps_1sp_aldrich.json,s102
1687798280.968340000,4,rover_s102_2x2_n2_1fps_1sp_aldrich.json,s102
1687798280.968534000,5,rover_s102_2x2_n2_1fps_1sp_aldrich.json,s102
1687798280.969274000,6,rover_s102_2x2_n2_1fps_1sp_aldrich.json,s102
1687798280.969275000,7,rover_s102_2x2_n2_1fps_1sp_aldrich.json,s102
1687798280.969424000,8,rover_s102_2x2_n2_1fps_1sp_aldrich.json,s102
1687798280.970322000,9,rover_s102_2x2_n2_1fps_1sp_aldrich.json,s102
1687798281.990220000,0,rover_s102_2x2_n2_1fps_1sp_aldrich.json,s102
1687798281.990435000,1,rover_s102_2x2_n2_1fps_1sp_aldrich.json,s102
1687798281.991581000,2,rover_s102_2x2_n2_1fps_1sp_aldrich.json,s102
1687798281.991583000,3,rover_s102_2x2_n2_1fps_1sp_aldrich.json,s102
1687798281.991726000,4,rover_s102_2x2_n2_1fps_1sp_aldrich.json,s102
1687798281.992913000,5,rover_s102_2x2_n2_1fps_1sp_aldrich.json,s102
1687798283.014704000,0,rover_s102_2x2_n2_1fps_1sp_aldrich.json,s102
1687798283.015115000,1,rover_s102_2x2_n2_1fps_1sp_aldrich.json,s102
1687798283.016498000,2,rover_s102_2x2_n2_1fps_1sp_aldrich.json,s102
1687798283.016500000,3,rover_s102_2x2_n2_1fps_1sp_aldrich.json,s102
1687798283.016633000,4,rover_s102_2x2_n2_1fps_1sp_aldrich.json,s102
1687798283.016735000,5,rover_s102_2x2_n2_1fps_1sp_aldrich.json,s102
1687798283.017849000,6,rover_s102_2x2_n2_1fps_1sp_aldrich.json,s102
1687798283.017851000,7,rover_s102_2x2_n2_1fps_1sp_aldrich.json,s102
1687798283.018681000,8,rover_s102_2x2_n2_1fps_1sp_aldrich.json,s102
1687798283.018771000,9,rover_s102_2x2_n2_1fps_1sp_aldrich.json,s102
1687798284.038906000,0,rover_s102_2x2_n2_1fps_1sp_aldrich.json,s102
1687798284.039101000,1,rover_s102_2x2_n2_1fps_1sp_aldrich.json,s102
1687798284.039935000,2,rover_s102_2x2_n2_1fps_1sp_aldrich.json,s102
1687798284.040036000,3,rover_s102_2x2_n2_1fps_1sp_aldrich.json,s102
1687798284.040038000,4,rover_s102_2x2_n2_1fps_1sp_aldrich.json,s102
1687798284.040215000,5,rover_s102_2x2_n2_1fps_1sp_aldrich.json,s102
1687798284.042168000,6,rover_s102_2x2_n2_1fps_1sp_aldrich.json,s102
1687798284.042260000,7,rover_s102_2x2_n2_1fps_1sp_aldrich.json,s102
1687798284.042261000,8,rover_s102_2x2_n2_1fps_1sp_aldrich.json,s102
1687798284.042378000,9,rover_s102_2x2_n2_1fps_1sp_aldrich.json,s102
1687798284.042460000,10,rover_s102_2x2_n2_1fps_1sp_aldrich.json,s102
1687798284.042560000,11,rover_s102_2x2_n2_1fps_1sp_aldrich.json,s102
1687798284.043735000,12,rover_s102_2x2_n2_1fps_1sp_aldrich.json,s102
1687798284.043736000,13,rover_s102_2x2_n2_1fps_1sp_aldrich.json,s102
1687798285.063553000,0,rover_s102_2x2_n2_1fps_1sp_aldrich.json,s102
1687798285.063933000,1,rover_s102_2x2_n2_1fps_1sp_aldrich.json,s102
1687798285.065450000,2,rover_s102_2x2_n2_1fps_1sp_aldrich.json,s102
1687798285.065586000,3,rover_s102_2x2_n2_1fps_1sp_aldrich.json,s102
1687798285.065711000,4,rover_s102_2x2_n2_1fps_1sp_aldrich.json,s102
1687798285.065818000,5,rover_s102_2x2_n2_1fps_1sp_aldrich.json,s102
1687798285.065892000,6,rover_s102_2x2_n2_1fps_1sp_aldrich.json,s102
1687798285.066490000,7,rover_s102_2x2_n2_1fps_1sp_aldrich.json,s102
1687798285.066600000,8,rover_s102_2x2_n2_1fps_1sp_aldrich.json,s102
1687798285.067687000,9,rover_s102_2x2_n2_1fps_1sp_aldrich.json,s102
1687798285.068352000,10,rover_s102_2x2_n2_1fps_1sp_aldrich.json,s102
1687798285.068542000,11,rover_s102_2x2_n2_1fps_1sp_aldrich.json,s102
1687798285.069382000,12,rover_s102_2x2_n2_1fps_1sp_aldrich.json,s102
1687798285.069510000,13,rover_s102_2x2_n2_1fps_1sp_aldrich.json,s102
1687798285.071000000,14,rover_s102_2x2_n2_1fps_1sp_aldrich.json,s102
1687798286.096246000,0,rover_s102_2x2_n2_1fps_1sp_aldrich.json,s102
1687798286.096458000,1,rover_s102_2x2_n2_1fps_1sp_aldrich.json,s102
1687798286.096557000,2,rover_s102_2x2_n2_1fps_1sp_aldrich.json,s102
1687798286.096684000,3,rover_s102_2x2_n2_1fps_1sp_aldrich.json,s102
1687798286.096795000,4,rover_s102_2x2_n2_1fps_1sp_aldrich.json,s102
1687798286.097479000,5,rover_s102_2x2_n2_1fps_1sp_aldrich.json,s102
1687798286.098963000,6,rover_s102_2x2_n2_1fps_1sp_aldrich.json,s102
1687798286.099085000,7,rover_s102_2x2_n2_1fps_1sp_aldrich.json,s102
1687798287.122134000,0,rover_s102_2x2_n2_1fps_1sp_aldrich.json,s102
1687798287.123106000,1,rover_s102_2x2_n2_1fps_1sp_aldrich.json,s102
1687798287.123201000,2,rover_s102_2x2_n2_1fps_1sp_aldrich.json,s102
1687798287.123305000,3,rover_s102_2x2_n2_1fps_1sp_aldrich.json,s102
1687798287.123410000,4,rover_s102_2x2_n2_1fps_1sp_aldrich.json,s102
1687798287.124121000,5,rover_s102_2x2_n2_1fps_1sp_aldrich.json,s102
1687798287.124229000,6,rover_s102_2x2_n2_1fps_1sp_aldrich.json,s102
1687798287.124316000,7,rover_s102_2x2_n2_1fps_1sp_aldrich.json,s102
1687798288.144920000,0,rover_s102_2x2_n2_1fps_1sp_aldrich.json,s102
1687798288.145127000,1,rover_s102_2x2_n2_1fps_1sp_aldrich.json,s102
1687798288.145226000,2,rover_s102_2x2_n2_1fps_1sp_aldrich.json,s102
1687798288.145735000,3,rover_s102_2x2_n2_1fps_1sp_aldrich.json,s102
1687798288.145853000,4,rover_s102_2x2_n2_1fps_1sp_aldrich.json,s102
1687798288.145854000,5,rover_s102_2x2_n2_1fps_1sp_aldrich.json,s102
1687798288.146045000,6,rover_s102_2x2_n2_1fps_1sp_aldrich.json,s102
1687798288.146544000,7,rover_s102_2x2_n2_1fps_1sp_aldrich.json,s102
1687798288.146664000,8,rover_s102_2x2_n2_1fps_1sp_aldrich.json,s102
1687798288.146990000,9,rover_s102_2x2_n2_1fps_1sp_aldrich.json,s102
1687798288.147081000,10,rover_s102_2x2_n2_1fps_1sp_aldrich.json,s102
1687798288.148302000,11,rover_s102_2x2_n2_1fps_1sp_aldrich.json,s102
1687798288.148304000,12,rover_s102_2x2_n2_1fps_1sp_aldrich.json,s102
1687798288.148518000,13,rover_s102_2x2_n2_1fps_1sp_aldrich.json,s102
1687798288.148610000,14,rover_s102_2x2_n2_1fps_1sp_aldrich.json,s102
1687798289.167357000,0,rover_s102_2x2_n2_1fps_1sp_aldrich.json,s102
1687798289.167743000,1,rover_s102_2x2_n2_1fps_1sp_aldrich.json,s102
1687798289.169090000,2,rover_s102_2x2_n2_1fps_1sp_aldrich.json,s102
1687798289.169092000,3,rover_s102_2x2_n2_1fps_1sp_aldrich.json,s102
1687798289.169226000,4,rover_s102_2x2_n2_1fps_1sp_aldrich.json,s102
1687798289.169342000,5,rover_s102_2x2_n2_1fps_1sp_aldrich.json,s102
1687798289.169460000,6,rover_s102_2x2_n2_1fps_1sp_aldrich.json,s102
1687798289.170142000,7,rover_s102_2x2_n2_1fps_1sp_aldrich.json,s102
1687798289.170244000,8,rover_s102_2x2_n2_1fps_1sp_aldrich.json,s102
1687798289.170246000,9,rover_s102_2x2_n2_1fps_1sp_aldrich.json,s102
1687798290.193340000,0,rover_s102_2x2_n2_1fps_1sp_aldrich.json,s102
1687798290.193545000,1,rover_s102_2x2_n2_1fps_1sp_aldrich.json,s102
1687798290.193641000,2,rover_s102_2x2_n2_1fps_1sp_aldrich.json,s102
1687798290.194095000,3,rover_s102_2x2_n2_1fps_1sp_aldrich.json,s102
1687798290.194190000,4,rover_s102_2x2_n2_1fps_1sp_aldrich.json,s102
1687798290.194191000,5,rover_s102_2x2_n2_1fps_1sp_aldrich.json,s102
1687798290.195310000,6,rover_s102_2x2_n2_1fps_1sp_aldrich.json,s102
1687798290.195419000,7,rover_s102_2x2_n2_1fps_1sp_aldrich.json,s102
1687798290.195421000,8,rover_s102_2x2_n2_1fps_1sp_aldrich.json,s102
1687798290.196255000,9,rover_s102_2x2_n2_1fps_1sp_aldrich.json,s102
1687798290.196368000,10,rover_s102_2x2_n2_1fps_1sp_aldrich.json,s102
1687798290.196370000,11,rover_s102_2x2_n2_1fps_1sp_aldrich.json,s102
1687798290.198228000,12,rover_s102_2x2_n2_1fps_1sp_aldrich.json,s102
1687798291.218665000,0,rover_s102_2x2_n2_1fps_1sp_aldrich.json,s102
1687798291.219045000,1,rover_s102_2x2_n2_1fps_1sp_aldrich.json,s102
1687798291.220358000,2,rover_s102_2x2_n2_1fps_1sp_aldrich.json,s102
1687798291.220360000,3,rover_s102_2x2_n2_1fps_1sp_aldrich.json,s102
1687798291.220478000,4,rover_s102_2x2_n2_1fps_1sp_aldrich.json,s102
1687798291.220594000,5,rover_s102_2x2_n2_1fps_1sp_aldrich.json,s102
1687798291.220704000,6,rover_s102_2x2_n2_1fps_1sp_aldrich.json,s102
1687798291.220798000,7,rover_s102_2x2_n2_1fps_1sp_aldrich.json,s102
1687798292.248757000,0,rover_s102_2x2_n2_1fps_1sp_aldrich.json,s102
1687798292.248948000,1,rover_s102_2x2_n2_1fps_1sp_aldrich.json,s102
1687798292.249035000,2,rover_s102_2x2_n2_1fps_1sp_aldrich.json,s102
1687798292.249036000,3,rover_s102_2x2_n2_1fps_1sp_aldrich.json,s102
1687798292.249365000,4,rover_s102_2x2_n2_1fps_1sp_aldrich.json,s102
1687798292.249466000,5,rover_s102_2x2_n2_1fps_1sp_aldrich.json,s102
1687798292.249984000,6,rover_s102_2x2_n2_1fps_1sp_aldrich.json,s102
1687798292.250084000,7,rover_s102_2x2_n2_1fps_1sp_aldrich.json,s102
1687798292.250674000,8,rover_s102_2x2_n2_1fps_1sp_aldrich.json,s102
1687798292.250776000,9,rover_s102_2x2_n2_1fps_1sp_aldrich.json,s102
1687798293.271798000,0,rover_s102_2x2_n2_1fps_1sp_aldrich.json,s102
1687798293.272124000,1,rover_s102_2x2_n2_1fps_1sp_aldrich.json,s102
1687798293.273464000,2,rover_s102_2x2_n2_1fps_1sp_aldrich.json,s102
1687798293.273580000,3,rover_s102_2x2_n2_1fps_1sp_aldrich.json,s102
1687798293.273686000,4,rover_s102_2x2_n2_1fps_1sp_aldrich.json,s102
1687798293.273777000,5,rover_s102_2x2_n2_1fps_1sp_aldrich.json,s102
1687798293.274471000,6,rover_s102_2x2_n2_1fps_1sp_aldrich.json,s102
1687798294.294816000,0,rover_s102_2x2_n2_1fps_1sp_aldrich.json,s102
1687798294.294817000,1,rover_s102_2x2_n2_1fps_1sp_aldrich.json,s102
1687798294.295015000,2,rover_s102_2x2_n2_1fps_1sp_aldrich.json,s102
1687798294.295106000,3,rover_s102_2x2_n2_1fps_1sp_aldrich.json,s102
1687798294.295211000,4,rover_s102_2x2_n2_1fps_1sp_aldrich.json,s102
1687798294.295337000,5,rover_s102_2x2_n2_1fps_1sp_aldrich.json,s102
1687798294.296905000,6,rover_s102_2x2_n2_1fps_1sp_aldrich.json,s102
1687798294.296907000,7,rover_s102_2x2_n2_1fps_1sp_aldrich.json,s102
1687798294.297064000,8,rover_s102_2x2_n2_1fps_1sp_aldrich.json,s102
1687798294.297179000,9,rover_s102_2x2_n2_1fps_1sp_aldrich.json,s102
1687798294.297290000,10,rover_s102_2x2_n2_1fps_1sp_aldrich.json,s102
1687798294.297398000,11,rover_s102_2x2_n2_1fps_1sp_aldrich.json,s102
1687798294.297839000,12,rover_s102_2x2_n2_1fps_1sp_aldrich.json,s102
1687798294.297944000,13,rover_s102_2x2_n2_1fps_1sp_aldrich.json,s102
1687798294.299306000,14,rover_s102_2x2_n2_1fps_1sp_aldrich.json,s102
1687798295.318585000,0,rover_s102_2x2_n2_1fps_1sp_aldrich.json,s102
1687798295.318886000,1,rover_s102_2x2_n2_1fps_1sp_aldrich.json,s102
1687798295.323605000,2,rover_s102_2x2_n2_1fps_1sp_aldrich.json,s102
1687798295.323607000,3,rover_s102_2x2_n2_1fps_1sp_aldrich.json,s102
1687798295.323781000,4,rover_s102_2x2_n2_1fps_1sp_aldrich.json,s102
1687798295.323872000,5,rover_s102_2x2_n2_1fps_1sp_aldrich.json,s102
1687798295.323946000,6,rover_s102_2x2_n2_1fps_1sp_aldrich.json,s102
1687798295.323948000,7,rover_s102_2x2_n2_1fps_1sp_aldrich.json,s102
1687798295.324074000,8,rover_s102_2x2_n2_1fps_1sp_aldrich.json,s102
1687798295.324184000,9,rover_s102_2x2_n2_1fps_1sp_aldrich.json,s102
1687798296.342924000,0,rover_s102_2x2_n2_1fps_1sp_aldrich.json,s102
1687798296.343111000,1,rover_s102_2x2_n2_1fps_1sp_aldrich.json,s102
1687798296.343113000,2,rover_s102_2x2_n2_1fps_1sp_aldrich.json,s102
1687798296.343238000,3,rover_s102_2x2_n2_1fps_1sp_aldrich.json,s102
1687798296.343646000,4,rover_s102_2x2_n2_1fps_1sp_aldrich.json,s102
1687798296.344313000,5,rover_s102_2x2_n2_1fps_1sp_aldrich.json,s102
1687798296.344426000,6,rover_s102_2x2_n2_1fps_1sp_aldrich.json,s102
1687798296.345067000,7,rover_s102_2x2_n2_1fps_1sp_aldrich.json,s102
1687798296.345192000,8,rover_s102_2x2_n2_1fps_1sp_aldrich.json,s102
1687798296.345193000,9,rover_s102_2x2_n2_1fps_1sp_aldrich.json,s102
1687798296.346311000,10,rover_s102_2x2_n2_1fps_1sp_aldrich.json,s102
1687798297.364223000,0,rover_s102_2x2_n2_1fps_1sp_aldrich.json,s102
1687798297.364635000,1,rover_s102_2x2_n2_1fps_1sp_aldrich.json,s102
1687798297.366066000,2,rover_s102_2x2_n2_1fps_1sp_aldrich.json,s102
1687798297.366068000,3,rover_s102_2x2_n2_1fps_1sp_aldrich.json,s102
1687798297.366194000,4,rover_s102_2x2_n2_1fps_1sp_aldrich.json,s102
1687798297.366324000,5,rover_s102_2x2_n2_1fps_1sp_aldrich.json,s102
1687798297.366445000,6,rover_s102_2x2_n2_1fps_1sp_aldrich.json,s102
1687798297.366817000,7,rover_s102_2x2_n2_1fps_1sp_aldrich.json,s102
1687798297.368917000,8,rover_s102_2x2_n2_1fps_1sp_aldrich.json,s102
1687798298.395531000,0,rover_s102_2x2_n2_1fps_1sp_aldrich.json,s102
1687798298.395752000,1,rover_s102_2x2_n2_1fps_1sp_aldrich.json,s102
1687798298.396948000,2,rover_s102_2x2_n2_1fps_1sp_aldrich.json,s102
1687798298.397049000,3,rover_s102_2x2_n2_1fps_1sp_aldrich.json,s102
1687798298.397051000,4,rover_s102_2x2_n2_1fps_1sp_aldrich.json,s102
1687798298.397160000,5,rover_s102_2x2_n2_1fps_1sp_aldrich.json,s102
1687798298.397264000,6,rover_s102_2x2_n2_1fps_1sp_aldrich.json,s102
1687798298.398209000,7,rover_s102_2x2_n2_1fps_1sp_aldrich.json,s102
1687798299.421865000,0,rover_s102_2x2_n2_1fps_1sp_aldrich.json,s102
1687798299.422256000,1,rover_s102_2x2_n2_1fps_1sp_aldrich.json,s102
1687798299.423589000,2,rover_s102_2x2_n2_1fps_1sp_aldrich.json,s102
1687798299.424496000,3,rover_s102_2x2_n2_1fps_1sp_aldrich.json,s102
1687798299.424572000,4,rover_s102_2x2_n2_1fps_1sp_aldrich.json,s102
1687798299.424574000,5,rover_s102_2x2_n2_1fps_1sp_aldrich.json,s102
1687798299.424660000,6,rover_s102_2x2_n2_1fps_1sp_aldrich.json,s102
1687798299.424740000,7,rover_s102_2x2_n2_1fps_1sp_aldrich.json,s102
1687798299.424835000,8,rover_s102_2x2_n2_1fps_1sp_aldrich.json,s102
1687798299.424837000,9,rover_s102_2x2_n2_1fps_1sp_aldrich.json,s102
1687798299.425865000,10,rover_s102_2x2_n2_1fps_1sp_aldrich.json,s102
1687798300.444473000,0,rover_s102_2x2_n2_1fps_1sp_aldrich.json,s102
1687798300.444673000,1,rover_s102_2x2_n2_1fps_1sp_aldrich.json,s102
1687798300.444767000,2,rover_s102_2x2_n2_1fps_1sp_aldrich.json,s102
1687798300.445114000,3,rover_s102_2x2_n2_1fps_1sp_aldrich.json,s102
1687798300.445692000,4,rover_s102_2x2_n2_1fps_1sp_aldrich.json,s102
1687798300.445782000,5,rover_s102_2x2_n2_1fps_1sp_aldrich.json,s102
1687798300.445784000,6,rover_s102_2x2_n2_1fps_1sp_aldrich.json,s102
1687798300.445901000,7,rover_s102_2x2_n2_1fps_1sp_aldrich.json,s102
1687798300.446111000,8,rover_s102_2x2_n2_1fps_1sp_aldrich.json,s102
1687798300.446210000,9,rover_s102_2x2_n2_1fps_1sp_aldrich.json,s102
1687798300.447054000,10,rover_s102_2x2_n2_1fps_1sp_aldrich.json,s102
1687798300.447175000,11,rover_s102_2x2_n2_1fps_1sp_aldrich.json,s102
1687798300.447460000,12,rover_s102_2x2_n2_1fps_1sp_aldrich.json,s102
1687798301.466069000,0,rover_s102_2x2_n2_1fps_1sp_aldrich.json,s102
1687798301.466435000,1,rover_s102_2x2_n2_1fps_1sp_aldrich.json,s102
1687798301.467595000,2,rover_s102_2x2_n2_1fps_1sp_aldrich.json,s102
1687798301.467596000,3,rover_s102_2x2_n2_1fps_1sp_aldrich.json,s102
1687798301.467716000,4,rover_s102_2x2_n2_1fps_1sp_aldrich.json,s102
1687798301.467821000,5,rover_s102_2x2_n2_1fps_1sp_aldrich.json,s102
1687798301.467946000,6,rover_s102_2x2_n2_1fps_1sp_aldrich.json,s102
1687798301.468036000,7,rover_s102_2x2_n2_1fps_1sp_aldrich.json,s102
1687798301.468682000,8,rover_s102_2x2_n2_1fps_1sp_aldrich.json,s102
1687798301.468792000,9,rover_s102_2x2_n2_1fps_1sp_aldrich.json,s102
1687798301.469811000,10,rover_s102_2x2_n2_1fps_1sp_aldrich.json,s102
1687798302.487246000,0,rover_s102_2x2_n2_1fps_1sp_aldrich.json,s102
1687798302.487451000,1,rover_s102_2x2_n2_1fps_1sp_aldrich.json,s102
1687798302.487552000,2,rover_s102_2x2_n2_1fps_1sp_aldrich.json,s102
1687798302.487896000,3,rover_s102_2x2_n2_1fps_1sp_aldrich.json,s102
1687798302.487988000,4,rover_s102_2x2_n2_1fps_1sp_aldrich.json,s102
1687798302.488088000,5,rover_s102_2x2_n2_1fps_1sp_aldrich.json,s102
1687798302.488677000,6,rover_s102_2x2_n2_1fps_1sp_aldrich.json,s102
1687798302.488796000,7,rover_s102_2x2_n2_1fps_1sp_aldrich.json,s102
1687798302.490109000,8,rover_s102_2x2_n2_1fps_1sp_aldrich.json,s102
1687798302.490110000,9,rover_s102_2x2_n2_1fps_1sp_aldrich.json,s102
1687798303.509760000,0,rover_s102_2x2_n2_1fps_1sp_aldrich.json,s102
1687798303.510132000,1,rover_s102_2x2_n2_1fps_1sp_aldrich.json,s102
1687798303.511335000,2,rover_s102_2x2_n2_1fps_1sp_aldrich.json,s102
1687798303.511337000,3,rover_s102_2x2_n2_1fps_1sp_aldrich.json,s102
1687798303.511466000,4,rover_s102_2x2_n2_1fps_1sp_aldrich.json,s102
1687798303.511574000,5,rover_s102_2x2_n2_1fps_1sp_aldrich.json,s102
1687798303.511676000,6,rover_s102_2x2_n2_1fps_1sp_aldrich.json,s102
1687798303.512360000,7,rover_s102_2x2_n2_1fps_1sp_aldrich.json,s102
1687798303.512459000,8,rover_s102_2x2_n2_1fps_1sp_aldrich.json,s102
1687798303.512546000,9,rover_s102_2x2_n2_1fps_1sp_aldrich.json,s102
1687798303.513532000,10,rover_s102_2x2_n2_1fps_1sp_aldrich.json,s102
1687798304.532870000,0,rover_s102_2x2_n2_1fps_1sp_aldrich.json,s102
1687798304.533084000,1,rover_s102_2x2_n2_1fps_1sp_aldrich.json,s102
1687798304.533183000,2,rover_s102_2x2_n2_1fps_1sp_aldrich.json,s102
1687798304.533567000,3,rover_s102_2x2_n2_1fps_1sp_aldrich.json,s102
1687798304.533667000,4,rover_s102_2x2_n2_1fps_1sp_aldrich.json,s102
1687798304.533669000,5,rover_s102_2x2_n2_1fps_1sp_aldrich.json,s102
1687798304.533844000,6,rover_s102_2x2_n2_1fps_1sp_aldrich.json,s102
1687798304.534323000,7,rover_s102_2x2_n2_1fps_1sp_aldrich.json,s102
1687798304.534432000,8,rover_s102_2x2_n2_1fps_1sp_aldrich.json,s102
1687798304.534895000,9,rover_s102_2x2_n2_1fps_1sp_aldrich.json,s102
1687798304.535016000,10,rover_s102_2x2_n2_1fps_1sp_aldrich.json,s102
1687798304.535607000,11,rover_s102_2x2_n2_1fps_1sp_aldrich.json,s102
1687798304.535608000,12,rover_s102_2x2_n2_1fps_1sp_aldrich.json,s102
1687798304.535748000,13,rover_s102_2x2_n2_1fps_1sp_aldrich.json,s102
1687798305.554923000,0,rover_s102_2x2_n2_1fps_1sp_aldrich.json,s102
1687798305.555293000,1,rover_s102_2x2_n2_1fps_1sp_aldrich.json,s102
1687798305.556642000,2,rover_s102_2x2_n2_1fps_1sp_aldrich.json,s102
1687798305.556644000,3,rover_s102_2x2_n2_1fps_1sp_aldrich.json,s102
1687798305.556779000,4,rover_s102_2x2_n2_1fps_1sp_aldrich.json,s102
1687798305.556962000,5,rover_s102_2x2_n2_1fps_1sp_aldrich.json,s102
1687798305.556964000,6,rover_s102_2x2_n2_1fps_1sp_aldrich.json,s102
1687798305.557548000,7,rover_s102_2x2_n2_1fps_1sp_aldrich.json,s102
1687798306.577818000,0,rover_s102_2x2_n2_1fps_1sp_aldrich.json,s102
1687798306.578046000,1,rover_s102_2x2_n2_1fps_1sp_aldrich.json,s102
1687798306.578633000,2,rover_s102_2x2_n2_1fps_1sp_aldrich.json,s102
1687798306.578635000,3,rover_s102_2x2_n2_1fps_1sp_aldrich.json,s102
1687798306.578806000,4,rover_s102_2x2_n2_1fps_1sp_aldrich.json,s102
1687798306.579359000,5,rover_s102_2x2_n2_1fps_1sp_aldrich.json,s102
1687798306.579360000,6,rover_s102_2x2_n2_1fps_1sp_aldrich.json,s102
1687798306.579528000,7,rover_s102_2x2_n2_1fps_1sp_aldrich.json,s102
1687798306.580658000,8,rover_s102_2x2_n2_1fps_1sp_aldrich.json,s102
1687798307.598127000,0,rover_s102_2x2_n2_1fps_1sp_aldrich.json,s102
1687798307.599028000,1,rover_s102_2x2_n2_1fps_1sp_aldrich.json,s102
1687798307.600353000,2,rover_s102_2x2_n2_1fps_1sp_aldrich.json,s102
1687798307.600690000,3,rover_s102_2x2_n2_1fps_1sp_aldrich.json,s102
1687798307.600692000,4,rover_s102_2x2_n2_1fps_1sp_aldrich.json,s102
1687798307.600777000,5,rover_s102_2x2_n2_1fps_1sp_aldrich.json,s102
1687798307.600851000,6,rover_s102_2x2_n2_1fps_1sp_aldrich.json,s102
1687798308.620952000,0,rover_s102_2x2_n2_1fps_1sp_aldrich.json,s102
1687798308.621558000,1,rover_s102_2x2_n2_1fps_1sp_aldrich.json,s102
1687798308.621560000,2,rover_s102_2x2_n2_1fps_1sp_aldrich.json,s102
1687798308.621677000,3,rover_s102_2x2_n2_1fps_1sp_aldrich.json,s102
1687798308.621782000,4,rover_s102_2x2_n2_1fps_1sp_aldrich.json,s102
1687798308.622098000,5,rover_s102_2x2_n2_1fps_1sp_aldrich.json,s102
1687798308.622202000,6,rover_s102_2x2_n2_1fps_1sp_aldrich.json,s102
1687798308.622797000,7,rover_s102_2x2_n2_1fps_1sp_aldrich.json,s102
1687798308.623777000,8,rover_s102_2x2_n2_1fps_1sp_aldrich.json,s102
1687798309.644316000,0,rover_s102_2x2_n2_1fps_1sp_aldrich.json,s102
1687798309.644682000,1,rover_s102_2x2_n2_1fps_1sp_aldrich.json,s102
1687798309.645893000,2,rover_s102_2x2_n2_1fps_1sp_aldrich.json,s102
1687798309.645894000,3,rover_s102_2x2_n2_1fps_1sp_aldrich.json,s102
1687798309.646028000,4,rover_s102_2x2_n2_1fps_1sp_aldrich.json,s102
1687798309.646140000,5,rover_s102_2x2_n2_1fps_1sp_aldrich.json,s102
1687798309.646255000,6,rover_s102_2x2_n2_1fps_1sp_aldrich.json,s102
1687798309.646941000,7,rover_s102_2x2_n2_1fps_1sp_aldrich.json,s102
1687798309.647045000,8,rover_s102_2x2_n2_1fps_1sp_aldrich.json,s102
1687798309.647139000,9,rover_s102_2x2_n2_1fps_1sp_aldrich.json,s102
1687798310.669184000,0,rover_s102_2x2_n2_1fps_1sp_aldrich.json,s102
1687798310.669384000,1,rover_s102_2x2_n2_1fps_1sp_aldrich.json,s102
1687798310.669473000,2,rover_s102_2x2_n2_1fps_1sp_aldrich.json,s102
1687798310.669907000,3,rover_s102_2x2_n2_1fps_1sp_aldrich.json,s102
1687798310.670007000,4,rover_s102_2x2_n2_1fps_1sp_aldrich.json,s102
1687798310.670095000,5,rover_s102_2x2_n2_1fps_1sp_aldrich.json,s102
1687798310.670475000,6,rover_s102_2x2_n2_1fps_1sp_aldrich.json,s102
1687798310.670574000,7,rover_s102_2x2_n2_1fps_1sp_aldrich.json,s102
1687798310.671180000,8,rover_s102_2x2_n2_1fps_1sp_aldrich.json,s102
1687798310.671281000,9,rover_s102_2x2_n2_1fps_1sp_aldrich.json,s102
1687798310.671688000,10,rover_s102_2x2_n2_1fps_1sp_aldrich.json,s102
1687798311.692056000,0,rover_s102_2x2_n2_1fps_1sp_aldrich.json,s102
1687798311.692761000,1,rover_s102_2x2_n2_1fps_1sp_aldrich.json,s102
1687798311.693800000,2,rover_s102_2x2_n2_1fps_1sp_aldrich.json,s102
1687798311.693908000,3,rover_s102_2x2_n2_1fps_1sp_aldrich.json,s102
1687798311.693910000,4,rover_s102_2x2_n2_1fps_1sp_aldrich.json,s102
1687798311.694051000,5,rover_s102_2x2_n2_1fps_1sp_aldrich.json,s102
1687798311.694158000,6,rover_s102_2x2_n2_1fps_1sp_aldrich.json,s102
1687798311.694946000,7,rover_s102_2x2_n2_1fps_1sp_aldrich.json,s102
1687798311.695040000,8,rover_s102_2x2_n2_1fps_1sp_aldrich.json,s102
1687798312.718892000,0,rover_s102_2x2_n2_1fps_1sp_aldrich.json,s102
1687798312.719109000,1,rover_s102_2x2_n2_1fps_1sp_aldrich.json,s102
1687798312.719511000,2,rover_s102_2x2_n2_1fps_1sp_aldrich.json,s102
1687798312.719603000,3,rover_s102_2x2_n2_1fps_1sp_aldrich.json,s102
1687798312.719605000,4,rover_s102_2x2_n2_1fps_1sp_aldrich.json,s102
1687798312.720081000,5,rover_s102_2x2_n2_1fps_1sp_aldrich.json,s102
1687798312.720453000,6,rover_s102_2x2_n2_1fps_1sp_aldrich.json,s102
1687798312.720455000,7,rover_s102_2x2_n2_1fps_1sp_aldrich.json,s102
1687798312.721150000,8,rover_s102_2x2_n2_1fps_1sp_aldrich.json,s102
1687798312.721747000,9,rover_s102_2x2_n2_1fps_1sp_aldrich.json,s102
1687798313.746684000,0,rover_s102_2x2_n2_1fps_1sp_aldrich.json,s102
1687798313.747054000,1,rover_s102_2x2_n2_1fps_1sp_aldrich.json,s102
1687798313.748417000,2,rover_s102_2x2_n2_1fps_1sp_aldrich.json,s102
1687798313.748419000,3,rover_s102_2x2_n2_1fps_1sp_aldrich.json,s102
1687798313.748619000,4,rover_s102_2x2_n2_1fps_1sp_aldrich.json,s102
1687798313.748727000,5,rover_s102_2x2_n2_1fps_1sp_aldrich.json,s102
1687798313.748843000,6,rover_s102_2x2_n2_1fps_1sp_aldrich.json,s102
1687798313.749044000,7,rover_s102_2x2_n2_1fps_1sp_aldrich.json,s102
1687798314.775726000,0,rover_s102_2x2_n2_1fps_1sp_aldrich.json,s102
1687798314.776178000,1,rover_s102_2x2_n2_1fps_1sp_aldrich.json,s102
1687798314.776272000,2,rover_s102_2x2_n2_1fps_1sp_aldrich.json,s102
1687798314.777847000,3,rover_s102_2x2_n2_1fps_1sp_aldrich.json,s102
