Timestamp,Packet,Scenario,Type
1687245731.225452000,0,rover_ap_3x3_n1_1fps_1sp_bb.json,ap
1687245731.225714000,1,rover_ap_3x3_n1_1fps_1sp_bb.json,ap
1687245731.226059000,2,rover_ap_3x3_n1_1fps_1sp_bb.json,ap
1687245731.226325000,3,rover_ap_3x3_n1_1fps_1sp_bb.json,ap
1687245731.226664000,4,rover_ap_3x3_n1_1fps_1sp_bb.json,ap
1687245731.226948000,5,rover_ap_3x3_n1_1fps_1sp_bb.json,ap
1687245731.227277000,6,rover_ap_3x3_n1_1fps_1sp_bb.json,ap
1687245731.227590000,7,rover_ap_3x3_n1_1fps_1sp_bb.json,ap
1687245731.228037000,8,rover_ap_3x3_n1_1fps_1sp_bb.json,ap
1687245732.250136000,0,rover_ap_3x3_n1_1fps_1sp_bb.json,ap
1687245732.250410000,1,rover_ap_3x3_n1_1fps_1sp_bb.json,ap
1687245732.250685000,2,rover_ap_3x3_n1_1fps_1sp_bb.json,ap
1687245732.251042000,3,rover_ap_3x3_n1_1fps_1sp_bb.json,ap
1687245732.251358000,4,rover_ap_3x3_n1_1fps_1sp_bb.json,ap
1687245732.251753000,5,rover_ap_3x3_n1_1fps_1sp_bb.json,ap
1687245732.252051000,6,rover_ap_3x3_n1_1fps_1sp_bb.json,ap
1687245732.252324000,7,rover_ap_3x3_n1_1fps_1sp_bb.json,ap
1687245732.252867000,8,rover_ap_3x3_n1_1fps_1sp_bb.json,ap
1687245732.253277000,9,rover_ap_3x3_n1_1fps_1sp_bb.json,ap
1687245733.273800000,0,rover_ap_3x3_n1_1fps_1sp_bb.json,ap
1687245733.274066000,1,rover_ap_3x3_n1_1fps_1sp_bb.json,ap
1687245733.274329000,2,rover_ap_3x3_n1_1fps_1sp_bb.json,ap
1687245733.274638000,3,rover_ap_3x3_n1_1fps_1sp_bb.json,ap
1687245733.274915000,4,rover_ap_3x3_n1_1fps_1sp_bb.json,ap
1687245733.275225000,5,rover_ap_3x3_n1_1fps_1sp_bb.json,ap
1687245733.275487000,6,rover_ap_3x3_n1_1fps_1sp_bb.json,ap
1687245733.276302000,7,rover_ap_3x3_n1_1fps_1sp_bb.json,ap
1687245733.276588000,8,rover_ap_3x3_n1_1fps_1sp_bb.json,ap
1687245733.276849000,9,rover_ap_3x3_n1_1fps_1sp_bb.json,ap
1687245733.277320000,10,rover_ap_3x3_n1_1fps_1sp_bb.json,ap
1687245734.300280000,0,rover_ap_3x3_n1_1fps_1sp_bb.json,ap
1687245734.300582000,1,rover_ap_3x3_n1_1fps_1sp_bb.json,ap
1687245734.300859000,2,rover_ap_3x3_n1_1fps_1sp_bb.json,ap
1687245734.301192000,3,rover_ap_3x3_n1_1fps_1sp_bb.json,ap
1687245734.301479000,4,rover_ap_3x3_n1_1fps_1sp_bb.json,ap
1687245734.301786000,5,rover_ap_3x3_n1_1fps_1sp_bb.json,ap
1687245734.302142000,6,rover_ap_3x3_n1_1fps_1sp_bb.json,ap
1687245734.302569000,7,rover_ap_3x3_n1_1fps_1sp_bb.json,ap
1687245734.302869000,8,rover_ap_3x3_n1_1fps_1sp_bb.json,ap
1687245734.303156000,9,rover_ap_3x3_n1_1fps_1sp_bb.json,ap
1687245735.322938000,0,rover_ap_3x3_n1_1fps_1sp_bb.json,ap
1687245735.323213000,1,rover_ap_3x3_n1_1fps_1sp_bb.json,ap
1687245735.323545000,2,rover_ap_3x3_n1_1fps_1sp_bb.json,ap
1687245735.323868000,3,rover_ap_3x3_n1_1fps_1sp_bb.json,ap
1687245735.324212000,4,rover_ap_3x3_n1_1fps_1sp_bb.json,ap
1687245735.324532000,5,rover_ap_3x3_n1_1fps_1sp_bb.json,ap
1687245735.324877000,6,rover_ap_3x3_n1_1fps_1sp_bb.json,ap
1687245736.347586000,0,rover_ap_3x3_n1_1fps_1sp_bb.json,ap
1687245736.347849000,1,rover_ap_3x3_n1_1fps_1sp_bb.json,ap
1687245736.348112000,2,rover_ap_3x3_n1_1fps_1sp_bb.json,ap
1687245736.348368000,3,rover_ap_3x3_n1_1fps_1sp_bb.json,ap
1687245736.348629000,4,rover_ap_3x3_n1_1fps_1sp_bb.json,ap
1687245736.349009000,5,rover_ap_3x3_n1_1fps_1sp_bb.json,ap
1687245736.349296000,6,rover_ap_3x3_n1_1fps_1sp_bb.json,ap
1687245736.349865000,7,rover_ap_3x3_n1_1fps_1sp_bb.json,ap
1687245736.350149000,8,rover_ap_3x3_n1_1fps_1sp_bb.json,ap
1687245736.350642000,9,rover_ap_3x3_n1_1fps_1sp_bb.json,ap
1687245737.372802000,0,rover_ap_3x3_n1_1fps_1sp_bb.json,ap
1687245737.373086000,1,rover_ap_3x3_n1_1fps_1sp_bb.json,ap
1687245737.373355000,2,rover_ap_3x3_n1_1fps_1sp_bb.json,ap
1687245737.373628000,3,rover_ap_3x3_n1_1fps_1sp_bb.json,ap
1687245737.373920000,4,rover_ap_3x3_n1_1fps_1sp_bb.json,ap
1687245737.374292000,5,rover_ap_3x3_n1_1fps_1sp_bb.json,ap
1687245737.374567000,6,rover_ap_3x3_n1_1fps_1sp_bb.json,ap
1687245737.375148000,7,rover_ap_3x3_n1_1fps_1sp_bb.json,ap
1687245737.375479000,8,rover_ap_3x3_n1_1fps_1sp_bb.json,ap
1687245738.395488000,0,rover_ap_3x3_n1_1fps_1sp_bb.json,ap
1687245738.395836000,1,rover_ap_3x3_n1_1fps_1sp_bb.json,ap
1687245738.396137000,2,rover_ap_3x3_n1_1fps_1sp_bb.json,ap
1687245738.396459000,3,rover_ap_3x3_n1_1fps_1sp_bb.json,ap
1687245738.396815000,4,rover_ap_3x3_n1_1fps_1sp_bb.json,ap
1687245738.397134000,5,rover_ap_3x3_n1_1fps_1sp_bb.json,ap
1687245738.397455000,6,rover_ap_3x3_n1_1fps_1sp_bb.json,ap
1687245738.397721000,7,rover_ap_3x3_n1_1fps_1sp_bb.json,ap
1687245738.398164000,8,rover_ap_3x3_n1_1fps_1sp_bb.json,ap
1687245738.398440000,9,rover_ap_3x3_n1_1fps_1sp_bb.json,ap
1687245739.421784000,0,rover_ap_3x3_n1_1fps_1sp_bb.json,ap
1687245739.422074000,1,rover_ap_3x3_n1_1fps_1sp_bb.json,ap
1687245739.422378000,2,rover_ap_3x3_n1_1fps_1sp_bb.json,ap
1687245739.422655000,3,rover_ap_3x3_n1_1fps_1sp_bb.json,ap
1687245739.422934000,4,rover_ap_3x3_n1_1fps_1sp_bb.json,ap
1687245739.423289000,5,rover_ap_3x3_n1_1fps_1sp_bb.json,ap
1687245739.423558000,6,rover_ap_3x3_n1_1fps_1sp_bb.json,ap
1687245739.423972000,7,rover_ap_3x3_n1_1fps_1sp_bb.json,ap
1687245739.424388000,8,rover_ap_3x3_n1_1fps_1sp_bb.json,ap
1687245740.443057000,0,rover_ap_3x3_n1_1fps_1sp_bb.json,ap
1687245740.443341000,1,rover_ap_3x3_n1_1fps_1sp_bb.json,ap
1687245740.443615000,2,rover_ap_3x3_n1_1fps_1sp_bb.json,ap
1687245740.443892000,3,rover_ap_3x3_n1_1fps_1sp_bb.json,ap
1687245740.444168000,4,rover_ap_3x3_n1_1fps_1sp_bb.json,ap
1687245740.444436000,5,rover_ap_3x3_n1_1fps_1sp_bb.json,ap
1687245740.444713000,6,rover_ap_3x3_n1_1fps_1sp_bb.json,ap
1687245740.445316000,7,rover_ap_3x3_n1_1fps_1sp_bb.json,ap
1687245740.445628000,8,rover_ap_3x3_n1_1fps_1sp_bb.json,ap
1687245740.445998000,9,rover_ap_3x3_n1_1fps_1sp_bb.json,ap
1687245741.468556000,0,rover_ap_3x3_n1_1fps_1sp_bb.json,ap
1687245741.468876000,1,rover_ap_3x3_n1_1fps_1sp_bb.json,ap
1687245741.469203000,2,rover_ap_3x3_n1_1fps_1sp_bb.json,ap
1687245741.469517000,3,rover_ap_3x3_n1_1fps_1sp_bb.json,ap
1687245741.469833000,4,rover_ap_3x3_n1_1fps_1sp_bb.json,ap
1687245741.470156000,5,rover_ap_3x3_n1_1fps_1sp_bb.json,ap
1687245741.470467000,6,rover_ap_3x3_n1_1fps_1sp_bb.json,ap
1687245741.470799000,7,rover_ap_3x3_n1_1fps_1sp_bb.json,ap
1687245741.471108000,8,rover_ap_3x3_n1_1fps_1sp_bb.json,ap
1687245741.472755000,9,rover_ap_3x3_n1_1fps_1sp_bb.json,ap
1687245741.473065000,10,rover_ap_3x3_n1_1fps_1sp_bb.json,ap
1687245741.473336000,11,rover_ap_3x3_n1_1fps_1sp_bb.json,ap
1687245741.473701000,12,rover_ap_3x3_n1_1fps_1sp_bb.json,ap
1687245741.474185000,13,rover_ap_3x3_n1_1fps_1sp_bb.json,ap
1687245742.497459000,0,rover_ap_3x3_n1_1fps_1sp_bb.json,ap
1687245742.497743000,1,rover_ap_3x3_n1_1fps_1sp_bb.json,ap
1687245742.498010000,2,rover_ap_3x3_n1_1fps_1sp_bb.json,ap
1687245742.498294000,3,rover_ap_3x3_n1_1fps_1sp_bb.json,ap
1687245742.498661000,4,rover_ap_3x3_n1_1fps_1sp_bb.json,ap
1687245742.498945000,5,rover_ap_3x3_n1_1fps_1sp_bb.json,ap
1687245742.499346000,6,rover_ap_3x3_n1_1fps_1sp_bb.json,ap
1687245742.499643000,7,rover_ap_3x3_n1_1fps_1sp_bb.json,ap
1687245742.500194000,8,rover_ap_3x3_n1_1fps_1sp_bb.json,ap
1687245742.500469000,9,rover_ap_3x3_n1_1fps_1sp_bb.json,ap
1687245742.500728000,10,rover_ap_3x3_n1_1fps_1sp_bb.json,ap
1687245742.501092000,11,rover_ap_3x3_n1_1fps_1sp_bb.json,ap
1687245742.501482000,12,rover_ap_3x3_n1_1fps_1sp_bb.json,ap
1687245742.501751000,13,rover_ap_3x3_n1_1fps_1sp_bb.json,ap
1687245742.502016000,14,rover_ap_3x3_n1_1fps_1sp_bb.json,ap
1687245742.502399000,15,rover_ap_3x3_n1_1fps_1sp_bb.json,ap
1687245742.502943000,16,rover_ap_3x3_n1_1fps_1sp_bb.json,ap
1687245742.503489000,17,rover_ap_3x3_n1_1fps_1sp_bb.json,ap
1687245743.525898000,0,rover_ap_3x3_n1_1fps_1sp_bb.json,ap
1687245743.526200000,1,rover_ap_3x3_n1_1fps_1sp_bb.json,ap
1687245743.526679000,2,rover_ap_3x3_n1_1fps_1sp_bb.json,ap
1687245743.526985000,3,rover_ap_3x3_n1_1fps_1sp_bb.json,ap
1687245743.527258000,4,rover_ap_3x3_n1_1fps_1sp_bb.json,ap
1687245743.527609000,5,rover_ap_3x3_n1_1fps_1sp_bb.json,ap
1687245743.527884000,6,rover_ap_3x3_n1_1fps_1sp_bb.json,ap
1687245743.528282000,7,rover_ap_3x3_n1_1fps_1sp_bb.json,ap
1687245743.528698000,8,rover_ap_3x3_n1_1fps_1sp_bb.json,ap
1687245744.549326000,0,rover_ap_3x3_n1_1fps_1sp_bb.json,ap
1687245744.549588000,1,rover_ap_3x3_n1_1fps_1sp_bb.json,ap
1687245744.549849000,2,rover_ap_3x3_n1_1fps_1sp_bb.json,ap
1687245744.550105000,3,rover_ap_3x3_n1_1fps_1sp_bb.json,ap
1687245744.550478000,4,rover_ap_3x3_n1_1fps_1sp_bb.json,ap
1687245744.550793000,5,rover_ap_3x3_n1_1fps_1sp_bb.json,ap
1687245744.551175000,6,rover_ap_3x3_n1_1fps_1sp_bb.json,ap
1687245744.551492000,7,rover_ap_3x3_n1_1fps_1sp_bb.json,ap
1687245744.552026000,8,rover_ap_3x3_n1_1fps_1sp_bb.json,ap
1687245744.552365000,9,rover_ap_3x3_n1_1fps_1sp_bb.json,ap
1687245745.572821000,0,rover_ap_3x3_n1_1fps_1sp_bb.json,ap
1687245745.573100000,1,rover_ap_3x3_n1_1fps_1sp_bb.json,ap
1687245745.573381000,2,rover_ap_3x3_n1_1fps_1sp_bb.json,ap
1687245745.573658000,3,rover_ap_3x3_n1_1fps_1sp_bb.json,ap
1687245745.574024000,4,rover_ap_3x3_n1_1fps_1sp_bb.json,ap
1687245745.574303000,5,rover_ap_3x3_n1_1fps_1sp_bb.json,ap
1687245745.574685000,6,rover_ap_3x3_n1_1fps_1sp_bb.json,ap
1687245745.575048000,7,rover_ap_3x3_n1_1fps_1sp_bb.json,ap
1687245745.575420000,8,rover_ap_3x3_n1_1fps_1sp_bb.json,ap
1687245745.575879000,9,rover_ap_3x3_n1_1fps_1sp_bb.json,ap
1687245745.576397000,10,rover_ap_3x3_n1_1fps_1sp_bb.json,ap
1687245746.597784000,0,rover_ap_3x3_n1_1fps_1sp_bb.json,ap
1687245746.598072000,1,rover_ap_3x3_n1_1fps_1sp_bb.json,ap
1687245746.598455000,2,rover_ap_3x3_n1_1fps_1sp_bb.json,ap
1687245746.598737000,3,rover_ap_3x3_n1_1fps_1sp_bb.json,ap
1687245746.599082000,4,rover_ap_3x3_n1_1fps_1sp_bb.json,ap
1687245746.599365000,5,rover_ap_3x3_n1_1fps_1sp_bb.json,ap
1687245746.599734000,6,rover_ap_3x3_n1_1fps_1sp_bb.json,ap
1687245746.600103000,7,rover_ap_3x3_n1_1fps_1sp_bb.json,ap
1687245746.600609000,8,rover_ap_3x3_n1_1fps_1sp_bb.json,ap
1687245747.621848000,0,rover_ap_3x3_n1_1fps_1sp_bb.json,ap
1687245747.622113000,1,rover_ap_3x3_n1_1fps_1sp_bb.json,ap
1687245747.622510000,2,rover_ap_3x3_n1_1fps_1sp_bb.json,ap
1687245747.622778000,3,rover_ap_3x3_n1_1fps_1sp_bb.json,ap
1687245747.623083000,4,rover_ap_3x3_n1_1fps_1sp_bb.json,ap
1687245747.623401000,5,rover_ap_3x3_n1_1fps_1sp_bb.json,ap
1687245747.623728000,6,rover_ap_3x3_n1_1fps_1sp_bb.json,ap
1687245747.624030000,7,rover_ap_3x3_n1_1fps_1sp_bb.json,ap
1687245747.624423000,8,rover_ap_3x3_n1_1fps_1sp_bb.json,ap
1687245748.652622000,0,rover_ap_3x3_n1_1fps_1sp_bb.json,ap
1687245748.652900000,1,rover_ap_3x3_n1_1fps_1sp_bb.json,ap
1687245748.653177000,2,rover_ap_3x3_n1_1fps_1sp_bb.json,ap
1687245748.653508000,3,rover_ap_3x3_n1_1fps_1sp_bb.json,ap
1687245748.653788000,4,rover_ap_3x3_n1_1fps_1sp_bb.json,ap
1687245748.654150000,5,rover_ap_3x3_n1_1fps_1sp_bb.json,ap
1687245748.654563000,6,rover_ap_3x3_n1_1fps_1sp_bb.json,ap
1687245748.654930000,7,rover_ap_3x3_n1_1fps_1sp_bb.json,ap
1687245748.655300000,8,rover_ap_3x3_n1_1fps_1sp_bb.json,ap
1687245749.676515000,0,rover_ap_3x3_n1_1fps_1sp_bb.json,ap
1687245749.676792000,1,rover_ap_3x3_n1_1fps_1sp_bb.json,ap
1687245749.677078000,2,rover_ap_3x3_n1_1fps_1sp_bb.json,ap
1687245749.677359000,3,rover_ap_3x3_n1_1fps_1sp_bb.json,ap
1687245749.677632000,4,rover_ap_3x3_n1_1fps_1sp_bb.json,ap
1687245749.677914000,5,rover_ap_3x3_n1_1fps_1sp_bb.json,ap
1687245749.678191000,6,rover_ap_3x3_n1_1fps_1sp_bb.json,ap
1687245749.678465000,7,rover_ap_3x3_n1_1fps_1sp_bb.json,ap
1687245749.678743000,8,rover_ap_3x3_n1_1fps_1sp_bb.json,ap
1687245750.703510000,0,rover_ap_3x3_n1_1fps_1sp_bb.json,ap
1687245750.703884000,1,rover_ap_3x3_n1_1fps_1sp_bb.json,ap
1687245750.704192000,2,rover_ap_3x3_n1_1fps_1sp_bb.json,ap
1687245750.704484000,3,rover_ap_3x3_n1_1fps_1sp_bb.json,ap
1687245750.704873000,4,rover_ap_3x3_n1_1fps_1sp_bb.json,ap
1687245750.705326000,5,rover_ap_3x3_n1_1fps_1sp_bb.json,ap
1687245750.705739000,6,rover_ap_3x3_n1_1fps_1sp_bb.json,ap
1687245751.730543000,0,rover_ap_3x3_n1_1fps_1sp_bb.json,ap
1687245751.730848000,1,rover_ap_3x3_n1_1fps_1sp_bb.json,ap
1687245751.731179000,2,rover_ap_3x3_n1_1fps_1sp_bb.json,ap
1687245751.731462000,3,rover_ap_3x3_n1_1fps_1sp_bb.json,ap
1687245751.731803000,4,rover_ap_3x3_n1_1fps_1sp_bb.json,ap
1687245751.732156000,5,rover_ap_3x3_n1_1fps_1sp_bb.json,ap
1687245751.732433000,6,rover_ap_3x3_n1_1fps_1sp_bb.json,ap
1687245751.732707000,7,rover_ap_3x3_n1_1fps_1sp_bb.json,ap
1687245751.733239000,8,rover_ap_3x3_n1_1fps_1sp_bb.json,ap
1687245751.733615000,9,rover_ap_3x3_n1_1fps_1sp_bb.json,ap
1687245751.733897000,10,rover_ap_3x3_n1_1fps_1sp_bb.json,ap
1687245751.734251000,11,rover_ap_3x3_n1_1fps_1sp_bb.json,ap
1687245751.734538000,12,rover_ap_3x3_n1_1fps_1sp_bb.json,ap
1687245751.734891000,13,rover_ap_3x3_n1_1fps_1sp_bb.json,ap
1687245751.735162000,14,rover_ap_3x3_n1_1fps_1sp_bb.json,ap
1687245751.735429000,15,rover_ap_3x3_n1_1fps_1sp_bb.json,ap
1687245751.736205000,16,rover_ap_3x3_n1_1fps_1sp_bb.json,ap
1687245751.736516000,17,rover_ap_3x3_n1_1fps_1sp_bb.json,ap
1687245751.736810000,18,rover_ap_3x3_n1_1fps_1sp_bb.json,ap
1687245752.758906000,0,rover_ap_3x3_n1_1fps_1sp_bb.json,ap
1687245752.759192000,1,rover_ap_3x3_n1_1fps_1sp_bb.json,ap
1687245752.759522000,2,rover_ap_3x3_n1_1fps_1sp_bb.json,ap
1687245752.759787000,3,rover_ap_3x3_n1_1fps_1sp_bb.json,ap
1687245752.760108000,4,rover_ap_3x3_n1_1fps_1sp_bb.json,ap
1687245752.760397000,5,rover_ap_3x3_n1_1fps_1sp_bb.json,ap
1687245752.760705000,6,rover_ap_3x3_n1_1fps_1sp_bb.json,ap
1687245753.782420000,0,rover_ap_3x3_n1_1fps_1sp_bb.json,ap
1687245753.782740000,1,rover_ap_3x3_n1_1fps_1sp_bb.json,ap
1687245753.783019000,2,rover_ap_3x3_n1_1fps_1sp_bb.json,ap
1687245753.783299000,3,rover_ap_3x3_n1_1fps_1sp_bb.json,ap
1687245753.783647000,4,rover_ap_3x3_n1_1fps_1sp_bb.json,ap
1687245753.784012000,5,rover_ap_3x3_n1_1fps_1sp_bb.json,ap
1687245753.784331000,6,rover_ap_3x3_n1_1fps_1sp_bb.json,ap
1687245753.784649000,7,rover_ap_3x3_n1_1fps_1sp_bb.json,ap
1687245753.785144000,8,rover_ap_3x3_n1_1fps_1sp_bb.json,ap
1687245753.785562000,9,rover_ap_3x3_n1_1fps_1sp_bb.json,ap
1687245754.804669000,0,rover_ap_3x3_n1_1fps_1sp_bb.json,ap
1687245754.804936000,1,rover_ap_3x3_n1_1fps_1sp_bb.json,ap
1687245754.805197000,2,rover_ap_3x3_n1_1fps_1sp_bb.json,ap
1687245754.805517000,3,rover_ap_3x3_n1_1fps_1sp_bb.json,ap
1687245754.806015000,4,rover_ap_3x3_n1_1fps_1sp_bb.json,ap
1687245754.806291000,5,rover_ap_3x3_n1_1fps_1sp_bb.json,ap
1687245754.806555000,6,rover_ap_3x3_n1_1fps_1sp_bb.json,ap
1687245754.806960000,7,rover_ap_3x3_n1_1fps_1sp_bb.json,ap
1687245754.807473000,8,rover_ap_3x3_n1_1fps_1sp_bb.json,ap
1687245754.807916000,9,rover_ap_3x3_n1_1fps_1sp_bb.json,ap
1687245755.831607000,0,rover_ap_3x3_n1_1fps_1sp_bb.json,ap
1687245755.831872000,1,rover_ap_3x3_n1_1fps_1sp_bb.json,ap
1687245755.832145000,2,rover_ap_3x3_n1_1fps_1sp_bb.json,ap
1687245755.832433000,3,rover_ap_3x3_n1_1fps_1sp_bb.json,ap
1687245755.832706000,4,rover_ap_3x3_n1_1fps_1sp_bb.json,ap
1687245755.832982000,5,rover_ap_3x3_n1_1fps_1sp_bb.json,ap
1687245755.833275000,6,rover_ap_3x3_n1_1fps_1sp_bb.json,ap
1687245755.833543000,7,rover_ap_3x3_n1_1fps_1sp_bb.json,ap
1687245755.833968000,8,rover_ap_3x3_n1_1fps_1sp_bb.json,ap
1687245755.834244000,9,rover_ap_3x3_n1_1fps_1sp_bb.json,ap
1687245756.852842000,0,rover_ap_3x3_n1_1fps_1sp_bb.json,ap
1687245756.853111000,1,rover_ap_3x3_n1_1fps_1sp_bb.json,ap
1687245756.853372000,2,rover_ap_3x3_n1_1fps_1sp_bb.json,ap
1687245756.853630000,3,rover_ap_3x3_n1_1fps_1sp_bb.json,ap
1687245756.853890000,4,rover_ap_3x3_n1_1fps_1sp_bb.json,ap
1687245756.854214000,5,rover_ap_3x3_n1_1fps_1sp_bb.json,ap
1687245756.854568000,6,rover_ap_3x3_n1_1fps_1sp_bb.json,ap
1687245756.854875000,7,rover_ap_3x3_n1_1fps_1sp_bb.json,ap
1687245756.855319000,8,rover_ap_3x3_n1_1fps_1sp_bb.json,ap
1687245756.855714000,9,rover_ap_3x3_n1_1fps_1sp_bb.json,ap
1687245757.877257000,0,rover_ap_3x3_n1_1fps_1sp_bb.json,ap
1687245757.877544000,1,rover_ap_3x3_n1_1fps_1sp_bb.json,ap
1687245757.877826000,2,rover_ap_3x3_n1_1fps_1sp_bb.json,ap
1687245757.878093000,3,rover_ap_3x3_n1_1fps_1sp_bb.json,ap
1687245757.879025000,4,rover_ap_3x3_n1_1fps_1sp_bb.json,ap
1687245757.879305000,5,rover_ap_3x3_n1_1fps_1sp_bb.json,ap
1687245757.879582000,6,rover_ap_3x3_n1_1fps_1sp_bb.json,ap
1687245757.879852000,7,rover_ap_3x3_n1_1fps_1sp_bb.json,ap
1687245757.880121000,8,rover_ap_3x3_n1_1fps_1sp_bb.json,ap
1687245757.880397000,9,rover_ap_3x3_n1_1fps_1sp_bb.json,ap
1687245757.880668000,10,rover_ap_3x3_n1_1fps_1sp_bb.json,ap
1687245758.903930000,0,rover_ap_3x3_n1_1fps_1sp_bb.json,ap
1687245758.904192000,1,rover_ap_3x3_n1_1fps_1sp_bb.json,ap
1687245758.904470000,2,rover_ap_3x3_n1_1fps_1sp_bb.json,ap
1687245758.904801000,3,rover_ap_3x3_n1_1fps_1sp_bb.json,ap
1687245758.905084000,4,rover_ap_3x3_n1_1fps_1sp_bb.json,ap
1687245758.905554000,5,rover_ap_3x3_n1_1fps_1sp_bb.json,ap
1687245758.905943000,6,rover_ap_3x3_n1_1fps_1sp_bb.json,ap
1687245759.925647000,0,rover_ap_3x3_n1_1fps_1sp_bb.json,ap
1687245759.926069000,1,rover_ap_3x3_n1_1fps_1sp_bb.json,ap
1687245759.926344000,2,rover_ap_3x3_n1_1fps_1sp_bb.json,ap
1687245759.926630000,3,rover_ap_3x3_n1_1fps_1sp_bb.json,ap
1687245759.927061000,4,rover_ap_3x3_n1_1fps_1sp_bb.json,ap
1687245759.927337000,5,rover_ap_3x3_n1_1fps_1sp_bb.json,ap
1687245759.927655000,6,rover_ap_3x3_n1_1fps_1sp_bb.json,ap
1687245760.952863000,0,rover_ap_3x3_n1_1fps_1sp_bb.json,ap
1687245760.953152000,1,rover_ap_3x3_n1_1fps_1sp_bb.json,ap
1687245760.953576000,2,rover_ap_3x3_n1_1fps_1sp_bb.json,ap
1687245760.953864000,3,rover_ap_3x3_n1_1fps_1sp_bb.json,ap
1687245760.954138000,4,rover_ap_3x3_n1_1fps_1sp_bb.json,ap
1687245760.954412000,5,rover_ap_3x3_n1_1fps_1sp_bb.json,ap
1687245760.954684000,6,rover_ap_3x3_n1_1fps_1sp_bb.json,ap
1687245760.955020000,7,rover_ap_3x3_n1_1fps_1sp_bb.json,ap
1687245760.956086000,8,rover_ap_3x3_n1_1fps_1sp_bb.json,ap
1687245760.956392000,9,rover_ap_3x3_n1_1fps_1sp_bb.json,ap
1687245760.956671000,10,rover_ap_3x3_n1_1fps_1sp_bb.json,ap
1687245760.956944000,11,rover_ap_3x3_n1_1fps_1sp_bb.json,ap
1687245760.957232000,12,rover_ap_3x3_n1_1fps_1sp_bb.json,ap
1687245760.957509000,13,rover_ap_3x3_n1_1fps_1sp_bb.json,ap
1687245760.957791000,14,rover_ap_3x3_n1_1fps_1sp_bb.json,ap
1687245760.958071000,15,rover_ap_3x3_n1_1fps_1sp_bb.json,ap
1687245761.981554000,0,rover_ap_3x3_n1_1fps_1sp_bb.json,ap
1687245761.981822000,1,rover_ap_3x3_n1_1fps_1sp_bb.json,ap
1687245761.982087000,2,rover_ap_3x3_n1_1fps_1sp_bb.json,ap
1687245761.982338000,3,rover_ap_3x3_n1_1fps_1sp_bb.json,ap
1687245761.982602000,4,rover_ap_3x3_n1_1fps_1sp_bb.json,ap
1687245761.982923000,5,rover_ap_3x3_n1_1fps_1sp_bb.json,ap
1687245761.983184000,6,rover_ap_3x3_n1_1fps_1sp_bb.json,ap
1687245761.984002000,7,rover_ap_3x3_n1_1fps_1sp_bb.json,ap
1687245761.985064000,8,rover_ap_3x3_n1_1fps_1sp_bb.json,ap
1687245761.985444000,9,rover_ap_3x3_n1_1fps_1sp_bb.json,ap
1687245763.008435000,0,rover_ap_3x3_n1_1fps_1sp_bb.json,ap
1687245763.008774000,1,rover_ap_3x3_n1_1fps_1sp_bb.json,ap
1687245763.009049000,2,rover_ap_3x3_n1_1fps_1sp_bb.json,ap
1687245763.009375000,3,rover_ap_3x3_n1_1fps_1sp_bb.json,ap
1687245763.009739000,4,rover_ap_3x3_n1_1fps_1sp_bb.json,ap
1687245763.010013000,5,rover_ap_3x3_n1_1fps_1sp_bb.json,ap
1687245763.010596000,6,rover_ap_3x3_n1_1fps_1sp_bb.json,ap
1687245764.029558000,0,rover_ap_3x3_n1_1fps_1sp_bb.json,ap
1687245764.029957000,1,rover_ap_3x3_n1_1fps_1sp_bb.json,ap
1687245764.030308000,2,rover_ap_3x3_n1_1fps_1sp_bb.json,ap
1687245764.030646000,3,rover_ap_3x3_n1_1fps_1sp_bb.json,ap
1687245764.030959000,4,rover_ap_3x3_n1_1fps_1sp_bb.json,ap
1687245764.031234000,5,rover_ap_3x3_n1_1fps_1sp_bb.json,ap
1687245764.031584000,6,rover_ap_3x3_n1_1fps_1sp_bb.json,ap
1687245764.031862000,7,rover_ap_3x3_n1_1fps_1sp_bb.json,ap
1687245764.033047000,8,rover_ap_3x3_n1_1fps_1sp_bb.json,ap
1687245764.033512000,9,rover_ap_3x3_n1_1fps_1sp_bb.json,ap
1687245765.055026000,0,rover_ap_3x3_n1_1fps_1sp_bb.json,ap
1687245765.055300000,1,rover_ap_3x3_n1_1fps_1sp_bb.json,ap
1687245765.055579000,2,rover_ap_3x3_n1_1fps_1sp_bb.json,ap
1687245765.055998000,3,rover_ap_3x3_n1_1fps_1sp_bb.json,ap
1687245765.058517000,4,rover_ap_3x3_n1_1fps_1sp_bb.json,ap
1687245765.058785000,5,rover_ap_3x3_n1_1fps_1sp_bb.json,ap
1687245766.078227000,0,rover_ap_3x3_n1_1fps_1sp_bb.json,ap
1687245766.078528000,1,rover_ap_3x3_n1_1fps_1sp_bb.json,ap
1687245766.078831000,2,rover_ap_3x3_n1_1fps_1sp_bb.json,ap
1687245766.079128000,3,rover_ap_3x3_n1_1fps_1sp_bb.json,ap
1687245766.079444000,4,rover_ap_3x3_n1_1fps_1sp_bb.json,ap
1687245766.079755000,5,rover_ap_3x3_n1_1fps_1sp_bb.json,ap
1687245766.080063000,6,rover_ap_3x3_n1_1fps_1sp_bb.json,ap
1687245766.080391000,7,rover_ap_3x3_n1_1fps_1sp_bb.json,ap
1687245766.080686000,8,rover_ap_3x3_n1_1fps_1sp_bb.json,ap
1687245766.081012000,9,rover_ap_3x3_n1_1fps_1sp_bb.json,ap
1687245767.102304000,0,rover_ap_3x3_n1_1fps_1sp_bb.json,ap
1687245767.102596000,1,rover_ap_3x3_n1_1fps_1sp_bb.json,ap
1687245767.102888000,2,rover_ap_3x3_n1_1fps_1sp_bb.json,ap
1687245767.103162000,3,rover_ap_3x3_n1_1fps_1sp_bb.json,ap
1687245767.103434000,4,rover_ap_3x3_n1_1fps_1sp_bb.json,ap
1687245767.103719000,5,rover_ap_3x3_n1_1fps_1sp_bb.json,ap
1687245767.103986000,6,rover_ap_3x3_n1_1fps_1sp_bb.json,ap
1687245767.104388000,7,rover_ap_3x3_n1_1fps_1sp_bb.json,ap
1687245767.104681000,8,rover_ap_3x3_n1_1fps_1sp_bb.json,ap
1687245767.104970000,9,rover_ap_3x3_n1_1fps_1sp_bb.json,ap
1687245767.105261000,10,rover_ap_3x3_n1_1fps_1sp_bb.json,ap
1687245768.128425000,0,rover_ap_3x3_n1_1fps_1sp_bb.json,ap
1687245768.128795000,1,rover_ap_3x3_n1_1fps_1sp_bb.json,ap
1687245768.129063000,2,rover_ap_3x3_n1_1fps_1sp_bb.json,ap
1687245768.129327000,3,rover_ap_3x3_n1_1fps_1sp_bb.json,ap
1687245768.129588000,4,rover_ap_3x3_n1_1fps_1sp_bb.json,ap
1687245768.129908000,5,rover_ap_3x3_n1_1fps_1sp_bb.json,ap
1687245768.130171000,6,rover_ap_3x3_n1_1fps_1sp_bb.json,ap
1687245768.130968000,7,rover_ap_3x3_n1_1fps_1sp_bb.json,ap
1687245768.131295000,8,rover_ap_3x3_n1_1fps_1sp_bb.json,ap
1687245768.131569000,9,rover_ap_3x3_n1_1fps_1sp_bb.json,ap
1687245768.131990000,10,rover_ap_3x3_n1_1fps_1sp_bb.json,ap
1687245768.132272000,11,rover_ap_3x3_n1_1fps_1sp_bb.json,ap
1687245768.132782000,12,rover_ap_3x3_n1_1fps_1sp_bb.json,ap
1687245769.153471000,0,rover_ap_3x3_n1_1fps_1sp_bb.json,ap
1687245769.153783000,1,rover_ap_3x3_n1_1fps_1sp_bb.json,ap
1687245769.154095000,2,rover_ap_3x3_n1_1fps_1sp_bb.json,ap
1687245769.154392000,3,rover_ap_3x3_n1_1fps_1sp_bb.json,ap
1687245769.154698000,4,rover_ap_3x3_n1_1fps_1sp_bb.json,ap
1687245769.155015000,5,rover_ap_3x3_n1_1fps_1sp_bb.json,ap
1687245769.155340000,6,rover_ap_3x3_n1_1fps_1sp_bb.json,ap
1687245769.155677000,7,rover_ap_3x3_n1_1fps_1sp_bb.json,ap
1687245769.156086000,8,rover_ap_3x3_n1_1fps_1sp_bb.json,ap
1687245769.159034000,9,rover_ap_3x3_n1_1fps_1sp_bb.json,ap
1687245769.159357000,10,rover_ap_3x3_n1_1fps_1sp_bb.json,ap
1687245769.159652000,11,rover_ap_3x3_n1_1fps_1sp_bb.json,ap
1687245769.159951000,12,rover_ap_3x3_n1_1fps_1sp_bb.json,ap
1687245769.160235000,13,rover_ap_3x3_n1_1fps_1sp_bb.json,ap
1687245769.160560000,14,rover_ap_3x3_n1_1fps_1sp_bb.json,ap
1687245769.160909000,15,rover_ap_3x3_n1_1fps_1sp_bb.json,ap
1687245769.161224000,16,rover_ap_3x3_n1_1fps_1sp_bb.json,ap
1687245769.161535000,17,rover_ap_3x3_n1_1fps_1sp_bb.json,ap
1687245769.161843000,18,rover_ap_3x3_n1_1fps_1sp_bb.json,ap
1687245769.162143000,19,rover_ap_3x3_n1_1fps_1sp_bb.json,ap
1687245769.162448000,20,rover_ap_3x3_n1_1fps_1sp_bb.json,ap
1687245769.162773000,21,rover_ap_3x3_n1_1fps_1sp_bb.json,ap
1687245769.163104000,22,rover_ap_3x3_n1_1fps_1sp_bb.json,ap
1687245769.163439000,23,rover_ap_3x3_n1_1fps_1sp_bb.json,ap
1687245769.163755000,24,rover_ap_3x3_n1_1fps_1sp_bb.json,ap
1687245769.164059000,25,rover_ap_3x3_n1_1fps_1sp_bb.json,ap
1687245769.164352000,26,rover_ap_3x3_n1_1fps_1sp_bb.json,ap
1687245769.164659000,27,rover_ap_3x3_n1_1fps_1sp_bb.json,ap
1687245769.164958000,28,rover_ap_3x3_n1_1fps_1sp_bb.json,ap
1687245769.165273000,29,rover_ap_3x3_n1_1fps_1sp_bb.json,ap
1687245769.169727000,30,rover_ap_3x3_n1_1fps_1sp_bb.json,ap
1687245769.170037000,31,rover_ap_3x3_n1_1fps_1sp_bb.json,ap
1687245769.170520000,32,rover_ap_3x3_n1_1fps_1sp_bb.json,ap
1687245769.170783000,33,rover_ap_3x3_n1_1fps_1sp_bb.json,ap
1687245769.171046000,34,rover_ap_3x3_n1_1fps_1sp_bb.json,ap
1687245769.171309000,35,rover_ap_3x3_n1_1fps_1sp_bb.json,ap
1687245769.171574000,36,rover_ap_3x3_n1_1fps_1sp_bb.json,ap
1687245769.171852000,37,rover_ap_3x3_n1_1fps_1sp_bb.json,ap
1687245769.172154000,38,rover_ap_3x3_n1_1fps_1sp_bb.json,ap
1687245769.172433000,39,rover_ap_3x3_n1_1fps_1sp_bb.json,ap
1687245769.172708000,40,rover_ap_3x3_n1_1fps_1sp_bb.json,ap
1687245770.191570000,0,rover_ap_3x3_n1_1fps_1sp_bb.json,ap
1687245770.191836000,1,rover_ap_3x3_n1_1fps_1sp_bb.json,ap
1687245770.192100000,2,rover_ap_3x3_n1_1fps_1sp_bb.json,ap
1687245770.192352000,3,rover_ap_3x3_n1_1fps_1sp_bb.json,ap
1687245770.192612000,4,rover_ap_3x3_n1_1fps_1sp_bb.json,ap
1687245770.192886000,5,rover_ap_3x3_n1_1fps_1sp_bb.json,ap
1687245770.193168000,6,rover_ap_3x3_n1_1fps_1sp_bb.json,ap
1687245770.193585000,7,rover_ap_3x3_n1_1fps_1sp_bb.json,ap
1687245770.193866000,8,rover_ap_3x3_n1_1fps_1sp_bb.json,ap
1687245770.194132000,9,rover_ap_3x3_n1_1fps_1sp_bb.json,ap
1687245770.194409000,10,rover_ap_3x3_n1_1fps_1sp_bb.json,ap
1687245770.194775000,11,rover_ap_3x3_n1_1fps_1sp_bb.json,ap
1687245770.195050000,12,rover_ap_3x3_n1_1fps_1sp_bb.json,ap
1687245770.195326000,13,rover_ap_3x3_n1_1fps_1sp_bb.json,ap
1687245771.216135000,0,rover_ap_3x3_n1_1fps_1sp_bb.json,ap
1687245771.216423000,1,rover_ap_3x3_n1_1fps_1sp_bb.json,ap
1687245771.216706000,2,rover_ap_3x3_n1_1fps_1sp_bb.json,ap
1687245771.216984000,3,rover_ap_3x3_n1_1fps_1sp_bb.json,ap
1687245771.217257000,4,rover_ap_3x3_n1_1fps_1sp_bb.json,ap
1687245771.217522000,5,rover_ap_3x3_n1_1fps_1sp_bb.json,ap
1687245771.217790000,6,rover_ap_3x3_n1_1fps_1sp_bb.json,ap
1687245771.218355000,7,rover_ap_3x3_n1_1fps_1sp_bb.json,ap
1687245771.218642000,8,rover_ap_3x3_n1_1fps_1sp_bb.json,ap
1687245771.218908000,9,rover_ap_3x3_n1_1fps_1sp_bb.json,ap
1687245771.219167000,10,rover_ap_3x3_n1_1fps_1sp_bb.json,ap
1687245771.219433000,11,rover_ap_3x3_n1_1fps_1sp_bb.json,ap
1687245772.241414000,0,rover_ap_3x3_n1_1fps_1sp_bb.json,ap
1687245772.241687000,1,rover_ap_3x3_n1_1fps_1sp_bb.json,ap
1687245772.241948000,2,rover_ap_3x3_n1_1fps_1sp_bb.json,ap
1687245772.242200000,3,rover_ap_3x3_n1_1fps_1sp_bb.json,ap
1687245772.242523000,4,rover_ap_3x3_n1_1fps_1sp_bb.json,ap
1687245772.242918000,5,rover_ap_3x3_n1_1fps_1sp_bb.json,ap
1687245772.243240000,6,rover_ap_3x3_n1_1fps_1sp_bb.json,ap
1687245772.243580000,7,rover_ap_3x3_n1_1fps_1sp_bb.json,ap
1687245773.264858000,0,rover_ap_3x3_n1_1fps_1sp_bb.json,ap
1687245773.265142000,1,rover_ap_3x3_n1_1fps_1sp_bb.json,ap
1687245773.265420000,2,rover_ap_3x3_n1_1fps_1sp_bb.json,ap
1687245773.265681000,3,rover_ap_3x3_n1_1fps_1sp_bb.json,ap
1687245773.266111000,4,rover_ap_3x3_n1_1fps_1sp_bb.json,ap
1687245773.266383000,5,rover_ap_3x3_n1_1fps_1sp_bb.json,ap
1687245773.266649000,6,rover_ap_3x3_n1_1fps_1sp_bb.json,ap
1687245773.266911000,7,rover_ap_3x3_n1_1fps_1sp_bb.json,ap
1687245774.289724000,0,rover_ap_3x3_n1_1fps_1sp_bb.json,ap
1687245774.290058000,1,rover_ap_3x3_n1_1fps_1sp_bb.json,ap
1687245774.290333000,2,rover_ap_3x3_n1_1fps_1sp_bb.json,ap
1687245774.290656000,3,rover_ap_3x3_n1_1fps_1sp_bb.json,ap
1687245774.290972000,4,rover_ap_3x3_n1_1fps_1sp_bb.json,ap
1687245774.291333000,5,rover_ap_3x3_n1_1fps_1sp_bb.json,ap
1687245774.291700000,6,rover_ap_3x3_n1_1fps_1sp_bb.json,ap
1687245774.292084000,7,rover_ap_3x3_n1_1fps_1sp_bb.json,ap
1687245774.292375000,8,rover_ap_3x3_n1_1fps_1sp_bb.json,ap
1687245774.292741000,9,rover_ap_3x3_n1_1fps_1sp_bb.json,ap
1687245774.293111000,10,rover_ap_3x3_n1_1fps_1sp_bb.json,ap
1687245775.313579000,0,rover_ap_3x3_n1_1fps_1sp_bb.json,ap
1687245775.313854000,1,rover_ap_3x3_n1_1fps_1sp_bb.json,ap
1687245775.314132000,2,rover_ap_3x3_n1_1fps_1sp_bb.json,ap
1687245775.314390000,3,rover_ap_3x3_n1_1fps_1sp_bb.json,ap
1687245775.314729000,4,rover_ap_3x3_n1_1fps_1sp_bb.json,ap
1687245775.315052000,5,rover_ap_3x3_n1_1fps_1sp_bb.json,ap
1687245775.315390000,6,rover_ap_3x3_n1_1fps_1sp_bb.json,ap
1687245775.315705000,7,rover_ap_3x3_n1_1fps_1sp_bb.json,ap
1687245775.316286000,8,rover_ap_3x3_n1_1fps_1sp_bb.json,ap
1687245776.334960000,0,rover_ap_3x3_n1_1fps_1sp_bb.json,ap
1687245776.335240000,1,rover_ap_3x3_n1_1fps_1sp_bb.json,ap
1687245776.335552000,2,rover_ap_3x3_n1_1fps_1sp_bb.json,ap
1687245776.335987000,3,rover_ap_3x3_n1_1fps_1sp_bb.json,ap
1687245776.336336000,4,rover_ap_3x3_n1_1fps_1sp_bb.json,ap
1687245776.336631000,5,rover_ap_3x3_n1_1fps_1sp_bb.json,ap
1687245776.336997000,6,rover_ap_3x3_n1_1fps_1sp_bb.json,ap
1687245776.337444000,7,rover_ap_3x3_n1_1fps_1sp_bb.json,ap
1687245777.356359000,0,rover_ap_3x3_n1_1fps_1sp_bb.json,ap
1687245777.356632000,1,rover_ap_3x3_n1_1fps_1sp_bb.json,ap
1687245777.357269000,2,rover_ap_3x3_n1_1fps_1sp_bb.json,ap
1687245777.357568000,3,rover_ap_3x3_n1_1fps_1sp_bb.json,ap
1687245777.357910000,4,rover_ap_3x3_n1_1fps_1sp_bb.json,ap
1687245777.358204000,5,rover_ap_3x3_n1_1fps_1sp_bb.json,ap
1687245777.358479000,6,rover_ap_3x3_n1_1fps_1sp_bb.json,ap
1687245777.359538000,7,rover_ap_3x3_n1_1fps_1sp_bb.json,ap
1687245778.383090000,0,rover_ap_3x3_n1_1fps_1sp_bb.json,ap
1687245778.383411000,1,rover_ap_3x3_n1_1fps_1sp_bb.json,ap
1687245778.383718000,2,rover_ap_3x3_n1_1fps_1sp_bb.json,ap
1687245778.384028000,3,rover_ap_3x3_n1_1fps_1sp_bb.json,ap
1687245778.384330000,4,rover_ap_3x3_n1_1fps_1sp_bb.json,ap
1687245778.384636000,5,rover_ap_3x3_n1_1fps_1sp_bb.json,ap
1687245778.384936000,6,rover_ap_3x3_n1_1fps_1sp_bb.json,ap
1687245778.385265000,7,rover_ap_3x3_n1_1fps_1sp_bb.json,ap
1687245778.385561000,8,rover_ap_3x3_n1_1fps_1sp_bb.json,ap
1687245778.385954000,9,rover_ap_3x3_n1_1fps_1sp_bb.json,ap
1687245779.406831000,0,rover_ap_3x3_n1_1fps_1sp_bb.json,ap
1687245779.407123000,1,rover_ap_3x3_n1_1fps_1sp_bb.json,ap
1687245779.407409000,2,rover_ap_3x3_n1_1fps_1sp_bb.json,ap
1687245779.407683000,3,rover_ap_3x3_n1_1fps_1sp_bb.json,ap
1687245779.407957000,4,rover_ap_3x3_n1_1fps_1sp_bb.json,ap
1687245779.408247000,5,rover_ap_3x3_n1_1fps_1sp_bb.json,ap
1687245779.408518000,6,rover_ap_3x3_n1_1fps_1sp_bb.json,ap
1687245779.408788000,7,rover_ap_3x3_n1_1fps_1sp_bb.json,ap
1687245779.409213000,8,rover_ap_3x3_n1_1fps_1sp_bb.json,ap
1687245780.429501000,0,rover_ap_3x3_n1_1fps_1sp_bb.json,ap
1687245780.429775000,1,rover_ap_3x3_n1_1fps_1sp_bb.json,ap
1687245780.430030000,2,rover_ap_3x3_n1_1fps_1sp_bb.json,ap
1687245780.430302000,3,rover_ap_3x3_n1_1fps_1sp_bb.json,ap
1687245780.430565000,4,rover_ap_3x3_n1_1fps_1sp_bb.json,ap
1687245780.430830000,5,rover_ap_3x3_n1_1fps_1sp_bb.json,ap
1687245780.431103000,6,rover_ap_3x3_n1_1fps_1sp_bb.json,ap
1687245780.431510000,7,rover_ap_3x3_n1_1fps_1sp_bb.json,ap
1687245780.431790000,8,rover_ap_3x3_n1_1fps_1sp_bb.json,ap
1687245780.432075000,9,rover_ap_3x3_n1_1fps_1sp_bb.json,ap
1687245780.432348000,10,rover_ap_3x3_n1_1fps_1sp_bb.json,ap
1687245780.432628000,11,rover_ap_3x3_n1_1fps_1sp_bb.json,ap
1687245780.432910000,12,rover_ap_3x3_n1_1fps_1sp_bb.json,ap
1687245780.433173000,13,rover_ap_3x3_n1_1fps_1sp_bb.json,ap
1687245780.433443000,14,rover_ap_3x3_n1_1fps_1sp_bb.json,ap
1687245780.433711000,15,rover_ap_3x3_n1_1fps_1sp_bb.json,ap
1687245781.453025000,0,rover_ap_3x3_n1_1fps_1sp_bb.json,ap
1687245781.453304000,1,rover_ap_3x3_n1_1fps_1sp_bb.json,ap
1687245781.453564000,2,rover_ap_3x3_n1_1fps_1sp_bb.json,ap
1687245781.453831000,3,rover_ap_3x3_n1_1fps_1sp_bb.json,ap
1687245781.454080000,4,rover_ap_3x3_n1_1fps_1sp_bb.json,ap
1687245781.454344000,5,rover_ap_3x3_n1_1fps_1sp_bb.json,ap
1687245781.454611000,6,rover_ap_3x3_n1_1fps_1sp_bb.json,ap
1687245781.454913000,7,rover_ap_3x3_n1_1fps_1sp_bb.json,ap
1687245781.455355000,8,rover_ap_3x3_n1_1fps_1sp_bb.json,ap
1687245781.455631000,9,rover_ap_3x3_n1_1fps_1sp_bb.json,ap
1687245782.474557000,0,rover_ap_3x3_n1_1fps_1sp_bb.json,ap
1687245782.474830000,1,rover_ap_3x3_n1_1fps_1sp_bb.json,ap
1687245782.475095000,2,rover_ap_3x3_n1_1fps_1sp_bb.json,ap
1687245782.475356000,3,rover_ap_3x3_n1_1fps_1sp_bb.json,ap
1687245782.475633000,4,rover_ap_3x3_n1_1fps_1sp_bb.json,ap
1687245782.475982000,5,rover_ap_3x3_n1_1fps_1sp_bb.json,ap
1687245782.476261000,6,rover_ap_3x3_n1_1fps_1sp_bb.json,ap
1687245782.476674000,7,rover_ap_3x3_n1_1fps_1sp_bb.json,ap
1687245782.476960000,8,rover_ap_3x3_n1_1fps_1sp_bb.json,ap
1687245782.477231000,9,rover_ap_3x3_n1_1fps_1sp_bb.json,ap
1687245782.477547000,10,rover_ap_3x3_n1_1fps_1sp_bb.json,ap
1687245783.498717000,0,rover_ap_3x3_n1_1fps_1sp_bb.json,ap
1687245783.498993000,1,rover_ap_3x3_n1_1fps_1sp_bb.json,ap
1687245783.499259000,2,rover_ap_3x3_n1_1fps_1sp_bb.json,ap
1687245783.499525000,3,rover_ap_3x3_n1_1fps_1sp_bb.json,ap
1687245783.500119000,4,rover_ap_3x3_n1_1fps_1sp_bb.json,ap
1687245783.500400000,5,rover_ap_3x3_n1_1fps_1sp_bb.json,ap
1687245783.500678000,6,rover_ap_3x3_n1_1fps_1sp_bb.json,ap
1687245783.500952000,7,rover_ap_3x3_n1_1fps_1sp_bb.json,ap
1687245783.501249000,8,rover_ap_3x3_n1_1fps_1sp_bb.json,ap
1687245783.501523000,9,rover_ap_3x3_n1_1fps_1sp_bb.json,ap
1687245783.501804000,10,rover_ap_3x3_n1_1fps_1sp_bb.json,ap
1687245783.502647000,11,rover_ap_3x3_n1_1fps_1sp_bb.json,ap
1687245784.526277000,0,rover_ap_3x3_n1_1fps_1sp_bb.json,ap
1687245784.526542000,1,rover_ap_3x3_n1_1fps_1sp_bb.json,ap
1687245784.526807000,2,rover_ap_3x3_n1_1fps_1sp_bb.json,ap
1687245784.527064000,3,rover_ap_3x3_n1_1fps_1sp_bb.json,ap
1687245784.527318000,4,rover_ap_3x3_n1_1fps_1sp_bb.json,ap
1687245784.527570000,5,rover_ap_3x3_n1_1fps_1sp_bb.json,ap
1687245784.527835000,6,rover_ap_3x3_n1_1fps_1sp_bb.json,ap
1687245784.528103000,7,rover_ap_3x3_n1_1fps_1sp_bb.json,ap
1687245784.528517000,8,rover_ap_3x3_n1_1fps_1sp_bb.json,ap
1687245784.529070000,9,rover_ap_3x3_n1_1fps_1sp_bb.json,ap
1687245784.530248000,10,rover_ap_3x3_n1_1fps_1sp_bb.json,ap
1687245785.548844000,0,rover_ap_3x3_n1_1fps_1sp_bb.json,ap
1687245785.549703000,1,rover_ap_3x3_n1_1fps_1sp_bb.json,ap
1687245785.549993000,2,rover_ap_3x3_n1_1fps_1sp_bb.json,ap
1687245785.550272000,3,rover_ap_3x3_n1_1fps_1sp_bb.json,ap
1687245785.550562000,4,rover_ap_3x3_n1_1fps_1sp_bb.json,ap
1687245785.550832000,5,rover_ap_3x3_n1_1fps_1sp_bb.json,ap
1687245786.573025000,0,rover_ap_3x3_n1_1fps_1sp_bb.json,ap
1687245786.573321000,1,rover_ap_3x3_n1_1fps_1sp_bb.json,ap
1687245786.573597000,2,rover_ap_3x3_n1_1fps_1sp_bb.json,ap
1687245786.573873000,3,rover_ap_3x3_n1_1fps_1sp_bb.json,ap
1687245786.574151000,4,rover_ap_3x3_n1_1fps_1sp_bb.json,ap
1687245786.574426000,5,rover_ap_3x3_n1_1fps_1sp_bb.json,ap
1687245786.574694000,6,rover_ap_3x3_n1_1fps_1sp_bb.json,ap
1687245786.574970000,7,rover_ap_3x3_n1_1fps_1sp_bb.json,ap
1687245786.575250000,8,rover_ap_3x3_n1_1fps_1sp_bb.json,ap
1687245786.575535000,9,rover_ap_3x3_n1_1fps_1sp_bb.json,ap
1687245786.576093000,10,rover_ap_3x3_n1_1fps_1sp_bb.json,ap
1687245787.595400000,0,rover_ap_3x3_n1_1fps_1sp_bb.json,ap
1687245787.595791000,1,rover_ap_3x3_n1_1fps_1sp_bb.json,ap
1687245787.596119000,2,rover_ap_3x3_n1_1fps_1sp_bb.json,ap
1687245787.596394000,3,rover_ap_3x3_n1_1fps_1sp_bb.json,ap
1687245787.596723000,4,rover_ap_3x3_n1_1fps_1sp_bb.json,ap
1687245787.597057000,5,rover_ap_3x3_n1_1fps_1sp_bb.json,ap
1687245787.597329000,6,rover_ap_3x3_n1_1fps_1sp_bb.json,ap
1687245787.597677000,7,rover_ap_3x3_n1_1fps_1sp_bb.json,ap
1687245787.598241000,8,rover_ap_3x3_n1_1fps_1sp_bb.json,ap
1687245788.615205000,0,rover_ap_3x3_n1_1fps_1sp_bb.json,ap
1687245788.615716000,1,rover_ap_3x3_n1_1fps_1sp_bb.json,ap
1687245788.616116000,2,rover_ap_3x3_n1_1fps_1sp_bb.json,ap
1687245788.616410000,3,rover_ap_3x3_n1_1fps_1sp_bb.json,ap
1687245788.616770000,4,rover_ap_3x3_n1_1fps_1sp_bb.json,ap
1687245788.617063000,5,rover_ap_3x3_n1_1fps_1sp_bb.json,ap
1687245788.617448000,6,rover_ap_3x3_n1_1fps_1sp_bb.json,ap
1687245788.617744000,7,rover_ap_3x3_n1_1fps_1sp_bb.json,ap
1687245788.618117000,8,rover_ap_3x3_n1_1fps_1sp_bb.json,ap
1687245788.618427000,9,rover_ap_3x3_n1_1fps_1sp_bb.json,ap
1687245789.642029000,0,rover_ap_3x3_n1_1fps_1sp_bb.json,ap
1687245789.642297000,1,rover_ap_3x3_n1_1fps_1sp_bb.json,ap
1687245789.642600000,2,rover_ap_3x3_n1_1fps_1sp_bb.json,ap
1687245789.642868000,3,rover_ap_3x3_n1_1fps_1sp_bb.json,ap
1687245789.643191000,4,rover_ap_3x3_n1_1fps_1sp_bb.json,ap
1687245789.643460000,5,rover_ap_3x3_n1_1fps_1sp_bb.json,ap
1687245789.643827000,6,rover_ap_3x3_n1_1fps_1sp_bb.json,ap
1687245789.644147000,7,rover_ap_3x3_n1_1fps_1sp_bb.json,ap
1687245789.644587000,8,rover_ap_3x3_n1_1fps_1sp_bb.json,ap
1687245790.665588000,0,rover_ap_3x3_n1_1fps_1sp_bb.json,ap
1687245790.666029000,1,rover_ap_3x3_n1_1fps_1sp_bb.json,ap
1687245790.666342000,2,rover_ap_3x3_n1_1fps_1sp_bb.json,ap
1687245790.666643000,3,rover_ap_3x3_n1_1fps_1sp_bb.json,ap
1687245790.666964000,4,rover_ap_3x3_n1_1fps_1sp_bb.json,ap
1687245790.667300000,5,rover_ap_3x3_n1_1fps_1sp_bb.json,ap
1687245790.667604000,6,rover_ap_3x3_n1_1fps_1sp_bb.json,ap
1687245790.667940000,7,rover_ap_3x3_n1_1fps_1sp_bb.json,ap
1687245790.668258000,8,rover_ap_3x3_n1_1fps_1sp_bb.json,ap
1687245791.690256000,0,rover_ap_3x3_n1_1fps_1sp_bb.json,ap
1687245791.690524000,1,rover_ap_3x3_n1_1fps_1sp_bb.json,ap
1687245791.690791000,2,rover_ap_3x3_n1_1fps_1sp_bb.json,ap
1687245791.691052000,3,rover_ap_3x3_n1_1fps_1sp_bb.json,ap
1687245791.691314000,4,rover_ap_3x3_n1_1fps_1sp_bb.json,ap
1687245791.691573000,5,rover_ap_3x3_n1_1fps_1sp_bb.json,ap
1687245791.691834000,6,rover_ap_3x3_n1_1fps_1sp_bb.json,ap
1687245791.692115000,7,rover_ap_3x3_n1_1fps_1sp_bb.json,ap
1687245791.692542000,8,rover_ap_3x3_n1_1fps_1sp_bb.json,ap
1687245791.692824000,9,rover_ap_3x3_n1_1fps_1sp_bb.json,ap
1687245791.693093000,10,rover_ap_3x3_n1_1fps_1sp_bb.json,ap
1687245792.712538000,0,rover_ap_3x3_n1_1fps_1sp_bb.json,ap
1687245792.712806000,1,rover_ap_3x3_n1_1fps_1sp_bb.json,ap
1687245792.713061000,2,rover_ap_3x3_n1_1fps_1sp_bb.json,ap
1687245792.713322000,3,rover_ap_3x3_n1_1fps_1sp_bb.json,ap
1687245792.713640000,4,rover_ap_3x3_n1_1fps_1sp_bb.json,ap
1687245792.713918000,5,rover_ap_3x3_n1_1fps_1sp_bb.json,ap
1687245792.714356000,6,rover_ap_3x3_n1_1fps_1sp_bb.json,ap
1687245792.714638000,7,rover_ap_3x3_n1_1fps_1sp_bb.json,ap
1687245792.715305000,8,rover_ap_3x3_n1_1fps_1sp_bb.json,ap
1687245793.733281000,0,rover_ap_3x3_n1_1fps_1sp_bb.json,ap
1687245793.733551000,1,rover_ap_3x3_n1_1fps_1sp_bb.json,ap
1687245793.733814000,2,rover_ap_3x3_n1_1fps_1sp_bb.json,ap
1687245793.734119000,3,rover_ap_3x3_n1_1fps_1sp_bb.json,ap
1687245793.734425000,4,rover_ap_3x3_n1_1fps_1sp_bb.json,ap
1687245793.734734000,5,rover_ap_3x3_n1_1fps_1sp_bb.json,ap
1687245793.735039000,6,rover_ap_3x3_n1_1fps_1sp_bb.json,ap
1687245793.735326000,7,rover_ap_3x3_n1_1fps_1sp_bb.json,ap
1687245793.735963000,8,rover_ap_3x3_n1_1fps_1sp_bb.json,ap
1687245793.736378000,9,rover_ap_3x3_n1_1fps_1sp_bb.json,ap
1687245793.737389000,10,rover_ap_3x3_n1_1fps_1sp_bb.json,ap
1687245793.737729000,11,rover_ap_3x3_n1_1fps_1sp_bb.json,ap
1687245794.763587000,0,rover_ap_3x3_n1_1fps_1sp_bb.json,ap
1687245794.763853000,1,rover_ap_3x3_n1_1fps_1sp_bb.json,ap
1687245794.764113000,2,rover_ap_3x3_n1_1fps_1sp_bb.json,ap
1687245794.764374000,3,rover_ap_3x3_n1_1fps_1sp_bb.json,ap
1687245794.764629000,4,rover_ap_3x3_n1_1fps_1sp_bb.json,ap
1687245794.764885000,5,rover_ap_3x3_n1_1fps_1sp_bb.json,ap
1687245794.765159000,6,rover_ap_3x3_n1_1fps_1sp_bb.json,ap
1687245794.765432000,7,rover_ap_3x3_n1_1fps_1sp_bb.json,ap
1687245794.765985000,8,rover_ap_3x3_n1_1fps_1sp_bb.json,ap
1687245795.787851000,0,rover_ap_3x3_n1_1fps_1sp_bb.json,ap
1687245795.788123000,1,rover_ap_3x3_n1_1fps_1sp_bb.json,ap
1687245795.788378000,2,rover_ap_3x3_n1_1fps_1sp_bb.json,ap
1687245795.788635000,3,rover_ap_3x3_n1_1fps_1sp_bb.json,ap
1687245795.788981000,4,rover_ap_3x3_n1_1fps_1sp_bb.json,ap
1687245795.789252000,5,rover_ap_3x3_n1_1fps_1sp_bb.json,ap
1687245795.789600000,6,rover_ap_3x3_n1_1fps_1sp_bb.json,ap
1687245795.789863000,7,rover_ap_3x3_n1_1fps_1sp_bb.json,ap
1687245796.811805000,0,rover_ap_3x3_n1_1fps_1sp_bb.json,ap
1687245796.812070000,1,rover_ap_3x3_n1_1fps_1sp_bb.json,ap
1687245796.812340000,2,rover_ap_3x3_n1_1fps_1sp_bb.json,ap
1687245796.812602000,3,rover_ap_3x3_n1_1fps_1sp_bb.json,ap
1687245796.812876000,4,rover_ap_3x3_n1_1fps_1sp_bb.json,ap
1687245796.813149000,5,rover_ap_3x3_n1_1fps_1sp_bb.json,ap
1687245796.813427000,6,rover_ap_3x3_n1_1fps_1sp_bb.json,ap
1687245796.813705000,7,rover_ap_3x3_n1_1fps_1sp_bb.json,ap
1687245796.814114000,8,rover_ap_3x3_n1_1fps_1sp_bb.json,ap
1687245796.814447000,9,rover_ap_3x3_n1_1fps_1sp_bb.json,ap
1687245796.815600000,10,rover_ap_3x3_n1_1fps_1sp_bb.json,ap
1687245797.833252000,0,rover_ap_3x3_n1_1fps_1sp_bb.json,ap
1687245797.833520000,1,rover_ap_3x3_n1_1fps_1sp_bb.json,ap
1687245797.833784000,2,rover_ap_3x3_n1_1fps_1sp_bb.json,ap
1687245797.834036000,3,rover_ap_3x3_n1_1fps_1sp_bb.json,ap
1687245797.834301000,4,rover_ap_3x3_n1_1fps_1sp_bb.json,ap
1687245797.834549000,5,rover_ap_3x3_n1_1fps_1sp_bb.json,ap
1687245797.834802000,6,rover_ap_3x3_n1_1fps_1sp_bb.json,ap
1687245797.835475000,7,rover_ap_3x3_n1_1fps_1sp_bb.json,ap
1687245797.835885000,8,rover_ap_3x3_n1_1fps_1sp_bb.json,ap
1687245797.836291000,9,rover_ap_3x3_n1_1fps_1sp_bb.json,ap
1687245798.853711000,0,rover_ap_3x3_n1_1fps_1sp_bb.json,ap
1687245798.853982000,1,rover_ap_3x3_n1_1fps_1sp_bb.json,ap
1687245798.854236000,2,rover_ap_3x3_n1_1fps_1sp_bb.json,ap
1687245798.854499000,3,rover_ap_3x3_n1_1fps_1sp_bb.json,ap
1687245798.854769000,4,rover_ap_3x3_n1_1fps_1sp_bb.json,ap
1687245798.855109000,5,rover_ap_3x3_n1_1fps_1sp_bb.json,ap
1687245798.855399000,6,rover_ap_3x3_n1_1fps_1sp_bb.json,ap
1687245798.856086000,7,rover_ap_3x3_n1_1fps_1sp_bb.json,ap
1687245798.856375000,8,rover_ap_3x3_n1_1fps_1sp_bb.json,ap
1687245798.856766000,9,rover_ap_3x3_n1_1fps_1sp_bb.json,ap
1687245799.876167000,0,rover_ap_3x3_n1_1fps_1sp_bb.json,ap
1687245799.876997000,1,rover_ap_3x3_n1_1fps_1sp_bb.json,ap
1687245799.877382000,2,rover_ap_3x3_n1_1fps_1sp_bb.json,ap
1687245799.877720000,3,rover_ap_3x3_n1_1fps_1sp_bb.json,ap
1687245799.878045000,4,rover_ap_3x3_n1_1fps_1sp_bb.json,ap
1687245799.878475000,5,rover_ap_3x3_n1_1fps_1sp_bb.json,ap
