Timestamp,Packet,Scenario,Type
1677114650.340247000,0,rover_s102_1x1_n2_1fps_1sp_aldrich.json,s102
1677114650.340848000,1,rover_s102_1x1_n2_1fps_1sp_aldrich.json,s102
1677114650.341230000,2,rover_s102_1x1_n2_1fps_1sp_aldrich.json,s102
1677114650.341232000,3,rover_s102_1x1_n2_1fps_1sp_aldrich.json,s102
1677114650.341878000,4,rover_s102_1x1_n2_1fps_1sp_aldrich.json,s102
1677114650.342218000,5,rover_s102_1x1_n2_1fps_1sp_aldrich.json,s102
1677114650.342219000,6,rover_s102_1x1_n2_1fps_1sp_aldrich.json,s102
1677114651.361821000,0,rover_s102_1x1_n2_1fps_1sp_aldrich.json,s102
1677114651.362327000,1,rover_s102_1x1_n2_1fps_1sp_aldrich.json,s102
1677114651.362776000,2,rover_s102_1x1_n2_1fps_1sp_aldrich.json,s102
1677114651.362868000,3,rover_s102_1x1_n2_1fps_1sp_aldrich.json,s102
1677114651.363496000,4,rover_s102_1x1_n2_1fps_1sp_aldrich.json,s102
1677114651.363595000,5,rover_s102_1x1_n2_1fps_1sp_aldrich.json,s102
1677114651.364089000,6,rover_s102_1x1_n2_1fps_1sp_aldrich.json,s102
1677114651.364193000,7,rover_s102_1x1_n2_1fps_1sp_aldrich.json,s102
1677114652.383495000,0,rover_s102_1x1_n2_1fps_1sp_aldrich.json,s102
1677114652.384273000,1,rover_s102_1x1_n2_1fps_1sp_aldrich.json,s102
1677114652.384369000,2,rover_s102_1x1_n2_1fps_1sp_aldrich.json,s102
1677114652.384370000,3,rover_s102_1x1_n2_1fps_1sp_aldrich.json,s102
1677114652.384486000,4,rover_s102_1x1_n2_1fps_1sp_aldrich.json,s102
1677114652.385043000,5,rover_s102_1x1_n2_1fps_1sp_aldrich.json,s102
1677114652.385045000,6,rover_s102_1x1_n2_1fps_1sp_aldrich.json,s102
1677114652.385251000,7,rover_s102_1x1_n2_1fps_1sp_aldrich.json,s102
1677114652.385935000,8,rover_s102_1x1_n2_1fps_1sp_aldrich.json,s102
1677114653.407029000,0,rover_s102_1x1_n2_1fps_1sp_aldrich.json,s102
1677114653.407351000,1,rover_s102_1x1_n2_1fps_1sp_aldrich.json,s102
1677114653.407353000,2,rover_s102_1x1_n2_1fps_1sp_aldrich.json,s102
1677114653.407979000,3,rover_s102_1x1_n2_1fps_1sp_aldrich.json,s102
1677114653.408322000,4,rover_s102_1x1_n2_1fps_1sp_aldrich.json,s102
1677114653.408323000,5,rover_s102_1x1_n2_1fps_1sp_aldrich.json,s102
1677114653.408987000,6,rover_s102_1x1_n2_1fps_1sp_aldrich.json,s102
1677114653.409212000,7,rover_s102_1x1_n2_1fps_1sp_aldrich.json,s102
1677114654.430009000,0,rover_s102_1x1_n2_1fps_1sp_aldrich.json,s102
1677114654.430537000,1,rover_s102_1x1_n2_1fps_1sp_aldrich.json,s102
1677114654.430931000,2,rover_s102_1x1_n2_1fps_1sp_aldrich.json,s102
1677114654.431018000,3,rover_s102_1x1_n2_1fps_1sp_aldrich.json,s102
1677114654.431554000,4,rover_s102_1x1_n2_1fps_1sp_aldrich.json,s102
1677114654.432432000,5,rover_s102_1x1_n2_1fps_1sp_aldrich.json,s102
1677114655.453592000,0,rover_s102_1x1_n2_1fps_1sp_aldrich.json,s102
1677114655.454044000,1,rover_s102_1x1_n2_1fps_1sp_aldrich.json,s102
1677114655.454516000,2,rover_s102_1x1_n2_1fps_1sp_aldrich.json,s102
1677114655.454612000,3,rover_s102_1x1_n2_1fps_1sp_aldrich.json,s102
1677114655.455133000,4,rover_s102_1x1_n2_1fps_1sp_aldrich.json,s102
1677114655.455356000,5,rover_s102_1x1_n2_1fps_1sp_aldrich.json,s102
1677114656.477170000,0,rover_s102_1x1_n2_1fps_1sp_aldrich.json,s102
1677114656.477575000,1,rover_s102_1x1_n2_1fps_1sp_aldrich.json,s102
1677114656.477666000,2,rover_s102_1x1_n2_1fps_1sp_aldrich.json,s102
1677114656.478068000,3,rover_s102_1x1_n2_1fps_1sp_aldrich.json,s102
1677114656.478542000,4,rover_s102_1x1_n2_1fps_1sp_aldrich.json,s102
1677114656.478643000,5,rover_s102_1x1_n2_1fps_1sp_aldrich.json,s102
1677114656.479013000,6,rover_s102_1x1_n2_1fps_1sp_aldrich.json,s102
1677114656.479297000,7,rover_s102_1x1_n2_1fps_1sp_aldrich.json,s102
1677114657.498638000,0,rover_s102_1x1_n2_1fps_1sp_aldrich.json,s102
1677114657.499044000,1,rover_s102_1x1_n2_1fps_1sp_aldrich.json,s102
1677114657.499133000,2,rover_s102_1x1_n2_1fps_1sp_aldrich.json,s102
1677114657.499524000,3,rover_s102_1x1_n2_1fps_1sp_aldrich.json,s102
1677114657.500037000,4,rover_s102_1x1_n2_1fps_1sp_aldrich.json,s102
1677114657.500147000,5,rover_s102_1x1_n2_1fps_1sp_aldrich.json,s102
1677114657.500488000,6,rover_s102_1x1_n2_1fps_1sp_aldrich.json,s102
1677114657.500970000,7,rover_s102_1x1_n2_1fps_1sp_aldrich.json,s102
1677114657.501064000,8,rover_s102_1x1_n2_1fps_1sp_aldrich.json,s102
1677114658.523815000,0,rover_s102_1x1_n2_1fps_1sp_aldrich.json,s102
1677114658.524286000,1,rover_s102_1x1_n2_1fps_1sp_aldrich.json,s102
1677114658.524383000,2,rover_s102_1x1_n2_1fps_1sp_aldrich.json,s102
1677114658.524831000,3,rover_s102_1x1_n2_1fps_1sp_aldrich.json,s102
1677114658.524925000,4,rover_s102_1x1_n2_1fps_1sp_aldrich.json,s102
1677114658.525328000,5,rover_s102_1x1_n2_1fps_1sp_aldrich.json,s102
1677114658.525507000,6,rover_s102_1x1_n2_1fps_1sp_aldrich.json,s102
1677114658.525999000,7,rover_s102_1x1_n2_1fps_1sp_aldrich.json,s102
1677114658.526101000,8,rover_s102_1x1_n2_1fps_1sp_aldrich.json,s102
1677114658.526528000,9,rover_s102_1x1_n2_1fps_1sp_aldrich.json,s102
1677114659.545197000,0,rover_s102_1x1_n2_1fps_1sp_aldrich.json,s102
1677114659.545540000,1,rover_s102_1x1_n2_1fps_1sp_aldrich.json,s102
1677114659.545628000,2,rover_s102_1x1_n2_1fps_1sp_aldrich.json,s102
1677114659.546042000,3,rover_s102_1x1_n2_1fps_1sp_aldrich.json,s102
1677114659.546446000,4,rover_s102_1x1_n2_1fps_1sp_aldrich.json,s102
1677114659.546535000,5,rover_s102_1x1_n2_1fps_1sp_aldrich.json,s102
1677114659.547060000,6,rover_s102_1x1_n2_1fps_1sp_aldrich.json,s102
1677114659.547431000,7,rover_s102_1x1_n2_1fps_1sp_aldrich.json,s102
1677114659.547432000,8,rover_s102_1x1_n2_1fps_1sp_aldrich.json,s102
1677114660.567382000,0,rover_s102_1x1_n2_1fps_1sp_aldrich.json,s102
1677114660.567735000,1,rover_s102_1x1_n2_1fps_1sp_aldrich.json,s102
1677114660.568131000,2,rover_s102_1x1_n2_1fps_1sp_aldrich.json,s102
1677114660.568834000,3,rover_s102_1x1_n2_1fps_1sp_aldrich.json,s102
1677114660.568956000,4,rover_s102_1x1_n2_1fps_1sp_aldrich.json,s102
1677114660.569236000,5,rover_s102_1x1_n2_1fps_1sp_aldrich.json,s102
1677114661.587057000,0,rover_s102_1x1_n2_1fps_1sp_aldrich.json,s102
1677114661.587500000,1,rover_s102_1x1_n2_1fps_1sp_aldrich.json,s102
1677114661.588021000,2,rover_s102_1x1_n2_1fps_1sp_aldrich.json,s102
1677114662.610363000,0,rover_s102_1x1_n2_1fps_1sp_aldrich.json,s102
1677114662.610722000,1,rover_s102_1x1_n2_1fps_1sp_aldrich.json,s102
1677114662.611101000,2,rover_s102_1x1_n2_1fps_1sp_aldrich.json,s102
1677114662.611507000,3,rover_s102_1x1_n2_1fps_1sp_aldrich.json,s102
1677114662.612081000,4,rover_s102_1x1_n2_1fps_1sp_aldrich.json,s102
1677114662.612539000,5,rover_s102_1x1_n2_1fps_1sp_aldrich.json,s102
1677114662.612638000,6,rover_s102_1x1_n2_1fps_1sp_aldrich.json,s102
1677114663.636822000,0,rover_s102_1x1_n2_1fps_1sp_aldrich.json,s102
1677114663.637178000,1,rover_s102_1x1_n2_1fps_1sp_aldrich.json,s102
1677114663.637579000,2,rover_s102_1x1_n2_1fps_1sp_aldrich.json,s102
1677114663.638154000,3,rover_s102_1x1_n2_1fps_1sp_aldrich.json,s102
1677114663.638556000,4,rover_s102_1x1_n2_1fps_1sp_aldrich.json,s102
1677114664.656960000,0,rover_s102_1x1_n2_1fps_1sp_aldrich.json,s102
1677114664.656962000,1,rover_s102_1x1_n2_1fps_1sp_aldrich.json,s102
1677114664.657423000,2,rover_s102_1x1_n2_1fps_1sp_aldrich.json,s102
1677114664.657935000,3,rover_s102_1x1_n2_1fps_1sp_aldrich.json,s102
1677114664.658321000,4,rover_s102_1x1_n2_1fps_1sp_aldrich.json,s102
1677114665.679234000,0,rover_s102_1x1_n2_1fps_1sp_aldrich.json,s102
1677114665.679236000,1,rover_s102_1x1_n2_1fps_1sp_aldrich.json,s102
1677114665.679635000,2,rover_s102_1x1_n2_1fps_1sp_aldrich.json,s102
1677114665.680210000,3,rover_s102_1x1_n2_1fps_1sp_aldrich.json,s102
1677114665.680619000,4,rover_s102_1x1_n2_1fps_1sp_aldrich.json,s102
1677114666.705899000,0,rover_s102_1x1_n2_1fps_1sp_aldrich.json,s102
1677114666.706090000,1,rover_s102_1x1_n2_1fps_1sp_aldrich.json,s102
1677114666.706908000,2,rover_s102_1x1_n2_1fps_1sp_aldrich.json,s102
1677114666.707364000,3,rover_s102_1x1_n2_1fps_1sp_aldrich.json,s102
1677114666.707554000,4,rover_s102_1x1_n2_1fps_1sp_aldrich.json,s102
1677114667.728107000,0,rover_s102_1x1_n2_1fps_1sp_aldrich.json,s102
1677114667.728109000,1,rover_s102_1x1_n2_1fps_1sp_aldrich.json,s102
1677114667.728469000,2,rover_s102_1x1_n2_1fps_1sp_aldrich.json,s102
1677114667.729086000,3,rover_s102_1x1_n2_1fps_1sp_aldrich.json,s102
1677114667.729569000,4,rover_s102_1x1_n2_1fps_1sp_aldrich.json,s102
1677114667.729571000,5,rover_s102_1x1_n2_1fps_1sp_aldrich.json,s102
1677114667.729718000,6,rover_s102_1x1_n2_1fps_1sp_aldrich.json,s102
1677114667.730020000,7,rover_s102_1x1_n2_1fps_1sp_aldrich.json,s102
1677114667.730417000,8,rover_s102_1x1_n2_1fps_1sp_aldrich.json,s102
1677114668.748308000,0,rover_s102_1x1_n2_1fps_1sp_aldrich.json,s102
1677114668.748726000,1,rover_s102_1x1_n2_1fps_1sp_aldrich.json,s102
1677114668.749097000,2,rover_s102_1x1_n2_1fps_1sp_aldrich.json,s102
1677114668.749652000,3,rover_s102_1x1_n2_1fps_1sp_aldrich.json,s102
1677114668.750166000,4,rover_s102_1x1_n2_1fps_1sp_aldrich.json,s102
1677114669.770476000,0,rover_s102_1x1_n2_1fps_1sp_aldrich.json,s102
1677114669.770839000,1,rover_s102_1x1_n2_1fps_1sp_aldrich.json,s102
1677114669.771418000,2,rover_s102_1x1_n2_1fps_1sp_aldrich.json,s102
1677114669.771812000,3,rover_s102_1x1_n2_1fps_1sp_aldrich.json,s102
1677114670.792130000,0,rover_s102_1x1_n2_1fps_1sp_aldrich.json,s102
1677114670.792477000,1,rover_s102_1x1_n2_1fps_1sp_aldrich.json,s102
1677114670.792879000,2,rover_s102_1x1_n2_1fps_1sp_aldrich.json,s102
1677114670.793472000,3,rover_s102_1x1_n2_1fps_1sp_aldrich.json,s102
1677114670.793829000,4,rover_s102_1x1_n2_1fps_1sp_aldrich.json,s102
1677114670.793913000,5,rover_s102_1x1_n2_1fps_1sp_aldrich.json,s102
1677114670.794388000,6,rover_s102_1x1_n2_1fps_1sp_aldrich.json,s102
1677114670.795184000,7,rover_s102_1x1_n2_1fps_1sp_aldrich.json,s102
1677114671.813199000,0,rover_s102_1x1_n2_1fps_1sp_aldrich.json,s102
1677114671.813988000,1,rover_s102_1x1_n2_1fps_1sp_aldrich.json,s102
1677114671.814301000,2,rover_s102_1x1_n2_1fps_1sp_aldrich.json,s102
1677114672.839006000,0,rover_s102_1x1_n2_1fps_1sp_aldrich.json,s102
1677114672.839007000,1,rover_s102_1x1_n2_1fps_1sp_aldrich.json,s102
1677114672.839386000,2,rover_s102_1x1_n2_1fps_1sp_aldrich.json,s102
1677114672.839882000,3,rover_s102_1x1_n2_1fps_1sp_aldrich.json,s102
1677114672.840316000,4,rover_s102_1x1_n2_1fps_1sp_aldrich.json,s102
1677114672.840411000,5,rover_s102_1x1_n2_1fps_1sp_aldrich.json,s102
1677114672.840969000,6,rover_s102_1x1_n2_1fps_1sp_aldrich.json,s102
1677114672.841076000,7,rover_s102_1x1_n2_1fps_1sp_aldrich.json,s102
1677114672.841362000,8,rover_s102_1x1_n2_1fps_1sp_aldrich.json,s102
1677114673.859711000,0,rover_s102_1x1_n2_1fps_1sp_aldrich.json,s102
1677114673.860085000,1,rover_s102_1x1_n2_1fps_1sp_aldrich.json,s102
1677114673.860478000,2,rover_s102_1x1_n2_1fps_1sp_aldrich.json,s102
1677114673.861125000,3,rover_s102_1x1_n2_1fps_1sp_aldrich.json,s102
1677114674.882927000,0,rover_s102_1x1_n2_1fps_1sp_aldrich.json,s102
1677114674.883295000,1,rover_s102_1x1_n2_1fps_1sp_aldrich.json,s102
1677114674.884081000,2,rover_s102_1x1_n2_1fps_1sp_aldrich.json,s102
1677114674.884668000,3,rover_s102_1x1_n2_1fps_1sp_aldrich.json,s102
1677114674.884789000,4,rover_s102_1x1_n2_1fps_1sp_aldrich.json,s102
1677114674.884791000,5,rover_s102_1x1_n2_1fps_1sp_aldrich.json,s102
1677114675.903976000,0,rover_s102_1x1_n2_1fps_1sp_aldrich.json,s102
1677114675.904415000,1,rover_s102_1x1_n2_1fps_1sp_aldrich.json,s102
1677114675.904508000,2,rover_s102_1x1_n2_1fps_1sp_aldrich.json,s102
1677114675.905169000,3,rover_s102_1x1_n2_1fps_1sp_aldrich.json,s102
1677114675.905560000,4,rover_s102_1x1_n2_1fps_1sp_aldrich.json,s102
1677114675.905562000,5,rover_s102_1x1_n2_1fps_1sp_aldrich.json,s102
1677114676.930867000,0,rover_s102_1x1_n2_1fps_1sp_aldrich.json,s102
1677114676.931280000,1,rover_s102_1x1_n2_1fps_1sp_aldrich.json,s102
1677114676.931365000,2,rover_s102_1x1_n2_1fps_1sp_aldrich.json,s102
1677114676.931896000,3,rover_s102_1x1_n2_1fps_1sp_aldrich.json,s102
1677114676.932342000,4,rover_s102_1x1_n2_1fps_1sp_aldrich.json,s102
1677114676.932431000,5,rover_s102_1x1_n2_1fps_1sp_aldrich.json,s102
1677114676.932963000,6,rover_s102_1x1_n2_1fps_1sp_aldrich.json,s102
1677114676.934075000,7,rover_s102_1x1_n2_1fps_1sp_aldrich.json,s102
1677114677.954660000,0,rover_s102_1x1_n2_1fps_1sp_aldrich.json,s102
1677114677.955235000,1,rover_s102_1x1_n2_1fps_1sp_aldrich.json,s102
1677114677.955330000,2,rover_s102_1x1_n2_1fps_1sp_aldrich.json,s102
1677114677.955781000,3,rover_s102_1x1_n2_1fps_1sp_aldrich.json,s102
1677114677.956174000,4,rover_s102_1x1_n2_1fps_1sp_aldrich.json,s102
1677114677.956264000,5,rover_s102_1x1_n2_1fps_1sp_aldrich.json,s102
1677114677.956772000,6,rover_s102_1x1_n2_1fps_1sp_aldrich.json,s102
1677114677.957058000,7,rover_s102_1x1_n2_1fps_1sp_aldrich.json,s102
1677114678.977913000,0,rover_s102_1x1_n2_1fps_1sp_aldrich.json,s102
1677114678.978251000,1,rover_s102_1x1_n2_1fps_1sp_aldrich.json,s102
1677114678.978652000,2,rover_s102_1x1_n2_1fps_1sp_aldrich.json,s102
1677114678.979255000,3,rover_s102_1x1_n2_1fps_1sp_aldrich.json,s102
1677114678.979736000,4,rover_s102_1x1_n2_1fps_1sp_aldrich.json,s102
1677114678.979738000,5,rover_s102_1x1_n2_1fps_1sp_aldrich.json,s102
1677114678.980434000,6,rover_s102_1x1_n2_1fps_1sp_aldrich.json,s102
1677114678.980435000,7,rover_s102_1x1_n2_1fps_1sp_aldrich.json,s102
1677114678.980926000,8,rover_s102_1x1_n2_1fps_1sp_aldrich.json,s102
1677114678.980928000,9,rover_s102_1x1_n2_1fps_1sp_aldrich.json,s102
1677114680.001511000,0,rover_s102_1x1_n2_1fps_1sp_aldrich.json,s102
1677114680.001912000,1,rover_s102_1x1_n2_1fps_1sp_aldrich.json,s102
1677114680.002000000,2,rover_s102_1x1_n2_1fps_1sp_aldrich.json,s102
1677114680.002453000,3,rover_s102_1x1_n2_1fps_1sp_aldrich.json,s102
1677114680.002822000,4,rover_s102_1x1_n2_1fps_1sp_aldrich.json,s102
1677114680.002908000,5,rover_s102_1x1_n2_1fps_1sp_aldrich.json,s102
1677114680.003586000,6,rover_s102_1x1_n2_1fps_1sp_aldrich.json,s102
1677114680.003692000,7,rover_s102_1x1_n2_1fps_1sp_aldrich.json,s102
1677114680.004574000,8,rover_s102_1x1_n2_1fps_1sp_aldrich.json,s102
1677114681.026442000,0,rover_s102_1x1_n2_1fps_1sp_aldrich.json,s102
1677114681.026843000,1,rover_s102_1x1_n2_1fps_1sp_aldrich.json,s102
1677114681.026936000,2,rover_s102_1x1_n2_1fps_1sp_aldrich.json,s102
1677114681.027417000,3,rover_s102_1x1_n2_1fps_1sp_aldrich.json,s102
1677114681.027840000,4,rover_s102_1x1_n2_1fps_1sp_aldrich.json,s102
1677114681.027841000,5,rover_s102_1x1_n2_1fps_1sp_aldrich.json,s102
1677114681.028445000,6,rover_s102_1x1_n2_1fps_1sp_aldrich.json,s102
1677114681.028533000,7,rover_s102_1x1_n2_1fps_1sp_aldrich.json,s102
1677114681.029086000,8,rover_s102_1x1_n2_1fps_1sp_aldrich.json,s102
1677114682.046759000,0,rover_s102_1x1_n2_1fps_1sp_aldrich.json,s102
1677114682.047186000,1,rover_s102_1x1_n2_1fps_1sp_aldrich.json,s102
1677114682.047273000,2,rover_s102_1x1_n2_1fps_1sp_aldrich.json,s102
1677114682.047844000,3,rover_s102_1x1_n2_1fps_1sp_aldrich.json,s102
1677114682.048249000,4,rover_s102_1x1_n2_1fps_1sp_aldrich.json,s102
1677114682.048337000,5,rover_s102_1x1_n2_1fps_1sp_aldrich.json,s102
1677114683.065287000,0,rover_s102_1x1_n2_1fps_1sp_aldrich.json,s102
1677114683.065818000,1,rover_s102_1x1_n2_1fps_1sp_aldrich.json,s102
1677114683.065935000,2,rover_s102_1x1_n2_1fps_1sp_aldrich.json,s102
1677114683.066119000,3,rover_s102_1x1_n2_1fps_1sp_aldrich.json,s102
1677114683.066644000,4,rover_s102_1x1_n2_1fps_1sp_aldrich.json,s102
1677114683.066750000,5,rover_s102_1x1_n2_1fps_1sp_aldrich.json,s102
1677114683.067222000,6,rover_s102_1x1_n2_1fps_1sp_aldrich.json,s102
1677114683.067657000,7,rover_s102_1x1_n2_1fps_1sp_aldrich.json,s102
1677114683.067764000,8,rover_s102_1x1_n2_1fps_1sp_aldrich.json,s102
1677114684.089495000,0,rover_s102_1x1_n2_1fps_1sp_aldrich.json,s102
1677114684.089900000,1,rover_s102_1x1_n2_1fps_1sp_aldrich.json,s102
1677114684.089980000,2,rover_s102_1x1_n2_1fps_1sp_aldrich.json,s102
1677114684.090416000,3,rover_s102_1x1_n2_1fps_1sp_aldrich.json,s102
1677114684.090862000,4,rover_s102_1x1_n2_1fps_1sp_aldrich.json,s102
1677114684.090953000,5,rover_s102_1x1_n2_1fps_1sp_aldrich.json,s102
1677114684.091501000,6,rover_s102_1x1_n2_1fps_1sp_aldrich.json,s102
1677114684.091606000,7,rover_s102_1x1_n2_1fps_1sp_aldrich.json,s102
1677114684.092074000,8,rover_s102_1x1_n2_1fps_1sp_aldrich.json,s102
1677114684.092446000,9,rover_s102_1x1_n2_1fps_1sp_aldrich.json,s102
1677114684.092448000,10,rover_s102_1x1_n2_1fps_1sp_aldrich.json,s102
1677114685.116711000,0,rover_s102_1x1_n2_1fps_1sp_aldrich.json,s102
1677114685.117116000,1,rover_s102_1x1_n2_1fps_1sp_aldrich.json,s102
1677114685.117204000,2,rover_s102_1x1_n2_1fps_1sp_aldrich.json,s102
1677114685.117570000,3,rover_s102_1x1_n2_1fps_1sp_aldrich.json,s102
1677114685.118040000,4,rover_s102_1x1_n2_1fps_1sp_aldrich.json,s102
1677114685.118130000,5,rover_s102_1x1_n2_1fps_1sp_aldrich.json,s102
1677114685.118530000,6,rover_s102_1x1_n2_1fps_1sp_aldrich.json,s102
1677114685.118816000,7,rover_s102_1x1_n2_1fps_1sp_aldrich.json,s102
1677114686.141638000,0,rover_s102_1x1_n2_1fps_1sp_aldrich.json,s102
1677114686.142229000,1,rover_s102_1x1_n2_1fps_1sp_aldrich.json,s102
1677114686.142640000,2,rover_s102_1x1_n2_1fps_1sp_aldrich.json,s102
1677114686.143268000,3,rover_s102_1x1_n2_1fps_1sp_aldrich.json,s102
1677114686.143270000,4,rover_s102_1x1_n2_1fps_1sp_aldrich.json,s102
1677114686.143716000,5,rover_s102_1x1_n2_1fps_1sp_aldrich.json,s102
1677114687.161879000,0,rover_s102_1x1_n2_1fps_1sp_aldrich.json,s102
1677114687.162312000,1,rover_s102_1x1_n2_1fps_1sp_aldrich.json,s102
1677114687.162403000,2,rover_s102_1x1_n2_1fps_1sp_aldrich.json,s102
1677114687.162995000,3,rover_s102_1x1_n2_1fps_1sp_aldrich.json,s102
1677114687.163349000,4,rover_s102_1x1_n2_1fps_1sp_aldrich.json,s102
1677114687.163350000,5,rover_s102_1x1_n2_1fps_1sp_aldrich.json,s102
1677114688.181187000,0,rover_s102_1x1_n2_1fps_1sp_aldrich.json,s102
1677114688.181635000,1,rover_s102_1x1_n2_1fps_1sp_aldrich.json,s102
1677114688.181724000,2,rover_s102_1x1_n2_1fps_1sp_aldrich.json,s102
1677114688.182192000,3,rover_s102_1x1_n2_1fps_1sp_aldrich.json,s102
1677114688.182290000,4,rover_s102_1x1_n2_1fps_1sp_aldrich.json,s102
1677114688.182760000,5,rover_s102_1x1_n2_1fps_1sp_aldrich.json,s102
1677114688.182865000,6,rover_s102_1x1_n2_1fps_1sp_aldrich.json,s102
1677114688.183292000,7,rover_s102_1x1_n2_1fps_1sp_aldrich.json,s102
1677114688.183769000,8,rover_s102_1x1_n2_1fps_1sp_aldrich.json,s102
1677114688.183869000,9,rover_s102_1x1_n2_1fps_1sp_aldrich.json,s102
1677114689.205490000,0,rover_s102_1x1_n2_1fps_1sp_aldrich.json,s102
1677114689.205824000,1,rover_s102_1x1_n2_1fps_1sp_aldrich.json,s102
1677114689.205907000,2,rover_s102_1x1_n2_1fps_1sp_aldrich.json,s102
1677114689.206388000,3,rover_s102_1x1_n2_1fps_1sp_aldrich.json,s102
1677114689.206781000,4,rover_s102_1x1_n2_1fps_1sp_aldrich.json,s102
1677114689.206879000,5,rover_s102_1x1_n2_1fps_1sp_aldrich.json,s102
1677114689.207449000,6,rover_s102_1x1_n2_1fps_1sp_aldrich.json,s102
1677114689.208815000,7,rover_s102_1x1_n2_1fps_1sp_aldrich.json,s102
1677114689.208817000,8,rover_s102_1x1_n2_1fps_1sp_aldrich.json,s102
1677114690.229495000,0,rover_s102_1x1_n2_1fps_1sp_aldrich.json,s102
1677114690.229879000,1,rover_s102_1x1_n2_1fps_1sp_aldrich.json,s102
1677114690.229968000,2,rover_s102_1x1_n2_1fps_1sp_aldrich.json,s102
1677114690.230404000,3,rover_s102_1x1_n2_1fps_1sp_aldrich.json,s102
1677114690.230918000,4,rover_s102_1x1_n2_1fps_1sp_aldrich.json,s102
1677114690.230920000,5,rover_s102_1x1_n2_1fps_1sp_aldrich.json,s102
1677114690.231524000,6,rover_s102_1x1_n2_1fps_1sp_aldrich.json,s102
1677114690.231526000,7,rover_s102_1x1_n2_1fps_1sp_aldrich.json,s102
1677114690.232199000,8,rover_s102_1x1_n2_1fps_1sp_aldrich.json,s102
1677114690.232308000,9,rover_s102_1x1_n2_1fps_1sp_aldrich.json,s102
1677114691.251237000,0,rover_s102_1x1_n2_1fps_1sp_aldrich.json,s102
1677114691.251648000,1,rover_s102_1x1_n2_1fps_1sp_aldrich.json,s102
1677114691.251733000,2,rover_s102_1x1_n2_1fps_1sp_aldrich.json,s102
1677114691.252287000,3,rover_s102_1x1_n2_1fps_1sp_aldrich.json,s102
1677114691.252698000,4,rover_s102_1x1_n2_1fps_1sp_aldrich.json,s102
1677114691.252799000,5,rover_s102_1x1_n2_1fps_1sp_aldrich.json,s102
1677114692.276791000,0,rover_s102_1x1_n2_1fps_1sp_aldrich.json,s102
1677114692.277201000,1,rover_s102_1x1_n2_1fps_1sp_aldrich.json,s102
1677114692.277293000,2,rover_s102_1x1_n2_1fps_1sp_aldrich.json,s102
1677114692.277712000,3,rover_s102_1x1_n2_1fps_1sp_aldrich.json,s102
1677114692.278116000,4,rover_s102_1x1_n2_1fps_1sp_aldrich.json,s102
1677114692.278202000,5,rover_s102_1x1_n2_1fps_1sp_aldrich.json,s102
1677114692.278761000,6,rover_s102_1x1_n2_1fps_1sp_aldrich.json,s102
1677114692.278862000,7,rover_s102_1x1_n2_1fps_1sp_aldrich.json,s102
1677114692.279907000,8,rover_s102_1x1_n2_1fps_1sp_aldrich.json,s102
1677114693.297401000,0,rover_s102_1x1_n2_1fps_1sp_aldrich.json,s102
1677114693.297402000,1,rover_s102_1x1_n2_1fps_1sp_aldrich.json,s102
1677114693.298211000,2,rover_s102_1x1_n2_1fps_1sp_aldrich.json,s102
1677114693.298860000,3,rover_s102_1x1_n2_1fps_1sp_aldrich.json,s102
1677114693.298957000,4,rover_s102_1x1_n2_1fps_1sp_aldrich.json,s102
1677114693.299058000,5,rover_s102_1x1_n2_1fps_1sp_aldrich.json,s102
1677114693.299517000,6,rover_s102_1x1_n2_1fps_1sp_aldrich.json,s102
1677114693.299623000,7,rover_s102_1x1_n2_1fps_1sp_aldrich.json,s102
1677114693.300097000,8,rover_s102_1x1_n2_1fps_1sp_aldrich.json,s102
1677114693.300198000,9,rover_s102_1x1_n2_1fps_1sp_aldrich.json,s102
1677114694.317985000,0,rover_s102_1x1_n2_1fps_1sp_aldrich.json,s102
1677114694.318362000,1,rover_s102_1x1_n2_1fps_1sp_aldrich.json,s102
1677114694.318449000,2,rover_s102_1x1_n2_1fps_1sp_aldrich.json,s102
1677114694.318928000,3,rover_s102_1x1_n2_1fps_1sp_aldrich.json,s102
1677114694.319357000,4,rover_s102_1x1_n2_1fps_1sp_aldrich.json,s102
1677114694.319447000,5,rover_s102_1x1_n2_1fps_1sp_aldrich.json,s102
1677114694.319893000,6,rover_s102_1x1_n2_1fps_1sp_aldrich.json,s102
1677114694.320231000,7,rover_s102_1x1_n2_1fps_1sp_aldrich.json,s102
1677114695.340528000,0,rover_s102_1x1_n2_1fps_1sp_aldrich.json,s102
1677114695.340872000,1,rover_s102_1x1_n2_1fps_1sp_aldrich.json,s102
1677114695.340946000,2,rover_s102_1x1_n2_1fps_1sp_aldrich.json,s102
1677114695.342247000,3,rover_s102_1x1_n2_1fps_1sp_aldrich.json,s102
1677114695.342359000,4,rover_s102_1x1_n2_1fps_1sp_aldrich.json,s102
1677114695.342454000,5,rover_s102_1x1_n2_1fps_1sp_aldrich.json,s102
1677114695.342812000,6,rover_s102_1x1_n2_1fps_1sp_aldrich.json,s102
1677114695.342913000,7,rover_s102_1x1_n2_1fps_1sp_aldrich.json,s102
1677114695.343711000,8,rover_s102_1x1_n2_1fps_1sp_aldrich.json,s102
1677114695.343827000,9,rover_s102_1x1_n2_1fps_1sp_aldrich.json,s102
1677114695.345153000,10,rover_s102_1x1_n2_1fps_1sp_aldrich.json,s102
1677114696.363492000,0,rover_s102_1x1_n2_1fps_1sp_aldrich.json,s102
1677114696.363925000,1,rover_s102_1x1_n2_1fps_1sp_aldrich.json,s102
1677114696.363926000,2,rover_s102_1x1_n2_1fps_1sp_aldrich.json,s102
1677114696.364205000,3,rover_s102_1x1_n2_1fps_1sp_aldrich.json,s102
1677114696.364856000,4,rover_s102_1x1_n2_1fps_1sp_aldrich.json,s102
1677114696.364957000,5,rover_s102_1x1_n2_1fps_1sp_aldrich.json,s102
1677114696.365311000,6,rover_s102_1x1_n2_1fps_1sp_aldrich.json,s102
1677114696.365408000,7,rover_s102_1x1_n2_1fps_1sp_aldrich.json,s102
1677114696.365997000,8,rover_s102_1x1_n2_1fps_1sp_aldrich.json,s102
1677114696.366127000,9,rover_s102_1x1_n2_1fps_1sp_aldrich.json,s102
1677114696.366540000,10,rover_s102_1x1_n2_1fps_1sp_aldrich.json,s102
1677114697.391677000,0,rover_s102_1x1_n2_1fps_1sp_aldrich.json,s102
1677114697.392052000,1,rover_s102_1x1_n2_1fps_1sp_aldrich.json,s102
1677114697.392136000,2,rover_s102_1x1_n2_1fps_1sp_aldrich.json,s102
1677114697.392616000,3,rover_s102_1x1_n2_1fps_1sp_aldrich.json,s102
1677114697.393136000,4,rover_s102_1x1_n2_1fps_1sp_aldrich.json,s102
1677114697.393138000,5,rover_s102_1x1_n2_1fps_1sp_aldrich.json,s102
1677114697.393284000,6,rover_s102_1x1_n2_1fps_1sp_aldrich.json,s102
1677114697.393776000,7,rover_s102_1x1_n2_1fps_1sp_aldrich.json,s102
1677114697.394498000,8,rover_s102_1x1_n2_1fps_1sp_aldrich.json,s102
1677114697.394500000,9,rover_s102_1x1_n2_1fps_1sp_aldrich.json,s102
1677114698.414876000,0,rover_s102_1x1_n2_1fps_1sp_aldrich.json,s102
1677114698.415236000,1,rover_s102_1x1_n2_1fps_1sp_aldrich.json,s102
1677114698.415317000,2,rover_s102_1x1_n2_1fps_1sp_aldrich.json,s102
1677114698.415851000,3,rover_s102_1x1_n2_1fps_1sp_aldrich.json,s102
1677114698.416366000,4,rover_s102_1x1_n2_1fps_1sp_aldrich.json,s102
1677114698.416368000,5,rover_s102_1x1_n2_1fps_1sp_aldrich.json,s102
1677114698.416800000,6,rover_s102_1x1_n2_1fps_1sp_aldrich.json,s102
1677114698.416894000,7,rover_s102_1x1_n2_1fps_1sp_aldrich.json,s102
1677114698.417360000,8,rover_s102_1x1_n2_1fps_1sp_aldrich.json,s102
1677114698.417755000,9,rover_s102_1x1_n2_1fps_1sp_aldrich.json,s102
1677114698.417835000,10,rover_s102_1x1_n2_1fps_1sp_aldrich.json,s102
1677114699.437355000,0,rover_s102_1x1_n2_1fps_1sp_aldrich.json,s102
1677114699.437755000,1,rover_s102_1x1_n2_1fps_1sp_aldrich.json,s102
1677114699.437842000,2,rover_s102_1x1_n2_1fps_1sp_aldrich.json,s102
1677114699.438320000,3,rover_s102_1x1_n2_1fps_1sp_aldrich.json,s102
1677114699.438832000,4,rover_s102_1x1_n2_1fps_1sp_aldrich.json,s102
1677114699.438834000,5,rover_s102_1x1_n2_1fps_1sp_aldrich.json,s102
1677114699.438988000,6,rover_s102_1x1_n2_1fps_1sp_aldrich.json,s102
1677114699.439382000,7,rover_s102_1x1_n2_1fps_1sp_aldrich.json,s102
1677114699.439820000,8,rover_s102_1x1_n2_1fps_1sp_aldrich.json,s102
1677114699.439906000,9,rover_s102_1x1_n2_1fps_1sp_aldrich.json,s102
1677114700.460598000,0,rover_s102_1x1_n2_1fps_1sp_aldrich.json,s102
1677114700.461121000,1,rover_s102_1x1_n2_1fps_1sp_aldrich.json,s102
1677114700.461557000,2,rover_s102_1x1_n2_1fps_1sp_aldrich.json,s102
1677114700.461648000,3,rover_s102_1x1_n2_1fps_1sp_aldrich.json,s102
1677114700.462238000,4,rover_s102_1x1_n2_1fps_1sp_aldrich.json,s102
1677114700.462336000,5,rover_s102_1x1_n2_1fps_1sp_aldrich.json,s102
1677114700.462662000,6,rover_s102_1x1_n2_1fps_1sp_aldrich.json,s102
1677114701.481264000,0,rover_s102_1x1_n2_1fps_1sp_aldrich.json,s102
1677114701.481725000,1,rover_s102_1x1_n2_1fps_1sp_aldrich.json,s102
1677114701.481834000,2,rover_s102_1x1_n2_1fps_1sp_aldrich.json,s102
1677114701.482347000,3,rover_s102_1x1_n2_1fps_1sp_aldrich.json,s102
1677114701.483132000,4,rover_s102_1x1_n2_1fps_1sp_aldrich.json,s102
1677114701.483134000,5,rover_s102_1x1_n2_1fps_1sp_aldrich.json,s102
1677114702.505837000,0,rover_s102_1x1_n2_1fps_1sp_aldrich.json,s102
1677114702.506362000,1,rover_s102_1x1_n2_1fps_1sp_aldrich.json,s102
1677114702.506736000,2,rover_s102_1x1_n2_1fps_1sp_aldrich.json,s102
1677114702.506738000,3,rover_s102_1x1_n2_1fps_1sp_aldrich.json,s102
1677114702.507278000,4,rover_s102_1x1_n2_1fps_1sp_aldrich.json,s102
1677114702.507692000,5,rover_s102_1x1_n2_1fps_1sp_aldrich.json,s102
1677114702.507781000,6,rover_s102_1x1_n2_1fps_1sp_aldrich.json,s102
1677114702.508558000,7,rover_s102_1x1_n2_1fps_1sp_aldrich.json,s102
1677114703.530681000,0,rover_s102_1x1_n2_1fps_1sp_aldrich.json,s102
1677114703.531181000,1,rover_s102_1x1_n2_1fps_1sp_aldrich.json,s102
1677114703.531621000,2,rover_s102_1x1_n2_1fps_1sp_aldrich.json,s102
1677114703.531707000,3,rover_s102_1x1_n2_1fps_1sp_aldrich.json,s102
1677114703.532141000,4,rover_s102_1x1_n2_1fps_1sp_aldrich.json,s102
1677114703.532424000,5,rover_s102_1x1_n2_1fps_1sp_aldrich.json,s102
1677114704.553165000,0,rover_s102_1x1_n2_1fps_1sp_aldrich.json,s102
1677114704.553596000,1,rover_s102_1x1_n2_1fps_1sp_aldrich.json,s102
1677114704.553689000,2,rover_s102_1x1_n2_1fps_1sp_aldrich.json,s102
1677114704.554088000,3,rover_s102_1x1_n2_1fps_1sp_aldrich.json,s102
1677114704.554558000,4,rover_s102_1x1_n2_1fps_1sp_aldrich.json,s102
1677114704.554657000,5,rover_s102_1x1_n2_1fps_1sp_aldrich.json,s102
1677114704.555225000,6,rover_s102_1x1_n2_1fps_1sp_aldrich.json,s102
1677114704.555313000,7,rover_s102_1x1_n2_1fps_1sp_aldrich.json,s102
1677114704.556384000,8,rover_s102_1x1_n2_1fps_1sp_aldrich.json,s102
1677114705.573558000,0,rover_s102_1x1_n2_1fps_1sp_aldrich.json,s102
1677114705.573970000,1,rover_s102_1x1_n2_1fps_1sp_aldrich.json,s102
1677114705.574056000,2,rover_s102_1x1_n2_1fps_1sp_aldrich.json,s102
1677114705.574534000,3,rover_s102_1x1_n2_1fps_1sp_aldrich.json,s102
1677114705.575048000,4,rover_s102_1x1_n2_1fps_1sp_aldrich.json,s102
1677114705.575050000,5,rover_s102_1x1_n2_1fps_1sp_aldrich.json,s102
1677114705.575252000,6,rover_s102_1x1_n2_1fps_1sp_aldrich.json,s102
1677114705.575670000,7,rover_s102_1x1_n2_1fps_1sp_aldrich.json,s102
1677114705.576144000,8,rover_s102_1x1_n2_1fps_1sp_aldrich.json,s102
1677114705.576266000,9,rover_s102_1x1_n2_1fps_1sp_aldrich.json,s102
1677114706.595844000,0,rover_s102_1x1_n2_1fps_1sp_aldrich.json,s102
1677114706.596200000,1,rover_s102_1x1_n2_1fps_1sp_aldrich.json,s102
1677114706.597278000,2,rover_s102_1x1_n2_1fps_1sp_aldrich.json,s102
1677114706.597280000,3,rover_s102_1x1_n2_1fps_1sp_aldrich.json,s102
1677114707.622903000,0,rover_s102_1x1_n2_1fps_1sp_aldrich.json,s102
1677114707.623339000,1,rover_s102_1x1_n2_1fps_1sp_aldrich.json,s102
1677114707.623431000,2,rover_s102_1x1_n2_1fps_1sp_aldrich.json,s102
1677114707.623901000,3,rover_s102_1x1_n2_1fps_1sp_aldrich.json,s102
1677114707.624415000,4,rover_s102_1x1_n2_1fps_1sp_aldrich.json,s102
1677114707.624417000,5,rover_s102_1x1_n2_1fps_1sp_aldrich.json,s102
1677114707.624546000,6,rover_s102_1x1_n2_1fps_1sp_aldrich.json,s102
1677114707.624895000,7,rover_s102_1x1_n2_1fps_1sp_aldrich.json,s102
1677114707.625362000,8,rover_s102_1x1_n2_1fps_1sp_aldrich.json,s102
1677114707.625459000,9,rover_s102_1x1_n2_1fps_1sp_aldrich.json,s102
1677114707.626083000,10,rover_s102_1x1_n2_1fps_1sp_aldrich.json,s102
1677114707.626201000,11,rover_s102_1x1_n2_1fps_1sp_aldrich.json,s102
1677114707.627288000,12,rover_s102_1x1_n2_1fps_1sp_aldrich.json,s102
1677114708.644020000,0,rover_s102_1x1_n2_1fps_1sp_aldrich.json,s102
1677114708.644492000,1,rover_s102_1x1_n2_1fps_1sp_aldrich.json,s102
1677114708.644949000,2,rover_s102_1x1_n2_1fps_1sp_aldrich.json,s102
1677114708.645044000,3,rover_s102_1x1_n2_1fps_1sp_aldrich.json,s102
1677114708.645600000,4,rover_s102_1x1_n2_1fps_1sp_aldrich.json,s102
1677114708.645726000,5,rover_s102_1x1_n2_1fps_1sp_aldrich.json,s102
1677114708.646488000,6,rover_s102_1x1_n2_1fps_1sp_aldrich.json,s102
1677114709.664823000,0,rover_s102_1x1_n2_1fps_1sp_aldrich.json,s102
1677114709.665312000,1,rover_s102_1x1_n2_1fps_1sp_aldrich.json,s102
1677114709.665419000,2,rover_s102_1x1_n2_1fps_1sp_aldrich.json,s102
1677114709.665817000,3,rover_s102_1x1_n2_1fps_1sp_aldrich.json,s102
1677114709.666182000,4,rover_s102_1x1_n2_1fps_1sp_aldrich.json,s102
1677114709.666184000,5,rover_s102_1x1_n2_1fps_1sp_aldrich.json,s102
1677114710.686377000,0,rover_s102_1x1_n2_1fps_1sp_aldrich.json,s102
1677114710.686804000,1,rover_s102_1x1_n2_1fps_1sp_aldrich.json,s102
1677114710.686893000,2,rover_s102_1x1_n2_1fps_1sp_aldrich.json,s102
1677114710.687635000,3,rover_s102_1x1_n2_1fps_1sp_aldrich.json,s102
1677114710.688152000,4,rover_s102_1x1_n2_1fps_1sp_aldrich.json,s102
1677114710.688154000,5,rover_s102_1x1_n2_1fps_1sp_aldrich.json,s102
1677114711.708935000,0,rover_s102_1x1_n2_1fps_1sp_aldrich.json,s102
1677114711.709334000,1,rover_s102_1x1_n2_1fps_1sp_aldrich.json,s102
1677114711.709418000,2,rover_s102_1x1_n2_1fps_1sp_aldrich.json,s102
1677114711.709807000,3,rover_s102_1x1_n2_1fps_1sp_aldrich.json,s102
1677114711.710251000,4,rover_s102_1x1_n2_1fps_1sp_aldrich.json,s102
1677114711.710343000,5,rover_s102_1x1_n2_1fps_1sp_aldrich.json,s102
1677114711.710956000,6,rover_s102_1x1_n2_1fps_1sp_aldrich.json,s102
1677114711.711058000,7,rover_s102_1x1_n2_1fps_1sp_aldrich.json,s102
1677114711.711818000,8,rover_s102_1x1_n2_1fps_1sp_aldrich.json,s102
1677114712.731238000,0,rover_s102_1x1_n2_1fps_1sp_aldrich.json,s102
1677114712.731239000,1,rover_s102_1x1_n2_1fps_1sp_aldrich.json,s102
1677114712.731461000,2,rover_s102_1x1_n2_1fps_1sp_aldrich.json,s102
1677114712.731560000,3,rover_s102_1x1_n2_1fps_1sp_aldrich.json,s102
1677114712.732004000,4,rover_s102_1x1_n2_1fps_1sp_aldrich.json,s102
1677114712.732106000,5,rover_s102_1x1_n2_1fps_1sp_aldrich.json,s102
1677114712.732107000,6,rover_s102_1x1_n2_1fps_1sp_aldrich.json,s102
1677114712.732598000,7,rover_s102_1x1_n2_1fps_1sp_aldrich.json,s102
1677114712.732600000,8,rover_s102_1x1_n2_1fps_1sp_aldrich.json,s102
1677114712.733076000,9,rover_s102_1x1_n2_1fps_1sp_aldrich.json,s102
1677114712.733078000,10,rover_s102_1x1_n2_1fps_1sp_aldrich.json,s102
1677114712.733762000,11,rover_s102_1x1_n2_1fps_1sp_aldrich.json,s102
1677114712.733763000,12,rover_s102_1x1_n2_1fps_1sp_aldrich.json,s102
1677114712.734665000,13,rover_s102_1x1_n2_1fps_1sp_aldrich.json,s102
1677114712.734667000,14,rover_s102_1x1_n2_1fps_1sp_aldrich.json,s102
1677114713.752756000,0,rover_s102_1x1_n2_1fps_1sp_aldrich.json,s102
1677114713.753065000,1,rover_s102_1x1_n2_1fps_1sp_aldrich.json,s102
1677114713.753067000,2,rover_s102_1x1_n2_1fps_1sp_aldrich.json,s102
1677114713.753585000,3,rover_s102_1x1_n2_1fps_1sp_aldrich.json,s102
1677114713.753677000,4,rover_s102_1x1_n2_1fps_1sp_aldrich.json,s102
1677114713.755115000,5,rover_s102_1x1_n2_1fps_1sp_aldrich.json,s102
1677114713.755239000,6,rover_s102_1x1_n2_1fps_1sp_aldrich.json,s102
1677114713.755345000,7,rover_s102_1x1_n2_1fps_1sp_aldrich.json,s102
1677114713.755796000,8,rover_s102_1x1_n2_1fps_1sp_aldrich.json,s102
1677114713.755896000,9,rover_s102_1x1_n2_1fps_1sp_aldrich.json,s102
1677114713.755898000,10,rover_s102_1x1_n2_1fps_1sp_aldrich.json,s102
1677114713.756664000,11,rover_s102_1x1_n2_1fps_1sp_aldrich.json,s102
1677114713.756666000,12,rover_s102_1x1_n2_1fps_1sp_aldrich.json,s102
1677114713.757038000,13,rover_s102_1x1_n2_1fps_1sp_aldrich.json,s102
1677114714.774806000,0,rover_s102_1x1_n2_1fps_1sp_aldrich.json,s102
1677114714.776108000,1,rover_s102_1x1_n2_1fps_1sp_aldrich.json,s102
1677114714.776110000,2,rover_s102_1x1_n2_1fps_1sp_aldrich.json,s102
1677114714.776276000,3,rover_s102_1x1_n2_1fps_1sp_aldrich.json,s102
1677114714.776999000,4,rover_s102_1x1_n2_1fps_1sp_aldrich.json,s102
1677114714.777096000,5,rover_s102_1x1_n2_1fps_1sp_aldrich.json,s102
1677114715.797004000,0,rover_s102_1x1_n2_1fps_1sp_aldrich.json,s102
1677114715.797392000,1,rover_s102_1x1_n2_1fps_1sp_aldrich.json,s102
1677114715.797394000,2,rover_s102_1x1_n2_1fps_1sp_aldrich.json,s102
1677114715.798203000,3,rover_s102_1x1_n2_1fps_1sp_aldrich.json,s102
1677114715.798322000,4,rover_s102_1x1_n2_1fps_1sp_aldrich.json,s102
1677114715.799430000,5,rover_s102_1x1_n2_1fps_1sp_aldrich.json,s102
1677114716.817296000,0,rover_s102_1x1_n2_1fps_1sp_aldrich.json,s102
1677114716.817778000,1,rover_s102_1x1_n2_1fps_1sp_aldrich.json,s102
1677114716.818241000,2,rover_s102_1x1_n2_1fps_1sp_aldrich.json,s102
1677114716.818331000,3,rover_s102_1x1_n2_1fps_1sp_aldrich.json,s102
1677114716.819035000,4,rover_s102_1x1_n2_1fps_1sp_aldrich.json,s102
1677114716.819126000,5,rover_s102_1x1_n2_1fps_1sp_aldrich.json,s102
1677114716.819760000,6,rover_s102_1x1_n2_1fps_1sp_aldrich.json,s102
1677114716.819867000,7,rover_s102_1x1_n2_1fps_1sp_aldrich.json,s102
1677114717.837042000,0,rover_s102_1x1_n2_1fps_1sp_aldrich.json,s102
1677114717.837412000,1,rover_s102_1x1_n2_1fps_1sp_aldrich.json,s102
1677114717.837499000,2,rover_s102_1x1_n2_1fps_1sp_aldrich.json,s102
1677114717.837967000,3,rover_s102_1x1_n2_1fps_1sp_aldrich.json,s102
1677114717.838380000,4,rover_s102_1x1_n2_1fps_1sp_aldrich.json,s102
1677114717.838467000,5,rover_s102_1x1_n2_1fps_1sp_aldrich.json,s102
1677114717.838946000,6,rover_s102_1x1_n2_1fps_1sp_aldrich.json,s102
1677114717.840073000,7,rover_s102_1x1_n2_1fps_1sp_aldrich.json,s102
1677114718.867161000,0,rover_s102_1x1_n2_1fps_1sp_aldrich.json,s102
1677114718.867503000,1,rover_s102_1x1_n2_1fps_1sp_aldrich.json,s102
1677114718.867595000,2,rover_s102_1x1_n2_1fps_1sp_aldrich.json,s102
1677114718.868047000,3,rover_s102_1x1_n2_1fps_1sp_aldrich.json,s102
1677114718.868540000,4,rover_s102_1x1_n2_1fps_1sp_aldrich.json,s102
1677114718.868541000,5,rover_s102_1x1_n2_1fps_1sp_aldrich.json,s102
1677114718.869173000,6,rover_s102_1x1_n2_1fps_1sp_aldrich.json,s102
1677114718.869174000,7,rover_s102_1x1_n2_1fps_1sp_aldrich.json,s102
1677114718.870356000,8,rover_s102_1x1_n2_1fps_1sp_aldrich.json,s102
1677114719.888892000,0,rover_s102_1x1_n2_1fps_1sp_aldrich.json,s102
1677114719.889715000,1,rover_s102_1x1_n2_1fps_1sp_aldrich.json,s102
1677114719.890246000,2,rover_s102_1x1_n2_1fps_1sp_aldrich.json,s102
1677114719.890352000,3,rover_s102_1x1_n2_1fps_1sp_aldrich.json,s102
1677114719.890816000,4,rover_s102_1x1_n2_1fps_1sp_aldrich.json,s102
1677114719.890907000,5,rover_s102_1x1_n2_1fps_1sp_aldrich.json,s102
1677114719.891463000,6,rover_s102_1x1_n2_1fps_1sp_aldrich.json,s102
1677114720.915268000,0,rover_s102_1x1_n2_1fps_1sp_aldrich.json,s102
1677114720.915616000,1,rover_s102_1x1_n2_1fps_1sp_aldrich.json,s102
1677114720.915703000,2,rover_s102_1x1_n2_1fps_1sp_aldrich.json,s102
1677114720.916445000,3,rover_s102_1x1_n2_1fps_1sp_aldrich.json,s102
1677114720.916726000,4,rover_s102_1x1_n2_1fps_1sp_aldrich.json,s102
1677114721.944878000,0,rover_s102_1x1_n2_1fps_1sp_aldrich.json,s102
1677114721.945323000,1,rover_s102_1x1_n2_1fps_1sp_aldrich.json,s102
1677114721.945417000,2,rover_s102_1x1_n2_1fps_1sp_aldrich.json,s102
1677114721.945777000,3,rover_s102_1x1_n2_1fps_1sp_aldrich.json,s102
1677114721.946325000,4,rover_s102_1x1_n2_1fps_1sp_aldrich.json,s102
1677114721.946820000,5,rover_s102_1x1_n2_1fps_1sp_aldrich.json,s102
1677114721.947132000,6,rover_s102_1x1_n2_1fps_1sp_aldrich.json,s102
1677114722.970486000,0,rover_s102_1x1_n2_1fps_1sp_aldrich.json,s102
1677114722.970832000,1,rover_s102_1x1_n2_1fps_1sp_aldrich.json,s102
1677114722.971310000,2,rover_s102_1x1_n2_1fps_1sp_aldrich.json,s102
1677114722.971754000,3,rover_s102_1x1_n2_1fps_1sp_aldrich.json,s102
1677114722.971860000,4,rover_s102_1x1_n2_1fps_1sp_aldrich.json,s102
1677114722.972247000,5,rover_s102_1x1_n2_1fps_1sp_aldrich.json,s102
1677114722.972345000,6,rover_s102_1x1_n2_1fps_1sp_aldrich.json,s102
1677114722.972700000,7,rover_s102_1x1_n2_1fps_1sp_aldrich.json,s102
1677114722.973429000,8,rover_s102_1x1_n2_1fps_1sp_aldrich.json,s102
1677114723.996826000,0,rover_s102_1x1_n2_1fps_1sp_aldrich.json,s102
1677114723.997284000,1,rover_s102_1x1_n2_1fps_1sp_aldrich.json,s102
1677114723.997403000,2,rover_s102_1x1_n2_1fps_1sp_aldrich.json,s102
1677114723.997716000,3,rover_s102_1x1_n2_1fps_1sp_aldrich.json,s102
1677114723.998187000,4,rover_s102_1x1_n2_1fps_1sp_aldrich.json,s102
1677114723.998288000,5,rover_s102_1x1_n2_1fps_1sp_aldrich.json,s102
1677114723.998598000,6,rover_s102_1x1_n2_1fps_1sp_aldrich.json,s102
1677114723.999085000,7,rover_s102_1x1_n2_1fps_1sp_aldrich.json,s102
1677114723.999515000,8,rover_s102_1x1_n2_1fps_1sp_aldrich.json,s102
1677114723.999516000,9,rover_s102_1x1_n2_1fps_1sp_aldrich.json,s102
1677114724.000098000,10,rover_s102_1x1_n2_1fps_1sp_aldrich.json,s102
1677114724.000220000,11,rover_s102_1x1_n2_1fps_1sp_aldrich.json,s102
1677114724.001265000,12,rover_s102_1x1_n2_1fps_1sp_aldrich.json,s102
1677114725.021047000,0,rover_s102_1x1_n2_1fps_1sp_aldrich.json,s102
1677114725.021476000,1,rover_s102_1x1_n2_1fps_1sp_aldrich.json,s102
1677114725.021566000,2,rover_s102_1x1_n2_1fps_1sp_aldrich.json,s102
1677114725.022015000,3,rover_s102_1x1_n2_1fps_1sp_aldrich.json,s102
1677114725.022441000,4,rover_s102_1x1_n2_1fps_1sp_aldrich.json,s102
1677114725.022443000,5,rover_s102_1x1_n2_1fps_1sp_aldrich.json,s102
1677114725.023132000,6,rover_s102_1x1_n2_1fps_1sp_aldrich.json,s102
1677114725.023253000,7,rover_s102_1x1_n2_1fps_1sp_aldrich.json,s102
1677114725.023570000,8,rover_s102_1x1_n2_1fps_1sp_aldrich.json,s102
1677114726.044296000,0,rover_s102_1x1_n2_1fps_1sp_aldrich.json,s102
1677114726.044730000,1,rover_s102_1x1_n2_1fps_1sp_aldrich.json,s102
1677114726.044822000,2,rover_s102_1x1_n2_1fps_1sp_aldrich.json,s102
1677114726.045403000,3,rover_s102_1x1_n2_1fps_1sp_aldrich.json,s102
1677114726.045772000,4,rover_s102_1x1_n2_1fps_1sp_aldrich.json,s102
1677114726.045773000,5,rover_s102_1x1_n2_1fps_1sp_aldrich.json,s102
1677114727.065329000,0,rover_s102_1x1_n2_1fps_1sp_aldrich.json,s102
1677114727.065652000,1,rover_s102_1x1_n2_1fps_1sp_aldrich.json,s102
1677114727.065741000,2,rover_s102_1x1_n2_1fps_1sp_aldrich.json,s102
1677114727.066296000,3,rover_s102_1x1_n2_1fps_1sp_aldrich.json,s102
1677114727.066732000,4,rover_s102_1x1_n2_1fps_1sp_aldrich.json,s102
1677114727.066832000,5,rover_s102_1x1_n2_1fps_1sp_aldrich.json,s102
1677114727.067374000,6,rover_s102_1x1_n2_1fps_1sp_aldrich.json,s102
1677114727.067478000,7,rover_s102_1x1_n2_1fps_1sp_aldrich.json,s102
1677114727.067803000,8,rover_s102_1x1_n2_1fps_1sp_aldrich.json,s102
1677114728.086407000,0,rover_s102_1x1_n2_1fps_1sp_aldrich.json,s102
1677114728.087446000,1,rover_s102_1x1_n2_1fps_1sp_aldrich.json,s102
1677114728.087551000,2,rover_s102_1x1_n2_1fps_1sp_aldrich.json,s102
1677114728.087648000,3,rover_s102_1x1_n2_1fps_1sp_aldrich.json,s102
1677114728.088110000,4,rover_s102_1x1_n2_1fps_1sp_aldrich.json,s102
1677114728.088214000,5,rover_s102_1x1_n2_1fps_1sp_aldrich.json,s102
1677114728.088535000,6,rover_s102_1x1_n2_1fps_1sp_aldrich.json,s102
1677114729.106766000,0,rover_s102_1x1_n2_1fps_1sp_aldrich.json,s102
1677114729.107319000,1,rover_s102_1x1_n2_1fps_1sp_aldrich.json,s102
1677114729.107321000,2,rover_s102_1x1_n2_1fps_1sp_aldrich.json,s102
1677114729.107758000,3,rover_s102_1x1_n2_1fps_1sp_aldrich.json,s102
1677114729.107850000,4,rover_s102_1x1_n2_1fps_1sp_aldrich.json,s102
1677114729.108568000,5,rover_s102_1x1_n2_1fps_1sp_aldrich.json,s102
1677114729.109181000,6,rover_s102_1x1_n2_1fps_1sp_aldrich.json,s102
1677114729.109450000,7,rover_s102_1x1_n2_1fps_1sp_aldrich.json,s102
1677114729.109518000,8,rover_s102_1x1_n2_1fps_1sp_aldrich.json,s102
1677114730.132971000,0,rover_s102_1x1_n2_1fps_1sp_aldrich.json,s102
1677114730.133216000,1,rover_s102_1x1_n2_1fps_1sp_aldrich.json,s102
1677114730.134451000,2,rover_s102_1x1_n2_1fps_1sp_aldrich.json,s102
1677114730.134575000,3,rover_s102_1x1_n2_1fps_1sp_aldrich.json,s102
1677114730.135082000,4,rover_s102_1x1_n2_1fps_1sp_aldrich.json,s102
1677114730.135291000,5,rover_s102_1x1_n2_1fps_1sp_aldrich.json,s102
1677114730.135293000,6,rover_s102_1x1_n2_1fps_1sp_aldrich.json,s102
1677114730.135714000,7,rover_s102_1x1_n2_1fps_1sp_aldrich.json,s102
1677114730.136022000,8,rover_s102_1x1_n2_1fps_1sp_aldrich.json,s102
1677114731.158682000,0,rover_s102_1x1_n2_1fps_1sp_aldrich.json,s102
1677114731.159031000,1,rover_s102_1x1_n2_1fps_1sp_aldrich.json,s102
1677114731.159110000,2,rover_s102_1x1_n2_1fps_1sp_aldrich.json,s102
1677114731.159720000,3,rover_s102_1x1_n2_1fps_1sp_aldrich.json,s102
1677114731.160112000,4,rover_s102_1x1_n2_1fps_1sp_aldrich.json,s102
1677114731.160209000,5,rover_s102_1x1_n2_1fps_1sp_aldrich.json,s102
1677114731.161098000,6,rover_s102_1x1_n2_1fps_1sp_aldrich.json,s102
1677114731.161099000,7,rover_s102_1x1_n2_1fps_1sp_aldrich.json,s102
1677114732.184346000,0,rover_s102_1x1_n2_1fps_1sp_aldrich.json,s102
1677114732.184757000,1,rover_s102_1x1_n2_1fps_1sp_aldrich.json,s102
1677114732.184843000,2,rover_s102_1x1_n2_1fps_1sp_aldrich.json,s102
1677114732.185271000,3,rover_s102_1x1_n2_1fps_1sp_aldrich.json,s102
1677114732.185683000,4,rover_s102_1x1_n2_1fps_1sp_aldrich.json,s102
1677114732.186156000,5,rover_s102_1x1_n2_1fps_1sp_aldrich.json,s102
1677114732.187240000,6,rover_s102_1x1_n2_1fps_1sp_aldrich.json,s102
1677114733.206063000,0,rover_s102_1x1_n2_1fps_1sp_aldrich.json,s102
1677114733.206569000,1,rover_s102_1x1_n2_1fps_1sp_aldrich.json,s102
1677114733.207044000,2,rover_s102_1x1_n2_1fps_1sp_aldrich.json,s102
1677114733.207140000,3,rover_s102_1x1_n2_1fps_1sp_aldrich.json,s102
1677114733.207551000,4,rover_s102_1x1_n2_1fps_1sp_aldrich.json,s102
1677114733.207936000,5,rover_s102_1x1_n2_1fps_1sp_aldrich.json,s102
1677114733.208036000,6,rover_s102_1x1_n2_1fps_1sp_aldrich.json,s102
1677114733.208694000,7,rover_s102_1x1_n2_1fps_1sp_aldrich.json,s102
1677114733.208820000,8,rover_s102_1x1_n2_1fps_1sp_aldrich.json,s102
1677114733.209129000,9,rover_s102_1x1_n2_1fps_1sp_aldrich.json,s102
1677114734.225781000,0,rover_s102_1x1_n2_1fps_1sp_aldrich.json,s102
1677114734.226224000,1,rover_s102_1x1_n2_1fps_1sp_aldrich.json,s102
1677114734.226670000,2,rover_s102_1x1_n2_1fps_1sp_aldrich.json,s102
1677114734.226758000,3,rover_s102_1x1_n2_1fps_1sp_aldrich.json,s102
1677114734.227380000,4,rover_s102_1x1_n2_1fps_1sp_aldrich.json,s102
1677114734.227483000,5,rover_s102_1x1_n2_1fps_1sp_aldrich.json,s102
1677114734.228201000,6,rover_s102_1x1_n2_1fps_1sp_aldrich.json,s102
1677114735.247889000,0,rover_s102_1x1_n2_1fps_1sp_aldrich.json,s102
1677114735.247891000,1,rover_s102_1x1_n2_1fps_1sp_aldrich.json,s102
1677114735.248342000,2,rover_s102_1x1_n2_1fps_1sp_aldrich.json,s102
1677114735.248818000,3,rover_s102_1x1_n2_1fps_1sp_aldrich.json,s102
1677114735.248915000,4,rover_s102_1x1_n2_1fps_1sp_aldrich.json,s102
1677114735.249514000,5,rover_s102_1x1_n2_1fps_1sp_aldrich.json,s102
1677114735.249622000,6,rover_s102_1x1_n2_1fps_1sp_aldrich.json,s102
1677114735.249979000,7,rover_s102_1x1_n2_1fps_1sp_aldrich.json,s102
1677114736.266052000,0,rover_s102_1x1_n2_1fps_1sp_aldrich.json,s102
1677114736.266480000,1,rover_s102_1x1_n2_1fps_1sp_aldrich.json,s102
1677114736.266572000,2,rover_s102_1x1_n2_1fps_1sp_aldrich.json,s102
1677114736.267635000,3,rover_s102_1x1_n2_1fps_1sp_aldrich.json,s102
1677114737.290816000,0,rover_s102_1x1_n2_1fps_1sp_aldrich.json,s102
1677114737.291221000,1,rover_s102_1x1_n2_1fps_1sp_aldrich.json,s102
1677114737.291644000,2,rover_s102_1x1_n2_1fps_1sp_aldrich.json,s102
1677114737.291645000,3,rover_s102_1x1_n2_1fps_1sp_aldrich.json,s102
1677114737.292232000,4,rover_s102_1x1_n2_1fps_1sp_aldrich.json,s102
1677114737.292353000,5,rover_s102_1x1_n2_1fps_1sp_aldrich.json,s102
1677114737.292935000,6,rover_s102_1x1_n2_1fps_1sp_aldrich.json,s102
1677114737.293044000,7,rover_s102_1x1_n2_1fps_1sp_aldrich.json,s102
1677114737.294213000,8,rover_s102_1x1_n2_1fps_1sp_aldrich.json,s102
1677114738.316136000,0,rover_s102_1x1_n2_1fps_1sp_aldrich.json,s102
1677114738.316542000,1,rover_s102_1x1_n2_1fps_1sp_aldrich.json,s102
1677114738.316623000,2,rover_s102_1x1_n2_1fps_1sp_aldrich.json,s102
1677114738.316927000,3,rover_s102_1x1_n2_1fps_1sp_aldrich.json,s102
1677114738.317428000,4,rover_s102_1x1_n2_1fps_1sp_aldrich.json,s102
1677114738.317522000,5,rover_s102_1x1_n2_1fps_1sp_aldrich.json,s102
1677114738.318106000,6,rover_s102_1x1_n2_1fps_1sp_aldrich.json,s102
1677114738.318212000,7,rover_s102_1x1_n2_1fps_1sp_aldrich.json,s102
1677114738.319593000,8,rover_s102_1x1_n2_1fps_1sp_aldrich.json,s102
1677114739.347230000,0,rover_s102_1x1_n2_1fps_1sp_aldrich.json,s102
1677114739.347646000,1,rover_s102_1x1_n2_1fps_1sp_aldrich.json,s102
1677114739.347733000,2,rover_s102_1x1_n2_1fps_1sp_aldrich.json,s102
1677114739.348122000,3,rover_s102_1x1_n2_1fps_1sp_aldrich.json,s102
1677114739.348744000,4,rover_s102_1x1_n2_1fps_1sp_aldrich.json,s102
1677114739.348746000,5,rover_s102_1x1_n2_1fps_1sp_aldrich.json,s102
1677114739.349148000,6,rover_s102_1x1_n2_1fps_1sp_aldrich.json,s102
1677114739.349246000,7,rover_s102_1x1_n2_1fps_1sp_aldrich.json,s102
1677114739.349921000,8,rover_s102_1x1_n2_1fps_1sp_aldrich.json,s102
1677114739.350289000,9,rover_s102_1x1_n2_1fps_1sp_aldrich.json,s102
1677114739.350291000,10,rover_s102_1x1_n2_1fps_1sp_aldrich.json,s102
1677114740.371059000,0,rover_s102_1x1_n2_1fps_1sp_aldrich.json,s102
1677114740.371524000,1,rover_s102_1x1_n2_1fps_1sp_aldrich.json,s102
1677114740.371910000,2,rover_s102_1x1_n2_1fps_1sp_aldrich.json,s102
1677114740.372515000,3,rover_s102_1x1_n2_1fps_1sp_aldrich.json,s102
1677114740.372628000,4,rover_s102_1x1_n2_1fps_1sp_aldrich.json,s102
1677114740.373442000,5,rover_s102_1x1_n2_1fps_1sp_aldrich.json,s102
1677114741.392050000,0,rover_s102_1x1_n2_1fps_1sp_aldrich.json,s102
1677114741.392452000,1,rover_s102_1x1_n2_1fps_1sp_aldrich.json,s102
1677114741.392946000,2,rover_s102_1x1_n2_1fps_1sp_aldrich.json,s102
1677114741.393336000,3,rover_s102_1x1_n2_1fps_1sp_aldrich.json,s102
1677114742.413382000,0,rover_s102_1x1_n2_1fps_1sp_aldrich.json,s102
1677114742.413790000,1,rover_s102_1x1_n2_1fps_1sp_aldrich.json,s102
1677114742.414172000,2,rover_s102_1x1_n2_1fps_1sp_aldrich.json,s102
1677114743.434909000,0,rover_s102_1x1_n2_1fps_1sp_aldrich.json,s102
1677114743.435259000,1,rover_s102_1x1_n2_1fps_1sp_aldrich.json,s102
1677114743.435717000,2,rover_s102_1x1_n2_1fps_1sp_aldrich.json,s102
1677114743.436243000,3,rover_s102_1x1_n2_1fps_1sp_aldrich.json,s102
1677114743.436640000,4,rover_s102_1x1_n2_1fps_1sp_aldrich.json,s102
1677114744.459514000,0,rover_s102_1x1_n2_1fps_1sp_aldrich.json,s102
1677114744.459835000,1,rover_s102_1x1_n2_1fps_1sp_aldrich.json,s102
1677114744.460317000,2,rover_s102_1x1_n2_1fps_1sp_aldrich.json,s102
1677114744.460780000,3,rover_s102_1x1_n2_1fps_1sp_aldrich.json,s102
1677114744.460868000,4,rover_s102_1x1_n2_1fps_1sp_aldrich.json,s102
1677114744.461500000,5,rover_s102_1x1_n2_1fps_1sp_aldrich.json,s102
1677114744.461829000,6,rover_s102_1x1_n2_1fps_1sp_aldrich.json,s102
1677114744.461830000,7,rover_s102_1x1_n2_1fps_1sp_aldrich.json,s102
1677114745.479979000,0,rover_s102_1x1_n2_1fps_1sp_aldrich.json,s102
1677114745.480320000,1,rover_s102_1x1_n2_1fps_1sp_aldrich.json,s102
1677114745.480968000,2,rover_s102_1x1_n2_1fps_1sp_aldrich.json,s102
1677114745.481432000,3,rover_s102_1x1_n2_1fps_1sp_aldrich.json,s102
1677114745.481434000,4,rover_s102_1x1_n2_1fps_1sp_aldrich.json,s102
1677114745.481582000,5,rover_s102_1x1_n2_1fps_1sp_aldrich.json,s102
1677114745.482072000,6,rover_s102_1x1_n2_1fps_1sp_aldrich.json,s102
1677114745.482177000,7,rover_s102_1x1_n2_1fps_1sp_aldrich.json,s102
1677114745.482456000,8,rover_s102_1x1_n2_1fps_1sp_aldrich.json,s102
1677114746.501844000,0,rover_s102_1x1_n2_1fps_1sp_aldrich.json,s102
1677114746.502266000,1,rover_s102_1x1_n2_1fps_1sp_aldrich.json,s102
1677114746.502355000,2,rover_s102_1x1_n2_1fps_1sp_aldrich.json,s102
1677114746.502826000,3,rover_s102_1x1_n2_1fps_1sp_aldrich.json,s102
1677114746.502932000,4,rover_s102_1x1_n2_1fps_1sp_aldrich.json,s102
1677114746.503390000,5,rover_s102_1x1_n2_1fps_1sp_aldrich.json,s102
1677114746.503499000,6,rover_s102_1x1_n2_1fps_1sp_aldrich.json,s102
1677114746.504053000,7,rover_s102_1x1_n2_1fps_1sp_aldrich.json,s102
1677114746.504164000,8,rover_s102_1x1_n2_1fps_1sp_aldrich.json,s102
1677114746.504609000,9,rover_s102_1x1_n2_1fps_1sp_aldrich.json,s102
1677114746.504714000,10,rover_s102_1x1_n2_1fps_1sp_aldrich.json,s102
1677114747.527129000,0,rover_s102_1x1_n2_1fps_1sp_aldrich.json,s102
1677114747.528074000,1,rover_s102_1x1_n2_1fps_1sp_aldrich.json,s102
1677114747.529105000,2,rover_s102_1x1_n2_1fps_1sp_aldrich.json,s102
