Timestamp,Packet,Scenario,Type
1687800301.803320000,0,rover_s102_3x3_n1_1fps_1sp_bb.json,s102
1687800301.803690000,1,rover_s102_3x3_n1_1fps_1sp_bb.json,s102
1687800301.804900000,2,rover_s102_3x3_n1_1fps_1sp_bb.json,s102
1687800301.804902000,3,rover_s102_3x3_n1_1fps_1sp_bb.json,s102
1687800301.805038000,4,rover_s102_3x3_n1_1fps_1sp_bb.json,s102
1687800301.805155000,5,rover_s102_3x3_n1_1fps_1sp_bb.json,s102
1687800301.805296000,6,rover_s102_3x3_n1_1fps_1sp_bb.json,s102
1687800301.805939000,7,rover_s102_3x3_n1_1fps_1sp_bb.json,s102
1687800301.806041000,8,rover_s102_3x3_n1_1fps_1sp_bb.json,s102
1687800301.806131000,9,rover_s102_3x3_n1_1fps_1sp_bb.json,s102
1687800302.830172000,0,rover_s102_3x3_n1_1fps_1sp_bb.json,s102
1687800302.830379000,1,rover_s102_3x3_n1_1fps_1sp_bb.json,s102
1687800302.830536000,2,rover_s102_3x3_n1_1fps_1sp_bb.json,s102
1687800302.830791000,3,rover_s102_3x3_n1_1fps_1sp_bb.json,s102
1687800302.830885000,4,rover_s102_3x3_n1_1fps_1sp_bb.json,s102
1687800302.830987000,5,rover_s102_3x3_n1_1fps_1sp_bb.json,s102
1687800302.831086000,6,rover_s102_3x3_n1_1fps_1sp_bb.json,s102
1687800302.832066000,7,rover_s102_3x3_n1_1fps_1sp_bb.json,s102
1687800302.832180000,8,rover_s102_3x3_n1_1fps_1sp_bb.json,s102
1687800303.851396000,0,rover_s102_3x3_n1_1fps_1sp_bb.json,s102
1687800303.851600000,1,rover_s102_3x3_n1_1fps_1sp_bb.json,s102
1687800303.851702000,2,rover_s102_3x3_n1_1fps_1sp_bb.json,s102
1687800303.852284000,3,rover_s102_3x3_n1_1fps_1sp_bb.json,s102
1687800303.852387000,4,rover_s102_3x3_n1_1fps_1sp_bb.json,s102
1687800303.852388000,5,rover_s102_3x3_n1_1fps_1sp_bb.json,s102
1687800303.852530000,6,rover_s102_3x3_n1_1fps_1sp_bb.json,s102
1687800303.853101000,7,rover_s102_3x3_n1_1fps_1sp_bb.json,s102
1687800303.853230000,8,rover_s102_3x3_n1_1fps_1sp_bb.json,s102
1687800303.854234000,9,rover_s102_3x3_n1_1fps_1sp_bb.json,s102
1687800304.876909000,0,rover_s102_3x3_n1_1fps_1sp_bb.json,s102
1687800304.877347000,1,rover_s102_3x3_n1_1fps_1sp_bb.json,s102
1687800304.878700000,2,rover_s102_3x3_n1_1fps_1sp_bb.json,s102
1687800304.878702000,3,rover_s102_3x3_n1_1fps_1sp_bb.json,s102
1687800304.878848000,4,rover_s102_3x3_n1_1fps_1sp_bb.json,s102
1687800304.878969000,5,rover_s102_3x3_n1_1fps_1sp_bb.json,s102
1687800304.879083000,6,rover_s102_3x3_n1_1fps_1sp_bb.json,s102
1687800304.879166000,7,rover_s102_3x3_n1_1fps_1sp_bb.json,s102
1687800304.879868000,8,rover_s102_3x3_n1_1fps_1sp_bb.json,s102
1687800304.880185000,9,rover_s102_3x3_n1_1fps_1sp_bb.json,s102
1687800304.880187000,10,rover_s102_3x3_n1_1fps_1sp_bb.json,s102
1687800304.881250000,11,rover_s102_3x3_n1_1fps_1sp_bb.json,s102
1687800304.881375000,12,rover_s102_3x3_n1_1fps_1sp_bb.json,s102
1687800304.882010000,13,rover_s102_3x3_n1_1fps_1sp_bb.json,s102
1687800305.905576000,0,rover_s102_3x3_n1_1fps_1sp_bb.json,s102
1687800305.905784000,1,rover_s102_3x3_n1_1fps_1sp_bb.json,s102
1687800305.905875000,2,rover_s102_3x3_n1_1fps_1sp_bb.json,s102
1687800305.906211000,3,rover_s102_3x3_n1_1fps_1sp_bb.json,s102
1687800305.906305000,4,rover_s102_3x3_n1_1fps_1sp_bb.json,s102
1687800305.906391000,5,rover_s102_3x3_n1_1fps_1sp_bb.json,s102
1687800305.907224000,6,rover_s102_3x3_n1_1fps_1sp_bb.json,s102
1687800305.907331000,7,rover_s102_3x3_n1_1fps_1sp_bb.json,s102
1687800305.907769000,8,rover_s102_3x3_n1_1fps_1sp_bb.json,s102
1687800305.907877000,9,rover_s102_3x3_n1_1fps_1sp_bb.json,s102
1687800305.908642000,10,rover_s102_3x3_n1_1fps_1sp_bb.json,s102
1687800305.908768000,11,rover_s102_3x3_n1_1fps_1sp_bb.json,s102
1687800305.909183000,12,rover_s102_3x3_n1_1fps_1sp_bb.json,s102
1687800305.909185000,13,rover_s102_3x3_n1_1fps_1sp_bb.json,s102
1687800305.909303000,14,rover_s102_3x3_n1_1fps_1sp_bb.json,s102
1687800305.910761000,15,rover_s102_3x3_n1_1fps_1sp_bb.json,s102
1687800305.910897000,16,rover_s102_3x3_n1_1fps_1sp_bb.json,s102
1687800305.911722000,17,rover_s102_3x3_n1_1fps_1sp_bb.json,s102
1687800306.933799000,0,rover_s102_3x3_n1_1fps_1sp_bb.json,s102
1687800306.934010000,1,rover_s102_3x3_n1_1fps_1sp_bb.json,s102
1687800306.934544000,2,rover_s102_3x3_n1_1fps_1sp_bb.json,s102
1687800306.934643000,3,rover_s102_3x3_n1_1fps_1sp_bb.json,s102
1687800306.934736000,4,rover_s102_3x3_n1_1fps_1sp_bb.json,s102
1687800306.935154000,5,rover_s102_3x3_n1_1fps_1sp_bb.json,s102
1687800306.935274000,6,rover_s102_3x3_n1_1fps_1sp_bb.json,s102
1687800306.935884000,7,rover_s102_3x3_n1_1fps_1sp_bb.json,s102
1687800306.935991000,8,rover_s102_3x3_n1_1fps_1sp_bb.json,s102
1687800307.957611000,0,rover_s102_3x3_n1_1fps_1sp_bb.json,s102
1687800307.957984000,1,rover_s102_3x3_n1_1fps_1sp_bb.json,s102
1687800307.959248000,2,rover_s102_3x3_n1_1fps_1sp_bb.json,s102
1687800307.959249000,3,rover_s102_3x3_n1_1fps_1sp_bb.json,s102
1687800307.959426000,4,rover_s102_3x3_n1_1fps_1sp_bb.json,s102
1687800307.959560000,5,rover_s102_3x3_n1_1fps_1sp_bb.json,s102
1687800307.959698000,6,rover_s102_3x3_n1_1fps_1sp_bb.json,s102
1687800307.959778000,7,rover_s102_3x3_n1_1fps_1sp_bb.json,s102
1687800307.960163000,8,rover_s102_3x3_n1_1fps_1sp_bb.json,s102
1687800307.960260000,9,rover_s102_3x3_n1_1fps_1sp_bb.json,s102
1687800308.980814000,0,rover_s102_3x3_n1_1fps_1sp_bb.json,s102
1687800308.981039000,1,rover_s102_3x3_n1_1fps_1sp_bb.json,s102
1687800308.981996000,2,rover_s102_3x3_n1_1fps_1sp_bb.json,s102
1687800308.981997000,3,rover_s102_3x3_n1_1fps_1sp_bb.json,s102
1687800308.982096000,4,rover_s102_3x3_n1_1fps_1sp_bb.json,s102
1687800308.982187000,5,rover_s102_3x3_n1_1fps_1sp_bb.json,s102
1687800308.982276000,6,rover_s102_3x3_n1_1fps_1sp_bb.json,s102
1687800308.982580000,7,rover_s102_3x3_n1_1fps_1sp_bb.json,s102
1687800308.982682000,8,rover_s102_3x3_n1_1fps_1sp_bb.json,s102
1687800308.983295000,9,rover_s102_3x3_n1_1fps_1sp_bb.json,s102
1687800308.984282000,10,rover_s102_3x3_n1_1fps_1sp_bb.json,s102
1687800310.005977000,0,rover_s102_3x3_n1_1fps_1sp_bb.json,s102
1687800310.006191000,1,rover_s102_3x3_n1_1fps_1sp_bb.json,s102
1687800310.006791000,2,rover_s102_3x3_n1_1fps_1sp_bb.json,s102
1687800310.006943000,3,rover_s102_3x3_n1_1fps_1sp_bb.json,s102
1687800310.007448000,4,rover_s102_3x3_n1_1fps_1sp_bb.json,s102
1687800310.007548000,5,rover_s102_3x3_n1_1fps_1sp_bb.json,s102
1687800310.007549000,6,rover_s102_3x3_n1_1fps_1sp_bb.json,s102
1687800310.007669000,7,rover_s102_3x3_n1_1fps_1sp_bb.json,s102
1687800310.008866000,8,rover_s102_3x3_n1_1fps_1sp_bb.json,s102
1687800311.029860000,0,rover_s102_3x3_n1_1fps_1sp_bb.json,s102
1687800311.030740000,1,rover_s102_3x3_n1_1fps_1sp_bb.json,s102
1687800311.031790000,2,rover_s102_3x3_n1_1fps_1sp_bb.json,s102
1687800311.031897000,3,rover_s102_3x3_n1_1fps_1sp_bb.json,s102
1687800311.032009000,4,rover_s102_3x3_n1_1fps_1sp_bb.json,s102
1687800311.033406000,5,rover_s102_3x3_n1_1fps_1sp_bb.json,s102
1687800311.033512000,6,rover_s102_3x3_n1_1fps_1sp_bb.json,s102
1687800311.033513000,7,rover_s102_3x3_n1_1fps_1sp_bb.json,s102
1687800311.033636000,8,rover_s102_3x3_n1_1fps_1sp_bb.json,s102
1687800312.060283000,0,rover_s102_3x3_n1_1fps_1sp_bb.json,s102
1687800312.060549000,1,rover_s102_3x3_n1_1fps_1sp_bb.json,s102
1687800312.060827000,2,rover_s102_3x3_n1_1fps_1sp_bb.json,s102
1687800312.060931000,3,rover_s102_3x3_n1_1fps_1sp_bb.json,s102
1687800312.061440000,4,rover_s102_3x3_n1_1fps_1sp_bb.json,s102
1687800312.061534000,5,rover_s102_3x3_n1_1fps_1sp_bb.json,s102
1687800312.061852000,6,rover_s102_3x3_n1_1fps_1sp_bb.json,s102
1687800312.063358000,7,rover_s102_3x3_n1_1fps_1sp_bb.json,s102
1687800312.063360000,8,rover_s102_3x3_n1_1fps_1sp_bb.json,s102
1687800313.084223000,0,rover_s102_3x3_n1_1fps_1sp_bb.json,s102
1687800313.084456000,1,rover_s102_3x3_n1_1fps_1sp_bb.json,s102
1687800313.084954000,2,rover_s102_3x3_n1_1fps_1sp_bb.json,s102
1687800313.085056000,3,rover_s102_3x3_n1_1fps_1sp_bb.json,s102
1687800313.085151000,4,rover_s102_3x3_n1_1fps_1sp_bb.json,s102
1687800313.085697000,5,rover_s102_3x3_n1_1fps_1sp_bb.json,s102
1687800313.085808000,6,rover_s102_3x3_n1_1fps_1sp_bb.json,s102
1687800313.086154000,7,rover_s102_3x3_n1_1fps_1sp_bb.json,s102
1687800313.086247000,8,rover_s102_3x3_n1_1fps_1sp_bb.json,s102
1687800314.111915000,0,rover_s102_3x3_n1_1fps_1sp_bb.json,s102
1687800314.112277000,1,rover_s102_3x3_n1_1fps_1sp_bb.json,s102
1687800314.113647000,2,rover_s102_3x3_n1_1fps_1sp_bb.json,s102
1687800314.113648000,3,rover_s102_3x3_n1_1fps_1sp_bb.json,s102
1687800314.113796000,4,rover_s102_3x3_n1_1fps_1sp_bb.json,s102
1687800314.114477000,5,rover_s102_3x3_n1_1fps_1sp_bb.json,s102
1687800314.114552000,6,rover_s102_3x3_n1_1fps_1sp_bb.json,s102
1687800315.139143000,0,rover_s102_3x3_n1_1fps_1sp_bb.json,s102
1687800315.139144000,1,rover_s102_3x3_n1_1fps_1sp_bb.json,s102
1687800315.139786000,2,rover_s102_3x3_n1_1fps_1sp_bb.json,s102
1687800315.139788000,3,rover_s102_3x3_n1_1fps_1sp_bb.json,s102
1687800315.139913000,4,rover_s102_3x3_n1_1fps_1sp_bb.json,s102
1687800315.140603000,5,rover_s102_3x3_n1_1fps_1sp_bb.json,s102
1687800315.140707000,6,rover_s102_3x3_n1_1fps_1sp_bb.json,s102
1687800315.140818000,7,rover_s102_3x3_n1_1fps_1sp_bb.json,s102
1687800315.141052000,8,rover_s102_3x3_n1_1fps_1sp_bb.json,s102
1687800315.141053000,9,rover_s102_3x3_n1_1fps_1sp_bb.json,s102
1687800315.141179000,10,rover_s102_3x3_n1_1fps_1sp_bb.json,s102
1687800315.141910000,11,rover_s102_3x3_n1_1fps_1sp_bb.json,s102
1687800315.142449000,12,rover_s102_3x3_n1_1fps_1sp_bb.json,s102
1687800315.142451000,13,rover_s102_3x3_n1_1fps_1sp_bb.json,s102
1687800315.142584000,14,rover_s102_3x3_n1_1fps_1sp_bb.json,s102
1687800315.143228000,15,rover_s102_3x3_n1_1fps_1sp_bb.json,s102
1687800315.143328000,16,rover_s102_3x3_n1_1fps_1sp_bb.json,s102
1687800315.144070000,17,rover_s102_3x3_n1_1fps_1sp_bb.json,s102
1687800315.144708000,18,rover_s102_3x3_n1_1fps_1sp_bb.json,s102
1687800316.167785000,0,rover_s102_3x3_n1_1fps_1sp_bb.json,s102
1687800316.168011000,1,rover_s102_3x3_n1_1fps_1sp_bb.json,s102
1687800316.168134000,2,rover_s102_3x3_n1_1fps_1sp_bb.json,s102
1687800316.168247000,3,rover_s102_3x3_n1_1fps_1sp_bb.json,s102
1687800316.168525000,4,rover_s102_3x3_n1_1fps_1sp_bb.json,s102
1687800316.168526000,5,rover_s102_3x3_n1_1fps_1sp_bb.json,s102
1687800316.168720000,6,rover_s102_3x3_n1_1fps_1sp_bb.json,s102
1687800317.190596000,0,rover_s102_3x3_n1_1fps_1sp_bb.json,s102
1687800317.190919000,1,rover_s102_3x3_n1_1fps_1sp_bb.json,s102
1687800317.192136000,2,rover_s102_3x3_n1_1fps_1sp_bb.json,s102
1687800317.192138000,3,rover_s102_3x3_n1_1fps_1sp_bb.json,s102
1687800317.192256000,4,rover_s102_3x3_n1_1fps_1sp_bb.json,s102
1687800317.192374000,5,rover_s102_3x3_n1_1fps_1sp_bb.json,s102
1687800317.192495000,6,rover_s102_3x3_n1_1fps_1sp_bb.json,s102
1687800317.192590000,7,rover_s102_3x3_n1_1fps_1sp_bb.json,s102
1687800317.193136000,8,rover_s102_3x3_n1_1fps_1sp_bb.json,s102
1687800317.193246000,9,rover_s102_3x3_n1_1fps_1sp_bb.json,s102
1687800318.212977000,0,rover_s102_3x3_n1_1fps_1sp_bb.json,s102
1687800318.213171000,1,rover_s102_3x3_n1_1fps_1sp_bb.json,s102
1687800318.213172000,2,rover_s102_3x3_n1_1fps_1sp_bb.json,s102
1687800318.213314000,3,rover_s102_3x3_n1_1fps_1sp_bb.json,s102
1687800318.213637000,4,rover_s102_3x3_n1_1fps_1sp_bb.json,s102
1687800318.213732000,5,rover_s102_3x3_n1_1fps_1sp_bb.json,s102
1687800318.214969000,6,rover_s102_3x3_n1_1fps_1sp_bb.json,s102
1687800318.215074000,7,rover_s102_3x3_n1_1fps_1sp_bb.json,s102
1687800318.215075000,8,rover_s102_3x3_n1_1fps_1sp_bb.json,s102
1687800318.215263000,9,rover_s102_3x3_n1_1fps_1sp_bb.json,s102
1687800319.239729000,0,rover_s102_3x3_n1_1fps_1sp_bb.json,s102
1687800319.239935000,1,rover_s102_3x3_n1_1fps_1sp_bb.json,s102
1687800319.240026000,2,rover_s102_3x3_n1_1fps_1sp_bb.json,s102
1687800319.240591000,3,rover_s102_3x3_n1_1fps_1sp_bb.json,s102
1687800319.240687000,4,rover_s102_3x3_n1_1fps_1sp_bb.json,s102
1687800319.240776000,5,rover_s102_3x3_n1_1fps_1sp_bb.json,s102
1687800319.241139000,6,rover_s102_3x3_n1_1fps_1sp_bb.json,s102
1687800319.241244000,7,rover_s102_3x3_n1_1fps_1sp_bb.json,s102
1687800319.241708000,8,rover_s102_3x3_n1_1fps_1sp_bb.json,s102
1687800319.241817000,9,rover_s102_3x3_n1_1fps_1sp_bb.json,s102
1687800320.261060000,0,rover_s102_3x3_n1_1fps_1sp_bb.json,s102
1687800320.261451000,1,rover_s102_3x3_n1_1fps_1sp_bb.json,s102
1687800320.262706000,2,rover_s102_3x3_n1_1fps_1sp_bb.json,s102
1687800320.262708000,3,rover_s102_3x3_n1_1fps_1sp_bb.json,s102
1687800320.262873000,4,rover_s102_3x3_n1_1fps_1sp_bb.json,s102
1687800320.263023000,5,rover_s102_3x3_n1_1fps_1sp_bb.json,s102
1687800320.263149000,6,rover_s102_3x3_n1_1fps_1sp_bb.json,s102
1687800320.263237000,7,rover_s102_3x3_n1_1fps_1sp_bb.json,s102
1687800320.263789000,8,rover_s102_3x3_n1_1fps_1sp_bb.json,s102
1687800320.263890000,9,rover_s102_3x3_n1_1fps_1sp_bb.json,s102
1687800321.285554000,0,rover_s102_3x3_n1_1fps_1sp_bb.json,s102
1687800321.285782000,1,rover_s102_3x3_n1_1fps_1sp_bb.json,s102
1687800321.285896000,2,rover_s102_3x3_n1_1fps_1sp_bb.json,s102
1687800321.286373000,3,rover_s102_3x3_n1_1fps_1sp_bb.json,s102
1687800321.286814000,4,rover_s102_3x3_n1_1fps_1sp_bb.json,s102
1687800321.286815000,5,rover_s102_3x3_n1_1fps_1sp_bb.json,s102
1687800321.286952000,6,rover_s102_3x3_n1_1fps_1sp_bb.json,s102
1687800321.287573000,7,rover_s102_3x3_n1_1fps_1sp_bb.json,s102
1687800321.287686000,8,rover_s102_3x3_n1_1fps_1sp_bb.json,s102
1687800321.288024000,9,rover_s102_3x3_n1_1fps_1sp_bb.json,s102
1687800321.288116000,10,rover_s102_3x3_n1_1fps_1sp_bb.json,s102
1687800322.311646000,0,rover_s102_3x3_n1_1fps_1sp_bb.json,s102
1687800322.311845000,1,rover_s102_3x3_n1_1fps_1sp_bb.json,s102
1687800322.312388000,2,rover_s102_3x3_n1_1fps_1sp_bb.json,s102
1687800322.312484000,3,rover_s102_3x3_n1_1fps_1sp_bb.json,s102
1687800322.313076000,4,rover_s102_3x3_n1_1fps_1sp_bb.json,s102
1687800322.313078000,5,rover_s102_3x3_n1_1fps_1sp_bb.json,s102
1687800322.314192000,6,rover_s102_3x3_n1_1fps_1sp_bb.json,s102
1687800323.333708000,0,rover_s102_3x3_n1_1fps_1sp_bb.json,s102
1687800323.334086000,1,rover_s102_3x3_n1_1fps_1sp_bb.json,s102
1687800323.335446000,2,rover_s102_3x3_n1_1fps_1sp_bb.json,s102
1687800323.335448000,3,rover_s102_3x3_n1_1fps_1sp_bb.json,s102
1687800323.335566000,4,rover_s102_3x3_n1_1fps_1sp_bb.json,s102
1687800323.336042000,5,rover_s102_3x3_n1_1fps_1sp_bb.json,s102
1687800323.336044000,6,rover_s102_3x3_n1_1fps_1sp_bb.json,s102
1687800324.361872000,0,rover_s102_3x3_n1_1fps_1sp_bb.json,s102
1687800324.361874000,1,rover_s102_3x3_n1_1fps_1sp_bb.json,s102
1687800324.362092000,2,rover_s102_3x3_n1_1fps_1sp_bb.json,s102
1687800324.362208000,3,rover_s102_3x3_n1_1fps_1sp_bb.json,s102
1687800324.362324000,4,rover_s102_3x3_n1_1fps_1sp_bb.json,s102
1687800324.362411000,5,rover_s102_3x3_n1_1fps_1sp_bb.json,s102
1687800324.362790000,6,rover_s102_3x3_n1_1fps_1sp_bb.json,s102
1687800324.362887000,7,rover_s102_3x3_n1_1fps_1sp_bb.json,s102
1687800324.364266000,8,rover_s102_3x3_n1_1fps_1sp_bb.json,s102
1687800324.364379000,9,rover_s102_3x3_n1_1fps_1sp_bb.json,s102
1687800324.364470000,10,rover_s102_3x3_n1_1fps_1sp_bb.json,s102
1687800324.364940000,11,rover_s102_3x3_n1_1fps_1sp_bb.json,s102
1687800324.368034000,12,rover_s102_3x3_n1_1fps_1sp_bb.json,s102
1687800324.368211000,13,rover_s102_3x3_n1_1fps_1sp_bb.json,s102
1687800324.368859000,14,rover_s102_3x3_n1_1fps_1sp_bb.json,s102
1687800324.368860000,15,rover_s102_3x3_n1_1fps_1sp_bb.json,s102
1687800325.390715000,0,rover_s102_3x3_n1_1fps_1sp_bb.json,s102
1687800325.390908000,1,rover_s102_3x3_n1_1fps_1sp_bb.json,s102
1687800325.390909000,2,rover_s102_3x3_n1_1fps_1sp_bb.json,s102
1687800325.391036000,3,rover_s102_3x3_n1_1fps_1sp_bb.json,s102
1687800325.391291000,4,rover_s102_3x3_n1_1fps_1sp_bb.json,s102
1687800325.391389000,5,rover_s102_3x3_n1_1fps_1sp_bb.json,s102
1687800325.392217000,6,rover_s102_3x3_n1_1fps_1sp_bb.json,s102
1687800325.392344000,7,rover_s102_3x3_n1_1fps_1sp_bb.json,s102
1687800325.393305000,8,rover_s102_3x3_n1_1fps_1sp_bb.json,s102
1687800325.393307000,9,rover_s102_3x3_n1_1fps_1sp_bb.json,s102
1687800326.416371000,0,rover_s102_3x3_n1_1fps_1sp_bb.json,s102
1687800326.416799000,1,rover_s102_3x3_n1_1fps_1sp_bb.json,s102
1687800326.418133000,2,rover_s102_3x3_n1_1fps_1sp_bb.json,s102
1687800326.418135000,3,rover_s102_3x3_n1_1fps_1sp_bb.json,s102
1687800326.418301000,4,rover_s102_3x3_n1_1fps_1sp_bb.json,s102
1687800326.418448000,5,rover_s102_3x3_n1_1fps_1sp_bb.json,s102
1687800326.418571000,6,rover_s102_3x3_n1_1fps_1sp_bb.json,s102
1687800327.438709000,0,rover_s102_3x3_n1_1fps_1sp_bb.json,s102
1687800327.438710000,1,rover_s102_3x3_n1_1fps_1sp_bb.json,s102
1687800327.438937000,2,rover_s102_3x3_n1_1fps_1sp_bb.json,s102
1687800327.439083000,3,rover_s102_3x3_n1_1fps_1sp_bb.json,s102
1687800327.439760000,4,rover_s102_3x3_n1_1fps_1sp_bb.json,s102
1687800327.439761000,5,rover_s102_3x3_n1_1fps_1sp_bb.json,s102
1687800327.439927000,6,rover_s102_3x3_n1_1fps_1sp_bb.json,s102
1687800327.440038000,7,rover_s102_3x3_n1_1fps_1sp_bb.json,s102
1687800327.441313000,8,rover_s102_3x3_n1_1fps_1sp_bb.json,s102
1687800327.442362000,9,rover_s102_3x3_n1_1fps_1sp_bb.json,s102
1687800328.462902000,0,rover_s102_3x3_n1_1fps_1sp_bb.json,s102
1687800328.463108000,1,rover_s102_3x3_n1_1fps_1sp_bb.json,s102
1687800328.465995000,2,rover_s102_3x3_n1_1fps_1sp_bb.json,s102
1687800328.465997000,3,rover_s102_3x3_n1_1fps_1sp_bb.json,s102
1687800328.466185000,4,rover_s102_3x3_n1_1fps_1sp_bb.json,s102
1687800328.467875000,5,rover_s102_3x3_n1_1fps_1sp_bb.json,s102
1687800329.486460000,0,rover_s102_3x3_n1_1fps_1sp_bb.json,s102
1687800329.486824000,1,rover_s102_3x3_n1_1fps_1sp_bb.json,s102
1687800329.488581000,2,rover_s102_3x3_n1_1fps_1sp_bb.json,s102
1687800329.488583000,3,rover_s102_3x3_n1_1fps_1sp_bb.json,s102
1687800329.488708000,4,rover_s102_3x3_n1_1fps_1sp_bb.json,s102
1687800329.488827000,5,rover_s102_3x3_n1_1fps_1sp_bb.json,s102
1687800329.488960000,6,rover_s102_3x3_n1_1fps_1sp_bb.json,s102
1687800329.489047000,7,rover_s102_3x3_n1_1fps_1sp_bb.json,s102
1687800329.489530000,8,rover_s102_3x3_n1_1fps_1sp_bb.json,s102
1687800329.489629000,9,rover_s102_3x3_n1_1fps_1sp_bb.json,s102
1687800330.510628000,0,rover_s102_3x3_n1_1fps_1sp_bb.json,s102
1687800330.510844000,1,rover_s102_3x3_n1_1fps_1sp_bb.json,s102
1687800330.510965000,2,rover_s102_3x3_n1_1fps_1sp_bb.json,s102
1687800330.512759000,3,rover_s102_3x3_n1_1fps_1sp_bb.json,s102
1687800330.512760000,4,rover_s102_3x3_n1_1fps_1sp_bb.json,s102
1687800330.512891000,5,rover_s102_3x3_n1_1fps_1sp_bb.json,s102
1687800330.513007000,6,rover_s102_3x3_n1_1fps_1sp_bb.json,s102
1687800330.513140000,7,rover_s102_3x3_n1_1fps_1sp_bb.json,s102
1687800330.513237000,8,rover_s102_3x3_n1_1fps_1sp_bb.json,s102
1687800330.514166000,9,rover_s102_3x3_n1_1fps_1sp_bb.json,s102
1687800330.514284000,10,rover_s102_3x3_n1_1fps_1sp_bb.json,s102
1687800331.537019000,0,rover_s102_3x3_n1_1fps_1sp_bb.json,s102
1687800331.537218000,1,rover_s102_3x3_n1_1fps_1sp_bb.json,s102
1687800331.537331000,2,rover_s102_3x3_n1_1fps_1sp_bb.json,s102
1687800331.537431000,3,rover_s102_3x3_n1_1fps_1sp_bb.json,s102
1687800331.538202000,4,rover_s102_3x3_n1_1fps_1sp_bb.json,s102
1687800331.538300000,5,rover_s102_3x3_n1_1fps_1sp_bb.json,s102
1687800331.538302000,6,rover_s102_3x3_n1_1fps_1sp_bb.json,s102
1687800331.538987000,7,rover_s102_3x3_n1_1fps_1sp_bb.json,s102
1687800331.539086000,8,rover_s102_3x3_n1_1fps_1sp_bb.json,s102
1687800331.539186000,9,rover_s102_3x3_n1_1fps_1sp_bb.json,s102
1687800331.540053000,10,rover_s102_3x3_n1_1fps_1sp_bb.json,s102
1687800331.540201000,11,rover_s102_3x3_n1_1fps_1sp_bb.json,s102
1687800331.540412000,12,rover_s102_3x3_n1_1fps_1sp_bb.json,s102
1687800332.561861000,0,rover_s102_3x3_n1_1fps_1sp_bb.json,s102
1687800332.562238000,1,rover_s102_3x3_n1_1fps_1sp_bb.json,s102
1687800332.563792000,2,rover_s102_3x3_n1_1fps_1sp_bb.json,s102
1687800332.563793000,3,rover_s102_3x3_n1_1fps_1sp_bb.json,s102
1687800332.563918000,4,rover_s102_3x3_n1_1fps_1sp_bb.json,s102
1687800332.564050000,5,rover_s102_3x3_n1_1fps_1sp_bb.json,s102
1687800332.564170000,6,rover_s102_3x3_n1_1fps_1sp_bb.json,s102
1687800332.564252000,7,rover_s102_3x3_n1_1fps_1sp_bb.json,s102
1687800332.564868000,8,rover_s102_3x3_n1_1fps_1sp_bb.json,s102
1687800332.566207000,9,rover_s102_3x3_n1_1fps_1sp_bb.json,s102
1687800332.567067000,10,rover_s102_3x3_n1_1fps_1sp_bb.json,s102
1687800332.567175000,11,rover_s102_3x3_n1_1fps_1sp_bb.json,s102
1687800332.568060000,12,rover_s102_3x3_n1_1fps_1sp_bb.json,s102
1687800332.568169000,13,rover_s102_3x3_n1_1fps_1sp_bb.json,s102
1687800332.568705000,14,rover_s102_3x3_n1_1fps_1sp_bb.json,s102
1687800332.568810000,15,rover_s102_3x3_n1_1fps_1sp_bb.json,s102
1687800332.568812000,16,rover_s102_3x3_n1_1fps_1sp_bb.json,s102
1687800332.569578000,17,rover_s102_3x3_n1_1fps_1sp_bb.json,s102
1687800332.569706000,18,rover_s102_3x3_n1_1fps_1sp_bb.json,s102
1687800332.570176000,19,rover_s102_3x3_n1_1fps_1sp_bb.json,s102
1687800332.570290000,20,rover_s102_3x3_n1_1fps_1sp_bb.json,s102
1687800332.570292000,21,rover_s102_3x3_n1_1fps_1sp_bb.json,s102
1687800332.571072000,22,rover_s102_3x3_n1_1fps_1sp_bb.json,s102
1687800332.571244000,23,rover_s102_3x3_n1_1fps_1sp_bb.json,s102
1687800332.571742000,24,rover_s102_3x3_n1_1fps_1sp_bb.json,s102
1687800332.571851000,25,rover_s102_3x3_n1_1fps_1sp_bb.json,s102
1687800332.571939000,26,rover_s102_3x3_n1_1fps_1sp_bb.json,s102
1687800332.572448000,27,rover_s102_3x3_n1_1fps_1sp_bb.json,s102
1687800332.572553000,28,rover_s102_3x3_n1_1fps_1sp_bb.json,s102
1687800332.573369000,29,rover_s102_3x3_n1_1fps_1sp_bb.json,s102
1687800332.577660000,30,rover_s102_3x3_n1_1fps_1sp_bb.json,s102
1687800332.577816000,31,rover_s102_3x3_n1_1fps_1sp_bb.json,s102
1687800332.578244000,32,rover_s102_3x3_n1_1fps_1sp_bb.json,s102
1687800332.578358000,33,rover_s102_3x3_n1_1fps_1sp_bb.json,s102
1687800332.578896000,34,rover_s102_3x3_n1_1fps_1sp_bb.json,s102
1687800332.578898000,35,rover_s102_3x3_n1_1fps_1sp_bb.json,s102
1687800332.579032000,36,rover_s102_3x3_n1_1fps_1sp_bb.json,s102
1687800332.579601000,37,rover_s102_3x3_n1_1fps_1sp_bb.json,s102
1687800332.579700000,38,rover_s102_3x3_n1_1fps_1sp_bb.json,s102
1687800332.581078000,39,rover_s102_3x3_n1_1fps_1sp_bb.json,s102
1687800332.581204000,40,rover_s102_3x3_n1_1fps_1sp_bb.json,s102
1687800333.599756000,0,rover_s102_3x3_n1_1fps_1sp_bb.json,s102
1687800333.599957000,1,rover_s102_3x3_n1_1fps_1sp_bb.json,s102
1687800333.600114000,2,rover_s102_3x3_n1_1fps_1sp_bb.json,s102
1687800333.601054000,3,rover_s102_3x3_n1_1fps_1sp_bb.json,s102
1687800333.601192000,4,rover_s102_3x3_n1_1fps_1sp_bb.json,s102
1687800333.601194000,5,rover_s102_3x3_n1_1fps_1sp_bb.json,s102
1687800333.601330000,6,rover_s102_3x3_n1_1fps_1sp_bb.json,s102
1687800333.601994000,7,rover_s102_3x3_n1_1fps_1sp_bb.json,s102
1687800333.602095000,8,rover_s102_3x3_n1_1fps_1sp_bb.json,s102
1687800333.602204000,9,rover_s102_3x3_n1_1fps_1sp_bb.json,s102
1687800333.602971000,10,rover_s102_3x3_n1_1fps_1sp_bb.json,s102
1687800333.602972000,11,rover_s102_3x3_n1_1fps_1sp_bb.json,s102
1687800333.603104000,12,rover_s102_3x3_n1_1fps_1sp_bb.json,s102
1687800333.603206000,13,rover_s102_3x3_n1_1fps_1sp_bb.json,s102
1687800334.624662000,0,rover_s102_3x3_n1_1fps_1sp_bb.json,s102
1687800334.624878000,1,rover_s102_3x3_n1_1fps_1sp_bb.json,s102
1687800334.624977000,2,rover_s102_3x3_n1_1fps_1sp_bb.json,s102
1687800334.625452000,3,rover_s102_3x3_n1_1fps_1sp_bb.json,s102
1687800334.625548000,4,rover_s102_3x3_n1_1fps_1sp_bb.json,s102
1687800334.625549000,5,rover_s102_3x3_n1_1fps_1sp_bb.json,s102
1687800334.625678000,6,rover_s102_3x3_n1_1fps_1sp_bb.json,s102
1687800334.626928000,7,rover_s102_3x3_n1_1fps_1sp_bb.json,s102
1687800334.626929000,8,rover_s102_3x3_n1_1fps_1sp_bb.json,s102
1687800334.627054000,9,rover_s102_3x3_n1_1fps_1sp_bb.json,s102
1687800334.627155000,10,rover_s102_3x3_n1_1fps_1sp_bb.json,s102
1687800334.627449000,11,rover_s102_3x3_n1_1fps_1sp_bb.json,s102
1687800335.649351000,0,rover_s102_3x3_n1_1fps_1sp_bb.json,s102
1687800335.649755000,1,rover_s102_3x3_n1_1fps_1sp_bb.json,s102
1687800335.651220000,2,rover_s102_3x3_n1_1fps_1sp_bb.json,s102
1687800335.651221000,3,rover_s102_3x3_n1_1fps_1sp_bb.json,s102
1687800335.651351000,4,rover_s102_3x3_n1_1fps_1sp_bb.json,s102
1687800335.651477000,5,rover_s102_3x3_n1_1fps_1sp_bb.json,s102
1687800335.651658000,6,rover_s102_3x3_n1_1fps_1sp_bb.json,s102
1687800335.651740000,7,rover_s102_3x3_n1_1fps_1sp_bb.json,s102
1687800336.672639000,0,rover_s102_3x3_n1_1fps_1sp_bb.json,s102
1687800336.672845000,1,rover_s102_3x3_n1_1fps_1sp_bb.json,s102
1687800336.673142000,2,rover_s102_3x3_n1_1fps_1sp_bb.json,s102
1687800336.673231000,3,rover_s102_3x3_n1_1fps_1sp_bb.json,s102
1687800336.674471000,4,rover_s102_3x3_n1_1fps_1sp_bb.json,s102
1687800336.675156000,5,rover_s102_3x3_n1_1fps_1sp_bb.json,s102
1687800336.675231000,6,rover_s102_3x3_n1_1fps_1sp_bb.json,s102
1687800336.675303000,7,rover_s102_3x3_n1_1fps_1sp_bb.json,s102
1687800337.697501000,0,rover_s102_3x3_n1_1fps_1sp_bb.json,s102
1687800337.698252000,1,rover_s102_3x3_n1_1fps_1sp_bb.json,s102
1687800337.698254000,2,rover_s102_3x3_n1_1fps_1sp_bb.json,s102
1687800337.698379000,3,rover_s102_3x3_n1_1fps_1sp_bb.json,s102
1687800337.698956000,4,rover_s102_3x3_n1_1fps_1sp_bb.json,s102
1687800337.699083000,5,rover_s102_3x3_n1_1fps_1sp_bb.json,s102
1687800337.699472000,6,rover_s102_3x3_n1_1fps_1sp_bb.json,s102
1687800337.699567000,7,rover_s102_3x3_n1_1fps_1sp_bb.json,s102
1687800337.700242000,8,rover_s102_3x3_n1_1fps_1sp_bb.json,s102
1687800337.700345000,9,rover_s102_3x3_n1_1fps_1sp_bb.json,s102
1687800337.701671000,10,rover_s102_3x3_n1_1fps_1sp_bb.json,s102
1687800338.722043000,0,rover_s102_3x3_n1_1fps_1sp_bb.json,s102
1687800338.723264000,1,rover_s102_3x3_n1_1fps_1sp_bb.json,s102
1687800338.723266000,2,rover_s102_3x3_n1_1fps_1sp_bb.json,s102
1687800338.723391000,3,rover_s102_3x3_n1_1fps_1sp_bb.json,s102
1687800338.723492000,4,rover_s102_3x3_n1_1fps_1sp_bb.json,s102
1687800338.723619000,5,rover_s102_3x3_n1_1fps_1sp_bb.json,s102
1687800338.723718000,6,rover_s102_3x3_n1_1fps_1sp_bb.json,s102
1687800338.724302000,7,rover_s102_3x3_n1_1fps_1sp_bb.json,s102
1687800338.724410000,8,rover_s102_3x3_n1_1fps_1sp_bb.json,s102
1687800339.742746000,0,rover_s102_3x3_n1_1fps_1sp_bb.json,s102
1687800339.742960000,1,rover_s102_3x3_n1_1fps_1sp_bb.json,s102
1687800339.743626000,2,rover_s102_3x3_n1_1fps_1sp_bb.json,s102
1687800339.743627000,3,rover_s102_3x3_n1_1fps_1sp_bb.json,s102
1687800339.744538000,4,rover_s102_3x3_n1_1fps_1sp_bb.json,s102
1687800339.744642000,5,rover_s102_3x3_n1_1fps_1sp_bb.json,s102
1687800339.744731000,6,rover_s102_3x3_n1_1fps_1sp_bb.json,s102
1687800339.745716000,7,rover_s102_3x3_n1_1fps_1sp_bb.json,s102
1687800340.764918000,0,rover_s102_3x3_n1_1fps_1sp_bb.json,s102
1687800340.765111000,1,rover_s102_3x3_n1_1fps_1sp_bb.json,s102
1687800340.765112000,2,rover_s102_3x3_n1_1fps_1sp_bb.json,s102
1687800340.765604000,3,rover_s102_3x3_n1_1fps_1sp_bb.json,s102
1687800340.765715000,4,rover_s102_3x3_n1_1fps_1sp_bb.json,s102
1687800340.765716000,5,rover_s102_3x3_n1_1fps_1sp_bb.json,s102
1687800340.766068000,6,rover_s102_3x3_n1_1fps_1sp_bb.json,s102
1687800340.767383000,7,rover_s102_3x3_n1_1fps_1sp_bb.json,s102
1687800341.791205000,0,rover_s102_3x3_n1_1fps_1sp_bb.json,s102
1687800341.791587000,1,rover_s102_3x3_n1_1fps_1sp_bb.json,s102
1687800341.792956000,2,rover_s102_3x3_n1_1fps_1sp_bb.json,s102
1687800341.792958000,3,rover_s102_3x3_n1_1fps_1sp_bb.json,s102
1687800341.793083000,4,rover_s102_3x3_n1_1fps_1sp_bb.json,s102
1687800341.793199000,5,rover_s102_3x3_n1_1fps_1sp_bb.json,s102
1687800341.793306000,6,rover_s102_3x3_n1_1fps_1sp_bb.json,s102
1687800341.793400000,7,rover_s102_3x3_n1_1fps_1sp_bb.json,s102
1687800341.793844000,8,rover_s102_3x3_n1_1fps_1sp_bb.json,s102
1687800341.793954000,9,rover_s102_3x3_n1_1fps_1sp_bb.json,s102
1687800342.814800000,0,rover_s102_3x3_n1_1fps_1sp_bb.json,s102
1687800342.815021000,1,rover_s102_3x3_n1_1fps_1sp_bb.json,s102
1687800342.815578000,2,rover_s102_3x3_n1_1fps_1sp_bb.json,s102
1687800342.815686000,3,rover_s102_3x3_n1_1fps_1sp_bb.json,s102
1687800342.815776000,4,rover_s102_3x3_n1_1fps_1sp_bb.json,s102
1687800342.816343000,5,rover_s102_3x3_n1_1fps_1sp_bb.json,s102
1687800342.816453000,6,rover_s102_3x3_n1_1fps_1sp_bb.json,s102
1687800342.816546000,7,rover_s102_3x3_n1_1fps_1sp_bb.json,s102
1687800342.817490000,8,rover_s102_3x3_n1_1fps_1sp_bb.json,s102
1687800343.837691000,0,rover_s102_3x3_n1_1fps_1sp_bb.json,s102
1687800343.837891000,1,rover_s102_3x3_n1_1fps_1sp_bb.json,s102
1687800343.837982000,2,rover_s102_3x3_n1_1fps_1sp_bb.json,s102
1687800343.838509000,3,rover_s102_3x3_n1_1fps_1sp_bb.json,s102
1687800343.838617000,4,rover_s102_3x3_n1_1fps_1sp_bb.json,s102
1687800343.838721000,5,rover_s102_3x3_n1_1fps_1sp_bb.json,s102
1687800343.840084000,6,rover_s102_3x3_n1_1fps_1sp_bb.json,s102
1687800343.840168000,7,rover_s102_3x3_n1_1fps_1sp_bb.json,s102
1687800343.840169000,8,rover_s102_3x3_n1_1fps_1sp_bb.json,s102
1687800343.840297000,9,rover_s102_3x3_n1_1fps_1sp_bb.json,s102
1687800343.841368000,10,rover_s102_3x3_n1_1fps_1sp_bb.json,s102
1687800343.841369000,11,rover_s102_3x3_n1_1fps_1sp_bb.json,s102
1687800343.841468000,12,rover_s102_3x3_n1_1fps_1sp_bb.json,s102
1687800343.841534000,13,rover_s102_3x3_n1_1fps_1sp_bb.json,s102
1687800343.841619000,14,rover_s102_3x3_n1_1fps_1sp_bb.json,s102
1687800343.841621000,15,rover_s102_3x3_n1_1fps_1sp_bb.json,s102
1687800344.861075000,0,rover_s102_3x3_n1_1fps_1sp_bb.json,s102
1687800344.861441000,1,rover_s102_3x3_n1_1fps_1sp_bb.json,s102
1687800344.862765000,2,rover_s102_3x3_n1_1fps_1sp_bb.json,s102
1687800344.862767000,3,rover_s102_3x3_n1_1fps_1sp_bb.json,s102
1687800344.862893000,4,rover_s102_3x3_n1_1fps_1sp_bb.json,s102
1687800344.863021000,5,rover_s102_3x3_n1_1fps_1sp_bb.json,s102
1687800344.863141000,6,rover_s102_3x3_n1_1fps_1sp_bb.json,s102
1687800344.863219000,7,rover_s102_3x3_n1_1fps_1sp_bb.json,s102
1687800344.863603000,8,rover_s102_3x3_n1_1fps_1sp_bb.json,s102
1687800344.863707000,9,rover_s102_3x3_n1_1fps_1sp_bb.json,s102
1687800345.882994000,0,rover_s102_3x3_n1_1fps_1sp_bb.json,s102
1687800345.883229000,1,rover_s102_3x3_n1_1fps_1sp_bb.json,s102
1687800345.883727000,2,rover_s102_3x3_n1_1fps_1sp_bb.json,s102
1687800345.883827000,3,rover_s102_3x3_n1_1fps_1sp_bb.json,s102
1687800345.883828000,4,rover_s102_3x3_n1_1fps_1sp_bb.json,s102
1687800345.883943000,5,rover_s102_3x3_n1_1fps_1sp_bb.json,s102
1687800345.884533000,6,rover_s102_3x3_n1_1fps_1sp_bb.json,s102
1687800345.884650000,7,rover_s102_3x3_n1_1fps_1sp_bb.json,s102
1687800345.884652000,8,rover_s102_3x3_n1_1fps_1sp_bb.json,s102
1687800345.885937000,9,rover_s102_3x3_n1_1fps_1sp_bb.json,s102
1687800345.886054000,10,rover_s102_3x3_n1_1fps_1sp_bb.json,s102
1687800346.907844000,0,rover_s102_3x3_n1_1fps_1sp_bb.json,s102
1687800346.908021000,1,rover_s102_3x3_n1_1fps_1sp_bb.json,s102
1687800346.908022000,2,rover_s102_3x3_n1_1fps_1sp_bb.json,s102
1687800346.908128000,3,rover_s102_3x3_n1_1fps_1sp_bb.json,s102
1687800346.908217000,4,rover_s102_3x3_n1_1fps_1sp_bb.json,s102
1687800346.908300000,5,rover_s102_3x3_n1_1fps_1sp_bb.json,s102
1687800346.908580000,6,rover_s102_3x3_n1_1fps_1sp_bb.json,s102
1687800346.908683000,7,rover_s102_3x3_n1_1fps_1sp_bb.json,s102
1687800346.909116000,8,rover_s102_3x3_n1_1fps_1sp_bb.json,s102
1687800346.909219000,9,rover_s102_3x3_n1_1fps_1sp_bb.json,s102
1687800346.909220000,10,rover_s102_3x3_n1_1fps_1sp_bb.json,s102
1687800346.911259000,11,rover_s102_3x3_n1_1fps_1sp_bb.json,s102
1687800347.934570000,0,rover_s102_3x3_n1_1fps_1sp_bb.json,s102
1687800347.934950000,1,rover_s102_3x3_n1_1fps_1sp_bb.json,s102
1687800347.936113000,2,rover_s102_3x3_n1_1fps_1sp_bb.json,s102
1687800347.936115000,3,rover_s102_3x3_n1_1fps_1sp_bb.json,s102
1687800347.936234000,4,rover_s102_3x3_n1_1fps_1sp_bb.json,s102
1687800347.936344000,5,rover_s102_3x3_n1_1fps_1sp_bb.json,s102
1687800347.936481000,6,rover_s102_3x3_n1_1fps_1sp_bb.json,s102
1687800347.936581000,7,rover_s102_3x3_n1_1fps_1sp_bb.json,s102
1687800347.937176000,8,rover_s102_3x3_n1_1fps_1sp_bb.json,s102
1687800347.937279000,9,rover_s102_3x3_n1_1fps_1sp_bb.json,s102
1687800347.938388000,10,rover_s102_3x3_n1_1fps_1sp_bb.json,s102
1687800348.956514000,0,rover_s102_3x3_n1_1fps_1sp_bb.json,s102
1687800348.957172000,1,rover_s102_3x3_n1_1fps_1sp_bb.json,s102
1687800348.957266000,2,rover_s102_3x3_n1_1fps_1sp_bb.json,s102
1687800348.957828000,3,rover_s102_3x3_n1_1fps_1sp_bb.json,s102
1687800348.957928000,4,rover_s102_3x3_n1_1fps_1sp_bb.json,s102
1687800348.959188000,5,rover_s102_3x3_n1_1fps_1sp_bb.json,s102
1687800349.980963000,0,rover_s102_3x3_n1_1fps_1sp_bb.json,s102
1687800349.981189000,1,rover_s102_3x3_n1_1fps_1sp_bb.json,s102
1687800349.981698000,2,rover_s102_3x3_n1_1fps_1sp_bb.json,s102
1687800349.981819000,3,rover_s102_3x3_n1_1fps_1sp_bb.json,s102
1687800349.982474000,4,rover_s102_3x3_n1_1fps_1sp_bb.json,s102
1687800349.982586000,5,rover_s102_3x3_n1_1fps_1sp_bb.json,s102
1687800349.982588000,6,rover_s102_3x3_n1_1fps_1sp_bb.json,s102
1687800349.982771000,7,rover_s102_3x3_n1_1fps_1sp_bb.json,s102
1687800349.983200000,8,rover_s102_3x3_n1_1fps_1sp_bb.json,s102
1687800349.983304000,9,rover_s102_3x3_n1_1fps_1sp_bb.json,s102
1687800349.983890000,10,rover_s102_3x3_n1_1fps_1sp_bb.json,s102
1687800351.004027000,0,rover_s102_3x3_n1_1fps_1sp_bb.json,s102
1687800351.005281000,1,rover_s102_3x3_n1_1fps_1sp_bb.json,s102
1687800351.005283000,2,rover_s102_3x3_n1_1fps_1sp_bb.json,s102
1687800351.006410000,3,rover_s102_3x3_n1_1fps_1sp_bb.json,s102
1687800351.006525000,4,rover_s102_3x3_n1_1fps_1sp_bb.json,s102
1687800351.006527000,5,rover_s102_3x3_n1_1fps_1sp_bb.json,s102
1687800351.006636000,6,rover_s102_3x3_n1_1fps_1sp_bb.json,s102
1687800351.006726000,7,rover_s102_3x3_n1_1fps_1sp_bb.json,s102
1687800351.006808000,8,rover_s102_3x3_n1_1fps_1sp_bb.json,s102
1687800352.023623000,0,rover_s102_3x3_n1_1fps_1sp_bb.json,s102
1687800352.023844000,1,rover_s102_3x3_n1_1fps_1sp_bb.json,s102
1687800352.024253000,2,rover_s102_3x3_n1_1fps_1sp_bb.json,s102
1687800352.024399000,3,rover_s102_3x3_n1_1fps_1sp_bb.json,s102
1687800352.024400000,4,rover_s102_3x3_n1_1fps_1sp_bb.json,s102
1687800352.024959000,5,rover_s102_3x3_n1_1fps_1sp_bb.json,s102
1687800352.025085000,6,rover_s102_3x3_n1_1fps_1sp_bb.json,s102
1687800352.026541000,7,rover_s102_3x3_n1_1fps_1sp_bb.json,s102
1687800352.026666000,8,rover_s102_3x3_n1_1fps_1sp_bb.json,s102
1687800352.026668000,9,rover_s102_3x3_n1_1fps_1sp_bb.json,s102
1687800353.049990000,0,rover_s102_3x3_n1_1fps_1sp_bb.json,s102
1687800353.050196000,1,rover_s102_3x3_n1_1fps_1sp_bb.json,s102
1687800353.051234000,2,rover_s102_3x3_n1_1fps_1sp_bb.json,s102
1687800353.051236000,3,rover_s102_3x3_n1_1fps_1sp_bb.json,s102
1687800353.051383000,4,rover_s102_3x3_n1_1fps_1sp_bb.json,s102
1687800353.051493000,5,rover_s102_3x3_n1_1fps_1sp_bb.json,s102
1687800353.052047000,6,rover_s102_3x3_n1_1fps_1sp_bb.json,s102
1687800353.052165000,7,rover_s102_3x3_n1_1fps_1sp_bb.json,s102
1687800353.053786000,8,rover_s102_3x3_n1_1fps_1sp_bb.json,s102
1687800354.073845000,0,rover_s102_3x3_n1_1fps_1sp_bb.json,s102
1687800354.074213000,1,rover_s102_3x3_n1_1fps_1sp_bb.json,s102
1687800354.075128000,2,rover_s102_3x3_n1_1fps_1sp_bb.json,s102
1687800354.075228000,3,rover_s102_3x3_n1_1fps_1sp_bb.json,s102
1687800354.075343000,4,rover_s102_3x3_n1_1fps_1sp_bb.json,s102
1687800354.075458000,5,rover_s102_3x3_n1_1fps_1sp_bb.json,s102
1687800354.076090000,6,rover_s102_3x3_n1_1fps_1sp_bb.json,s102
1687800354.076091000,7,rover_s102_3x3_n1_1fps_1sp_bb.json,s102
1687800354.076746000,8,rover_s102_3x3_n1_1fps_1sp_bb.json,s102
1687800355.098036000,0,rover_s102_3x3_n1_1fps_1sp_bb.json,s102
1687800355.098241000,1,rover_s102_3x3_n1_1fps_1sp_bb.json,s102
1687800355.099332000,2,rover_s102_3x3_n1_1fps_1sp_bb.json,s102
1687800355.099406000,3,rover_s102_3x3_n1_1fps_1sp_bb.json,s102
1687800355.099408000,4,rover_s102_3x3_n1_1fps_1sp_bb.json,s102
1687800355.099535000,5,rover_s102_3x3_n1_1fps_1sp_bb.json,s102
1687800355.099627000,6,rover_s102_3x3_n1_1fps_1sp_bb.json,s102
1687800355.099973000,7,rover_s102_3x3_n1_1fps_1sp_bb.json,s102
1687800355.100613000,8,rover_s102_3x3_n1_1fps_1sp_bb.json,s102
1687800355.100716000,9,rover_s102_3x3_n1_1fps_1sp_bb.json,s102
1687800355.101840000,10,rover_s102_3x3_n1_1fps_1sp_bb.json,s102
1687800356.120724000,0,rover_s102_3x3_n1_1fps_1sp_bb.json,s102
1687800356.121503000,1,rover_s102_3x3_n1_1fps_1sp_bb.json,s102
1687800356.121504000,2,rover_s102_3x3_n1_1fps_1sp_bb.json,s102
1687800356.121678000,3,rover_s102_3x3_n1_1fps_1sp_bb.json,s102
1687800356.122339000,4,rover_s102_3x3_n1_1fps_1sp_bb.json,s102
1687800356.122449000,5,rover_s102_3x3_n1_1fps_1sp_bb.json,s102
1687800356.122534000,6,rover_s102_3x3_n1_1fps_1sp_bb.json,s102
1687800356.122535000,7,rover_s102_3x3_n1_1fps_1sp_bb.json,s102
1687800356.123641000,8,rover_s102_3x3_n1_1fps_1sp_bb.json,s102
1687800357.141407000,0,rover_s102_3x3_n1_1fps_1sp_bb.json,s102
1687800357.141860000,1,rover_s102_3x3_n1_1fps_1sp_bb.json,s102
1687800357.143352000,2,rover_s102_3x3_n1_1fps_1sp_bb.json,s102
1687800357.143353000,3,rover_s102_3x3_n1_1fps_1sp_bb.json,s102
1687800357.143497000,4,rover_s102_3x3_n1_1fps_1sp_bb.json,s102
1687800357.143583000,5,rover_s102_3x3_n1_1fps_1sp_bb.json,s102
1687800357.143674000,6,rover_s102_3x3_n1_1fps_1sp_bb.json,s102
1687800357.143768000,7,rover_s102_3x3_n1_1fps_1sp_bb.json,s102
1687800357.144278000,8,rover_s102_3x3_n1_1fps_1sp_bb.json,s102
1687800357.144379000,9,rover_s102_3x3_n1_1fps_1sp_bb.json,s102
1687800357.145004000,10,rover_s102_3x3_n1_1fps_1sp_bb.json,s102
1687800357.146038000,11,rover_s102_3x3_n1_1fps_1sp_bb.json,s102
1687800358.171519000,0,rover_s102_3x3_n1_1fps_1sp_bb.json,s102
1687800358.171725000,1,rover_s102_3x3_n1_1fps_1sp_bb.json,s102
1687800358.172273000,2,rover_s102_3x3_n1_1fps_1sp_bb.json,s102
1687800358.172379000,3,rover_s102_3x3_n1_1fps_1sp_bb.json,s102
1687800358.172479000,4,rover_s102_3x3_n1_1fps_1sp_bb.json,s102
1687800358.173228000,5,rover_s102_3x3_n1_1fps_1sp_bb.json,s102
1687800358.173334000,6,rover_s102_3x3_n1_1fps_1sp_bb.json,s102
1687800358.173422000,7,rover_s102_3x3_n1_1fps_1sp_bb.json,s102
1687800358.174428000,8,rover_s102_3x3_n1_1fps_1sp_bb.json,s102
1687800359.195882000,0,rover_s102_3x3_n1_1fps_1sp_bb.json,s102
1687800359.196667000,1,rover_s102_3x3_n1_1fps_1sp_bb.json,s102
1687800359.196758000,2,rover_s102_3x3_n1_1fps_1sp_bb.json,s102
1687800359.196760000,3,rover_s102_3x3_n1_1fps_1sp_bb.json,s102
1687800359.196892000,4,rover_s102_3x3_n1_1fps_1sp_bb.json,s102
1687800359.197528000,5,rover_s102_3x3_n1_1fps_1sp_bb.json,s102
1687800359.197618000,6,rover_s102_3x3_n1_1fps_1sp_bb.json,s102
1687800359.197620000,7,rover_s102_3x3_n1_1fps_1sp_bb.json,s102
1687800360.219904000,0,rover_s102_3x3_n1_1fps_1sp_bb.json,s102
1687800360.220284000,1,rover_s102_3x3_n1_1fps_1sp_bb.json,s102
1687800360.221539000,2,rover_s102_3x3_n1_1fps_1sp_bb.json,s102
1687800360.221541000,3,rover_s102_3x3_n1_1fps_1sp_bb.json,s102
1687800360.221666000,4,rover_s102_3x3_n1_1fps_1sp_bb.json,s102
1687800360.221782000,5,rover_s102_3x3_n1_1fps_1sp_bb.json,s102
1687800360.221898000,6,rover_s102_3x3_n1_1fps_1sp_bb.json,s102
1687800360.221991000,7,rover_s102_3x3_n1_1fps_1sp_bb.json,s102
1687800360.222588000,8,rover_s102_3x3_n1_1fps_1sp_bb.json,s102
1687800360.222694000,9,rover_s102_3x3_n1_1fps_1sp_bb.json,s102
1687800360.223946000,10,rover_s102_3x3_n1_1fps_1sp_bb.json,s102
1687800361.241757000,0,rover_s102_3x3_n1_1fps_1sp_bb.json,s102
1687800361.241964000,1,rover_s102_3x3_n1_1fps_1sp_bb.json,s102
1687800361.242080000,2,rover_s102_3x3_n1_1fps_1sp_bb.json,s102
1687800361.242533000,3,rover_s102_3x3_n1_1fps_1sp_bb.json,s102
1687800361.242638000,4,rover_s102_3x3_n1_1fps_1sp_bb.json,s102
1687800361.242640000,5,rover_s102_3x3_n1_1fps_1sp_bb.json,s102
1687800361.242790000,6,rover_s102_3x3_n1_1fps_1sp_bb.json,s102
1687800361.243220000,7,rover_s102_3x3_n1_1fps_1sp_bb.json,s102
1687800361.244434000,8,rover_s102_3x3_n1_1fps_1sp_bb.json,s102
1687800361.244436000,9,rover_s102_3x3_n1_1fps_1sp_bb.json,s102
1687800362.262221000,0,rover_s102_3x3_n1_1fps_1sp_bb.json,s102
1687800362.262419000,1,rover_s102_3x3_n1_1fps_1sp_bb.json,s102
1687800362.262519000,2,rover_s102_3x3_n1_1fps_1sp_bb.json,s102
1687800362.263108000,3,rover_s102_3x3_n1_1fps_1sp_bb.json,s102
1687800362.263110000,4,rover_s102_3x3_n1_1fps_1sp_bb.json,s102
1687800362.263231000,5,rover_s102_3x3_n1_1fps_1sp_bb.json,s102
1687800362.263336000,6,rover_s102_3x3_n1_1fps_1sp_bb.json,s102
1687800362.263966000,7,rover_s102_3x3_n1_1fps_1sp_bb.json,s102
1687800362.264085000,8,rover_s102_3x3_n1_1fps_1sp_bb.json,s102
1687800362.265040000,9,rover_s102_3x3_n1_1fps_1sp_bb.json,s102
1687800363.284358000,0,rover_s102_3x3_n1_1fps_1sp_bb.json,s102
1687800363.284743000,1,rover_s102_3x3_n1_1fps_1sp_bb.json,s102
1687800363.285554000,2,rover_s102_3x3_n1_1fps_1sp_bb.json,s102
1687800363.285668000,3,rover_s102_3x3_n1_1fps_1sp_bb.json,s102
1687800363.285764000,4,rover_s102_3x3_n1_1fps_1sp_bb.json,s102
1687800363.286680000,5,rover_s102_3x3_n1_1fps_1sp_bb.json,s102
