Timestamp,Packet,Scenario,Type
1687801487.885940000,0,rover_s102_4x4_n2_1fps_1sp_aldrich.json,s102
1687801487.886287000,1,rover_s102_4x4_n2_1fps_1sp_aldrich.json,s102
1687801487.887712000,2,rover_s102_4x4_n2_1fps_1sp_aldrich.json,s102
1687801487.887714000,3,rover_s102_4x4_n2_1fps_1sp_aldrich.json,s102
1687801487.887851000,4,rover_s102_4x4_n2_1fps_1sp_aldrich.json,s102
1687801487.887965000,5,rover_s102_4x4_n2_1fps_1sp_aldrich.json,s102
1687801487.888087000,6,rover_s102_4x4_n2_1fps_1sp_aldrich.json,s102
1687801487.888171000,7,rover_s102_4x4_n2_1fps_1sp_aldrich.json,s102
1687801487.888647000,8,rover_s102_4x4_n2_1fps_1sp_aldrich.json,s102
1687801488.911929000,0,rover_s102_4x4_n2_1fps_1sp_aldrich.json,s102
1687801488.912139000,1,rover_s102_4x4_n2_1fps_1sp_aldrich.json,s102
1687801488.912535000,2,rover_s102_4x4_n2_1fps_1sp_aldrich.json,s102
1687801488.912625000,3,rover_s102_4x4_n2_1fps_1sp_aldrich.json,s102
1687801488.912718000,4,rover_s102_4x4_n2_1fps_1sp_aldrich.json,s102
1687801488.913083000,5,rover_s102_4x4_n2_1fps_1sp_aldrich.json,s102
1687801488.913192000,6,rover_s102_4x4_n2_1fps_1sp_aldrich.json,s102
1687801488.913721000,7,rover_s102_4x4_n2_1fps_1sp_aldrich.json,s102
1687801488.913823000,8,rover_s102_4x4_n2_1fps_1sp_aldrich.json,s102
1687801489.935022000,0,rover_s102_4x4_n2_1fps_1sp_aldrich.json,s102
1687801489.935249000,1,rover_s102_4x4_n2_1fps_1sp_aldrich.json,s102
1687801489.935760000,2,rover_s102_4x4_n2_1fps_1sp_aldrich.json,s102
1687801489.935851000,3,rover_s102_4x4_n2_1fps_1sp_aldrich.json,s102
1687801489.935941000,4,rover_s102_4x4_n2_1fps_1sp_aldrich.json,s102
1687801489.936763000,5,rover_s102_4x4_n2_1fps_1sp_aldrich.json,s102
1687801489.936868000,6,rover_s102_4x4_n2_1fps_1sp_aldrich.json,s102
1687801489.938285000,7,rover_s102_4x4_n2_1fps_1sp_aldrich.json,s102
1687801490.959066000,0,rover_s102_4x4_n2_1fps_1sp_aldrich.json,s102
1687801490.959286000,1,rover_s102_4x4_n2_1fps_1sp_aldrich.json,s102
1687801490.959803000,2,rover_s102_4x4_n2_1fps_1sp_aldrich.json,s102
1687801490.959898000,3,rover_s102_4x4_n2_1fps_1sp_aldrich.json,s102
1687801490.960007000,4,rover_s102_4x4_n2_1fps_1sp_aldrich.json,s102
1687801490.960621000,5,rover_s102_4x4_n2_1fps_1sp_aldrich.json,s102
1687801490.960738000,6,rover_s102_4x4_n2_1fps_1sp_aldrich.json,s102
1687801490.961757000,7,rover_s102_4x4_n2_1fps_1sp_aldrich.json,s102
1687801490.961759000,8,rover_s102_4x4_n2_1fps_1sp_aldrich.json,s102
1687801491.980276000,0,rover_s102_4x4_n2_1fps_1sp_aldrich.json,s102
1687801491.980482000,1,rover_s102_4x4_n2_1fps_1sp_aldrich.json,s102
1687801491.980576000,2,rover_s102_4x4_n2_1fps_1sp_aldrich.json,s102
1687801491.982123000,3,rover_s102_4x4_n2_1fps_1sp_aldrich.json,s102
1687801491.982250000,4,rover_s102_4x4_n2_1fps_1sp_aldrich.json,s102
1687801491.982345000,5,rover_s102_4x4_n2_1fps_1sp_aldrich.json,s102
1687801491.982453000,6,rover_s102_4x4_n2_1fps_1sp_aldrich.json,s102
1687801491.983074000,7,rover_s102_4x4_n2_1fps_1sp_aldrich.json,s102
1687801491.983189000,8,rover_s102_4x4_n2_1fps_1sp_aldrich.json,s102
1687801491.983284000,9,rover_s102_4x4_n2_1fps_1sp_aldrich.json,s102
1687801491.984197000,10,rover_s102_4x4_n2_1fps_1sp_aldrich.json,s102
1687801493.003364000,0,rover_s102_4x4_n2_1fps_1sp_aldrich.json,s102
1687801493.003746000,1,rover_s102_4x4_n2_1fps_1sp_aldrich.json,s102
1687801493.005002000,2,rover_s102_4x4_n2_1fps_1sp_aldrich.json,s102
1687801493.005123000,3,rover_s102_4x4_n2_1fps_1sp_aldrich.json,s102
1687801493.005221000,4,rover_s102_4x4_n2_1fps_1sp_aldrich.json,s102
1687801493.005523000,5,rover_s102_4x4_n2_1fps_1sp_aldrich.json,s102
1687801493.005623000,6,rover_s102_4x4_n2_1fps_1sp_aldrich.json,s102
1687801494.027542000,0,rover_s102_4x4_n2_1fps_1sp_aldrich.json,s102
1687801494.027763000,1,rover_s102_4x4_n2_1fps_1sp_aldrich.json,s102
1687801494.028500000,2,rover_s102_4x4_n2_1fps_1sp_aldrich.json,s102
1687801494.028594000,3,rover_s102_4x4_n2_1fps_1sp_aldrich.json,s102
1687801494.028596000,4,rover_s102_4x4_n2_1fps_1sp_aldrich.json,s102
1687801494.028723000,5,rover_s102_4x4_n2_1fps_1sp_aldrich.json,s102
1687801494.029003000,6,rover_s102_4x4_n2_1fps_1sp_aldrich.json,s102
1687801494.029101000,7,rover_s102_4x4_n2_1fps_1sp_aldrich.json,s102
1687801494.030063000,8,rover_s102_4x4_n2_1fps_1sp_aldrich.json,s102
1687801494.030214000,9,rover_s102_4x4_n2_1fps_1sp_aldrich.json,s102
1687801494.030701000,10,rover_s102_4x4_n2_1fps_1sp_aldrich.json,s102
1687801494.030703000,11,rover_s102_4x4_n2_1fps_1sp_aldrich.json,s102
1687801494.030840000,12,rover_s102_4x4_n2_1fps_1sp_aldrich.json,s102
1687801494.030976000,13,rover_s102_4x4_n2_1fps_1sp_aldrich.json,s102
1687801494.031349000,14,rover_s102_4x4_n2_1fps_1sp_aldrich.json,s102
1687801495.053852000,0,rover_s102_4x4_n2_1fps_1sp_aldrich.json,s102
1687801495.054074000,1,rover_s102_4x4_n2_1fps_1sp_aldrich.json,s102
1687801495.054403000,2,rover_s102_4x4_n2_1fps_1sp_aldrich.json,s102
1687801495.054507000,3,rover_s102_4x4_n2_1fps_1sp_aldrich.json,s102
1687801495.054509000,4,rover_s102_4x4_n2_1fps_1sp_aldrich.json,s102
1687801495.055338000,5,rover_s102_4x4_n2_1fps_1sp_aldrich.json,s102
1687801495.055446000,6,rover_s102_4x4_n2_1fps_1sp_aldrich.json,s102
1687801496.078792000,0,rover_s102_4x4_n2_1fps_1sp_aldrich.json,s102
1687801496.078988000,1,rover_s102_4x4_n2_1fps_1sp_aldrich.json,s102
1687801496.079081000,2,rover_s102_4x4_n2_1fps_1sp_aldrich.json,s102
1687801496.079527000,3,rover_s102_4x4_n2_1fps_1sp_aldrich.json,s102
1687801496.079617000,4,rover_s102_4x4_n2_1fps_1sp_aldrich.json,s102
1687801496.079717000,5,rover_s102_4x4_n2_1fps_1sp_aldrich.json,s102
1687801496.080353000,6,rover_s102_4x4_n2_1fps_1sp_aldrich.json,s102
1687801496.080470000,7,rover_s102_4x4_n2_1fps_1sp_aldrich.json,s102
1687801496.081100000,8,rover_s102_4x4_n2_1fps_1sp_aldrich.json,s102
1687801497.105147000,0,rover_s102_4x4_n2_1fps_1sp_aldrich.json,s102
1687801497.105363000,1,rover_s102_4x4_n2_1fps_1sp_aldrich.json,s102
1687801497.105972000,2,rover_s102_4x4_n2_1fps_1sp_aldrich.json,s102
1687801497.106076000,3,rover_s102_4x4_n2_1fps_1sp_aldrich.json,s102
1687801497.106651000,4,rover_s102_4x4_n2_1fps_1sp_aldrich.json,s102
1687801497.106753000,5,rover_s102_4x4_n2_1fps_1sp_aldrich.json,s102
1687801497.107629000,6,rover_s102_4x4_n2_1fps_1sp_aldrich.json,s102
1687801498.130960000,0,rover_s102_4x4_n2_1fps_1sp_aldrich.json,s102
1687801498.131331000,1,rover_s102_4x4_n2_1fps_1sp_aldrich.json,s102
1687801498.132717000,2,rover_s102_4x4_n2_1fps_1sp_aldrich.json,s102
1687801498.133154000,3,rover_s102_4x4_n2_1fps_1sp_aldrich.json,s102
1687801498.133155000,4,rover_s102_4x4_n2_1fps_1sp_aldrich.json,s102
1687801498.133249000,5,rover_s102_4x4_n2_1fps_1sp_aldrich.json,s102
1687801498.133324000,6,rover_s102_4x4_n2_1fps_1sp_aldrich.json,s102
1687801498.133399000,7,rover_s102_4x4_n2_1fps_1sp_aldrich.json,s102
1687801499.154923000,0,rover_s102_4x4_n2_1fps_1sp_aldrich.json,s102
1687801499.155154000,1,rover_s102_4x4_n2_1fps_1sp_aldrich.json,s102
1687801499.155656000,2,rover_s102_4x4_n2_1fps_1sp_aldrich.json,s102
1687801499.155754000,3,rover_s102_4x4_n2_1fps_1sp_aldrich.json,s102
1687801499.155756000,4,rover_s102_4x4_n2_1fps_1sp_aldrich.json,s102
1687801499.155889000,5,rover_s102_4x4_n2_1fps_1sp_aldrich.json,s102
1687801499.156382000,6,rover_s102_4x4_n2_1fps_1sp_aldrich.json,s102
1687801499.156493000,7,rover_s102_4x4_n2_1fps_1sp_aldrich.json,s102
1687801499.156960000,8,rover_s102_4x4_n2_1fps_1sp_aldrich.json,s102
1687801499.157076000,9,rover_s102_4x4_n2_1fps_1sp_aldrich.json,s102
1687801499.157683000,10,rover_s102_4x4_n2_1fps_1sp_aldrich.json,s102
1687801499.157684000,11,rover_s102_4x4_n2_1fps_1sp_aldrich.json,s102
1687801499.158797000,12,rover_s102_4x4_n2_1fps_1sp_aldrich.json,s102
1687801500.178690000,0,rover_s102_4x4_n2_1fps_1sp_aldrich.json,s102
1687801500.178890000,1,rover_s102_4x4_n2_1fps_1sp_aldrich.json,s102
1687801500.179431000,2,rover_s102_4x4_n2_1fps_1sp_aldrich.json,s102
1687801500.179539000,3,rover_s102_4x4_n2_1fps_1sp_aldrich.json,s102
1687801500.179629000,4,rover_s102_4x4_n2_1fps_1sp_aldrich.json,s102
1687801500.180135000,5,rover_s102_4x4_n2_1fps_1sp_aldrich.json,s102
1687801500.180253000,6,rover_s102_4x4_n2_1fps_1sp_aldrich.json,s102
1687801500.181600000,7,rover_s102_4x4_n2_1fps_1sp_aldrich.json,s102
1687801500.181714000,8,rover_s102_4x4_n2_1fps_1sp_aldrich.json,s102
1687801501.200813000,0,rover_s102_4x4_n2_1fps_1sp_aldrich.json,s102
1687801501.201045000,1,rover_s102_4x4_n2_1fps_1sp_aldrich.json,s102
1687801501.201476000,2,rover_s102_4x4_n2_1fps_1sp_aldrich.json,s102
1687801501.201574000,3,rover_s102_4x4_n2_1fps_1sp_aldrich.json,s102
1687801501.202320000,4,rover_s102_4x4_n2_1fps_1sp_aldrich.json,s102
1687801501.202440000,5,rover_s102_4x4_n2_1fps_1sp_aldrich.json,s102
1687801501.203019000,6,rover_s102_4x4_n2_1fps_1sp_aldrich.json,s102
1687801501.203139000,7,rover_s102_4x4_n2_1fps_1sp_aldrich.json,s102
1687801501.203549000,8,rover_s102_4x4_n2_1fps_1sp_aldrich.json,s102
1687801501.203667000,9,rover_s102_4x4_n2_1fps_1sp_aldrich.json,s102
1687801501.203668000,10,rover_s102_4x4_n2_1fps_1sp_aldrich.json,s102
1687801501.204219000,11,rover_s102_4x4_n2_1fps_1sp_aldrich.json,s102
1687801501.204319000,12,rover_s102_4x4_n2_1fps_1sp_aldrich.json,s102
1687801501.204812000,13,rover_s102_4x4_n2_1fps_1sp_aldrich.json,s102
1687801502.228265000,0,rover_s102_4x4_n2_1fps_1sp_aldrich.json,s102
1687801502.228532000,1,rover_s102_4x4_n2_1fps_1sp_aldrich.json,s102
1687801502.229027000,2,rover_s102_4x4_n2_1fps_1sp_aldrich.json,s102
1687801502.229123000,3,rover_s102_4x4_n2_1fps_1sp_aldrich.json,s102
1687801502.229215000,4,rover_s102_4x4_n2_1fps_1sp_aldrich.json,s102
1687801502.229868000,5,rover_s102_4x4_n2_1fps_1sp_aldrich.json,s102
1687801502.229976000,6,rover_s102_4x4_n2_1fps_1sp_aldrich.json,s102
1687801502.230065000,7,rover_s102_4x4_n2_1fps_1sp_aldrich.json,s102
1687801502.231835000,8,rover_s102_4x4_n2_1fps_1sp_aldrich.json,s102
1687801502.231988000,9,rover_s102_4x4_n2_1fps_1sp_aldrich.json,s102
1687801502.232112000,10,rover_s102_4x4_n2_1fps_1sp_aldrich.json,s102
1687801502.232229000,11,rover_s102_4x4_n2_1fps_1sp_aldrich.json,s102
1687801502.232231000,12,rover_s102_4x4_n2_1fps_1sp_aldrich.json,s102
1687801502.233230000,13,rover_s102_4x4_n2_1fps_1sp_aldrich.json,s102
1687801502.233353000,14,rover_s102_4x4_n2_1fps_1sp_aldrich.json,s102
1687801503.255540000,0,rover_s102_4x4_n2_1fps_1sp_aldrich.json,s102
1687801503.255992000,1,rover_s102_4x4_n2_1fps_1sp_aldrich.json,s102
1687801503.257242000,2,rover_s102_4x4_n2_1fps_1sp_aldrich.json,s102
1687801503.257244000,3,rover_s102_4x4_n2_1fps_1sp_aldrich.json,s102
1687801503.257376000,4,rover_s102_4x4_n2_1fps_1sp_aldrich.json,s102
1687801503.257494000,5,rover_s102_4x4_n2_1fps_1sp_aldrich.json,s102
1687801503.257612000,6,rover_s102_4x4_n2_1fps_1sp_aldrich.json,s102
1687801503.257699000,7,rover_s102_4x4_n2_1fps_1sp_aldrich.json,s102
1687801504.278041000,0,rover_s102_4x4_n2_1fps_1sp_aldrich.json,s102
1687801504.278255000,1,rover_s102_4x4_n2_1fps_1sp_aldrich.json,s102
1687801504.278355000,2,rover_s102_4x4_n2_1fps_1sp_aldrich.json,s102
1687801504.279447000,3,rover_s102_4x4_n2_1fps_1sp_aldrich.json,s102
1687801504.279542000,4,rover_s102_4x4_n2_1fps_1sp_aldrich.json,s102
1687801504.279544000,5,rover_s102_4x4_n2_1fps_1sp_aldrich.json,s102
1687801504.279635000,6,rover_s102_4x4_n2_1fps_1sp_aldrich.json,s102
1687801504.280168000,7,rover_s102_4x4_n2_1fps_1sp_aldrich.json,s102
1687801504.280258000,8,rover_s102_4x4_n2_1fps_1sp_aldrich.json,s102
1687801504.280260000,9,rover_s102_4x4_n2_1fps_1sp_aldrich.json,s102
1687801504.280666000,10,rover_s102_4x4_n2_1fps_1sp_aldrich.json,s102
1687801504.280766000,11,rover_s102_4x4_n2_1fps_1sp_aldrich.json,s102
1687801504.280768000,12,rover_s102_4x4_n2_1fps_1sp_aldrich.json,s102
1687801504.281588000,13,rover_s102_4x4_n2_1fps_1sp_aldrich.json,s102
1687801504.281693000,14,rover_s102_4x4_n2_1fps_1sp_aldrich.json,s102
1687801504.282473000,15,rover_s102_4x4_n2_1fps_1sp_aldrich.json,s102
1687801504.282474000,16,rover_s102_4x4_n2_1fps_1sp_aldrich.json,s102
1687801504.282602000,17,rover_s102_4x4_n2_1fps_1sp_aldrich.json,s102
1687801504.283025000,18,rover_s102_4x4_n2_1fps_1sp_aldrich.json,s102
1687801504.283135000,19,rover_s102_4x4_n2_1fps_1sp_aldrich.json,s102
1687801504.283136000,20,rover_s102_4x4_n2_1fps_1sp_aldrich.json,s102
1687801504.285103000,21,rover_s102_4x4_n2_1fps_1sp_aldrich.json,s102
1687801504.285216000,22,rover_s102_4x4_n2_1fps_1sp_aldrich.json,s102
1687801504.285218000,23,rover_s102_4x4_n2_1fps_1sp_aldrich.json,s102
1687801504.285326000,24,rover_s102_4x4_n2_1fps_1sp_aldrich.json,s102
1687801504.285669000,25,rover_s102_4x4_n2_1fps_1sp_aldrich.json,s102
1687801504.285775000,26,rover_s102_4x4_n2_1fps_1sp_aldrich.json,s102
1687801504.287664000,27,rover_s102_4x4_n2_1fps_1sp_aldrich.json,s102
1687801504.287792000,28,rover_s102_4x4_n2_1fps_1sp_aldrich.json,s102
1687801504.287794000,29,rover_s102_4x4_n2_1fps_1sp_aldrich.json,s102
1687801504.288796000,30,rover_s102_4x4_n2_1fps_1sp_aldrich.json,s102
1687801504.288901000,31,rover_s102_4x4_n2_1fps_1sp_aldrich.json,s102
1687801504.288903000,32,rover_s102_4x4_n2_1fps_1sp_aldrich.json,s102
1687801504.289292000,33,rover_s102_4x4_n2_1fps_1sp_aldrich.json,s102
1687801504.289901000,34,rover_s102_4x4_n2_1fps_1sp_aldrich.json,s102
1687801504.290016000,35,rover_s102_4x4_n2_1fps_1sp_aldrich.json,s102
1687801504.290017000,36,rover_s102_4x4_n2_1fps_1sp_aldrich.json,s102
1687801504.290840000,37,rover_s102_4x4_n2_1fps_1sp_aldrich.json,s102
1687801504.290943000,38,rover_s102_4x4_n2_1fps_1sp_aldrich.json,s102
1687801504.292104000,39,rover_s102_4x4_n2_1fps_1sp_aldrich.json,s102
1687801504.292105000,40,rover_s102_4x4_n2_1fps_1sp_aldrich.json,s102
1687801505.329438000,0,rover_s102_4x4_n2_1fps_1sp_aldrich.json,s102
1687801505.329638000,1,rover_s102_4x4_n2_1fps_1sp_aldrich.json,s102
1687801505.329756000,2,rover_s102_4x4_n2_1fps_1sp_aldrich.json,s102
1687801505.330180000,3,rover_s102_4x4_n2_1fps_1sp_aldrich.json,s102
1687801505.330272000,4,rover_s102_4x4_n2_1fps_1sp_aldrich.json,s102
1687801505.330364000,5,rover_s102_4x4_n2_1fps_1sp_aldrich.json,s102
1687801505.331103000,6,rover_s102_4x4_n2_1fps_1sp_aldrich.json,s102
1687801505.331221000,7,rover_s102_4x4_n2_1fps_1sp_aldrich.json,s102
1687801505.331702000,8,rover_s102_4x4_n2_1fps_1sp_aldrich.json,s102
1687801505.331804000,9,rover_s102_4x4_n2_1fps_1sp_aldrich.json,s102
1687801505.332692000,10,rover_s102_4x4_n2_1fps_1sp_aldrich.json,s102
1687801505.332694000,11,rover_s102_4x4_n2_1fps_1sp_aldrich.json,s102
1687801505.332835000,12,rover_s102_4x4_n2_1fps_1sp_aldrich.json,s102
1687801505.333260000,13,rover_s102_4x4_n2_1fps_1sp_aldrich.json,s102
1687801505.333371000,14,rover_s102_4x4_n2_1fps_1sp_aldrich.json,s102
1687801505.334164000,15,rover_s102_4x4_n2_1fps_1sp_aldrich.json,s102
1687801505.334166000,16,rover_s102_4x4_n2_1fps_1sp_aldrich.json,s102
1687801505.334587000,17,rover_s102_4x4_n2_1fps_1sp_aldrich.json,s102
1687801505.334588000,18,rover_s102_4x4_n2_1fps_1sp_aldrich.json,s102
1687801505.335177000,19,rover_s102_4x4_n2_1fps_1sp_aldrich.json,s102
1687801505.335278000,20,rover_s102_4x4_n2_1fps_1sp_aldrich.json,s102
1687801505.336301000,21,rover_s102_4x4_n2_1fps_1sp_aldrich.json,s102
1687801505.336432000,22,rover_s102_4x4_n2_1fps_1sp_aldrich.json,s102
1687801505.337067000,23,rover_s102_4x4_n2_1fps_1sp_aldrich.json,s102
1687801505.337175000,24,rover_s102_4x4_n2_1fps_1sp_aldrich.json,s102
1687801505.337176000,25,rover_s102_4x4_n2_1fps_1sp_aldrich.json,s102
1687801505.337792000,26,rover_s102_4x4_n2_1fps_1sp_aldrich.json,s102
1687801505.337898000,27,rover_s102_4x4_n2_1fps_1sp_aldrich.json,s102
1687801505.338790000,28,rover_s102_4x4_n2_1fps_1sp_aldrich.json,s102
1687801505.338927000,29,rover_s102_4x4_n2_1fps_1sp_aldrich.json,s102
1687801505.339897000,30,rover_s102_4x4_n2_1fps_1sp_aldrich.json,s102
1687801505.340030000,31,rover_s102_4x4_n2_1fps_1sp_aldrich.json,s102
1687801505.340032000,32,rover_s102_4x4_n2_1fps_1sp_aldrich.json,s102
1687801505.340804000,33,rover_s102_4x4_n2_1fps_1sp_aldrich.json,s102
1687801505.340918000,34,rover_s102_4x4_n2_1fps_1sp_aldrich.json,s102
1687801505.341328000,35,rover_s102_4x4_n2_1fps_1sp_aldrich.json,s102
1687801505.341433000,36,rover_s102_4x4_n2_1fps_1sp_aldrich.json,s102
1687801505.341958000,37,rover_s102_4x4_n2_1fps_1sp_aldrich.json,s102
1687801505.341959000,38,rover_s102_4x4_n2_1fps_1sp_aldrich.json,s102
1687801505.342383000,39,rover_s102_4x4_n2_1fps_1sp_aldrich.json,s102
1687801505.342470000,40,rover_s102_4x4_n2_1fps_1sp_aldrich.json,s102
1687801506.379051000,0,rover_s102_4x4_n2_1fps_1sp_aldrich.json,s102
1687801506.379284000,1,rover_s102_4x4_n2_1fps_1sp_aldrich.json,s102
1687801506.379384000,2,rover_s102_4x4_n2_1fps_1sp_aldrich.json,s102
1687801506.379746000,3,rover_s102_4x4_n2_1fps_1sp_aldrich.json,s102
1687801506.379859000,4,rover_s102_4x4_n2_1fps_1sp_aldrich.json,s102
1687801506.379977000,5,rover_s102_4x4_n2_1fps_1sp_aldrich.json,s102
1687801506.380814000,6,rover_s102_4x4_n2_1fps_1sp_aldrich.json,s102
1687801506.380944000,7,rover_s102_4x4_n2_1fps_1sp_aldrich.json,s102
1687801506.381398000,8,rover_s102_4x4_n2_1fps_1sp_aldrich.json,s102
1687801506.381496000,9,rover_s102_4x4_n2_1fps_1sp_aldrich.json,s102
1687801506.381498000,10,rover_s102_4x4_n2_1fps_1sp_aldrich.json,s102
1687801506.382278000,11,rover_s102_4x4_n2_1fps_1sp_aldrich.json,s102
1687801506.382393000,12,rover_s102_4x4_n2_1fps_1sp_aldrich.json,s102
1687801506.382925000,13,rover_s102_4x4_n2_1fps_1sp_aldrich.json,s102
1687801507.410392000,0,rover_s102_4x4_n2_1fps_1sp_aldrich.json,s102
1687801507.410598000,1,rover_s102_4x4_n2_1fps_1sp_aldrich.json,s102
1687801507.410696000,2,rover_s102_4x4_n2_1fps_1sp_aldrich.json,s102
1687801507.411105000,3,rover_s102_4x4_n2_1fps_1sp_aldrich.json,s102
1687801507.411202000,4,rover_s102_4x4_n2_1fps_1sp_aldrich.json,s102
1687801507.411204000,5,rover_s102_4x4_n2_1fps_1sp_aldrich.json,s102
1687801507.411372000,6,rover_s102_4x4_n2_1fps_1sp_aldrich.json,s102
1687801508.435188000,0,rover_s102_4x4_n2_1fps_1sp_aldrich.json,s102
1687801508.435553000,1,rover_s102_4x4_n2_1fps_1sp_aldrich.json,s102
1687801508.436866000,2,rover_s102_4x4_n2_1fps_1sp_aldrich.json,s102
1687801508.436868000,3,rover_s102_4x4_n2_1fps_1sp_aldrich.json,s102
1687801508.436994000,4,rover_s102_4x4_n2_1fps_1sp_aldrich.json,s102
1687801508.437121000,5,rover_s102_4x4_n2_1fps_1sp_aldrich.json,s102
1687801508.437245000,6,rover_s102_4x4_n2_1fps_1sp_aldrich.json,s102
1687801508.437323000,7,rover_s102_4x4_n2_1fps_1sp_aldrich.json,s102
1687801508.437906000,8,rover_s102_4x4_n2_1fps_1sp_aldrich.json,s102
1687801508.438896000,9,rover_s102_4x4_n2_1fps_1sp_aldrich.json,s102
1687801509.465305000,0,rover_s102_4x4_n2_1fps_1sp_aldrich.json,s102
1687801509.465512000,1,rover_s102_4x4_n2_1fps_1sp_aldrich.json,s102
1687801509.465609000,2,rover_s102_4x4_n2_1fps_1sp_aldrich.json,s102
1687801509.466313000,3,rover_s102_4x4_n2_1fps_1sp_aldrich.json,s102
1687801509.466314000,4,rover_s102_4x4_n2_1fps_1sp_aldrich.json,s102
1687801509.466444000,5,rover_s102_4x4_n2_1fps_1sp_aldrich.json,s102
1687801509.466537000,6,rover_s102_4x4_n2_1fps_1sp_aldrich.json,s102
1687801509.466963000,7,rover_s102_4x4_n2_1fps_1sp_aldrich.json,s102
1687801509.467074000,8,rover_s102_4x4_n2_1fps_1sp_aldrich.json,s102
1687801509.467851000,9,rover_s102_4x4_n2_1fps_1sp_aldrich.json,s102
1687801510.484710000,0,rover_s102_4x4_n2_1fps_1sp_aldrich.json,s102
1687801510.485423000,1,rover_s102_4x4_n2_1fps_1sp_aldrich.json,s102
1687801510.485516000,2,rover_s102_4x4_n2_1fps_1sp_aldrich.json,s102
1687801510.485625000,3,rover_s102_4x4_n2_1fps_1sp_aldrich.json,s102
1687801510.486757000,4,rover_s102_4x4_n2_1fps_1sp_aldrich.json,s102
1687801510.486759000,5,rover_s102_4x4_n2_1fps_1sp_aldrich.json,s102
1687801510.486866000,6,rover_s102_4x4_n2_1fps_1sp_aldrich.json,s102
1687801510.486961000,7,rover_s102_4x4_n2_1fps_1sp_aldrich.json,s102
1687801510.487676000,8,rover_s102_4x4_n2_1fps_1sp_aldrich.json,s102
1687801511.512735000,0,rover_s102_4x4_n2_1fps_1sp_aldrich.json,s102
1687801511.513520000,1,rover_s102_4x4_n2_1fps_1sp_aldrich.json,s102
1687801511.513656000,2,rover_s102_4x4_n2_1fps_1sp_aldrich.json,s102
1687801511.514317000,3,rover_s102_4x4_n2_1fps_1sp_aldrich.json,s102
1687801511.514395000,4,rover_s102_4x4_n2_1fps_1sp_aldrich.json,s102
1687801511.514484000,5,rover_s102_4x4_n2_1fps_1sp_aldrich.json,s102
1687801511.514485000,6,rover_s102_4x4_n2_1fps_1sp_aldrich.json,s102
1687801511.514611000,7,rover_s102_4x4_n2_1fps_1sp_aldrich.json,s102
1687801511.514733000,8,rover_s102_4x4_n2_1fps_1sp_aldrich.json,s102
1687801512.540843000,0,rover_s102_4x4_n2_1fps_1sp_aldrich.json,s102
1687801512.541059000,1,rover_s102_4x4_n2_1fps_1sp_aldrich.json,s102
1687801512.541060000,2,rover_s102_4x4_n2_1fps_1sp_aldrich.json,s102
1687801512.541179000,3,rover_s102_4x4_n2_1fps_1sp_aldrich.json,s102
1687801512.541282000,4,rover_s102_4x4_n2_1fps_1sp_aldrich.json,s102
1687801512.541791000,5,rover_s102_4x4_n2_1fps_1sp_aldrich.json,s102
1687801512.541929000,6,rover_s102_4x4_n2_1fps_1sp_aldrich.json,s102
1687801512.542438000,7,rover_s102_4x4_n2_1fps_1sp_aldrich.json,s102
1687801512.542574000,8,rover_s102_4x4_n2_1fps_1sp_aldrich.json,s102
1687801512.542664000,9,rover_s102_4x4_n2_1fps_1sp_aldrich.json,s102
1687801512.543200000,10,rover_s102_4x4_n2_1fps_1sp_aldrich.json,s102
1687801512.543327000,11,rover_s102_4x4_n2_1fps_1sp_aldrich.json,s102
1687801512.543546000,12,rover_s102_4x4_n2_1fps_1sp_aldrich.json,s102
1687801512.543624000,13,rover_s102_4x4_n2_1fps_1sp_aldrich.json,s102
1687801513.567600000,0,rover_s102_4x4_n2_1fps_1sp_aldrich.json,s102
1687801513.568317000,1,rover_s102_4x4_n2_1fps_1sp_aldrich.json,s102
1687801513.571508000,2,rover_s102_4x4_n2_1fps_1sp_aldrich.json,s102
1687801513.571636000,3,rover_s102_4x4_n2_1fps_1sp_aldrich.json,s102
1687801513.571722000,4,rover_s102_4x4_n2_1fps_1sp_aldrich.json,s102
1687801513.571723000,5,rover_s102_4x4_n2_1fps_1sp_aldrich.json,s102
1687801513.571884000,6,rover_s102_4x4_n2_1fps_1sp_aldrich.json,s102
1687801514.593725000,0,rover_s102_4x4_n2_1fps_1sp_aldrich.json,s102
1687801514.593942000,1,rover_s102_4x4_n2_1fps_1sp_aldrich.json,s102
1687801514.595192000,2,rover_s102_4x4_n2_1fps_1sp_aldrich.json,s102
1687801514.595300000,3,rover_s102_4x4_n2_1fps_1sp_aldrich.json,s102
1687801514.595409000,4,rover_s102_4x4_n2_1fps_1sp_aldrich.json,s102
1687801514.595502000,5,rover_s102_4x4_n2_1fps_1sp_aldrich.json,s102
1687801514.596088000,6,rover_s102_4x4_n2_1fps_1sp_aldrich.json,s102
1687801514.596195000,7,rover_s102_4x4_n2_1fps_1sp_aldrich.json,s102
1687801514.596287000,8,rover_s102_4x4_n2_1fps_1sp_aldrich.json,s102
1687801514.598087000,9,rover_s102_4x4_n2_1fps_1sp_aldrich.json,s102
1687801514.598175000,10,rover_s102_4x4_n2_1fps_1sp_aldrich.json,s102
1687801514.598272000,11,rover_s102_4x4_n2_1fps_1sp_aldrich.json,s102
1687801514.598273000,12,rover_s102_4x4_n2_1fps_1sp_aldrich.json,s102
1687801514.598836000,13,rover_s102_4x4_n2_1fps_1sp_aldrich.json,s102
1687801514.598927000,14,rover_s102_4x4_n2_1fps_1sp_aldrich.json,s102
1687801514.599019000,15,rover_s102_4x4_n2_1fps_1sp_aldrich.json,s102
1687801514.599021000,16,rover_s102_4x4_n2_1fps_1sp_aldrich.json,s102
1687801514.601060000,17,rover_s102_4x4_n2_1fps_1sp_aldrich.json,s102
1687801514.601161000,18,rover_s102_4x4_n2_1fps_1sp_aldrich.json,s102
1687801514.601236000,19,rover_s102_4x4_n2_1fps_1sp_aldrich.json,s102
1687801514.601237000,20,rover_s102_4x4_n2_1fps_1sp_aldrich.json,s102
1687801514.601326000,21,rover_s102_4x4_n2_1fps_1sp_aldrich.json,s102
1687801515.629083000,0,rover_s102_4x4_n2_1fps_1sp_aldrich.json,s102
1687801515.630323000,1,rover_s102_4x4_n2_1fps_1sp_aldrich.json,s102
1687801515.630432000,2,rover_s102_4x4_n2_1fps_1sp_aldrich.json,s102
1687801515.630434000,3,rover_s102_4x4_n2_1fps_1sp_aldrich.json,s102
1687801515.630555000,4,rover_s102_4x4_n2_1fps_1sp_aldrich.json,s102
1687801515.630626000,5,rover_s102_4x4_n2_1fps_1sp_aldrich.json,s102
1687801515.630695000,6,rover_s102_4x4_n2_1fps_1sp_aldrich.json,s102
1687801515.631319000,7,rover_s102_4x4_n2_1fps_1sp_aldrich.json,s102
1687801515.631429000,8,rover_s102_4x4_n2_1fps_1sp_aldrich.json,s102
1687801515.631536000,9,rover_s102_4x4_n2_1fps_1sp_aldrich.json,s102
1687801515.632844000,10,rover_s102_4x4_n2_1fps_1sp_aldrich.json,s102
1687801515.632846000,11,rover_s102_4x4_n2_1fps_1sp_aldrich.json,s102
1687801516.650748000,0,rover_s102_4x4_n2_1fps_1sp_aldrich.json,s102
1687801516.651422000,1,rover_s102_4x4_n2_1fps_1sp_aldrich.json,s102
1687801516.652079000,2,rover_s102_4x4_n2_1fps_1sp_aldrich.json,s102
1687801516.652178000,3,rover_s102_4x4_n2_1fps_1sp_aldrich.json,s102
1687801516.652272000,4,rover_s102_4x4_n2_1fps_1sp_aldrich.json,s102
1687801516.652950000,5,rover_s102_4x4_n2_1fps_1sp_aldrich.json,s102
1687801516.653063000,6,rover_s102_4x4_n2_1fps_1sp_aldrich.json,s102
1687801516.654973000,7,rover_s102_4x4_n2_1fps_1sp_aldrich.json,s102
1687801517.671853000,0,rover_s102_4x4_n2_1fps_1sp_aldrich.json,s102
1687801517.672448000,1,rover_s102_4x4_n2_1fps_1sp_aldrich.json,s102
1687801517.673055000,2,rover_s102_4x4_n2_1fps_1sp_aldrich.json,s102
1687801517.673165000,3,rover_s102_4x4_n2_1fps_1sp_aldrich.json,s102
1687801517.673520000,4,rover_s102_4x4_n2_1fps_1sp_aldrich.json,s102
1687801517.673522000,5,rover_s102_4x4_n2_1fps_1sp_aldrich.json,s102
1687801517.673927000,6,rover_s102_4x4_n2_1fps_1sp_aldrich.json,s102
1687801517.674019000,7,rover_s102_4x4_n2_1fps_1sp_aldrich.json,s102
1687801517.675127000,8,rover_s102_4x4_n2_1fps_1sp_aldrich.json,s102
1687801517.675128000,9,rover_s102_4x4_n2_1fps_1sp_aldrich.json,s102
1687801518.694695000,0,rover_s102_4x4_n2_1fps_1sp_aldrich.json,s102
1687801518.695065000,1,rover_s102_4x4_n2_1fps_1sp_aldrich.json,s102
1687801518.696319000,2,rover_s102_4x4_n2_1fps_1sp_aldrich.json,s102
1687801518.696320000,3,rover_s102_4x4_n2_1fps_1sp_aldrich.json,s102
1687801518.696444000,4,rover_s102_4x4_n2_1fps_1sp_aldrich.json,s102
1687801518.696573000,5,rover_s102_4x4_n2_1fps_1sp_aldrich.json,s102
1687801518.696698000,6,rover_s102_4x4_n2_1fps_1sp_aldrich.json,s102
1687801518.696785000,7,rover_s102_4x4_n2_1fps_1sp_aldrich.json,s102
1687801518.697263000,8,rover_s102_4x4_n2_1fps_1sp_aldrich.json,s102
1687801518.697369000,9,rover_s102_4x4_n2_1fps_1sp_aldrich.json,s102
1687801519.722078000,0,rover_s102_4x4_n2_1fps_1sp_aldrich.json,s102
1687801519.722284000,1,rover_s102_4x4_n2_1fps_1sp_aldrich.json,s102
1687801519.722389000,2,rover_s102_4x4_n2_1fps_1sp_aldrich.json,s102
1687801519.722499000,3,rover_s102_4x4_n2_1fps_1sp_aldrich.json,s102
1687801519.722501000,4,rover_s102_4x4_n2_1fps_1sp_aldrich.json,s102
1687801519.722938000,5,rover_s102_4x4_n2_1fps_1sp_aldrich.json,s102
1687801519.723026000,6,rover_s102_4x4_n2_1fps_1sp_aldrich.json,s102
1687801519.723595000,7,rover_s102_4x4_n2_1fps_1sp_aldrich.json,s102
1687801520.748277000,0,rover_s102_4x4_n2_1fps_1sp_aldrich.json,s102
1687801520.748525000,1,rover_s102_4x4_n2_1fps_1sp_aldrich.json,s102
1687801520.748610000,2,rover_s102_4x4_n2_1fps_1sp_aldrich.json,s102
1687801520.748612000,3,rover_s102_4x4_n2_1fps_1sp_aldrich.json,s102
1687801520.748724000,4,rover_s102_4x4_n2_1fps_1sp_aldrich.json,s102
1687801520.748893000,5,rover_s102_4x4_n2_1fps_1sp_aldrich.json,s102
1687801520.748987000,6,rover_s102_4x4_n2_1fps_1sp_aldrich.json,s102
1687801520.749539000,7,rover_s102_4x4_n2_1fps_1sp_aldrich.json,s102
1687801520.749636000,8,rover_s102_4x4_n2_1fps_1sp_aldrich.json,s102
1687801520.750750000,9,rover_s102_4x4_n2_1fps_1sp_aldrich.json,s102
1687801520.750866000,10,rover_s102_4x4_n2_1fps_1sp_aldrich.json,s102
1687801520.752676000,11,rover_s102_4x4_n2_1fps_1sp_aldrich.json,s102
1687801521.774753000,0,rover_s102_4x4_n2_1fps_1sp_aldrich.json,s102
1687801521.774915000,1,rover_s102_4x4_n2_1fps_1sp_aldrich.json,s102
1687801521.774917000,2,rover_s102_4x4_n2_1fps_1sp_aldrich.json,s102
1687801521.775016000,3,rover_s102_4x4_n2_1fps_1sp_aldrich.json,s102
1687801521.775110000,4,rover_s102_4x4_n2_1fps_1sp_aldrich.json,s102
1687801521.775210000,5,rover_s102_4x4_n2_1fps_1sp_aldrich.json,s102
1687801521.775319000,6,rover_s102_4x4_n2_1fps_1sp_aldrich.json,s102
1687801521.775845000,7,rover_s102_4x4_n2_1fps_1sp_aldrich.json,s102
1687801521.776864000,8,rover_s102_4x4_n2_1fps_1sp_aldrich.json,s102
1687801521.776984000,9,rover_s102_4x4_n2_1fps_1sp_aldrich.json,s102
1687801521.777954000,10,rover_s102_4x4_n2_1fps_1sp_aldrich.json,s102
1687801522.799068000,0,rover_s102_4x4_n2_1fps_1sp_aldrich.json,s102
1687801522.799268000,1,rover_s102_4x4_n2_1fps_1sp_aldrich.json,s102
1687801522.799384000,2,rover_s102_4x4_n2_1fps_1sp_aldrich.json,s102
1687801522.799503000,3,rover_s102_4x4_n2_1fps_1sp_aldrich.json,s102
1687801522.799586000,4,rover_s102_4x4_n2_1fps_1sp_aldrich.json,s102
1687801522.800591000,5,rover_s102_4x4_n2_1fps_1sp_aldrich.json,s102
1687801522.800710000,6,rover_s102_4x4_n2_1fps_1sp_aldrich.json,s102
1687801522.801415000,7,rover_s102_4x4_n2_1fps_1sp_aldrich.json,s102
1687801523.823160000,0,rover_s102_4x4_n2_1fps_1sp_aldrich.json,s102
1687801523.823547000,1,rover_s102_4x4_n2_1fps_1sp_aldrich.json,s102
1687801523.824885000,2,rover_s102_4x4_n2_1fps_1sp_aldrich.json,s102
1687801523.824887000,3,rover_s102_4x4_n2_1fps_1sp_aldrich.json,s102
1687801523.825037000,4,rover_s102_4x4_n2_1fps_1sp_aldrich.json,s102
1687801523.825184000,5,rover_s102_4x4_n2_1fps_1sp_aldrich.json,s102
1687801523.825387000,6,rover_s102_4x4_n2_1fps_1sp_aldrich.json,s102
1687801523.825483000,7,rover_s102_4x4_n2_1fps_1sp_aldrich.json,s102
1687801523.825778000,8,rover_s102_4x4_n2_1fps_1sp_aldrich.json,s102
1687801523.825886000,9,rover_s102_4x4_n2_1fps_1sp_aldrich.json,s102
1687801524.848520000,0,rover_s102_4x4_n2_1fps_1sp_aldrich.json,s102
1687801524.848735000,1,rover_s102_4x4_n2_1fps_1sp_aldrich.json,s102
1687801524.848832000,2,rover_s102_4x4_n2_1fps_1sp_aldrich.json,s102
1687801524.849509000,3,rover_s102_4x4_n2_1fps_1sp_aldrich.json,s102
1687801524.849592000,4,rover_s102_4x4_n2_1fps_1sp_aldrich.json,s102
1687801524.849678000,5,rover_s102_4x4_n2_1fps_1sp_aldrich.json,s102
1687801524.849679000,6,rover_s102_4x4_n2_1fps_1sp_aldrich.json,s102
1687801524.850474000,7,rover_s102_4x4_n2_1fps_1sp_aldrich.json,s102
1687801524.850587000,8,rover_s102_4x4_n2_1fps_1sp_aldrich.json,s102
1687801524.851599000,9,rover_s102_4x4_n2_1fps_1sp_aldrich.json,s102
1687801524.851601000,10,rover_s102_4x4_n2_1fps_1sp_aldrich.json,s102
1687801525.877053000,0,rover_s102_4x4_n2_1fps_1sp_aldrich.json,s102
1687801525.877258000,1,rover_s102_4x4_n2_1fps_1sp_aldrich.json,s102
1687801525.877681000,2,rover_s102_4x4_n2_1fps_1sp_aldrich.json,s102
1687801525.877776000,3,rover_s102_4x4_n2_1fps_1sp_aldrich.json,s102
1687801525.877860000,4,rover_s102_4x4_n2_1fps_1sp_aldrich.json,s102
1687801525.878613000,5,rover_s102_4x4_n2_1fps_1sp_aldrich.json,s102
1687801525.878717000,6,rover_s102_4x4_n2_1fps_1sp_aldrich.json,s102
1687801525.879397000,7,rover_s102_4x4_n2_1fps_1sp_aldrich.json,s102
1687801526.908682000,0,rover_s102_4x4_n2_1fps_1sp_aldrich.json,s102
1687801526.908893000,1,rover_s102_4x4_n2_1fps_1sp_aldrich.json,s102
1687801526.909005000,2,rover_s102_4x4_n2_1fps_1sp_aldrich.json,s102
1687801526.909125000,3,rover_s102_4x4_n2_1fps_1sp_aldrich.json,s102
1687801526.909127000,4,rover_s102_4x4_n2_1fps_1sp_aldrich.json,s102
1687801526.910010000,5,rover_s102_4x4_n2_1fps_1sp_aldrich.json,s102
1687801526.910115000,6,rover_s102_4x4_n2_1fps_1sp_aldrich.json,s102
1687801526.910431000,7,rover_s102_4x4_n2_1fps_1sp_aldrich.json,s102
1687801526.910522000,8,rover_s102_4x4_n2_1fps_1sp_aldrich.json,s102
1687801526.911383000,9,rover_s102_4x4_n2_1fps_1sp_aldrich.json,s102
1687801526.911513000,10,rover_s102_4x4_n2_1fps_1sp_aldrich.json,s102
1687801526.912640000,11,rover_s102_4x4_n2_1fps_1sp_aldrich.json,s102
1687801526.912748000,12,rover_s102_4x4_n2_1fps_1sp_aldrich.json,s102
1687801527.949962000,0,rover_s102_4x4_n2_1fps_1sp_aldrich.json,s102
1687801527.950133000,1,rover_s102_4x4_n2_1fps_1sp_aldrich.json,s102
1687801527.950135000,2,rover_s102_4x4_n2_1fps_1sp_aldrich.json,s102
1687801527.950221000,3,rover_s102_4x4_n2_1fps_1sp_aldrich.json,s102
1687801527.950281000,4,rover_s102_4x4_n2_1fps_1sp_aldrich.json,s102
1687801527.950342000,5,rover_s102_4x4_n2_1fps_1sp_aldrich.json,s102
1687801527.950344000,6,rover_s102_4x4_n2_1fps_1sp_aldrich.json,s102
1687801527.950448000,7,rover_s102_4x4_n2_1fps_1sp_aldrich.json,s102
1687801527.950535000,8,rover_s102_4x4_n2_1fps_1sp_aldrich.json,s102
1687801527.950733000,9,rover_s102_4x4_n2_1fps_1sp_aldrich.json,s102
1687801527.950735000,10,rover_s102_4x4_n2_1fps_1sp_aldrich.json,s102
1687801527.950868000,11,rover_s102_4x4_n2_1fps_1sp_aldrich.json,s102
1687801527.951310000,12,rover_s102_4x4_n2_1fps_1sp_aldrich.json,s102
1687801527.951420000,13,rover_s102_4x4_n2_1fps_1sp_aldrich.json,s102
1687801527.951505000,14,rover_s102_4x4_n2_1fps_1sp_aldrich.json,s102
1687801527.952100000,15,rover_s102_4x4_n2_1fps_1sp_aldrich.json,s102
1687801527.952204000,16,rover_s102_4x4_n2_1fps_1sp_aldrich.json,s102
1687801527.952669000,17,rover_s102_4x4_n2_1fps_1sp_aldrich.json,s102
1687801527.952671000,18,rover_s102_4x4_n2_1fps_1sp_aldrich.json,s102
1687801528.976307000,0,rover_s102_4x4_n2_1fps_1sp_aldrich.json,s102
1687801528.977205000,1,rover_s102_4x4_n2_1fps_1sp_aldrich.json,s102
1687801528.979341000,2,rover_s102_4x4_n2_1fps_1sp_aldrich.json,s102
1687801528.979439000,3,rover_s102_4x4_n2_1fps_1sp_aldrich.json,s102
1687801528.979441000,4,rover_s102_4x4_n2_1fps_1sp_aldrich.json,s102
1687801528.979531000,5,rover_s102_4x4_n2_1fps_1sp_aldrich.json,s102
1687801528.979608000,6,rover_s102_4x4_n2_1fps_1sp_aldrich.json,s102
1687801528.979707000,7,rover_s102_4x4_n2_1fps_1sp_aldrich.json,s102
1687801528.979709000,8,rover_s102_4x4_n2_1fps_1sp_aldrich.json,s102
1687801530.000611000,0,rover_s102_4x4_n2_1fps_1sp_aldrich.json,s102
1687801530.000863000,1,rover_s102_4x4_n2_1fps_1sp_aldrich.json,s102
1687801530.001482000,2,rover_s102_4x4_n2_1fps_1sp_aldrich.json,s102
1687801530.001635000,3,rover_s102_4x4_n2_1fps_1sp_aldrich.json,s102
1687801530.002194000,4,rover_s102_4x4_n2_1fps_1sp_aldrich.json,s102
1687801530.002293000,5,rover_s102_4x4_n2_1fps_1sp_aldrich.json,s102
1687801530.002295000,6,rover_s102_4x4_n2_1fps_1sp_aldrich.json,s102
1687801530.002423000,7,rover_s102_4x4_n2_1fps_1sp_aldrich.json,s102
1687801530.003071000,8,rover_s102_4x4_n2_1fps_1sp_aldrich.json,s102
1687801531.028246000,0,rover_s102_4x4_n2_1fps_1sp_aldrich.json,s102
1687801531.028450000,1,rover_s102_4x4_n2_1fps_1sp_aldrich.json,s102
1687801531.028613000,2,rover_s102_4x4_n2_1fps_1sp_aldrich.json,s102
1687801531.028943000,3,rover_s102_4x4_n2_1fps_1sp_aldrich.json,s102
1687801531.029041000,4,rover_s102_4x4_n2_1fps_1sp_aldrich.json,s102
1687801531.029043000,5,rover_s102_4x4_n2_1fps_1sp_aldrich.json,s102
1687801531.029174000,6,rover_s102_4x4_n2_1fps_1sp_aldrich.json,s102
1687801531.029674000,7,rover_s102_4x4_n2_1fps_1sp_aldrich.json,s102
1687801531.029784000,8,rover_s102_4x4_n2_1fps_1sp_aldrich.json,s102
1687801531.031008000,9,rover_s102_4x4_n2_1fps_1sp_aldrich.json,s102
1687801531.031128000,10,rover_s102_4x4_n2_1fps_1sp_aldrich.json,s102
1687801532.056009000,0,rover_s102_4x4_n2_1fps_1sp_aldrich.json,s102
1687801532.056226000,1,rover_s102_4x4_n2_1fps_1sp_aldrich.json,s102
1687801532.056331000,2,rover_s102_4x4_n2_1fps_1sp_aldrich.json,s102
1687801532.056492000,3,rover_s102_4x4_n2_1fps_1sp_aldrich.json,s102
1687801532.056586000,4,rover_s102_4x4_n2_1fps_1sp_aldrich.json,s102
1687801532.057333000,5,rover_s102_4x4_n2_1fps_1sp_aldrich.json,s102
1687801532.057470000,6,rover_s102_4x4_n2_1fps_1sp_aldrich.json,s102
1687801532.058532000,7,rover_s102_4x4_n2_1fps_1sp_aldrich.json,s102
1687801533.113157000,0,rover_s102_4x4_n2_1fps_1sp_aldrich.json,s102
1687801533.113379000,1,rover_s102_4x4_n2_1fps_1sp_aldrich.json,s102
1687801533.113472000,2,rover_s102_4x4_n2_1fps_1sp_aldrich.json,s102
1687801533.113860000,3,rover_s102_4x4_n2_1fps_1sp_aldrich.json,s102
1687801533.113957000,4,rover_s102_4x4_n2_1fps_1sp_aldrich.json,s102
1687801533.114063000,5,rover_s102_4x4_n2_1fps_1sp_aldrich.json,s102
1687801533.115008000,6,rover_s102_4x4_n2_1fps_1sp_aldrich.json,s102
1687801533.115117000,7,rover_s102_4x4_n2_1fps_1sp_aldrich.json,s102
1687801533.115119000,8,rover_s102_4x4_n2_1fps_1sp_aldrich.json,s102
1687801533.115941000,9,rover_s102_4x4_n2_1fps_1sp_aldrich.json,s102
1687801534.136129000,0,rover_s102_4x4_n2_1fps_1sp_aldrich.json,s102
1687801534.137499000,1,rover_s102_4x4_n2_1fps_1sp_aldrich.json,s102
1687801534.137617000,2,rover_s102_4x4_n2_1fps_1sp_aldrich.json,s102
1687801534.137619000,3,rover_s102_4x4_n2_1fps_1sp_aldrich.json,s102
1687801534.138596000,4,rover_s102_4x4_n2_1fps_1sp_aldrich.json,s102
1687801534.138686000,5,rover_s102_4x4_n2_1fps_1sp_aldrich.json,s102
1687801534.138688000,6,rover_s102_4x4_n2_1fps_1sp_aldrich.json,s102
1687801534.138799000,7,rover_s102_4x4_n2_1fps_1sp_aldrich.json,s102
1687801534.138897000,8,rover_s102_4x4_n2_1fps_1sp_aldrich.json,s102
1687801534.139181000,9,rover_s102_4x4_n2_1fps_1sp_aldrich.json,s102
1687801534.139278000,10,rover_s102_4x4_n2_1fps_1sp_aldrich.json,s102
1687801534.142359000,11,rover_s102_4x4_n2_1fps_1sp_aldrich.json,s102
1687801535.161297000,0,rover_s102_4x4_n2_1fps_1sp_aldrich.json,s102
1687801535.162353000,1,rover_s102_4x4_n2_1fps_1sp_aldrich.json,s102
1687801535.162355000,2,rover_s102_4x4_n2_1fps_1sp_aldrich.json,s102
1687801535.163256000,3,rover_s102_4x4_n2_1fps_1sp_aldrich.json,s102
1687801535.163364000,4,rover_s102_4x4_n2_1fps_1sp_aldrich.json,s102
1687801535.163365000,5,rover_s102_4x4_n2_1fps_1sp_aldrich.json,s102
1687801535.163496000,6,rover_s102_4x4_n2_1fps_1sp_aldrich.json,s102
1687801535.163678000,7,rover_s102_4x4_n2_1fps_1sp_aldrich.json,s102
1687801535.163679000,8,rover_s102_4x4_n2_1fps_1sp_aldrich.json,s102
1687801535.164344000,9,rover_s102_4x4_n2_1fps_1sp_aldrich.json,s102
1687801535.164456000,10,rover_s102_4x4_n2_1fps_1sp_aldrich.json,s102
1687801535.164808000,11,rover_s102_4x4_n2_1fps_1sp_aldrich.json,s102
1687801536.187476000,0,rover_s102_4x4_n2_1fps_1sp_aldrich.json,s102
1687801536.187694000,1,rover_s102_4x4_n2_1fps_1sp_aldrich.json,s102
1687801536.188244000,2,rover_s102_4x4_n2_1fps_1sp_aldrich.json,s102
1687801536.188362000,3,rover_s102_4x4_n2_1fps_1sp_aldrich.json,s102
1687801536.188451000,4,rover_s102_4x4_n2_1fps_1sp_aldrich.json,s102
1687801536.189202000,5,rover_s102_4x4_n2_1fps_1sp_aldrich.json,s102
1687801536.190288000,6,rover_s102_4x4_n2_1fps_1sp_aldrich.json,s102
1687801536.190380000,7,rover_s102_4x4_n2_1fps_1sp_aldrich.json,s102
1687801536.190468000,8,rover_s102_4x4_n2_1fps_1sp_aldrich.json,s102
1687801537.208863000,0,rover_s102_4x4_n2_1fps_1sp_aldrich.json,s102
1687801537.209083000,1,rover_s102_4x4_n2_1fps_1sp_aldrich.json,s102
1687801537.209682000,2,rover_s102_4x4_n2_1fps_1sp_aldrich.json,s102
1687801537.209785000,3,rover_s102_4x4_n2_1fps_1sp_aldrich.json,s102
1687801537.209890000,4,rover_s102_4x4_n2_1fps_1sp_aldrich.json,s102
1687801537.210618000,5,rover_s102_4x4_n2_1fps_1sp_aldrich.json,s102
1687801537.210726000,6,rover_s102_4x4_n2_1fps_1sp_aldrich.json,s102
1687801537.210727000,7,rover_s102_4x4_n2_1fps_1sp_aldrich.json,s102
1687801537.212920000,8,rover_s102_4x4_n2_1fps_1sp_aldrich.json,s102
1687801538.232811000,0,rover_s102_4x4_n2_1fps_1sp_aldrich.json,s102
1687801538.233019000,1,rover_s102_4x4_n2_1fps_1sp_aldrich.json,s102
1687801538.233539000,2,rover_s102_4x4_n2_1fps_1sp_aldrich.json,s102
1687801538.233634000,3,rover_s102_4x4_n2_1fps_1sp_aldrich.json,s102
1687801538.233726000,4,rover_s102_4x4_n2_1fps_1sp_aldrich.json,s102
1687801538.234133000,5,rover_s102_4x4_n2_1fps_1sp_aldrich.json,s102
1687801538.234238000,6,rover_s102_4x4_n2_1fps_1sp_aldrich.json,s102
1687801538.234717000,7,rover_s102_4x4_n2_1fps_1sp_aldrich.json,s102
1687801538.235174000,8,rover_s102_4x4_n2_1fps_1sp_aldrich.json,s102
1687801538.235900000,9,rover_s102_4x4_n2_1fps_1sp_aldrich.json,s102
1687801538.236018000,10,rover_s102_4x4_n2_1fps_1sp_aldrich.json,s102
1687801538.236020000,11,rover_s102_4x4_n2_1fps_1sp_aldrich.json,s102
1687801538.236502000,12,rover_s102_4x4_n2_1fps_1sp_aldrich.json,s102
1687801538.236602000,13,rover_s102_4x4_n2_1fps_1sp_aldrich.json,s102
1687801538.237900000,14,rover_s102_4x4_n2_1fps_1sp_aldrich.json,s102
1687801538.238029000,15,rover_s102_4x4_n2_1fps_1sp_aldrich.json,s102
1687801538.239178000,16,rover_s102_4x4_n2_1fps_1sp_aldrich.json,s102
1687801538.239179000,17,rover_s102_4x4_n2_1fps_1sp_aldrich.json,s102
1687801539.261500000,0,rover_s102_4x4_n2_1fps_1sp_aldrich.json,s102
1687801539.261884000,1,rover_s102_4x4_n2_1fps_1sp_aldrich.json,s102
1687801539.262853000,2,rover_s102_4x4_n2_1fps_1sp_aldrich.json,s102
1687801539.262948000,3,rover_s102_4x4_n2_1fps_1sp_aldrich.json,s102
1687801539.263059000,4,rover_s102_4x4_n2_1fps_1sp_aldrich.json,s102
1687801539.264806000,5,rover_s102_4x4_n2_1fps_1sp_aldrich.json,s102
1687801539.264808000,6,rover_s102_4x4_n2_1fps_1sp_aldrich.json,s102
1687801539.264913000,7,rover_s102_4x4_n2_1fps_1sp_aldrich.json,s102
1687801539.264996000,8,rover_s102_4x4_n2_1fps_1sp_aldrich.json,s102
1687801539.265094000,9,rover_s102_4x4_n2_1fps_1sp_aldrich.json,s102
1687801540.288198000,0,rover_s102_4x4_n2_1fps_1sp_aldrich.json,s102
1687801540.288398000,1,rover_s102_4x4_n2_1fps_1sp_aldrich.json,s102
1687801540.288882000,2,rover_s102_4x4_n2_1fps_1sp_aldrich.json,s102
1687801540.288884000,3,rover_s102_4x4_n2_1fps_1sp_aldrich.json,s102
1687801540.289000000,4,rover_s102_4x4_n2_1fps_1sp_aldrich.json,s102
1687801540.289110000,5,rover_s102_4x4_n2_1fps_1sp_aldrich.json,s102
1687801540.289628000,6,rover_s102_4x4_n2_1fps_1sp_aldrich.json,s102
1687801540.289731000,7,rover_s102_4x4_n2_1fps_1sp_aldrich.json,s102
1687801541.312207000,0,rover_s102_4x4_n2_1fps_1sp_aldrich.json,s102
1687801541.312414000,1,rover_s102_4x4_n2_1fps_1sp_aldrich.json,s102
1687801541.312775000,2,rover_s102_4x4_n2_1fps_1sp_aldrich.json,s102
1687801541.312869000,3,rover_s102_4x4_n2_1fps_1sp_aldrich.json,s102
1687801541.313403000,4,rover_s102_4x4_n2_1fps_1sp_aldrich.json,s102
1687801541.313528000,5,rover_s102_4x4_n2_1fps_1sp_aldrich.json,s102
1687801541.313999000,6,rover_s102_4x4_n2_1fps_1sp_aldrich.json,s102
1687801541.314134000,7,rover_s102_4x4_n2_1fps_1sp_aldrich.json,s102
1687801541.314708000,8,rover_s102_4x4_n2_1fps_1sp_aldrich.json,s102
1687801541.314816000,9,rover_s102_4x4_n2_1fps_1sp_aldrich.json,s102
1687801542.334983000,0,rover_s102_4x4_n2_1fps_1sp_aldrich.json,s102
1687801542.335196000,1,rover_s102_4x4_n2_1fps_1sp_aldrich.json,s102
1687801542.335291000,2,rover_s102_4x4_n2_1fps_1sp_aldrich.json,s102
1687801542.335620000,3,rover_s102_4x4_n2_1fps_1sp_aldrich.json,s102
1687801542.335720000,4,rover_s102_4x4_n2_1fps_1sp_aldrich.json,s102
1687801542.335805000,5,rover_s102_4x4_n2_1fps_1sp_aldrich.json,s102
1687801542.336162000,6,rover_s102_4x4_n2_1fps_1sp_aldrich.json,s102
1687801542.336274000,7,rover_s102_4x4_n2_1fps_1sp_aldrich.json,s102
1687801542.336851000,8,rover_s102_4x4_n2_1fps_1sp_aldrich.json,s102
1687801542.336958000,9,rover_s102_4x4_n2_1fps_1sp_aldrich.json,s102
1687801542.337812000,10,rover_s102_4x4_n2_1fps_1sp_aldrich.json,s102
1687801543.356554000,0,rover_s102_4x4_n2_1fps_1sp_aldrich.json,s102
1687801543.356760000,1,rover_s102_4x4_n2_1fps_1sp_aldrich.json,s102
1687801543.357309000,2,rover_s102_4x4_n2_1fps_1sp_aldrich.json,s102
1687801543.357416000,3,rover_s102_4x4_n2_1fps_1sp_aldrich.json,s102
1687801543.357758000,4,rover_s102_4x4_n2_1fps_1sp_aldrich.json,s102
1687801543.357887000,5,rover_s102_4x4_n2_1fps_1sp_aldrich.json,s102
1687801543.358601000,6,rover_s102_4x4_n2_1fps_1sp_aldrich.json,s102
1687801543.358720000,7,rover_s102_4x4_n2_1fps_1sp_aldrich.json,s102
1687801544.380548000,0,rover_s102_4x4_n2_1fps_1sp_aldrich.json,s102
1687801544.380927000,1,rover_s102_4x4_n2_1fps_1sp_aldrich.json,s102
1687801544.382299000,2,rover_s102_4x4_n2_1fps_1sp_aldrich.json,s102
1687801544.382300000,3,rover_s102_4x4_n2_1fps_1sp_aldrich.json,s102
1687801544.382427000,4,rover_s102_4x4_n2_1fps_1sp_aldrich.json,s102
1687801544.382528000,5,rover_s102_4x4_n2_1fps_1sp_aldrich.json,s102
1687801544.382652000,6,rover_s102_4x4_n2_1fps_1sp_aldrich.json,s102
1687801544.382748000,7,rover_s102_4x4_n2_1fps_1sp_aldrich.json,s102
1687801545.402231000,0,rover_s102_4x4_n2_1fps_1sp_aldrich.json,s102
1687801545.402438000,1,rover_s102_4x4_n2_1fps_1sp_aldrich.json,s102
1687801545.402939000,2,rover_s102_4x4_n2_1fps_1sp_aldrich.json,s102
1687801545.402940000,3,rover_s102_4x4_n2_1fps_1sp_aldrich.json,s102
1687801545.403062000,4,rover_s102_4x4_n2_1fps_1sp_aldrich.json,s102
1687801545.403159000,5,rover_s102_4x4_n2_1fps_1sp_aldrich.json,s102
1687801545.403537000,6,rover_s102_4x4_n2_1fps_1sp_aldrich.json,s102
1687801545.403640000,7,rover_s102_4x4_n2_1fps_1sp_aldrich.json,s102
1687801545.404208000,8,rover_s102_4x4_n2_1fps_1sp_aldrich.json,s102
1687801545.405182000,9,rover_s102_4x4_n2_1fps_1sp_aldrich.json,s102
1687801545.405183000,10,rover_s102_4x4_n2_1fps_1sp_aldrich.json,s102
1687801546.427453000,0,rover_s102_4x4_n2_1fps_1sp_aldrich.json,s102
1687801546.427658000,1,rover_s102_4x4_n2_1fps_1sp_aldrich.json,s102
1687801546.428207000,2,rover_s102_4x4_n2_1fps_1sp_aldrich.json,s102
1687801546.428306000,3,rover_s102_4x4_n2_1fps_1sp_aldrich.json,s102
1687801546.428393000,4,rover_s102_4x4_n2_1fps_1sp_aldrich.json,s102
1687801546.428783000,5,rover_s102_4x4_n2_1fps_1sp_aldrich.json,s102
1687801546.428881000,6,rover_s102_4x4_n2_1fps_1sp_aldrich.json,s102
1687801546.429442000,7,rover_s102_4x4_n2_1fps_1sp_aldrich.json,s102
1687801546.430154000,8,rover_s102_4x4_n2_1fps_1sp_aldrich.json,s102
1687801546.430156000,9,rover_s102_4x4_n2_1fps_1sp_aldrich.json,s102
1687801546.430510000,10,rover_s102_4x4_n2_1fps_1sp_aldrich.json,s102
1687801546.430512000,11,rover_s102_4x4_n2_1fps_1sp_aldrich.json,s102
1687801546.430895000,12,rover_s102_4x4_n2_1fps_1sp_aldrich.json,s102
1687801546.432028000,13,rover_s102_4x4_n2_1fps_1sp_aldrich.json,s102
1687801546.432132000,14,rover_s102_4x4_n2_1fps_1sp_aldrich.json,s102
1687801547.456850000,0,rover_s102_4x4_n2_1fps_1sp_aldrich.json,s102
1687801547.457056000,1,rover_s102_4x4_n2_1fps_1sp_aldrich.json,s102
1687801547.457482000,2,rover_s102_4x4_n2_1fps_1sp_aldrich.json,s102
1687801547.457483000,3,rover_s102_4x4_n2_1fps_1sp_aldrich.json,s102
1687801547.457605000,4,rover_s102_4x4_n2_1fps_1sp_aldrich.json,s102
1687801547.458079000,5,rover_s102_4x4_n2_1fps_1sp_aldrich.json,s102
1687801547.458197000,6,rover_s102_4x4_n2_1fps_1sp_aldrich.json,s102
1687801547.458739000,7,rover_s102_4x4_n2_1fps_1sp_aldrich.json,s102
1687801547.459126000,8,rover_s102_4x4_n2_1fps_1sp_aldrich.json,s102
1687801547.459128000,9,rover_s102_4x4_n2_1fps_1sp_aldrich.json,s102
1687801547.459751000,10,rover_s102_4x4_n2_1fps_1sp_aldrich.json,s102
1687801547.459849000,11,rover_s102_4x4_n2_1fps_1sp_aldrich.json,s102
1687801547.460420000,12,rover_s102_4x4_n2_1fps_1sp_aldrich.json,s102
1687801547.461035000,13,rover_s102_4x4_n2_1fps_1sp_aldrich.json,s102
1687801547.461037000,14,rover_s102_4x4_n2_1fps_1sp_aldrich.json,s102
1687801548.480174000,0,rover_s102_4x4_n2_1fps_1sp_aldrich.json,s102
1687801548.480390000,1,rover_s102_4x4_n2_1fps_1sp_aldrich.json,s102
1687801548.480734000,2,rover_s102_4x4_n2_1fps_1sp_aldrich.json,s102
1687801548.480832000,3,rover_s102_4x4_n2_1fps_1sp_aldrich.json,s102
1687801548.481546000,4,rover_s102_4x4_n2_1fps_1sp_aldrich.json,s102
1687801548.481653000,5,rover_s102_4x4_n2_1fps_1sp_aldrich.json,s102
1687801548.482006000,6,rover_s102_4x4_n2_1fps_1sp_aldrich.json,s102
1687801549.503810000,0,rover_s102_4x4_n2_1fps_1sp_aldrich.json,s102
1687801549.505733000,1,rover_s102_4x4_n2_1fps_1sp_aldrich.json,s102
1687801549.506610000,2,rover_s102_4x4_n2_1fps_1sp_aldrich.json,s102
1687801549.506712000,3,rover_s102_4x4_n2_1fps_1sp_aldrich.json,s102
1687801549.506717000,4,rover_s102_4x4_n2_1fps_1sp_aldrich.json,s102
1687801549.506865000,5,rover_s102_4x4_n2_1fps_1sp_aldrich.json,s102
1687801549.507042000,6,rover_s102_4x4_n2_1fps_1sp_aldrich.json,s102
1687801549.507588000,7,rover_s102_4x4_n2_1fps_1sp_aldrich.json,s102
1687801549.508577000,8,rover_s102_4x4_n2_1fps_1sp_aldrich.json,s102
1687801550.529642000,0,rover_s102_4x4_n2_1fps_1sp_aldrich.json,s102
1687801550.529644000,1,rover_s102_4x4_n2_1fps_1sp_aldrich.json,s102
1687801550.529840000,2,rover_s102_4x4_n2_1fps_1sp_aldrich.json,s102
1687801550.530251000,3,rover_s102_4x4_n2_1fps_1sp_aldrich.json,s102
1687801550.530253000,4,rover_s102_4x4_n2_1fps_1sp_aldrich.json,s102
1687801550.530357000,5,rover_s102_4x4_n2_1fps_1sp_aldrich.json,s102
1687801550.530420000,6,rover_s102_4x4_n2_1fps_1sp_aldrich.json,s102
1687801550.530512000,7,rover_s102_4x4_n2_1fps_1sp_aldrich.json,s102
1687801550.530514000,8,rover_s102_4x4_n2_1fps_1sp_aldrich.json,s102
1687801550.530633000,9,rover_s102_4x4_n2_1fps_1sp_aldrich.json,s102
1687801550.530981000,10,rover_s102_4x4_n2_1fps_1sp_aldrich.json,s102
1687801550.531120000,11,rover_s102_4x4_n2_1fps_1sp_aldrich.json,s102
1687801550.531398000,12,rover_s102_4x4_n2_1fps_1sp_aldrich.json,s102
1687801550.531497000,13,rover_s102_4x4_n2_1fps_1sp_aldrich.json,s102
1687801551.566329000,0,rover_s102_4x4_n2_1fps_1sp_aldrich.json,s102
1687801551.566548000,1,rover_s102_4x4_n2_1fps_1sp_aldrich.json,s102
1687801551.566654000,2,rover_s102_4x4_n2_1fps_1sp_aldrich.json,s102
1687801551.566770000,3,rover_s102_4x4_n2_1fps_1sp_aldrich.json,s102
1687801551.566867000,4,rover_s102_4x4_n2_1fps_1sp_aldrich.json,s102
1687801551.567419000,5,rover_s102_4x4_n2_1fps_1sp_aldrich.json,s102
1687801551.567529000,6,rover_s102_4x4_n2_1fps_1sp_aldrich.json,s102
1687801551.567878000,7,rover_s102_4x4_n2_1fps_1sp_aldrich.json,s102
1687801551.567980000,8,rover_s102_4x4_n2_1fps_1sp_aldrich.json,s102
1687801551.568600000,9,rover_s102_4x4_n2_1fps_1sp_aldrich.json,s102
1687801551.568701000,10,rover_s102_4x4_n2_1fps_1sp_aldrich.json,s102
1687801551.570064000,11,rover_s102_4x4_n2_1fps_1sp_aldrich.json,s102
1687801552.591825000,0,rover_s102_4x4_n2_1fps_1sp_aldrich.json,s102
1687801552.592043000,1,rover_s102_4x4_n2_1fps_1sp_aldrich.json,s102
1687801552.592471000,2,rover_s102_4x4_n2_1fps_1sp_aldrich.json,s102
1687801552.592578000,3,rover_s102_4x4_n2_1fps_1sp_aldrich.json,s102
1687801552.592668000,4,rover_s102_4x4_n2_1fps_1sp_aldrich.json,s102
1687801552.592670000,5,rover_s102_4x4_n2_1fps_1sp_aldrich.json,s102
1687801552.592846000,6,rover_s102_4x4_n2_1fps_1sp_aldrich.json,s102
1687801552.593825000,7,rover_s102_4x4_n2_1fps_1sp_aldrich.json,s102
1687801552.594470000,8,rover_s102_4x4_n2_1fps_1sp_aldrich.json,s102
1687801552.594582000,9,rover_s102_4x4_n2_1fps_1sp_aldrich.json,s102
1687801553.617583000,0,rover_s102_4x4_n2_1fps_1sp_aldrich.json,s102
1687801553.617817000,1,rover_s102_4x4_n2_1fps_1sp_aldrich.json,s102
1687801553.617910000,2,rover_s102_4x4_n2_1fps_1sp_aldrich.json,s102
1687801553.618222000,3,rover_s102_4x4_n2_1fps_1sp_aldrich.json,s102
1687801553.618324000,4,rover_s102_4x4_n2_1fps_1sp_aldrich.json,s102
1687801553.618427000,5,rover_s102_4x4_n2_1fps_1sp_aldrich.json,s102
1687801553.619087000,6,rover_s102_4x4_n2_1fps_1sp_aldrich.json,s102
1687801553.619208000,7,rover_s102_4x4_n2_1fps_1sp_aldrich.json,s102
1687801553.620474000,8,rover_s102_4x4_n2_1fps_1sp_aldrich.json,s102
1687801553.620475000,9,rover_s102_4x4_n2_1fps_1sp_aldrich.json,s102
1687801553.620615000,10,rover_s102_4x4_n2_1fps_1sp_aldrich.json,s102
1687801553.620712000,11,rover_s102_4x4_n2_1fps_1sp_aldrich.json,s102
1687801554.641979000,0,rover_s102_4x4_n2_1fps_1sp_aldrich.json,s102
1687801554.642843000,1,rover_s102_4x4_n2_1fps_1sp_aldrich.json,s102
1687801554.643765000,2,rover_s102_4x4_n2_1fps_1sp_aldrich.json,s102
1687801554.643876000,3,rover_s102_4x4_n2_1fps_1sp_aldrich.json,s102
1687801554.643878000,4,rover_s102_4x4_n2_1fps_1sp_aldrich.json,s102
1687801554.644693000,5,rover_s102_4x4_n2_1fps_1sp_aldrich.json,s102
1687801554.644787000,6,rover_s102_4x4_n2_1fps_1sp_aldrich.json,s102
1687801555.666915000,0,rover_s102_4x4_n2_1fps_1sp_aldrich.json,s102
1687801555.667142000,1,rover_s102_4x4_n2_1fps_1sp_aldrich.json,s102
1687801555.667548000,2,rover_s102_4x4_n2_1fps_1sp_aldrich.json,s102
1687801555.667640000,3,rover_s102_4x4_n2_1fps_1sp_aldrich.json,s102
1687801555.667725000,4,rover_s102_4x4_n2_1fps_1sp_aldrich.json,s102
1687801555.668084000,5,rover_s102_4x4_n2_1fps_1sp_aldrich.json,s102
1687801555.668188000,6,rover_s102_4x4_n2_1fps_1sp_aldrich.json,s102
1687801555.668863000,7,rover_s102_4x4_n2_1fps_1sp_aldrich.json,s102
1687801555.668976000,8,rover_s102_4x4_n2_1fps_1sp_aldrich.json,s102
1687801555.669906000,9,rover_s102_4x4_n2_1fps_1sp_aldrich.json,s102
1687801556.693771000,0,rover_s102_4x4_n2_1fps_1sp_aldrich.json,s102
1687801556.693983000,1,rover_s102_4x4_n2_1fps_1sp_aldrich.json,s102
1687801556.694488000,2,rover_s102_4x4_n2_1fps_1sp_aldrich.json,s102
1687801556.694578000,3,rover_s102_4x4_n2_1fps_1sp_aldrich.json,s102
1687801556.694580000,4,rover_s102_4x4_n2_1fps_1sp_aldrich.json,s102
1687801556.694707000,5,rover_s102_4x4_n2_1fps_1sp_aldrich.json,s102
1687801556.696325000,6,rover_s102_4x4_n2_1fps_1sp_aldrich.json,s102
1687801556.696774000,7,rover_s102_4x4_n2_1fps_1sp_aldrich.json,s102
1687801556.696877000,8,rover_s102_4x4_n2_1fps_1sp_aldrich.json,s102
1687801556.696979000,9,rover_s102_4x4_n2_1fps_1sp_aldrich.json,s102
1687801557.716917000,0,rover_s102_4x4_n2_1fps_1sp_aldrich.json,s102
1687801557.717160000,1,rover_s102_4x4_n2_1fps_1sp_aldrich.json,s102
1687801557.717718000,2,rover_s102_4x4_n2_1fps_1sp_aldrich.json,s102
1687801557.717819000,3,rover_s102_4x4_n2_1fps_1sp_aldrich.json,s102
1687801557.717933000,4,rover_s102_4x4_n2_1fps_1sp_aldrich.json,s102
1687801557.719338000,5,rover_s102_4x4_n2_1fps_1sp_aldrich.json,s102
1687801557.719466000,6,rover_s102_4x4_n2_1fps_1sp_aldrich.json,s102
1687801557.719468000,7,rover_s102_4x4_n2_1fps_1sp_aldrich.json,s102
1687801557.719612000,8,rover_s102_4x4_n2_1fps_1sp_aldrich.json,s102
1687801557.719726000,9,rover_s102_4x4_n2_1fps_1sp_aldrich.json,s102
1687801557.720374000,10,rover_s102_4x4_n2_1fps_1sp_aldrich.json,s102
1687801557.720488000,11,rover_s102_4x4_n2_1fps_1sp_aldrich.json,s102
1687801557.720489000,12,rover_s102_4x4_n2_1fps_1sp_aldrich.json,s102
1687801557.722368000,13,rover_s102_4x4_n2_1fps_1sp_aldrich.json,s102
1687801558.745352000,0,rover_s102_4x4_n2_1fps_1sp_aldrich.json,s102
1687801558.745557000,1,rover_s102_4x4_n2_1fps_1sp_aldrich.json,s102
1687801558.745665000,2,rover_s102_4x4_n2_1fps_1sp_aldrich.json,s102
1687801558.747264000,3,rover_s102_4x4_n2_1fps_1sp_aldrich.json,s102
1687801558.747399000,4,rover_s102_4x4_n2_1fps_1sp_aldrich.json,s102
1687801558.747401000,5,rover_s102_4x4_n2_1fps_1sp_aldrich.json,s102
1687801558.747543000,6,rover_s102_4x4_n2_1fps_1sp_aldrich.json,s102
1687801558.748206000,7,rover_s102_4x4_n2_1fps_1sp_aldrich.json,s102
1687801558.748314000,8,rover_s102_4x4_n2_1fps_1sp_aldrich.json,s102
1687801558.748405000,9,rover_s102_4x4_n2_1fps_1sp_aldrich.json,s102
1687801558.748930000,10,rover_s102_4x4_n2_1fps_1sp_aldrich.json,s102
1687801558.749083000,11,rover_s102_4x4_n2_1fps_1sp_aldrich.json,s102
1687801558.749182000,12,rover_s102_4x4_n2_1fps_1sp_aldrich.json,s102
1687801558.749745000,13,rover_s102_4x4_n2_1fps_1sp_aldrich.json,s102
1687801558.749856000,14,rover_s102_4x4_n2_1fps_1sp_aldrich.json,s102
1687801558.750977000,15,rover_s102_4x4_n2_1fps_1sp_aldrich.json,s102
1687801559.780589000,0,rover_s102_4x4_n2_1fps_1sp_aldrich.json,s102
1687801559.780969000,1,rover_s102_4x4_n2_1fps_1sp_aldrich.json,s102
1687801559.781961000,2,rover_s102_4x4_n2_1fps_1sp_aldrich.json,s102
1687801559.783661000,3,rover_s102_4x4_n2_1fps_1sp_aldrich.json,s102
1687801559.783663000,4,rover_s102_4x4_n2_1fps_1sp_aldrich.json,s102
1687801559.783771000,5,rover_s102_4x4_n2_1fps_1sp_aldrich.json,s102
1687801559.783838000,6,rover_s102_4x4_n2_1fps_1sp_aldrich.json,s102
1687801559.783899000,7,rover_s102_4x4_n2_1fps_1sp_aldrich.json,s102
1687801559.783901000,8,rover_s102_4x4_n2_1fps_1sp_aldrich.json,s102
1687801559.784010000,9,rover_s102_4x4_n2_1fps_1sp_aldrich.json,s102
1687801559.784099000,10,rover_s102_4x4_n2_1fps_1sp_aldrich.json,s102
1687801559.784226000,11,rover_s102_4x4_n2_1fps_1sp_aldrich.json,s102
1687801559.784319000,12,rover_s102_4x4_n2_1fps_1sp_aldrich.json,s102
1687801560.806705000,0,rover_s102_4x4_n2_1fps_1sp_aldrich.json,s102
1687801560.807437000,1,rover_s102_4x4_n2_1fps_1sp_aldrich.json,s102
1687801560.807536000,2,rover_s102_4x4_n2_1fps_1sp_aldrich.json,s102
1687801560.807537000,3,rover_s102_4x4_n2_1fps_1sp_aldrich.json,s102
1687801560.807662000,4,rover_s102_4x4_n2_1fps_1sp_aldrich.json,s102
1687801560.807952000,5,rover_s102_4x4_n2_1fps_1sp_aldrich.json,s102
1687801560.808057000,6,rover_s102_4x4_n2_1fps_1sp_aldrich.json,s102
1687801560.810213000,7,rover_s102_4x4_n2_1fps_1sp_aldrich.json,s102
1687801560.811962000,8,rover_s102_4x4_n2_1fps_1sp_aldrich.json,s102
1687801560.812082000,9,rover_s102_4x4_n2_1fps_1sp_aldrich.json,s102
1687801561.832532000,0,rover_s102_4x4_n2_1fps_1sp_aldrich.json,s102
1687801561.832752000,1,rover_s102_4x4_n2_1fps_1sp_aldrich.json,s102
1687801561.833434000,2,rover_s102_4x4_n2_1fps_1sp_aldrich.json,s102
1687801561.833527000,3,rover_s102_4x4_n2_1fps_1sp_aldrich.json,s102
1687801561.833529000,4,rover_s102_4x4_n2_1fps_1sp_aldrich.json,s102
1687801561.833697000,5,rover_s102_4x4_n2_1fps_1sp_aldrich.json,s102
1687801561.834348000,6,rover_s102_4x4_n2_1fps_1sp_aldrich.json,s102
1687801561.834470000,7,rover_s102_4x4_n2_1fps_1sp_aldrich.json,s102
1687801561.835012000,8,rover_s102_4x4_n2_1fps_1sp_aldrich.json,s102
1687801561.835123000,9,rover_s102_4x4_n2_1fps_1sp_aldrich.json,s102
1687801561.835807000,10,rover_s102_4x4_n2_1fps_1sp_aldrich.json,s102
1687801561.836850000,11,rover_s102_4x4_n2_1fps_1sp_aldrich.json,s102
1687801561.836997000,12,rover_s102_4x4_n2_1fps_1sp_aldrich.json,s102
1687801561.836999000,13,rover_s102_4x4_n2_1fps_1sp_aldrich.json,s102
1687801561.837159000,14,rover_s102_4x4_n2_1fps_1sp_aldrich.json,s102
1687801561.837874000,15,rover_s102_4x4_n2_1fps_1sp_aldrich.json,s102
1687801561.837984000,16,rover_s102_4x4_n2_1fps_1sp_aldrich.json,s102
1687801561.838586000,17,rover_s102_4x4_n2_1fps_1sp_aldrich.json,s102
1687801562.862384000,0,rover_s102_4x4_n2_1fps_1sp_aldrich.json,s102
1687801562.862585000,1,rover_s102_4x4_n2_1fps_1sp_aldrich.json,s102
1687801562.862704000,2,rover_s102_4x4_n2_1fps_1sp_aldrich.json,s102
1687801562.862820000,3,rover_s102_4x4_n2_1fps_1sp_aldrich.json,s102
1687801562.862906000,4,rover_s102_4x4_n2_1fps_1sp_aldrich.json,s102
1687801562.863349000,5,rover_s102_4x4_n2_1fps_1sp_aldrich.json,s102
1687801562.864358000,6,rover_s102_4x4_n2_1fps_1sp_aldrich.json,s102
1687801562.864470000,7,rover_s102_4x4_n2_1fps_1sp_aldrich.json,s102
1687801562.865196000,8,rover_s102_4x4_n2_1fps_1sp_aldrich.json,s102
1687801562.865198000,9,rover_s102_4x4_n2_1fps_1sp_aldrich.json,s102
1687801562.865326000,10,rover_s102_4x4_n2_1fps_1sp_aldrich.json,s102
1687801562.866164000,11,rover_s102_4x4_n2_1fps_1sp_aldrich.json,s102
1687801562.866274000,12,rover_s102_4x4_n2_1fps_1sp_aldrich.json,s102
1687801563.901975000,0,rover_s102_4x4_n2_1fps_1sp_aldrich.json,s102
1687801563.902180000,1,rover_s102_4x4_n2_1fps_1sp_aldrich.json,s102
1687801563.902278000,2,rover_s102_4x4_n2_1fps_1sp_aldrich.json,s102
1687801563.905174000,3,rover_s102_4x4_n2_1fps_1sp_aldrich.json,s102
1687801563.905176000,4,rover_s102_4x4_n2_1fps_1sp_aldrich.json,s102
1687801563.905320000,5,rover_s102_4x4_n2_1fps_1sp_aldrich.json,s102
1687801563.905447000,6,rover_s102_4x4_n2_1fps_1sp_aldrich.json,s102
1687801563.906496000,7,rover_s102_4x4_n2_1fps_1sp_aldrich.json,s102
1687801563.906590000,8,rover_s102_4x4_n2_1fps_1sp_aldrich.json,s102
1687801563.906676000,9,rover_s102_4x4_n2_1fps_1sp_aldrich.json,s102
1687801564.932634000,0,rover_s102_4x4_n2_1fps_1sp_aldrich.json,s102
1687801564.933191000,1,rover_s102_4x4_n2_1fps_1sp_aldrich.json,s102
1687801564.934452000,2,rover_s102_4x4_n2_1fps_1sp_aldrich.json,s102
1687801564.934564000,3,rover_s102_4x4_n2_1fps_1sp_aldrich.json,s102
1687801564.934661000,4,rover_s102_4x4_n2_1fps_1sp_aldrich.json,s102
1687801564.934779000,5,rover_s102_4x4_n2_1fps_1sp_aldrich.json,s102
1687801564.934869000,6,rover_s102_4x4_n2_1fps_1sp_aldrich.json,s102
1687801564.935558000,7,rover_s102_4x4_n2_1fps_1sp_aldrich.json,s102
1687801564.935663000,8,rover_s102_4x4_n2_1fps_1sp_aldrich.json,s102
1687801565.961355000,0,rover_s102_4x4_n2_1fps_1sp_aldrich.json,s102
1687801565.961555000,1,rover_s102_4x4_n2_1fps_1sp_aldrich.json,s102
1687801565.961650000,2,rover_s102_4x4_n2_1fps_1sp_aldrich.json,s102
1687801565.961763000,3,rover_s102_4x4_n2_1fps_1sp_aldrich.json,s102
1687801565.961852000,4,rover_s102_4x4_n2_1fps_1sp_aldrich.json,s102
1687801565.962211000,5,rover_s102_4x4_n2_1fps_1sp_aldrich.json,s102
1687801565.962303000,6,rover_s102_4x4_n2_1fps_1sp_aldrich.json,s102
1687801565.964481000,7,rover_s102_4x4_n2_1fps_1sp_aldrich.json,s102
1687801565.964483000,8,rover_s102_4x4_n2_1fps_1sp_aldrich.json,s102
1687801565.964638000,9,rover_s102_4x4_n2_1fps_1sp_aldrich.json,s102
1687801566.982390000,0,rover_s102_4x4_n2_1fps_1sp_aldrich.json,s102
1687801566.982603000,1,rover_s102_4x4_n2_1fps_1sp_aldrich.json,s102
1687801566.982705000,2,rover_s102_4x4_n2_1fps_1sp_aldrich.json,s102
1687801566.983500000,3,rover_s102_4x4_n2_1fps_1sp_aldrich.json,s102
1687801566.983502000,4,rover_s102_4x4_n2_1fps_1sp_aldrich.json,s102
1687801566.983666000,5,rover_s102_4x4_n2_1fps_1sp_aldrich.json,s102
1687801566.984333000,6,rover_s102_4x4_n2_1fps_1sp_aldrich.json,s102
1687801566.984455000,7,rover_s102_4x4_n2_1fps_1sp_aldrich.json,s102
1687801566.985424000,8,rover_s102_4x4_n2_1fps_1sp_aldrich.json,s102
1687801566.986522000,9,rover_s102_4x4_n2_1fps_1sp_aldrich.json,s102
1687801568.006641000,0,rover_s102_4x4_n2_1fps_1sp_aldrich.json,s102
1687801568.006844000,1,rover_s102_4x4_n2_1fps_1sp_aldrich.json,s102
1687801568.006951000,2,rover_s102_4x4_n2_1fps_1sp_aldrich.json,s102
1687801568.007450000,3,rover_s102_4x4_n2_1fps_1sp_aldrich.json,s102
1687801568.007550000,4,rover_s102_4x4_n2_1fps_1sp_aldrich.json,s102
1687801568.007552000,5,rover_s102_4x4_n2_1fps_1sp_aldrich.json,s102
1687801568.007678000,6,rover_s102_4x4_n2_1fps_1sp_aldrich.json,s102
1687801568.009377000,7,rover_s102_4x4_n2_1fps_1sp_aldrich.json,s102
1687801568.009378000,8,rover_s102_4x4_n2_1fps_1sp_aldrich.json,s102
1687801568.009536000,9,rover_s102_4x4_n2_1fps_1sp_aldrich.json,s102
1687801569.029193000,0,rover_s102_4x4_n2_1fps_1sp_aldrich.json,s102
1687801569.029402000,1,rover_s102_4x4_n2_1fps_1sp_aldrich.json,s102
1687801569.030616000,2,rover_s102_4x4_n2_1fps_1sp_aldrich.json,s102
1687801569.031496000,3,rover_s102_4x4_n2_1fps_1sp_aldrich.json,s102
1687801569.031498000,4,rover_s102_4x4_n2_1fps_1sp_aldrich.json,s102
1687801569.031625000,5,rover_s102_4x4_n2_1fps_1sp_aldrich.json,s102
1687801569.031733000,6,rover_s102_4x4_n2_1fps_1sp_aldrich.json,s102
1687801569.031842000,7,rover_s102_4x4_n2_1fps_1sp_aldrich.json,s102
1687801569.032624000,8,rover_s102_4x4_n2_1fps_1sp_aldrich.json,s102
1687801569.032626000,9,rover_s102_4x4_n2_1fps_1sp_aldrich.json,s102
1687801569.032770000,10,rover_s102_4x4_n2_1fps_1sp_aldrich.json,s102
1687801570.054790000,0,rover_s102_4x4_n2_1fps_1sp_aldrich.json,s102
1687801570.055183000,1,rover_s102_4x4_n2_1fps_1sp_aldrich.json,s102
1687801570.057608000,2,rover_s102_4x4_n2_1fps_1sp_aldrich.json,s102
1687801570.058618000,3,rover_s102_4x4_n2_1fps_1sp_aldrich.json,s102
1687801570.058620000,4,rover_s102_4x4_n2_1fps_1sp_aldrich.json,s102
1687801570.058735000,5,rover_s102_4x4_n2_1fps_1sp_aldrich.json,s102
1687801570.058810000,6,rover_s102_4x4_n2_1fps_1sp_aldrich.json,s102
1687801571.077679000,0,rover_s102_4x4_n2_1fps_1sp_aldrich.json,s102
1687801571.077882000,1,rover_s102_4x4_n2_1fps_1sp_aldrich.json,s102
1687801571.077973000,2,rover_s102_4x4_n2_1fps_1sp_aldrich.json,s102
1687801571.078402000,3,rover_s102_4x4_n2_1fps_1sp_aldrich.json,s102
1687801571.078557000,4,rover_s102_4x4_n2_1fps_1sp_aldrich.json,s102
1687801571.078640000,5,rover_s102_4x4_n2_1fps_1sp_aldrich.json,s102
1687801571.079437000,6,rover_s102_4x4_n2_1fps_1sp_aldrich.json,s102
1687801571.080159000,7,rover_s102_4x4_n2_1fps_1sp_aldrich.json,s102
1687801571.080550000,8,rover_s102_4x4_n2_1fps_1sp_aldrich.json,s102
1687801571.080552000,9,rover_s102_4x4_n2_1fps_1sp_aldrich.json,s102
1687801571.080692000,10,rover_s102_4x4_n2_1fps_1sp_aldrich.json,s102
1687801572.103405000,0,rover_s102_4x4_n2_1fps_1sp_aldrich.json,s102
1687801572.103609000,1,rover_s102_4x4_n2_1fps_1sp_aldrich.json,s102
1687801572.104241000,2,rover_s102_4x4_n2_1fps_1sp_aldrich.json,s102
1687801572.104602000,3,rover_s102_4x4_n2_1fps_1sp_aldrich.json,s102
1687801572.104604000,4,rover_s102_4x4_n2_1fps_1sp_aldrich.json,s102
1687801572.105286000,5,rover_s102_4x4_n2_1fps_1sp_aldrich.json,s102
1687801572.105686000,6,rover_s102_4x4_n2_1fps_1sp_aldrich.json,s102
1687801572.106320000,7,rover_s102_4x4_n2_1fps_1sp_aldrich.json,s102
1687801572.106801000,8,rover_s102_4x4_n2_1fps_1sp_aldrich.json,s102
1687801572.106803000,9,rover_s102_4x4_n2_1fps_1sp_aldrich.json,s102
1687801572.106961000,10,rover_s102_4x4_n2_1fps_1sp_aldrich.json,s102
1687801572.107723000,11,rover_s102_4x4_n2_1fps_1sp_aldrich.json,s102
1687801572.108493000,12,rover_s102_4x4_n2_1fps_1sp_aldrich.json,s102
1687801573.135071000,0,rover_s102_4x4_n2_1fps_1sp_aldrich.json,s102
1687801573.135226000,1,rover_s102_4x4_n2_1fps_1sp_aldrich.json,s102
1687801573.135228000,2,rover_s102_4x4_n2_1fps_1sp_aldrich.json,s102
1687801573.135322000,3,rover_s102_4x4_n2_1fps_1sp_aldrich.json,s102
1687801573.135411000,4,rover_s102_4x4_n2_1fps_1sp_aldrich.json,s102
1687801573.135503000,5,rover_s102_4x4_n2_1fps_1sp_aldrich.json,s102
1687801573.135505000,6,rover_s102_4x4_n2_1fps_1sp_aldrich.json,s102
1687801573.136117000,7,rover_s102_4x4_n2_1fps_1sp_aldrich.json,s102
1687801573.136473000,8,rover_s102_4x4_n2_1fps_1sp_aldrich.json,s102
1687801573.136474000,9,rover_s102_4x4_n2_1fps_1sp_aldrich.json,s102
1687801573.137384000,10,rover_s102_4x4_n2_1fps_1sp_aldrich.json,s102
1687801574.156004000,0,rover_s102_4x4_n2_1fps_1sp_aldrich.json,s102
1687801574.156504000,1,rover_s102_4x4_n2_1fps_1sp_aldrich.json,s102
1687801574.156506000,2,rover_s102_4x4_n2_1fps_1sp_aldrich.json,s102
1687801574.156630000,3,rover_s102_4x4_n2_1fps_1sp_aldrich.json,s102
1687801574.157392000,4,rover_s102_4x4_n2_1fps_1sp_aldrich.json,s102
1687801574.157534000,5,rover_s102_4x4_n2_1fps_1sp_aldrich.json,s102
1687801574.157977000,6,rover_s102_4x4_n2_1fps_1sp_aldrich.json,s102
1687801574.158074000,7,rover_s102_4x4_n2_1fps_1sp_aldrich.json,s102
1687801574.158681000,8,rover_s102_4x4_n2_1fps_1sp_aldrich.json,s102
1687801574.158789000,9,rover_s102_4x4_n2_1fps_1sp_aldrich.json,s102
1687801575.179146000,0,rover_s102_4x4_n2_1fps_1sp_aldrich.json,s102
1687801575.179491000,1,rover_s102_4x4_n2_1fps_1sp_aldrich.json,s102
1687801575.180456000,2,rover_s102_4x4_n2_1fps_1sp_aldrich.json,s102
1687801575.181879000,3,rover_s102_4x4_n2_1fps_1sp_aldrich.json,s102
1687801575.181994000,4,rover_s102_4x4_n2_1fps_1sp_aldrich.json,s102
1687801575.182067000,5,rover_s102_4x4_n2_1fps_1sp_aldrich.json,s102
1687801575.182068000,6,rover_s102_4x4_n2_1fps_1sp_aldrich.json,s102
1687801575.182192000,7,rover_s102_4x4_n2_1fps_1sp_aldrich.json,s102
1687801575.182293000,8,rover_s102_4x4_n2_1fps_1sp_aldrich.json,s102
1687801575.182590000,9,rover_s102_4x4_n2_1fps_1sp_aldrich.json,s102
1687801575.182704000,10,rover_s102_4x4_n2_1fps_1sp_aldrich.json,s102
1687801575.183645000,11,rover_s102_4x4_n2_1fps_1sp_aldrich.json,s102
1687801575.183752000,12,rover_s102_4x4_n2_1fps_1sp_aldrich.json,s102
1687801575.184347000,13,rover_s102_4x4_n2_1fps_1sp_aldrich.json,s102
1687801575.184451000,14,rover_s102_4x4_n2_1fps_1sp_aldrich.json,s102
1687801575.184909000,15,rover_s102_4x4_n2_1fps_1sp_aldrich.json,s102
1687801575.185010000,16,rover_s102_4x4_n2_1fps_1sp_aldrich.json,s102
1687801575.185973000,17,rover_s102_4x4_n2_1fps_1sp_aldrich.json,s102
1687801576.213198000,0,rover_s102_4x4_n2_1fps_1sp_aldrich.json,s102
1687801576.213200000,1,rover_s102_4x4_n2_1fps_1sp_aldrich.json,s102
1687801576.213425000,2,rover_s102_4x4_n2_1fps_1sp_aldrich.json,s102
1687801576.213527000,3,rover_s102_4x4_n2_1fps_1sp_aldrich.json,s102
1687801576.214001000,4,rover_s102_4x4_n2_1fps_1sp_aldrich.json,s102
1687801576.214099000,5,rover_s102_4x4_n2_1fps_1sp_aldrich.json,s102
1687801576.214101000,6,rover_s102_4x4_n2_1fps_1sp_aldrich.json,s102
1687801577.236833000,0,rover_s102_4x4_n2_1fps_1sp_aldrich.json,s102
1687801577.238072000,1,rover_s102_4x4_n2_1fps_1sp_aldrich.json,s102
1687801577.238073000,2,rover_s102_4x4_n2_1fps_1sp_aldrich.json,s102
1687801577.238187000,3,rover_s102_4x4_n2_1fps_1sp_aldrich.json,s102
1687801577.238274000,4,rover_s102_4x4_n2_1fps_1sp_aldrich.json,s102
1687801577.238357000,5,rover_s102_4x4_n2_1fps_1sp_aldrich.json,s102
1687801577.238713000,6,rover_s102_4x4_n2_1fps_1sp_aldrich.json,s102
1687801577.238819000,7,rover_s102_4x4_n2_1fps_1sp_aldrich.json,s102
1687801577.239329000,8,rover_s102_4x4_n2_1fps_1sp_aldrich.json,s102
1687801577.239436000,9,rover_s102_4x4_n2_1fps_1sp_aldrich.json,s102
1687801577.239964000,10,rover_s102_4x4_n2_1fps_1sp_aldrich.json,s102
1687801577.240078000,11,rover_s102_4x4_n2_1fps_1sp_aldrich.json,s102
1687801577.240162000,12,rover_s102_4x4_n2_1fps_1sp_aldrich.json,s102
1687801577.240581000,13,rover_s102_4x4_n2_1fps_1sp_aldrich.json,s102
1687801577.240699000,14,rover_s102_4x4_n2_1fps_1sp_aldrich.json,s102
1687801577.241308000,15,rover_s102_4x4_n2_1fps_1sp_aldrich.json,s102
1687801577.241415000,16,rover_s102_4x4_n2_1fps_1sp_aldrich.json,s102
1687801577.242115000,17,rover_s102_4x4_n2_1fps_1sp_aldrich.json,s102
1687801577.242226000,18,rover_s102_4x4_n2_1fps_1sp_aldrich.json,s102
1687801577.242765000,19,rover_s102_4x4_n2_1fps_1sp_aldrich.json,s102
1687801577.244366000,20,rover_s102_4x4_n2_1fps_1sp_aldrich.json,s102
1687801578.264185000,0,rover_s102_4x4_n2_1fps_1sp_aldrich.json,s102
1687801578.264389000,1,rover_s102_4x4_n2_1fps_1sp_aldrich.json,s102
1687801578.264883000,2,rover_s102_4x4_n2_1fps_1sp_aldrich.json,s102
1687801578.264884000,3,rover_s102_4x4_n2_1fps_1sp_aldrich.json,s102
1687801578.265011000,4,rover_s102_4x4_n2_1fps_1sp_aldrich.json,s102
1687801578.265124000,5,rover_s102_4x4_n2_1fps_1sp_aldrich.json,s102
1687801578.265669000,6,rover_s102_4x4_n2_1fps_1sp_aldrich.json,s102
1687801578.265772000,7,rover_s102_4x4_n2_1fps_1sp_aldrich.json,s102
1687801578.266253000,8,rover_s102_4x4_n2_1fps_1sp_aldrich.json,s102
1687801578.267464000,9,rover_s102_4x4_n2_1fps_1sp_aldrich.json,s102
1687801579.286045000,0,rover_s102_4x4_n2_1fps_1sp_aldrich.json,s102
1687801579.286257000,1,rover_s102_4x4_n2_1fps_1sp_aldrich.json,s102
1687801579.286721000,2,rover_s102_4x4_n2_1fps_1sp_aldrich.json,s102
1687801579.286723000,3,rover_s102_4x4_n2_1fps_1sp_aldrich.json,s102
1687801579.286852000,4,rover_s102_4x4_n2_1fps_1sp_aldrich.json,s102
1687801579.286953000,5,rover_s102_4x4_n2_1fps_1sp_aldrich.json,s102
1687801579.287319000,6,rover_s102_4x4_n2_1fps_1sp_aldrich.json,s102
1687801579.287427000,7,rover_s102_4x4_n2_1fps_1sp_aldrich.json,s102
1687801579.287947000,8,rover_s102_4x4_n2_1fps_1sp_aldrich.json,s102
1687801579.289191000,9,rover_s102_4x4_n2_1fps_1sp_aldrich.json,s102
1687801579.289304000,10,rover_s102_4x4_n2_1fps_1sp_aldrich.json,s102
1687801579.289382000,11,rover_s102_4x4_n2_1fps_1sp_aldrich.json,s102
1687801579.289769000,12,rover_s102_4x4_n2_1fps_1sp_aldrich.json,s102
1687801579.289865000,13,rover_s102_4x4_n2_1fps_1sp_aldrich.json,s102
1687801580.309244000,0,rover_s102_4x4_n2_1fps_1sp_aldrich.json,s102
1687801580.309619000,1,rover_s102_4x4_n2_1fps_1sp_aldrich.json,s102
1687801580.311149000,2,rover_s102_4x4_n2_1fps_1sp_aldrich.json,s102
1687801580.311151000,3,rover_s102_4x4_n2_1fps_1sp_aldrich.json,s102
1687801580.311318000,4,rover_s102_4x4_n2_1fps_1sp_aldrich.json,s102
1687801580.311453000,5,rover_s102_4x4_n2_1fps_1sp_aldrich.json,s102
1687801580.311568000,6,rover_s102_4x4_n2_1fps_1sp_aldrich.json,s102
1687801580.311670000,7,rover_s102_4x4_n2_1fps_1sp_aldrich.json,s102
1687801580.312672000,8,rover_s102_4x4_n2_1fps_1sp_aldrich.json,s102
1687801581.331470000,0,rover_s102_4x4_n2_1fps_1sp_aldrich.json,s102
1687801581.331680000,1,rover_s102_4x4_n2_1fps_1sp_aldrich.json,s102
1687801581.332680000,2,rover_s102_4x4_n2_1fps_1sp_aldrich.json,s102
1687801581.332681000,3,rover_s102_4x4_n2_1fps_1sp_aldrich.json,s102
1687801581.332781000,4,rover_s102_4x4_n2_1fps_1sp_aldrich.json,s102
1687801581.332873000,5,rover_s102_4x4_n2_1fps_1sp_aldrich.json,s102
1687801581.332983000,6,rover_s102_4x4_n2_1fps_1sp_aldrich.json,s102
1687801581.332984000,7,rover_s102_4x4_n2_1fps_1sp_aldrich.json,s102
1687801581.333408000,8,rover_s102_4x4_n2_1fps_1sp_aldrich.json,s102
1687801581.333510000,9,rover_s102_4x4_n2_1fps_1sp_aldrich.json,s102
1687801581.334011000,10,rover_s102_4x4_n2_1fps_1sp_aldrich.json,s102
1687801581.334122000,11,rover_s102_4x4_n2_1fps_1sp_aldrich.json,s102
1687801582.354005000,0,rover_s102_4x4_n2_1fps_1sp_aldrich.json,s102
1687801582.354209000,1,rover_s102_4x4_n2_1fps_1sp_aldrich.json,s102
1687801582.354321000,2,rover_s102_4x4_n2_1fps_1sp_aldrich.json,s102
1687801582.354448000,3,rover_s102_4x4_n2_1fps_1sp_aldrich.json,s102
1687801582.354449000,4,rover_s102_4x4_n2_1fps_1sp_aldrich.json,s102
1687801582.354706000,5,rover_s102_4x4_n2_1fps_1sp_aldrich.json,s102
1687801582.354798000,6,rover_s102_4x4_n2_1fps_1sp_aldrich.json,s102
1687801582.355390000,7,rover_s102_4x4_n2_1fps_1sp_aldrich.json,s102
1687801582.355846000,8,rover_s102_4x4_n2_1fps_1sp_aldrich.json,s102
1687801582.355848000,9,rover_s102_4x4_n2_1fps_1sp_aldrich.json,s102
1687801582.356599000,10,rover_s102_4x4_n2_1fps_1sp_aldrich.json,s102
1687801582.356601000,11,rover_s102_4x4_n2_1fps_1sp_aldrich.json,s102
1687801582.357108000,12,rover_s102_4x4_n2_1fps_1sp_aldrich.json,s102
1687801582.357110000,13,rover_s102_4x4_n2_1fps_1sp_aldrich.json,s102
1687801583.381939000,0,rover_s102_4x4_n2_1fps_1sp_aldrich.json,s102
1687801583.382583000,1,rover_s102_4x4_n2_1fps_1sp_aldrich.json,s102
1687801583.382693000,2,rover_s102_4x4_n2_1fps_1sp_aldrich.json,s102
1687801583.382694000,3,rover_s102_4x4_n2_1fps_1sp_aldrich.json,s102
1687801583.382807000,4,rover_s102_4x4_n2_1fps_1sp_aldrich.json,s102
1687801583.382908000,5,rover_s102_4x4_n2_1fps_1sp_aldrich.json,s102
1687801583.383420000,6,rover_s102_4x4_n2_1fps_1sp_aldrich.json,s102
1687801583.383535000,7,rover_s102_4x4_n2_1fps_1sp_aldrich.json,s102
1687801583.383536000,8,rover_s102_4x4_n2_1fps_1sp_aldrich.json,s102
1687801583.384592000,9,rover_s102_4x4_n2_1fps_1sp_aldrich.json,s102
1687801584.403364000,0,rover_s102_4x4_n2_1fps_1sp_aldrich.json,s102
1687801584.403569000,1,rover_s102_4x4_n2_1fps_1sp_aldrich.json,s102
1687801584.403662000,2,rover_s102_4x4_n2_1fps_1sp_aldrich.json,s102
1687801584.404073000,3,rover_s102_4x4_n2_1fps_1sp_aldrich.json,s102
1687801584.404168000,4,rover_s102_4x4_n2_1fps_1sp_aldrich.json,s102
1687801584.404273000,5,rover_s102_4x4_n2_1fps_1sp_aldrich.json,s102
1687801584.404354000,6,rover_s102_4x4_n2_1fps_1sp_aldrich.json,s102
1687801584.405320000,7,rover_s102_4x4_n2_1fps_1sp_aldrich.json,s102
1687801584.405431000,8,rover_s102_4x4_n2_1fps_1sp_aldrich.json,s102
1687801585.425515000,0,rover_s102_4x4_n2_1fps_1sp_aldrich.json,s102
1687801585.425912000,1,rover_s102_4x4_n2_1fps_1sp_aldrich.json,s102
1687801585.427251000,2,rover_s102_4x4_n2_1fps_1sp_aldrich.json,s102
1687801585.427252000,3,rover_s102_4x4_n2_1fps_1sp_aldrich.json,s102
1687801585.427380000,4,rover_s102_4x4_n2_1fps_1sp_aldrich.json,s102
1687801585.427479000,5,rover_s102_4x4_n2_1fps_1sp_aldrich.json,s102
1687801585.427603000,6,rover_s102_4x4_n2_1fps_1sp_aldrich.json,s102
1687801585.427698000,7,rover_s102_4x4_n2_1fps_1sp_aldrich.json,s102
1687801585.428124000,8,rover_s102_4x4_n2_1fps_1sp_aldrich.json,s102
1687801586.452164000,0,rover_s102_4x4_n2_1fps_1sp_aldrich.json,s102
1687801586.452366000,1,rover_s102_4x4_n2_1fps_1sp_aldrich.json,s102
1687801586.452464000,2,rover_s102_4x4_n2_1fps_1sp_aldrich.json,s102
1687801586.452879000,3,rover_s102_4x4_n2_1fps_1sp_aldrich.json,s102
1687801586.452975000,4,rover_s102_4x4_n2_1fps_1sp_aldrich.json,s102
1687801586.453090000,5,rover_s102_4x4_n2_1fps_1sp_aldrich.json,s102
1687801586.453167000,6,rover_s102_4x4_n2_1fps_1sp_aldrich.json,s102
1687801586.453637000,7,rover_s102_4x4_n2_1fps_1sp_aldrich.json,s102
1687801586.453745000,8,rover_s102_4x4_n2_1fps_1sp_aldrich.json,s102
1687801586.454216000,9,rover_s102_4x4_n2_1fps_1sp_aldrich.json,s102
1687801586.454342000,10,rover_s102_4x4_n2_1fps_1sp_aldrich.json,s102
1687801586.454894000,11,rover_s102_4x4_n2_1fps_1sp_aldrich.json,s102
1687801586.454895000,12,rover_s102_4x4_n2_1fps_1sp_aldrich.json,s102
1687801586.455055000,13,rover_s102_4x4_n2_1fps_1sp_aldrich.json,s102
1687801586.456070000,14,rover_s102_4x4_n2_1fps_1sp_aldrich.json,s102
1687801587.477195000,0,rover_s102_4x4_n2_1fps_1sp_aldrich.json,s102
1687801587.477395000,1,rover_s102_4x4_n2_1fps_1sp_aldrich.json,s102
1687801587.477489000,2,rover_s102_4x4_n2_1fps_1sp_aldrich.json,s102
1687801587.477817000,3,rover_s102_4x4_n2_1fps_1sp_aldrich.json,s102
1687801587.477909000,4,rover_s102_4x4_n2_1fps_1sp_aldrich.json,s102
1687801587.478001000,5,rover_s102_4x4_n2_1fps_1sp_aldrich.json,s102
1687801587.479045000,6,rover_s102_4x4_n2_1fps_1sp_aldrich.json,s102
1687801587.479179000,7,rover_s102_4x4_n2_1fps_1sp_aldrich.json,s102
1687801587.479872000,8,rover_s102_4x4_n2_1fps_1sp_aldrich.json,s102
1687801588.499098000,0,rover_s102_4x4_n2_1fps_1sp_aldrich.json,s102
1687801588.499273000,1,rover_s102_4x4_n2_1fps_1sp_aldrich.json,s102
1687801588.499378000,2,rover_s102_4x4_n2_1fps_1sp_aldrich.json,s102
1687801588.499887000,3,rover_s102_4x4_n2_1fps_1sp_aldrich.json,s102
1687801588.499988000,4,rover_s102_4x4_n2_1fps_1sp_aldrich.json,s102
1687801588.499990000,5,rover_s102_4x4_n2_1fps_1sp_aldrich.json,s102
1687801588.500153000,6,rover_s102_4x4_n2_1fps_1sp_aldrich.json,s102
1687801588.500599000,7,rover_s102_4x4_n2_1fps_1sp_aldrich.json,s102
1687801588.500701000,8,rover_s102_4x4_n2_1fps_1sp_aldrich.json,s102
1687801588.501287000,9,rover_s102_4x4_n2_1fps_1sp_aldrich.json,s102
1687801588.501400000,10,rover_s102_4x4_n2_1fps_1sp_aldrich.json,s102
1687801588.502573000,11,rover_s102_4x4_n2_1fps_1sp_aldrich.json,s102
1687801589.521436000,0,rover_s102_4x4_n2_1fps_1sp_aldrich.json,s102
1687801589.521644000,1,rover_s102_4x4_n2_1fps_1sp_aldrich.json,s102
1687801589.522176000,2,rover_s102_4x4_n2_1fps_1sp_aldrich.json,s102
1687801589.522272000,3,rover_s102_4x4_n2_1fps_1sp_aldrich.json,s102
1687801589.522377000,4,rover_s102_4x4_n2_1fps_1sp_aldrich.json,s102
1687801589.522960000,5,rover_s102_4x4_n2_1fps_1sp_aldrich.json,s102
1687801589.523063000,6,rover_s102_4x4_n2_1fps_1sp_aldrich.json,s102
1687801589.523408000,7,rover_s102_4x4_n2_1fps_1sp_aldrich.json,s102
1687801589.523502000,8,rover_s102_4x4_n2_1fps_1sp_aldrich.json,s102
1687801589.524616000,9,rover_s102_4x4_n2_1fps_1sp_aldrich.json,s102
1687801589.524730000,10,rover_s102_4x4_n2_1fps_1sp_aldrich.json,s102
1687801590.545282000,0,rover_s102_4x4_n2_1fps_1sp_aldrich.json,s102
1687801590.545659000,1,rover_s102_4x4_n2_1fps_1sp_aldrich.json,s102
1687801590.547170000,2,rover_s102_4x4_n2_1fps_1sp_aldrich.json,s102
1687801590.547172000,3,rover_s102_4x4_n2_1fps_1sp_aldrich.json,s102
1687801590.547302000,4,rover_s102_4x4_n2_1fps_1sp_aldrich.json,s102
1687801590.547424000,5,rover_s102_4x4_n2_1fps_1sp_aldrich.json,s102
1687801590.547547000,6,rover_s102_4x4_n2_1fps_1sp_aldrich.json,s102
1687801590.547631000,7,rover_s102_4x4_n2_1fps_1sp_aldrich.json,s102
1687801590.548037000,8,rover_s102_4x4_n2_1fps_1sp_aldrich.json,s102
1687801590.548135000,9,rover_s102_4x4_n2_1fps_1sp_aldrich.json,s102
1687801591.572693000,0,rover_s102_4x4_n2_1fps_1sp_aldrich.json,s102
1687801591.572900000,1,rover_s102_4x4_n2_1fps_1sp_aldrich.json,s102
1687801591.573426000,2,rover_s102_4x4_n2_1fps_1sp_aldrich.json,s102
1687801591.573428000,3,rover_s102_4x4_n2_1fps_1sp_aldrich.json,s102
1687801591.573552000,4,rover_s102_4x4_n2_1fps_1sp_aldrich.json,s102
1687801591.573646000,5,rover_s102_4x4_n2_1fps_1sp_aldrich.json,s102
1687801591.574045000,6,rover_s102_4x4_n2_1fps_1sp_aldrich.json,s102
1687801591.574150000,7,rover_s102_4x4_n2_1fps_1sp_aldrich.json,s102
1687801591.574623000,8,rover_s102_4x4_n2_1fps_1sp_aldrich.json,s102
1687801591.574744000,9,rover_s102_4x4_n2_1fps_1sp_aldrich.json,s102
1687801591.575402000,10,rover_s102_4x4_n2_1fps_1sp_aldrich.json,s102
1687801591.575404000,11,rover_s102_4x4_n2_1fps_1sp_aldrich.json,s102
1687801591.575551000,12,rover_s102_4x4_n2_1fps_1sp_aldrich.json,s102
1687801591.575867000,13,rover_s102_4x4_n2_1fps_1sp_aldrich.json,s102
1687801592.597347000,0,rover_s102_4x4_n2_1fps_1sp_aldrich.json,s102
1687801592.597549000,1,rover_s102_4x4_n2_1fps_1sp_aldrich.json,s102
1687801592.597670000,2,rover_s102_4x4_n2_1fps_1sp_aldrich.json,s102
1687801592.597816000,3,rover_s102_4x4_n2_1fps_1sp_aldrich.json,s102
1687801592.597927000,4,rover_s102_4x4_n2_1fps_1sp_aldrich.json,s102
1687801592.604879000,5,rover_s102_4x4_n2_1fps_1sp_aldrich.json,s102
1687801592.605029000,6,rover_s102_4x4_n2_1fps_1sp_aldrich.json,s102
1687801592.605568000,7,rover_s102_4x4_n2_1fps_1sp_aldrich.json,s102
1687801592.605667000,8,rover_s102_4x4_n2_1fps_1sp_aldrich.json,s102
1687801592.605669000,9,rover_s102_4x4_n2_1fps_1sp_aldrich.json,s102
1687801592.605896000,10,rover_s102_4x4_n2_1fps_1sp_aldrich.json,s102
1687801592.605898000,11,rover_s102_4x4_n2_1fps_1sp_aldrich.json,s102
1687801592.606864000,12,rover_s102_4x4_n2_1fps_1sp_aldrich.json,s102
1687801593.644410000,0,rover_s102_4x4_n2_1fps_1sp_aldrich.json,s102
1687801593.644628000,1,rover_s102_4x4_n2_1fps_1sp_aldrich.json,s102
1687801593.644874000,2,rover_s102_4x4_n2_1fps_1sp_aldrich.json,s102
1687801593.646395000,3,rover_s102_4x4_n2_1fps_1sp_aldrich.json,s102
1687801593.646528000,4,rover_s102_4x4_n2_1fps_1sp_aldrich.json,s102
1687801594.672215000,0,rover_s102_4x4_n2_1fps_1sp_aldrich.json,s102
1687801594.672514000,1,rover_s102_4x4_n2_1fps_1sp_aldrich.json,s102
1687801594.673980000,2,rover_s102_4x4_n2_1fps_1sp_aldrich.json,s102
1687801595.701850000,0,rover_s102_4x4_n2_1fps_1sp_aldrich.json,s102
1687801595.702419000,1,rover_s102_4x4_n2_1fps_1sp_aldrich.json,s102
1687801595.702514000,2,rover_s102_4x4_n2_1fps_1sp_aldrich.json,s102
1687801595.703347000,3,rover_s102_4x4_n2_1fps_1sp_aldrich.json,s102
1687801595.704348000,4,rover_s102_4x4_n2_1fps_1sp_aldrich.json,s102
1687801596.730637000,0,rover_s102_4x4_n2_1fps_1sp_aldrich.json,s102
1687801596.730849000,1,rover_s102_4x4_n2_1fps_1sp_aldrich.json,s102
1687801596.731193000,2,rover_s102_4x4_n2_1fps_1sp_aldrich.json,s102
1687801596.732025000,3,rover_s102_4x4_n2_1fps_1sp_aldrich.json,s102
1687801596.733486000,4,rover_s102_4x4_n2_1fps_1sp_aldrich.json,s102
1687801597.763034000,0,rover_s102_4x4_n2_1fps_1sp_aldrich.json,s102
1687801597.763239000,1,rover_s102_4x4_n2_1fps_1sp_aldrich.json,s102
1687801597.763467000,2,rover_s102_4x4_n2_1fps_1sp_aldrich.json,s102
1687801597.764011000,3,rover_s102_4x4_n2_1fps_1sp_aldrich.json,s102
1687801597.764244000,4,rover_s102_4x4_n2_1fps_1sp_aldrich.json,s102
1687801597.764735000,5,rover_s102_4x4_n2_1fps_1sp_aldrich.json,s102
1687801597.766033000,6,rover_s102_4x4_n2_1fps_1sp_aldrich.json,s102
1687801598.793418000,0,rover_s102_4x4_n2_1fps_1sp_aldrich.json,s102
1687801598.793618000,1,rover_s102_4x4_n2_1fps_1sp_aldrich.json,s102
1687801598.793775000,2,rover_s102_4x4_n2_1fps_1sp_aldrich.json,s102
1687801598.794326000,3,rover_s102_4x4_n2_1fps_1sp_aldrich.json,s102
1687801598.795044000,4,rover_s102_4x4_n2_1fps_1sp_aldrich.json,s102
1687801599.824329000,0,rover_s102_4x4_n2_1fps_1sp_aldrich.json,s102
1687801599.824545000,1,rover_s102_4x4_n2_1fps_1sp_aldrich.json,s102
1687801599.824676000,2,rover_s102_4x4_n2_1fps_1sp_aldrich.json,s102
1687801599.825228000,3,rover_s102_4x4_n2_1fps_1sp_aldrich.json,s102
1687801599.825844000,4,rover_s102_4x4_n2_1fps_1sp_aldrich.json,s102
1687801599.826777000,5,rover_s102_4x4_n2_1fps_1sp_aldrich.json,s102
