Timestamp,Packet,Scenario,Type
1687797857.804524000,0,rover_s102_4x4_n2_1fps_1sp_bb.json,s102
1687797857.804737000,1,rover_s102_4x4_n2_1fps_1sp_bb.json,s102
1687797857.805169000,2,rover_s102_4x4_n2_1fps_1sp_bb.json,s102
1687797857.805296000,3,rover_s102_4x4_n2_1fps_1sp_bb.json,s102
1687797857.806261000,4,rover_s102_4x4_n2_1fps_1sp_bb.json,s102
1687797857.806440000,5,rover_s102_4x4_n2_1fps_1sp_bb.json,s102
1687797858.834731000,0,rover_s102_4x4_n2_1fps_1sp_bb.json,s102
1687797858.835080000,1,rover_s102_4x4_n2_1fps_1sp_bb.json,s102
1687797858.836237000,2,rover_s102_4x4_n2_1fps_1sp_bb.json,s102
1687797858.836238000,3,rover_s102_4x4_n2_1fps_1sp_bb.json,s102
1687797858.836381000,4,rover_s102_4x4_n2_1fps_1sp_bb.json,s102
1687797859.867392000,0,rover_s102_4x4_n2_1fps_1sp_bb.json,s102
1687797859.868073000,1,rover_s102_4x4_n2_1fps_1sp_bb.json,s102
1687797859.869097000,2,rover_s102_4x4_n2_1fps_1sp_bb.json,s102
1687797859.869202000,3,rover_s102_4x4_n2_1fps_1sp_bb.json,s102
1687797860.900620000,0,rover_s102_4x4_n2_1fps_1sp_bb.json,s102
1687797860.900825000,1,rover_s102_4x4_n2_1fps_1sp_bb.json,s102
1687797860.901031000,2,rover_s102_4x4_n2_1fps_1sp_bb.json,s102
1687797860.901590000,3,rover_s102_4x4_n2_1fps_1sp_bb.json,s102
1687797860.902208000,4,rover_s102_4x4_n2_1fps_1sp_bb.json,s102
1687797861.930030000,0,rover_s102_4x4_n2_1fps_1sp_bb.json,s102
1687797861.930247000,1,rover_s102_4x4_n2_1fps_1sp_bb.json,s102
1687797861.930593000,2,rover_s102_4x4_n2_1fps_1sp_bb.json,s102
1687797861.930817000,3,rover_s102_4x4_n2_1fps_1sp_bb.json,s102
1687797861.931510000,4,rover_s102_4x4_n2_1fps_1sp_bb.json,s102
1687797861.931795000,5,rover_s102_4x4_n2_1fps_1sp_bb.json,s102
1687797862.957077000,0,rover_s102_4x4_n2_1fps_1sp_bb.json,s102
1687797862.957784000,1,rover_s102_4x4_n2_1fps_1sp_bb.json,s102
1687797862.957898000,2,rover_s102_4x4_n2_1fps_1sp_bb.json,s102
1687797862.958266000,3,rover_s102_4x4_n2_1fps_1sp_bb.json,s102
1687797862.958268000,4,rover_s102_4x4_n2_1fps_1sp_bb.json,s102
1687797862.958402000,5,rover_s102_4x4_n2_1fps_1sp_bb.json,s102
1687797862.958784000,6,rover_s102_4x4_n2_1fps_1sp_bb.json,s102
1687797862.959080000,7,rover_s102_4x4_n2_1fps_1sp_bb.json,s102
1687797863.981662000,0,rover_s102_4x4_n2_1fps_1sp_bb.json,s102
1687797863.982076000,1,rover_s102_4x4_n2_1fps_1sp_bb.json,s102
1687797863.983329000,2,rover_s102_4x4_n2_1fps_1sp_bb.json,s102
1687797863.983331000,3,rover_s102_4x4_n2_1fps_1sp_bb.json,s102
1687797863.983461000,4,rover_s102_4x4_n2_1fps_1sp_bb.json,s102
1687797863.983578000,5,rover_s102_4x4_n2_1fps_1sp_bb.json,s102
1687797863.983696000,6,rover_s102_4x4_n2_1fps_1sp_bb.json,s102
1687797863.983788000,7,rover_s102_4x4_n2_1fps_1sp_bb.json,s102
1687797863.984643000,8,rover_s102_4x4_n2_1fps_1sp_bb.json,s102
1687797865.010886000,0,rover_s102_4x4_n2_1fps_1sp_bb.json,s102
1687797865.011096000,1,rover_s102_4x4_n2_1fps_1sp_bb.json,s102
1687797865.011529000,2,rover_s102_4x4_n2_1fps_1sp_bb.json,s102
1687797865.011636000,3,rover_s102_4x4_n2_1fps_1sp_bb.json,s102
1687797865.012056000,4,rover_s102_4x4_n2_1fps_1sp_bb.json,s102
1687797865.012155000,5,rover_s102_4x4_n2_1fps_1sp_bb.json,s102
1687797865.012581000,6,rover_s102_4x4_n2_1fps_1sp_bb.json,s102
1687797865.012944000,7,rover_s102_4x4_n2_1fps_1sp_bb.json,s102
1687797865.012946000,8,rover_s102_4x4_n2_1fps_1sp_bb.json,s102
1687797865.013773000,9,rover_s102_4x4_n2_1fps_1sp_bb.json,s102
1687797865.014913000,10,rover_s102_4x4_n2_1fps_1sp_bb.json,s102
1687797866.033222000,0,rover_s102_4x4_n2_1fps_1sp_bb.json,s102
1687797866.033427000,1,rover_s102_4x4_n2_1fps_1sp_bb.json,s102
1687797866.033968000,2,rover_s102_4x4_n2_1fps_1sp_bb.json,s102
1687797866.034072000,3,rover_s102_4x4_n2_1fps_1sp_bb.json,s102
1687797866.034163000,4,rover_s102_4x4_n2_1fps_1sp_bb.json,s102
1687797866.034678000,5,rover_s102_4x4_n2_1fps_1sp_bb.json,s102
1687797866.034782000,6,rover_s102_4x4_n2_1fps_1sp_bb.json,s102
1687797866.035139000,7,rover_s102_4x4_n2_1fps_1sp_bb.json,s102
1687797867.054064000,0,rover_s102_4x4_n2_1fps_1sp_bb.json,s102
1687797867.054276000,1,rover_s102_4x4_n2_1fps_1sp_bb.json,s102
1687797867.054739000,2,rover_s102_4x4_n2_1fps_1sp_bb.json,s102
1687797867.054834000,3,rover_s102_4x4_n2_1fps_1sp_bb.json,s102
1687797867.054926000,4,rover_s102_4x4_n2_1fps_1sp_bb.json,s102
1687797867.055409000,5,rover_s102_4x4_n2_1fps_1sp_bb.json,s102
1687797867.055520000,6,rover_s102_4x4_n2_1fps_1sp_bb.json,s102
1687797867.055968000,7,rover_s102_4x4_n2_1fps_1sp_bb.json,s102
1687797867.055970000,8,rover_s102_4x4_n2_1fps_1sp_bb.json,s102
1687797867.057012000,9,rover_s102_4x4_n2_1fps_1sp_bb.json,s102
1687797868.078564000,0,rover_s102_4x4_n2_1fps_1sp_bb.json,s102
1687797868.078792000,1,rover_s102_4x4_n2_1fps_1sp_bb.json,s102
1687797868.079175000,2,rover_s102_4x4_n2_1fps_1sp_bb.json,s102
1687797868.079272000,3,rover_s102_4x4_n2_1fps_1sp_bb.json,s102
1687797868.079273000,4,rover_s102_4x4_n2_1fps_1sp_bb.json,s102
1687797868.079787000,5,rover_s102_4x4_n2_1fps_1sp_bb.json,s102
1687797868.079883000,6,rover_s102_4x4_n2_1fps_1sp_bb.json,s102
1687797868.080248000,7,rover_s102_4x4_n2_1fps_1sp_bb.json,s102
1687797868.080340000,8,rover_s102_4x4_n2_1fps_1sp_bb.json,s102
1687797868.080991000,9,rover_s102_4x4_n2_1fps_1sp_bb.json,s102
1687797868.081100000,10,rover_s102_4x4_n2_1fps_1sp_bb.json,s102
1687797868.081648000,11,rover_s102_4x4_n2_1fps_1sp_bb.json,s102
1687797868.081813000,12,rover_s102_4x4_n2_1fps_1sp_bb.json,s102
1687797868.082498000,13,rover_s102_4x4_n2_1fps_1sp_bb.json,s102
1687797868.082605000,14,rover_s102_4x4_n2_1fps_1sp_bb.json,s102
1687797868.083254000,15,rover_s102_4x4_n2_1fps_1sp_bb.json,s102
1687797868.083356000,16,rover_s102_4x4_n2_1fps_1sp_bb.json,s102
1687797869.106178000,0,rover_s102_4x4_n2_1fps_1sp_bb.json,s102
1687797869.106538000,1,rover_s102_4x4_n2_1fps_1sp_bb.json,s102
1687797869.108053000,2,rover_s102_4x4_n2_1fps_1sp_bb.json,s102
1687797869.111325000,3,rover_s102_4x4_n2_1fps_1sp_bb.json,s102
1687797869.111456000,4,rover_s102_4x4_n2_1fps_1sp_bb.json,s102
1687797869.111458000,5,rover_s102_4x4_n2_1fps_1sp_bb.json,s102
1687797869.111551000,6,rover_s102_4x4_n2_1fps_1sp_bb.json,s102
1687797869.111643000,7,rover_s102_4x4_n2_1fps_1sp_bb.json,s102
1687797869.111717000,8,rover_s102_4x4_n2_1fps_1sp_bb.json,s102
1687797869.111719000,9,rover_s102_4x4_n2_1fps_1sp_bb.json,s102
1687797870.129183000,0,rover_s102_4x4_n2_1fps_1sp_bb.json,s102
1687797870.129403000,1,rover_s102_4x4_n2_1fps_1sp_bb.json,s102
1687797870.130767000,2,rover_s102_4x4_n2_1fps_1sp_bb.json,s102
1687797870.130769000,3,rover_s102_4x4_n2_1fps_1sp_bb.json,s102
1687797870.130884000,4,rover_s102_4x4_n2_1fps_1sp_bb.json,s102
1687797871.156733000,0,rover_s102_4x4_n2_1fps_1sp_bb.json,s102
1687797871.156951000,1,rover_s102_4x4_n2_1fps_1sp_bb.json,s102
1687797871.157449000,2,rover_s102_4x4_n2_1fps_1sp_bb.json,s102
1687797871.157544000,3,rover_s102_4x4_n2_1fps_1sp_bb.json,s102
1687797871.157546000,4,rover_s102_4x4_n2_1fps_1sp_bb.json,s102
1687797871.158333000,5,rover_s102_4x4_n2_1fps_1sp_bb.json,s102
1687797871.158994000,6,rover_s102_4x4_n2_1fps_1sp_bb.json,s102
1687797871.159101000,7,rover_s102_4x4_n2_1fps_1sp_bb.json,s102
1687797871.159331000,8,rover_s102_4x4_n2_1fps_1sp_bb.json,s102
1687797871.159333000,9,rover_s102_4x4_n2_1fps_1sp_bb.json,s102
1687797872.179748000,0,rover_s102_4x4_n2_1fps_1sp_bb.json,s102
1687797872.179954000,1,rover_s102_4x4_n2_1fps_1sp_bb.json,s102
1687797872.181448000,2,rover_s102_4x4_n2_1fps_1sp_bb.json,s102
1687797872.181989000,3,rover_s102_4x4_n2_1fps_1sp_bb.json,s102
1687797872.181990000,4,rover_s102_4x4_n2_1fps_1sp_bb.json,s102
1687797872.182086000,5,rover_s102_4x4_n2_1fps_1sp_bb.json,s102
1687797872.182153000,6,rover_s102_4x4_n2_1fps_1sp_bb.json,s102
1687797872.182241000,7,rover_s102_4x4_n2_1fps_1sp_bb.json,s102
1687797872.182243000,8,rover_s102_4x4_n2_1fps_1sp_bb.json,s102
1687797873.199916000,0,rover_s102_4x4_n2_1fps_1sp_bb.json,s102
1687797873.200125000,1,rover_s102_4x4_n2_1fps_1sp_bb.json,s102
1687797873.200645000,2,rover_s102_4x4_n2_1fps_1sp_bb.json,s102
1687797873.200739000,3,rover_s102_4x4_n2_1fps_1sp_bb.json,s102
1687797873.200846000,4,rover_s102_4x4_n2_1fps_1sp_bb.json,s102
1687797873.201531000,5,rover_s102_4x4_n2_1fps_1sp_bb.json,s102
1687797873.201656000,6,rover_s102_4x4_n2_1fps_1sp_bb.json,s102
1687797873.202802000,7,rover_s102_4x4_n2_1fps_1sp_bb.json,s102
1687797873.202900000,8,rover_s102_4x4_n2_1fps_1sp_bb.json,s102
1687797874.223432000,0,rover_s102_4x4_n2_1fps_1sp_bb.json,s102
1687797874.223806000,1,rover_s102_4x4_n2_1fps_1sp_bb.json,s102
1687797874.225156000,2,rover_s102_4x4_n2_1fps_1sp_bb.json,s102
1687797874.225158000,3,rover_s102_4x4_n2_1fps_1sp_bb.json,s102
1687797874.225276000,4,rover_s102_4x4_n2_1fps_1sp_bb.json,s102
1687797874.225403000,5,rover_s102_4x4_n2_1fps_1sp_bb.json,s102
1687797874.225523000,6,rover_s102_4x4_n2_1fps_1sp_bb.json,s102
1687797874.226175000,7,rover_s102_4x4_n2_1fps_1sp_bb.json,s102
1687797874.226177000,8,rover_s102_4x4_n2_1fps_1sp_bb.json,s102
1687797874.226309000,9,rover_s102_4x4_n2_1fps_1sp_bb.json,s102
1687797874.227194000,10,rover_s102_4x4_n2_1fps_1sp_bb.json,s102
1687797875.251001000,0,rover_s102_4x4_n2_1fps_1sp_bb.json,s102
1687797875.251221000,1,rover_s102_4x4_n2_1fps_1sp_bb.json,s102
1687797875.251334000,2,rover_s102_4x4_n2_1fps_1sp_bb.json,s102
1687797875.251451000,3,rover_s102_4x4_n2_1fps_1sp_bb.json,s102
1687797875.251453000,4,rover_s102_4x4_n2_1fps_1sp_bb.json,s102
1687797875.251883000,5,rover_s102_4x4_n2_1fps_1sp_bb.json,s102
1687797875.251972000,6,rover_s102_4x4_n2_1fps_1sp_bb.json,s102
1687797876.273318000,0,rover_s102_4x4_n2_1fps_1sp_bb.json,s102
1687797876.273525000,1,rover_s102_4x4_n2_1fps_1sp_bb.json,s102
1687797876.273623000,2,rover_s102_4x4_n2_1fps_1sp_bb.json,s102
1687797876.274012000,3,rover_s102_4x4_n2_1fps_1sp_bb.json,s102
1687797876.274105000,4,rover_s102_4x4_n2_1fps_1sp_bb.json,s102
1687797876.274107000,5,rover_s102_4x4_n2_1fps_1sp_bb.json,s102
1687797876.274237000,6,rover_s102_4x4_n2_1fps_1sp_bb.json,s102
1687797876.274849000,7,rover_s102_4x4_n2_1fps_1sp_bb.json,s102
1687797876.274956000,8,rover_s102_4x4_n2_1fps_1sp_bb.json,s102
1687797876.275683000,9,rover_s102_4x4_n2_1fps_1sp_bb.json,s102
1687797876.275685000,10,rover_s102_4x4_n2_1fps_1sp_bb.json,s102
1687797876.275814000,11,rover_s102_4x4_n2_1fps_1sp_bb.json,s102
1687797876.276698000,12,rover_s102_4x4_n2_1fps_1sp_bb.json,s102
1687797877.301690000,0,rover_s102_4x4_n2_1fps_1sp_bb.json,s102
1687797877.301908000,1,rover_s102_4x4_n2_1fps_1sp_bb.json,s102
1687797877.301993000,2,rover_s102_4x4_n2_1fps_1sp_bb.json,s102
1687797877.301995000,3,rover_s102_4x4_n2_1fps_1sp_bb.json,s102
1687797877.302105000,4,rover_s102_4x4_n2_1fps_1sp_bb.json,s102
1687797877.302297000,5,rover_s102_4x4_n2_1fps_1sp_bb.json,s102
1687797877.303266000,6,rover_s102_4x4_n2_1fps_1sp_bb.json,s102
1687797877.303390000,7,rover_s102_4x4_n2_1fps_1sp_bb.json,s102
1687797877.303391000,8,rover_s102_4x4_n2_1fps_1sp_bb.json,s102
1687797877.304165000,9,rover_s102_4x4_n2_1fps_1sp_bb.json,s102
1687797878.325302000,0,rover_s102_4x4_n2_1fps_1sp_bb.json,s102
1687797878.325518000,1,rover_s102_4x4_n2_1fps_1sp_bb.json,s102
1687797878.326785000,2,rover_s102_4x4_n2_1fps_1sp_bb.json,s102
1687797878.326787000,3,rover_s102_4x4_n2_1fps_1sp_bb.json,s102
1687797878.326937000,4,rover_s102_4x4_n2_1fps_1sp_bb.json,s102
1687797878.327063000,5,rover_s102_4x4_n2_1fps_1sp_bb.json,s102
1687797878.327194000,6,rover_s102_4x4_n2_1fps_1sp_bb.json,s102
1687797878.327454000,7,rover_s102_4x4_n2_1fps_1sp_bb.json,s102
1687797879.347137000,0,rover_s102_4x4_n2_1fps_1sp_bb.json,s102
1687797879.348163000,1,rover_s102_4x4_n2_1fps_1sp_bb.json,s102
1687797879.349024000,2,rover_s102_4x4_n2_1fps_1sp_bb.json,s102
1687797879.349176000,3,rover_s102_4x4_n2_1fps_1sp_bb.json,s102
1687797879.351043000,4,rover_s102_4x4_n2_1fps_1sp_bb.json,s102
1687797879.351130000,5,rover_s102_4x4_n2_1fps_1sp_bb.json,s102
1687797879.351132000,6,rover_s102_4x4_n2_1fps_1sp_bb.json,s102
1687797880.370143000,0,rover_s102_4x4_n2_1fps_1sp_bb.json,s102
1687797880.370397000,1,rover_s102_4x4_n2_1fps_1sp_bb.json,s102
1687797880.370800000,2,rover_s102_4x4_n2_1fps_1sp_bb.json,s102
1687797880.370914000,3,rover_s102_4x4_n2_1fps_1sp_bb.json,s102
1687797880.371006000,4,rover_s102_4x4_n2_1fps_1sp_bb.json,s102
1687797880.371008000,5,rover_s102_4x4_n2_1fps_1sp_bb.json,s102
1687797880.371145000,6,rover_s102_4x4_n2_1fps_1sp_bb.json,s102
1687797880.371981000,7,rover_s102_4x4_n2_1fps_1sp_bb.json,s102
1687797880.372097000,8,rover_s102_4x4_n2_1fps_1sp_bb.json,s102
1687797880.372201000,9,rover_s102_4x4_n2_1fps_1sp_bb.json,s102
1687797880.372712000,10,rover_s102_4x4_n2_1fps_1sp_bb.json,s102
1687797880.372812000,11,rover_s102_4x4_n2_1fps_1sp_bb.json,s102
1687797880.374855000,12,rover_s102_4x4_n2_1fps_1sp_bb.json,s102
1687797881.397556000,0,rover_s102_4x4_n2_1fps_1sp_bb.json,s102
1687797881.397767000,1,rover_s102_4x4_n2_1fps_1sp_bb.json,s102
1687797881.397855000,2,rover_s102_4x4_n2_1fps_1sp_bb.json,s102
1687797881.398323000,3,rover_s102_4x4_n2_1fps_1sp_bb.json,s102
1687797881.398422000,4,rover_s102_4x4_n2_1fps_1sp_bb.json,s102
1687797881.398515000,5,rover_s102_4x4_n2_1fps_1sp_bb.json,s102
1687797881.398995000,6,rover_s102_4x4_n2_1fps_1sp_bb.json,s102
1687797881.399101000,7,rover_s102_4x4_n2_1fps_1sp_bb.json,s102
1687797881.399434000,8,rover_s102_4x4_n2_1fps_1sp_bb.json,s102
1687797881.399528000,9,rover_s102_4x4_n2_1fps_1sp_bb.json,s102
1687797881.400287000,10,rover_s102_4x4_n2_1fps_1sp_bb.json,s102
1687797881.400388000,11,rover_s102_4x4_n2_1fps_1sp_bb.json,s102
1687797882.422597000,0,rover_s102_4x4_n2_1fps_1sp_bb.json,s102
1687797882.422806000,1,rover_s102_4x4_n2_1fps_1sp_bb.json,s102
1687797882.422896000,2,rover_s102_4x4_n2_1fps_1sp_bb.json,s102
1687797882.423277000,3,rover_s102_4x4_n2_1fps_1sp_bb.json,s102
1687797882.423375000,4,rover_s102_4x4_n2_1fps_1sp_bb.json,s102
1687797882.423480000,5,rover_s102_4x4_n2_1fps_1sp_bb.json,s102
1687797882.424001000,6,rover_s102_4x4_n2_1fps_1sp_bb.json,s102
1687797882.424713000,7,rover_s102_4x4_n2_1fps_1sp_bb.json,s102
1687797882.424715000,8,rover_s102_4x4_n2_1fps_1sp_bb.json,s102
1687797882.426459000,9,rover_s102_4x4_n2_1fps_1sp_bb.json,s102
1687797882.426460000,10,rover_s102_4x4_n2_1fps_1sp_bb.json,s102
1687797882.426611000,11,rover_s102_4x4_n2_1fps_1sp_bb.json,s102
1687797882.426730000,12,rover_s102_4x4_n2_1fps_1sp_bb.json,s102
1687797882.426859000,13,rover_s102_4x4_n2_1fps_1sp_bb.json,s102
1687797882.426939000,14,rover_s102_4x4_n2_1fps_1sp_bb.json,s102
1687797882.427200000,15,rover_s102_4x4_n2_1fps_1sp_bb.json,s102
1687797882.427292000,16,rover_s102_4x4_n2_1fps_1sp_bb.json,s102
1687797883.446393000,0,rover_s102_4x4_n2_1fps_1sp_bb.json,s102
1687797883.446614000,1,rover_s102_4x4_n2_1fps_1sp_bb.json,s102
1687797883.447155000,2,rover_s102_4x4_n2_1fps_1sp_bb.json,s102
1687797883.447275000,3,rover_s102_4x4_n2_1fps_1sp_bb.json,s102
1687797883.447817000,4,rover_s102_4x4_n2_1fps_1sp_bb.json,s102
1687797883.447952000,5,rover_s102_4x4_n2_1fps_1sp_bb.json,s102
1687797883.448540000,6,rover_s102_4x4_n2_1fps_1sp_bb.json,s102
1687797883.448626000,7,rover_s102_4x4_n2_1fps_1sp_bb.json,s102
1687797883.448751000,8,rover_s102_4x4_n2_1fps_1sp_bb.json,s102
1687797883.448753000,9,rover_s102_4x4_n2_1fps_1sp_bb.json,s102
1687797883.449398000,10,rover_s102_4x4_n2_1fps_1sp_bb.json,s102
1687797883.449510000,11,rover_s102_4x4_n2_1fps_1sp_bb.json,s102
1687797883.449605000,12,rover_s102_4x4_n2_1fps_1sp_bb.json,s102
1687797883.450700000,13,rover_s102_4x4_n2_1fps_1sp_bb.json,s102
1687797883.450811000,14,rover_s102_4x4_n2_1fps_1sp_bb.json,s102
1687797884.472112000,0,rover_s102_4x4_n2_1fps_1sp_bb.json,s102
1687797884.472490000,1,rover_s102_4x4_n2_1fps_1sp_bb.json,s102
1687797884.473838000,2,rover_s102_4x4_n2_1fps_1sp_bb.json,s102
1687797884.473840000,3,rover_s102_4x4_n2_1fps_1sp_bb.json,s102
1687797884.473956000,4,rover_s102_4x4_n2_1fps_1sp_bb.json,s102
1687797884.474054000,5,rover_s102_4x4_n2_1fps_1sp_bb.json,s102
1687797884.474205000,6,rover_s102_4x4_n2_1fps_1sp_bb.json,s102
1687797884.474331000,7,rover_s102_4x4_n2_1fps_1sp_bb.json,s102
1687797884.474658000,8,rover_s102_4x4_n2_1fps_1sp_bb.json,s102
1687797885.493981000,0,rover_s102_4x4_n2_1fps_1sp_bb.json,s102
1687797885.494196000,1,rover_s102_4x4_n2_1fps_1sp_bb.json,s102
1687797885.494295000,2,rover_s102_4x4_n2_1fps_1sp_bb.json,s102
1687797885.494908000,3,rover_s102_4x4_n2_1fps_1sp_bb.json,s102
1687797885.495008000,4,rover_s102_4x4_n2_1fps_1sp_bb.json,s102
1687797885.495009000,5,rover_s102_4x4_n2_1fps_1sp_bb.json,s102
1687797885.495139000,6,rover_s102_4x4_n2_1fps_1sp_bb.json,s102
1687797885.495810000,7,rover_s102_4x4_n2_1fps_1sp_bb.json,s102
1687797885.495929000,8,rover_s102_4x4_n2_1fps_1sp_bb.json,s102
1687797885.496667000,9,rover_s102_4x4_n2_1fps_1sp_bb.json,s102
1687797885.496790000,10,rover_s102_4x4_n2_1fps_1sp_bb.json,s102
1687797885.496792000,11,rover_s102_4x4_n2_1fps_1sp_bb.json,s102
1687797885.497993000,12,rover_s102_4x4_n2_1fps_1sp_bb.json,s102
1687797886.515929000,0,rover_s102_4x4_n2_1fps_1sp_bb.json,s102
1687797886.516148000,1,rover_s102_4x4_n2_1fps_1sp_bb.json,s102
1687797886.516690000,2,rover_s102_4x4_n2_1fps_1sp_bb.json,s102
1687797886.516784000,3,rover_s102_4x4_n2_1fps_1sp_bb.json,s102
1687797886.516786000,4,rover_s102_4x4_n2_1fps_1sp_bb.json,s102
1687797886.516922000,5,rover_s102_4x4_n2_1fps_1sp_bb.json,s102
1687797886.517608000,6,rover_s102_4x4_n2_1fps_1sp_bb.json,s102
1687797886.517726000,7,rover_s102_4x4_n2_1fps_1sp_bb.json,s102
1687797886.518706000,8,rover_s102_4x4_n2_1fps_1sp_bb.json,s102
1687797886.518816000,9,rover_s102_4x4_n2_1fps_1sp_bb.json,s102
1687797887.538854000,0,rover_s102_4x4_n2_1fps_1sp_bb.json,s102
1687797887.539056000,1,rover_s102_4x4_n2_1fps_1sp_bb.json,s102
1687797887.539160000,2,rover_s102_4x4_n2_1fps_1sp_bb.json,s102
1687797887.540615000,3,rover_s102_4x4_n2_1fps_1sp_bb.json,s102
1687797887.540740000,4,rover_s102_4x4_n2_1fps_1sp_bb.json,s102
1687797887.540831000,5,rover_s102_4x4_n2_1fps_1sp_bb.json,s102
1687797887.540832000,6,rover_s102_4x4_n2_1fps_1sp_bb.json,s102
1687797887.541020000,7,rover_s102_4x4_n2_1fps_1sp_bb.json,s102
1687797887.541717000,8,rover_s102_4x4_n2_1fps_1sp_bb.json,s102
1687797887.541811000,9,rover_s102_4x4_n2_1fps_1sp_bb.json,s102
1687797888.560296000,0,rover_s102_4x4_n2_1fps_1sp_bb.json,s102
1687797888.560576000,1,rover_s102_4x4_n2_1fps_1sp_bb.json,s102
1687797888.560672000,2,rover_s102_4x4_n2_1fps_1sp_bb.json,s102
1687797888.561002000,3,rover_s102_4x4_n2_1fps_1sp_bb.json,s102
1687797888.561102000,4,rover_s102_4x4_n2_1fps_1sp_bb.json,s102
1687797888.561103000,5,rover_s102_4x4_n2_1fps_1sp_bb.json,s102
1687797888.561293000,6,rover_s102_4x4_n2_1fps_1sp_bb.json,s102
1687797888.561882000,7,rover_s102_4x4_n2_1fps_1sp_bb.json,s102
1687797888.561988000,8,rover_s102_4x4_n2_1fps_1sp_bb.json,s102
1687797888.563256000,9,rover_s102_4x4_n2_1fps_1sp_bb.json,s102
1687797888.563258000,10,rover_s102_4x4_n2_1fps_1sp_bb.json,s102
1687797889.580964000,0,rover_s102_4x4_n2_1fps_1sp_bb.json,s102
1687797889.581337000,1,rover_s102_4x4_n2_1fps_1sp_bb.json,s102
1687797889.582663000,2,rover_s102_4x4_n2_1fps_1sp_bb.json,s102
1687797889.582665000,3,rover_s102_4x4_n2_1fps_1sp_bb.json,s102
1687797889.582791000,4,rover_s102_4x4_n2_1fps_1sp_bb.json,s102
1687797889.582921000,5,rover_s102_4x4_n2_1fps_1sp_bb.json,s102
1687797889.583045000,6,rover_s102_4x4_n2_1fps_1sp_bb.json,s102
1687797889.583124000,7,rover_s102_4x4_n2_1fps_1sp_bb.json,s102
1687797889.583644000,8,rover_s102_4x4_n2_1fps_1sp_bb.json,s102
1687797890.605425000,0,rover_s102_4x4_n2_1fps_1sp_bb.json,s102
1687797890.605647000,1,rover_s102_4x4_n2_1fps_1sp_bb.json,s102
1687797890.606102000,2,rover_s102_4x4_n2_1fps_1sp_bb.json,s102
1687797890.606103000,3,rover_s102_4x4_n2_1fps_1sp_bb.json,s102
1687797890.606238000,4,rover_s102_4x4_n2_1fps_1sp_bb.json,s102
1687797890.606344000,5,rover_s102_4x4_n2_1fps_1sp_bb.json,s102
1687797890.607706000,6,rover_s102_4x4_n2_1fps_1sp_bb.json,s102
1687797890.607800000,7,rover_s102_4x4_n2_1fps_1sp_bb.json,s102
1687797890.607802000,8,rover_s102_4x4_n2_1fps_1sp_bb.json,s102
1687797890.607918000,9,rover_s102_4x4_n2_1fps_1sp_bb.json,s102
1687797890.608061000,10,rover_s102_4x4_n2_1fps_1sp_bb.json,s102
1687797890.608699000,11,rover_s102_4x4_n2_1fps_1sp_bb.json,s102
1687797890.609902000,12,rover_s102_4x4_n2_1fps_1sp_bb.json,s102
1687797891.629834000,0,rover_s102_4x4_n2_1fps_1sp_bb.json,s102
1687797891.630045000,1,rover_s102_4x4_n2_1fps_1sp_bb.json,s102
1687797891.630616000,2,rover_s102_4x4_n2_1fps_1sp_bb.json,s102
1687797891.630721000,3,rover_s102_4x4_n2_1fps_1sp_bb.json,s102
1687797891.631457000,4,rover_s102_4x4_n2_1fps_1sp_bb.json,s102
1687797891.631574000,5,rover_s102_4x4_n2_1fps_1sp_bb.json,s102
1687797891.631959000,6,rover_s102_4x4_n2_1fps_1sp_bb.json,s102
1687797891.632067000,7,rover_s102_4x4_n2_1fps_1sp_bb.json,s102
1687797891.632941000,8,rover_s102_4x4_n2_1fps_1sp_bb.json,s102
1687797891.633035000,9,rover_s102_4x4_n2_1fps_1sp_bb.json,s102
1687797891.633395000,10,rover_s102_4x4_n2_1fps_1sp_bb.json,s102
1687797891.633501000,11,rover_s102_4x4_n2_1fps_1sp_bb.json,s102
1687797891.634003000,12,rover_s102_4x4_n2_1fps_1sp_bb.json,s102
1687797891.634094000,13,rover_s102_4x4_n2_1fps_1sp_bb.json,s102
1687797891.634887000,14,rover_s102_4x4_n2_1fps_1sp_bb.json,s102
1687797891.635010000,15,rover_s102_4x4_n2_1fps_1sp_bb.json,s102
1687797891.635328000,16,rover_s102_4x4_n2_1fps_1sp_bb.json,s102
1687797891.635421000,17,rover_s102_4x4_n2_1fps_1sp_bb.json,s102
1687797891.636227000,18,rover_s102_4x4_n2_1fps_1sp_bb.json,s102
1687797891.636345000,19,rover_s102_4x4_n2_1fps_1sp_bb.json,s102
1687797891.636704000,20,rover_s102_4x4_n2_1fps_1sp_bb.json,s102
1687797891.636809000,21,rover_s102_4x4_n2_1fps_1sp_bb.json,s102
1687797891.637413000,22,rover_s102_4x4_n2_1fps_1sp_bb.json,s102
1687797891.637524000,23,rover_s102_4x4_n2_1fps_1sp_bb.json,s102
1687797892.663042000,0,rover_s102_4x4_n2_1fps_1sp_bb.json,s102
1687797892.663251000,1,rover_s102_4x4_n2_1fps_1sp_bb.json,s102
1687797892.663831000,2,rover_s102_4x4_n2_1fps_1sp_bb.json,s102
1687797892.663833000,3,rover_s102_4x4_n2_1fps_1sp_bb.json,s102
1687797892.663944000,4,rover_s102_4x4_n2_1fps_1sp_bb.json,s102
1687797892.664056000,5,rover_s102_4x4_n2_1fps_1sp_bb.json,s102
1687797892.664478000,6,rover_s102_4x4_n2_1fps_1sp_bb.json,s102
1687797892.664580000,7,rover_s102_4x4_n2_1fps_1sp_bb.json,s102
1687797892.665047000,8,rover_s102_4x4_n2_1fps_1sp_bb.json,s102
1687797892.665156000,9,rover_s102_4x4_n2_1fps_1sp_bb.json,s102
1687797893.685688000,0,rover_s102_4x4_n2_1fps_1sp_bb.json,s102
1687797893.686196000,1,rover_s102_4x4_n2_1fps_1sp_bb.json,s102
1687797893.686198000,2,rover_s102_4x4_n2_1fps_1sp_bb.json,s102
1687797893.687162000,3,rover_s102_4x4_n2_1fps_1sp_bb.json,s102
1687797893.687438000,4,rover_s102_4x4_n2_1fps_1sp_bb.json,s102
1687797894.707676000,0,rover_s102_4x4_n2_1fps_1sp_bb.json,s102
1687797894.708043000,1,rover_s102_4x4_n2_1fps_1sp_bb.json,s102
1687797894.709282000,2,rover_s102_4x4_n2_1fps_1sp_bb.json,s102
1687797894.709284000,3,rover_s102_4x4_n2_1fps_1sp_bb.json,s102
1687797894.709414000,4,rover_s102_4x4_n2_1fps_1sp_bb.json,s102
1687797894.709538000,5,rover_s102_4x4_n2_1fps_1sp_bb.json,s102
1687797894.709667000,6,rover_s102_4x4_n2_1fps_1sp_bb.json,s102
1687797894.709764000,7,rover_s102_4x4_n2_1fps_1sp_bb.json,s102
1687797894.710248000,8,rover_s102_4x4_n2_1fps_1sp_bb.json,s102
1687797894.710352000,9,rover_s102_4x4_n2_1fps_1sp_bb.json,s102
1687797895.733127000,0,rover_s102_4x4_n2_1fps_1sp_bb.json,s102
1687797895.733347000,1,rover_s102_4x4_n2_1fps_1sp_bb.json,s102
1687797895.733815000,2,rover_s102_4x4_n2_1fps_1sp_bb.json,s102
1687797895.733907000,3,rover_s102_4x4_n2_1fps_1sp_bb.json,s102
1687797895.733908000,4,rover_s102_4x4_n2_1fps_1sp_bb.json,s102
1687797895.734578000,5,rover_s102_4x4_n2_1fps_1sp_bb.json,s102
1687797895.734579000,6,rover_s102_4x4_n2_1fps_1sp_bb.json,s102
1687797895.734709000,7,rover_s102_4x4_n2_1fps_1sp_bb.json,s102
1687797896.753799000,0,rover_s102_4x4_n2_1fps_1sp_bb.json,s102
1687797896.754009000,1,rover_s102_4x4_n2_1fps_1sp_bb.json,s102
1687797896.754552000,2,rover_s102_4x4_n2_1fps_1sp_bb.json,s102
1687797896.754650000,3,rover_s102_4x4_n2_1fps_1sp_bb.json,s102
1687797896.754754000,4,rover_s102_4x4_n2_1fps_1sp_bb.json,s102
1687797896.755372000,5,rover_s102_4x4_n2_1fps_1sp_bb.json,s102
1687797896.755493000,6,rover_s102_4x4_n2_1fps_1sp_bb.json,s102
1687797896.756441000,7,rover_s102_4x4_n2_1fps_1sp_bb.json,s102
1687797897.777623000,0,rover_s102_4x4_n2_1fps_1sp_bb.json,s102
1687797897.777826000,1,rover_s102_4x4_n2_1fps_1sp_bb.json,s102
1687797897.777828000,2,rover_s102_4x4_n2_1fps_1sp_bb.json,s102
1687797897.778192000,3,rover_s102_4x4_n2_1fps_1sp_bb.json,s102
1687797897.778194000,4,rover_s102_4x4_n2_1fps_1sp_bb.json,s102
1687797897.778786000,5,rover_s102_4x4_n2_1fps_1sp_bb.json,s102
1687797897.778788000,6,rover_s102_4x4_n2_1fps_1sp_bb.json,s102
1687797897.778923000,7,rover_s102_4x4_n2_1fps_1sp_bb.json,s102
1687797897.779460000,8,rover_s102_4x4_n2_1fps_1sp_bb.json,s102
1687797897.779825000,9,rover_s102_4x4_n2_1fps_1sp_bb.json,s102
1687797898.800832000,0,rover_s102_4x4_n2_1fps_1sp_bb.json,s102
1687797898.801035000,1,rover_s102_4x4_n2_1fps_1sp_bb.json,s102
1687797898.801480000,2,rover_s102_4x4_n2_1fps_1sp_bb.json,s102
1687797898.801482000,3,rover_s102_4x4_n2_1fps_1sp_bb.json,s102
1687797898.801603000,4,rover_s102_4x4_n2_1fps_1sp_bb.json,s102
1687797898.801698000,5,rover_s102_4x4_n2_1fps_1sp_bb.json,s102
1687797898.802049000,6,rover_s102_4x4_n2_1fps_1sp_bb.json,s102
1687797898.802145000,7,rover_s102_4x4_n2_1fps_1sp_bb.json,s102
1687797898.802822000,8,rover_s102_4x4_n2_1fps_1sp_bb.json,s102
1687797898.802950000,9,rover_s102_4x4_n2_1fps_1sp_bb.json,s102
1687797898.803552000,10,rover_s102_4x4_n2_1fps_1sp_bb.json,s102
1687797898.803654000,11,rover_s102_4x4_n2_1fps_1sp_bb.json,s102
1687797898.803768000,12,rover_s102_4x4_n2_1fps_1sp_bb.json,s102
1687797898.804371000,13,rover_s102_4x4_n2_1fps_1sp_bb.json,s102
1687797898.804497000,14,rover_s102_4x4_n2_1fps_1sp_bb.json,s102
1687797898.804588000,15,rover_s102_4x4_n2_1fps_1sp_bb.json,s102
1687797898.804836000,16,rover_s102_4x4_n2_1fps_1sp_bb.json,s102
1687797899.826882000,0,rover_s102_4x4_n2_1fps_1sp_bb.json,s102
1687797899.827306000,1,rover_s102_4x4_n2_1fps_1sp_bb.json,s102
1687797899.828648000,2,rover_s102_4x4_n2_1fps_1sp_bb.json,s102
1687797899.828649000,3,rover_s102_4x4_n2_1fps_1sp_bb.json,s102
1687797899.828807000,4,rover_s102_4x4_n2_1fps_1sp_bb.json,s102
1687797899.829609000,5,rover_s102_4x4_n2_1fps_1sp_bb.json,s102
1687797899.829611000,6,rover_s102_4x4_n2_1fps_1sp_bb.json,s102
1687797899.829727000,7,rover_s102_4x4_n2_1fps_1sp_bb.json,s102
1687797899.829818000,8,rover_s102_4x4_n2_1fps_1sp_bb.json,s102
1687797900.849317000,0,rover_s102_4x4_n2_1fps_1sp_bb.json,s102
1687797900.849523000,1,rover_s102_4x4_n2_1fps_1sp_bb.json,s102
1687797900.849612000,2,rover_s102_4x4_n2_1fps_1sp_bb.json,s102
1687797900.850822000,3,rover_s102_4x4_n2_1fps_1sp_bb.json,s102
1687797900.851869000,4,rover_s102_4x4_n2_1fps_1sp_bb.json,s102
1687797900.851970000,5,rover_s102_4x4_n2_1fps_1sp_bb.json,s102
1687797900.852063000,6,rover_s102_4x4_n2_1fps_1sp_bb.json,s102
1687797900.852065000,7,rover_s102_4x4_n2_1fps_1sp_bb.json,s102
1687797900.852274000,8,rover_s102_4x4_n2_1fps_1sp_bb.json,s102
1687797900.852276000,9,rover_s102_4x4_n2_1fps_1sp_bb.json,s102
1687797900.852677000,10,rover_s102_4x4_n2_1fps_1sp_bb.json,s102
1687797901.873645000,0,rover_s102_4x4_n2_1fps_1sp_bb.json,s102
1687797901.874274000,1,rover_s102_4x4_n2_1fps_1sp_bb.json,s102
1687797901.874276000,2,rover_s102_4x4_n2_1fps_1sp_bb.json,s102
1687797901.874397000,3,rover_s102_4x4_n2_1fps_1sp_bb.json,s102
1687797901.874945000,4,rover_s102_4x4_n2_1fps_1sp_bb.json,s102
1687797901.874947000,5,rover_s102_4x4_n2_1fps_1sp_bb.json,s102
1687797901.875295000,6,rover_s102_4x4_n2_1fps_1sp_bb.json,s102
1687797902.894885000,0,rover_s102_4x4_n2_1fps_1sp_bb.json,s102
1687797902.895096000,1,rover_s102_4x4_n2_1fps_1sp_bb.json,s102
1687797902.896007000,2,rover_s102_4x4_n2_1fps_1sp_bb.json,s102
1687797902.896009000,3,rover_s102_4x4_n2_1fps_1sp_bb.json,s102
1687797902.896141000,4,rover_s102_4x4_n2_1fps_1sp_bb.json,s102
1687797902.896820000,5,rover_s102_4x4_n2_1fps_1sp_bb.json,s102
1687797902.896939000,6,rover_s102_4x4_n2_1fps_1sp_bb.json,s102
1687797902.897043000,7,rover_s102_4x4_n2_1fps_1sp_bb.json,s102
1687797903.920194000,0,rover_s102_4x4_n2_1fps_1sp_bb.json,s102
1687797903.920414000,1,rover_s102_4x4_n2_1fps_1sp_bb.json,s102
1687797903.920849000,2,rover_s102_4x4_n2_1fps_1sp_bb.json,s102
1687797903.920947000,3,rover_s102_4x4_n2_1fps_1sp_bb.json,s102
1687797903.920948000,4,rover_s102_4x4_n2_1fps_1sp_bb.json,s102
1687797903.921493000,5,rover_s102_4x4_n2_1fps_1sp_bb.json,s102
1687797903.921495000,6,rover_s102_4x4_n2_1fps_1sp_bb.json,s102
1687797903.921647000,7,rover_s102_4x4_n2_1fps_1sp_bb.json,s102
1687797903.922356000,8,rover_s102_4x4_n2_1fps_1sp_bb.json,s102
1687797903.923425000,9,rover_s102_4x4_n2_1fps_1sp_bb.json,s102
1687797904.944412000,0,rover_s102_4x4_n2_1fps_1sp_bb.json,s102
1687797904.944784000,1,rover_s102_4x4_n2_1fps_1sp_bb.json,s102
1687797904.947369000,2,rover_s102_4x4_n2_1fps_1sp_bb.json,s102
1687797904.947371000,3,rover_s102_4x4_n2_1fps_1sp_bb.json,s102
1687797904.947518000,4,rover_s102_4x4_n2_1fps_1sp_bb.json,s102
1687797904.947645000,5,rover_s102_4x4_n2_1fps_1sp_bb.json,s102
1687797904.948314000,6,rover_s102_4x4_n2_1fps_1sp_bb.json,s102
1687797904.948419000,7,rover_s102_4x4_n2_1fps_1sp_bb.json,s102
1687797904.948421000,8,rover_s102_4x4_n2_1fps_1sp_bb.json,s102
1687797904.948556000,9,rover_s102_4x4_n2_1fps_1sp_bb.json,s102
1687797905.965452000,0,rover_s102_4x4_n2_1fps_1sp_bb.json,s102
1687797905.965666000,1,rover_s102_4x4_n2_1fps_1sp_bb.json,s102
1687797905.966842000,2,rover_s102_4x4_n2_1fps_1sp_bb.json,s102
1687797905.966912000,3,rover_s102_4x4_n2_1fps_1sp_bb.json,s102
1687797905.967011000,4,rover_s102_4x4_n2_1fps_1sp_bb.json,s102
1687797905.967013000,5,rover_s102_4x4_n2_1fps_1sp_bb.json,s102
1687797905.967592000,6,rover_s102_4x4_n2_1fps_1sp_bb.json,s102
1687797905.967704000,7,rover_s102_4x4_n2_1fps_1sp_bb.json,s102
1687797905.967706000,8,rover_s102_4x4_n2_1fps_1sp_bb.json,s102
1687797905.968349000,9,rover_s102_4x4_n2_1fps_1sp_bb.json,s102
1687797906.988418000,0,rover_s102_4x4_n2_1fps_1sp_bb.json,s102
1687797906.988977000,1,rover_s102_4x4_n2_1fps_1sp_bb.json,s102
1687797906.988979000,2,rover_s102_4x4_n2_1fps_1sp_bb.json,s102
1687797906.989124000,3,rover_s102_4x4_n2_1fps_1sp_bb.json,s102
1687797906.989543000,4,rover_s102_4x4_n2_1fps_1sp_bb.json,s102
1687797906.989661000,5,rover_s102_4x4_n2_1fps_1sp_bb.json,s102
1687797908.015503000,0,rover_s102_4x4_n2_1fps_1sp_bb.json,s102
1687797908.015676000,1,rover_s102_4x4_n2_1fps_1sp_bb.json,s102
1687797908.015677000,2,rover_s102_4x4_n2_1fps_1sp_bb.json,s102
1687797908.015792000,3,rover_s102_4x4_n2_1fps_1sp_bb.json,s102
1687797908.015890000,4,rover_s102_4x4_n2_1fps_1sp_bb.json,s102
1687797908.016867000,5,rover_s102_4x4_n2_1fps_1sp_bb.json,s102
1687797908.016869000,6,rover_s102_4x4_n2_1fps_1sp_bb.json,s102
1687797908.017711000,7,rover_s102_4x4_n2_1fps_1sp_bb.json,s102
1687797908.017817000,8,rover_s102_4x4_n2_1fps_1sp_bb.json,s102
1687797908.017927000,9,rover_s102_4x4_n2_1fps_1sp_bb.json,s102
1687797908.018253000,10,rover_s102_4x4_n2_1fps_1sp_bb.json,s102
1687797908.018255000,11,rover_s102_4x4_n2_1fps_1sp_bb.json,s102
1687797908.018390000,12,rover_s102_4x4_n2_1fps_1sp_bb.json,s102
1687797909.037026000,0,rover_s102_4x4_n2_1fps_1sp_bb.json,s102
1687797909.037559000,1,rover_s102_4x4_n2_1fps_1sp_bb.json,s102
1687797909.037664000,2,rover_s102_4x4_n2_1fps_1sp_bb.json,s102
1687797909.038082000,3,rover_s102_4x4_n2_1fps_1sp_bb.json,s102
1687797909.038184000,4,rover_s102_4x4_n2_1fps_1sp_bb.json,s102
1687797909.038915000,5,rover_s102_4x4_n2_1fps_1sp_bb.json,s102
1687797909.039021000,6,rover_s102_4x4_n2_1fps_1sp_bb.json,s102
1687797909.039676000,7,rover_s102_4x4_n2_1fps_1sp_bb.json,s102
1687797910.061394000,0,rover_s102_4x4_n2_1fps_1sp_bb.json,s102
1687797910.061726000,1,rover_s102_4x4_n2_1fps_1sp_bb.json,s102
1687797910.062614000,2,rover_s102_4x4_n2_1fps_1sp_bb.json,s102
1687797910.062713000,3,rover_s102_4x4_n2_1fps_1sp_bb.json,s102
1687797910.062831000,4,rover_s102_4x4_n2_1fps_1sp_bb.json,s102
1687797910.062949000,5,rover_s102_4x4_n2_1fps_1sp_bb.json,s102
1687797910.062951000,6,rover_s102_4x4_n2_1fps_1sp_bb.json,s102
1687797910.063543000,7,rover_s102_4x4_n2_1fps_1sp_bb.json,s102
1687797910.063639000,8,rover_s102_4x4_n2_1fps_1sp_bb.json,s102
1687797911.086483000,0,rover_s102_4x4_n2_1fps_1sp_bb.json,s102
1687797911.087320000,1,rover_s102_4x4_n2_1fps_1sp_bb.json,s102
1687797911.087452000,2,rover_s102_4x4_n2_1fps_1sp_bb.json,s102
1687797911.088216000,3,rover_s102_4x4_n2_1fps_1sp_bb.json,s102
1687797911.088295000,4,rover_s102_4x4_n2_1fps_1sp_bb.json,s102
1687797911.088384000,5,rover_s102_4x4_n2_1fps_1sp_bb.json,s102
1687797911.088386000,6,rover_s102_4x4_n2_1fps_1sp_bb.json,s102
1687797911.088502000,7,rover_s102_4x4_n2_1fps_1sp_bb.json,s102
1687797911.089333000,8,rover_s102_4x4_n2_1fps_1sp_bb.json,s102
1687797912.108668000,0,rover_s102_4x4_n2_1fps_1sp_bb.json,s102
1687797912.109459000,1,rover_s102_4x4_n2_1fps_1sp_bb.json,s102
1687797912.110609000,2,rover_s102_4x4_n2_1fps_1sp_bb.json,s102
1687797912.110704000,3,rover_s102_4x4_n2_1fps_1sp_bb.json,s102
1687797912.110705000,4,rover_s102_4x4_n2_1fps_1sp_bb.json,s102
1687797912.110820000,5,rover_s102_4x4_n2_1fps_1sp_bb.json,s102
1687797912.110911000,6,rover_s102_4x4_n2_1fps_1sp_bb.json,s102
1687797912.111047000,7,rover_s102_4x4_n2_1fps_1sp_bb.json,s102
1687797912.111623000,8,rover_s102_4x4_n2_1fps_1sp_bb.json,s102
1687797913.133875000,0,rover_s102_4x4_n2_1fps_1sp_bb.json,s102
1687797913.134110000,1,rover_s102_4x4_n2_1fps_1sp_bb.json,s102
1687797913.134204000,2,rover_s102_4x4_n2_1fps_1sp_bb.json,s102
1687797913.134652000,3,rover_s102_4x4_n2_1fps_1sp_bb.json,s102
1687797913.134755000,4,rover_s102_4x4_n2_1fps_1sp_bb.json,s102
1687797913.134852000,5,rover_s102_4x4_n2_1fps_1sp_bb.json,s102
1687797913.135434000,6,rover_s102_4x4_n2_1fps_1sp_bb.json,s102
1687797913.135436000,7,rover_s102_4x4_n2_1fps_1sp_bb.json,s102
1687797913.135604000,8,rover_s102_4x4_n2_1fps_1sp_bb.json,s102
1687797913.136618000,9,rover_s102_4x4_n2_1fps_1sp_bb.json,s102
1687797913.136733000,10,rover_s102_4x4_n2_1fps_1sp_bb.json,s102
1687797914.156617000,0,rover_s102_4x4_n2_1fps_1sp_bb.json,s102
1687797914.156822000,1,rover_s102_4x4_n2_1fps_1sp_bb.json,s102
1687797914.156912000,2,rover_s102_4x4_n2_1fps_1sp_bb.json,s102
1687797914.157335000,3,rover_s102_4x4_n2_1fps_1sp_bb.json,s102
1687797914.157432000,4,rover_s102_4x4_n2_1fps_1sp_bb.json,s102
1687797914.157522000,5,rover_s102_4x4_n2_1fps_1sp_bb.json,s102
1687797914.158216000,6,rover_s102_4x4_n2_1fps_1sp_bb.json,s102
1687797914.158322000,7,rover_s102_4x4_n2_1fps_1sp_bb.json,s102
1687797914.158752000,8,rover_s102_4x4_n2_1fps_1sp_bb.json,s102
1687797914.158883000,9,rover_s102_4x4_n2_1fps_1sp_bb.json,s102
1687797914.159711000,10,rover_s102_4x4_n2_1fps_1sp_bb.json,s102
1687797914.159713000,11,rover_s102_4x4_n2_1fps_1sp_bb.json,s102
1687797914.159853000,12,rover_s102_4x4_n2_1fps_1sp_bb.json,s102
1687797915.182386000,0,rover_s102_4x4_n2_1fps_1sp_bb.json,s102
1687797915.182736000,1,rover_s102_4x4_n2_1fps_1sp_bb.json,s102
1687797915.183705000,2,rover_s102_4x4_n2_1fps_1sp_bb.json,s102
1687797915.183819000,3,rover_s102_4x4_n2_1fps_1sp_bb.json,s102
1687797915.183919000,4,rover_s102_4x4_n2_1fps_1sp_bb.json,s102
1687797915.184057000,5,rover_s102_4x4_n2_1fps_1sp_bb.json,s102
1687797915.184170000,6,rover_s102_4x4_n2_1fps_1sp_bb.json,s102
1687797915.185524000,7,rover_s102_4x4_n2_1fps_1sp_bb.json,s102
1687797915.185640000,8,rover_s102_4x4_n2_1fps_1sp_bb.json,s102
1687797916.205380000,0,rover_s102_4x4_n2_1fps_1sp_bb.json,s102
1687797916.205588000,1,rover_s102_4x4_n2_1fps_1sp_bb.json,s102
1687797916.206151000,2,rover_s102_4x4_n2_1fps_1sp_bb.json,s102
1687797916.206153000,3,rover_s102_4x4_n2_1fps_1sp_bb.json,s102
1687797916.206270000,4,rover_s102_4x4_n2_1fps_1sp_bb.json,s102
1687797916.206891000,5,rover_s102_4x4_n2_1fps_1sp_bb.json,s102
1687797916.207550000,6,rover_s102_4x4_n2_1fps_1sp_bb.json,s102
1687797916.207551000,7,rover_s102_4x4_n2_1fps_1sp_bb.json,s102
1687797916.208706000,8,rover_s102_4x4_n2_1fps_1sp_bb.json,s102
1687797916.208801000,9,rover_s102_4x4_n2_1fps_1sp_bb.json,s102
1687797917.228458000,0,rover_s102_4x4_n2_1fps_1sp_bb.json,s102
1687797917.228661000,1,rover_s102_4x4_n2_1fps_1sp_bb.json,s102
1687797917.229229000,2,rover_s102_4x4_n2_1fps_1sp_bb.json,s102
1687797917.229231000,3,rover_s102_4x4_n2_1fps_1sp_bb.json,s102
1687797917.229361000,4,rover_s102_4x4_n2_1fps_1sp_bb.json,s102
1687797917.229459000,5,rover_s102_4x4_n2_1fps_1sp_bb.json,s102
1687797917.229799000,6,rover_s102_4x4_n2_1fps_1sp_bb.json,s102
1687797917.229922000,7,rover_s102_4x4_n2_1fps_1sp_bb.json,s102
1687797917.230607000,8,rover_s102_4x4_n2_1fps_1sp_bb.json,s102
1687797917.230724000,9,rover_s102_4x4_n2_1fps_1sp_bb.json,s102
1687797918.251429000,0,rover_s102_4x4_n2_1fps_1sp_bb.json,s102
1687797918.252070000,1,rover_s102_4x4_n2_1fps_1sp_bb.json,s102
1687797918.252191000,2,rover_s102_4x4_n2_1fps_1sp_bb.json,s102
1687797918.252192000,3,rover_s102_4x4_n2_1fps_1sp_bb.json,s102
1687797918.252638000,4,rover_s102_4x4_n2_1fps_1sp_bb.json,s102
1687797918.252744000,5,rover_s102_4x4_n2_1fps_1sp_bb.json,s102
1687797918.253285000,6,rover_s102_4x4_n2_1fps_1sp_bb.json,s102
1687797918.253392000,7,rover_s102_4x4_n2_1fps_1sp_bb.json,s102
1687797918.254458000,8,rover_s102_4x4_n2_1fps_1sp_bb.json,s102
1687797919.274286000,0,rover_s102_4x4_n2_1fps_1sp_bb.json,s102
1687797919.274503000,1,rover_s102_4x4_n2_1fps_1sp_bb.json,s102
1687797919.275093000,2,rover_s102_4x4_n2_1fps_1sp_bb.json,s102
1687797919.275192000,3,rover_s102_4x4_n2_1fps_1sp_bb.json,s102
1687797919.275194000,4,rover_s102_4x4_n2_1fps_1sp_bb.json,s102
1687797919.275936000,5,rover_s102_4x4_n2_1fps_1sp_bb.json,s102
1687797919.275938000,6,rover_s102_4x4_n2_1fps_1sp_bb.json,s102
1687797919.276069000,7,rover_s102_4x4_n2_1fps_1sp_bb.json,s102
1687797919.277148000,8,rover_s102_4x4_n2_1fps_1sp_bb.json,s102
1687797920.297780000,0,rover_s102_4x4_n2_1fps_1sp_bb.json,s102
1687797920.298152000,1,rover_s102_4x4_n2_1fps_1sp_bb.json,s102
1687797920.299714000,2,rover_s102_4x4_n2_1fps_1sp_bb.json,s102
1687797920.299716000,3,rover_s102_4x4_n2_1fps_1sp_bb.json,s102
1687797920.299854000,4,rover_s102_4x4_n2_1fps_1sp_bb.json,s102
1687797920.299982000,5,rover_s102_4x4_n2_1fps_1sp_bb.json,s102
1687797920.300106000,6,rover_s102_4x4_n2_1fps_1sp_bb.json,s102
1687797920.300199000,7,rover_s102_4x4_n2_1fps_1sp_bb.json,s102
1687797920.300750000,8,rover_s102_4x4_n2_1fps_1sp_bb.json,s102
1687797920.301095000,9,rover_s102_4x4_n2_1fps_1sp_bb.json,s102
1687797921.320038000,0,rover_s102_4x4_n2_1fps_1sp_bb.json,s102
1687797921.320249000,1,rover_s102_4x4_n2_1fps_1sp_bb.json,s102
1687797921.320835000,2,rover_s102_4x4_n2_1fps_1sp_bb.json,s102
1687797921.320836000,3,rover_s102_4x4_n2_1fps_1sp_bb.json,s102
1687797921.320980000,4,rover_s102_4x4_n2_1fps_1sp_bb.json,s102
1687797921.321080000,5,rover_s102_4x4_n2_1fps_1sp_bb.json,s102
1687797921.321532000,6,rover_s102_4x4_n2_1fps_1sp_bb.json,s102
1687797921.321650000,7,rover_s102_4x4_n2_1fps_1sp_bb.json,s102
1687797921.323045000,8,rover_s102_4x4_n2_1fps_1sp_bb.json,s102
1687797921.323146000,9,rover_s102_4x4_n2_1fps_1sp_bb.json,s102
1687797922.342013000,0,rover_s102_4x4_n2_1fps_1sp_bb.json,s102
1687797922.342221000,1,rover_s102_4x4_n2_1fps_1sp_bb.json,s102
1687797922.343038000,2,rover_s102_4x4_n2_1fps_1sp_bb.json,s102
1687797922.343167000,3,rover_s102_4x4_n2_1fps_1sp_bb.json,s102
1687797922.343275000,4,rover_s102_4x4_n2_1fps_1sp_bb.json,s102
1687797922.343876000,5,rover_s102_4x4_n2_1fps_1sp_bb.json,s102
1687797922.343984000,6,rover_s102_4x4_n2_1fps_1sp_bb.json,s102
1687797922.344073000,7,rover_s102_4x4_n2_1fps_1sp_bb.json,s102
1687797922.344446000,8,rover_s102_4x4_n2_1fps_1sp_bb.json,s102
1687797922.345454000,9,rover_s102_4x4_n2_1fps_1sp_bb.json,s102
1687797923.368252000,0,rover_s102_4x4_n2_1fps_1sp_bb.json,s102
1687797923.368471000,1,rover_s102_4x4_n2_1fps_1sp_bb.json,s102
1687797923.368583000,2,rover_s102_4x4_n2_1fps_1sp_bb.json,s102
1687797923.368981000,3,rover_s102_4x4_n2_1fps_1sp_bb.json,s102
1687797923.369074000,4,rover_s102_4x4_n2_1fps_1sp_bb.json,s102
1687797923.369167000,5,rover_s102_4x4_n2_1fps_1sp_bb.json,s102
1687797923.369578000,6,rover_s102_4x4_n2_1fps_1sp_bb.json,s102
1687797923.369681000,7,rover_s102_4x4_n2_1fps_1sp_bb.json,s102
1687797923.370263000,8,rover_s102_4x4_n2_1fps_1sp_bb.json,s102
1687797923.370373000,9,rover_s102_4x4_n2_1fps_1sp_bb.json,s102
1687797924.396691000,0,rover_s102_4x4_n2_1fps_1sp_bb.json,s102
1687797924.396692000,1,rover_s102_4x4_n2_1fps_1sp_bb.json,s102
1687797924.396894000,2,rover_s102_4x4_n2_1fps_1sp_bb.json,s102
1687797924.396989000,3,rover_s102_4x4_n2_1fps_1sp_bb.json,s102
1687797924.397098000,4,rover_s102_4x4_n2_1fps_1sp_bb.json,s102
1687797924.397219000,5,rover_s102_4x4_n2_1fps_1sp_bb.json,s102
1687797924.397466000,6,rover_s102_4x4_n2_1fps_1sp_bb.json,s102
1687797924.397468000,7,rover_s102_4x4_n2_1fps_1sp_bb.json,s102
1687797924.397587000,8,rover_s102_4x4_n2_1fps_1sp_bb.json,s102
1687797924.398134000,9,rover_s102_4x4_n2_1fps_1sp_bb.json,s102
1687797924.398234000,10,rover_s102_4x4_n2_1fps_1sp_bb.json,s102
1687797924.398764000,11,rover_s102_4x4_n2_1fps_1sp_bb.json,s102
1687797925.422330000,0,rover_s102_4x4_n2_1fps_1sp_bb.json,s102
1687797925.422711000,1,rover_s102_4x4_n2_1fps_1sp_bb.json,s102
1687797925.423922000,2,rover_s102_4x4_n2_1fps_1sp_bb.json,s102
1687797925.423923000,3,rover_s102_4x4_n2_1fps_1sp_bb.json,s102
1687797925.424057000,4,rover_s102_4x4_n2_1fps_1sp_bb.json,s102
1687797925.424175000,5,rover_s102_4x4_n2_1fps_1sp_bb.json,s102
1687797925.424289000,6,rover_s102_4x4_n2_1fps_1sp_bb.json,s102
1687797925.424383000,7,rover_s102_4x4_n2_1fps_1sp_bb.json,s102
1687797925.424858000,8,rover_s102_4x4_n2_1fps_1sp_bb.json,s102
1687797925.424963000,9,rover_s102_4x4_n2_1fps_1sp_bb.json,s102
1687797926.448880000,0,rover_s102_4x4_n2_1fps_1sp_bb.json,s102
1687797926.449086000,1,rover_s102_4x4_n2_1fps_1sp_bb.json,s102
1687797926.449518000,2,rover_s102_4x4_n2_1fps_1sp_bb.json,s102
1687797926.449615000,3,rover_s102_4x4_n2_1fps_1sp_bb.json,s102
1687797926.450158000,4,rover_s102_4x4_n2_1fps_1sp_bb.json,s102
1687797926.450159000,5,rover_s102_4x4_n2_1fps_1sp_bb.json,s102
1687797926.450296000,6,rover_s102_4x4_n2_1fps_1sp_bb.json,s102
1687797926.450851000,7,rover_s102_4x4_n2_1fps_1sp_bb.json,s102
1687797926.453243000,8,rover_s102_4x4_n2_1fps_1sp_bb.json,s102
1687797927.472450000,0,rover_s102_4x4_n2_1fps_1sp_bb.json,s102
1687797927.472655000,1,rover_s102_4x4_n2_1fps_1sp_bb.json,s102
1687797927.472746000,2,rover_s102_4x4_n2_1fps_1sp_bb.json,s102
1687797927.473193000,3,rover_s102_4x4_n2_1fps_1sp_bb.json,s102
1687797927.473283000,4,rover_s102_4x4_n2_1fps_1sp_bb.json,s102
1687797927.473372000,5,rover_s102_4x4_n2_1fps_1sp_bb.json,s102
1687797927.473776000,6,rover_s102_4x4_n2_1fps_1sp_bb.json,s102
1687797927.473877000,7,rover_s102_4x4_n2_1fps_1sp_bb.json,s102
1687797927.474457000,8,rover_s102_4x4_n2_1fps_1sp_bb.json,s102
1687797927.475007000,9,rover_s102_4x4_n2_1fps_1sp_bb.json,s102
1687797927.475008000,10,rover_s102_4x4_n2_1fps_1sp_bb.json,s102
1687797927.475150000,11,rover_s102_4x4_n2_1fps_1sp_bb.json,s102
1687797927.475543000,12,rover_s102_4x4_n2_1fps_1sp_bb.json,s102
1687797927.475839000,13,rover_s102_4x4_n2_1fps_1sp_bb.json,s102
1687797928.504162000,0,rover_s102_4x4_n2_1fps_1sp_bb.json,s102
1687797928.504362000,1,rover_s102_4x4_n2_1fps_1sp_bb.json,s102
1687797928.504861000,2,rover_s102_4x4_n2_1fps_1sp_bb.json,s102
1687797928.504863000,3,rover_s102_4x4_n2_1fps_1sp_bb.json,s102
1687797928.504990000,4,rover_s102_4x4_n2_1fps_1sp_bb.json,s102
1687797928.505098000,5,rover_s102_4x4_n2_1fps_1sp_bb.json,s102
1687797928.505548000,6,rover_s102_4x4_n2_1fps_1sp_bb.json,s102
1687797928.505649000,7,rover_s102_4x4_n2_1fps_1sp_bb.json,s102
1687797929.528712000,0,rover_s102_4x4_n2_1fps_1sp_bb.json,s102
1687797929.528921000,1,rover_s102_4x4_n2_1fps_1sp_bb.json,s102
1687797929.529375000,2,rover_s102_4x4_n2_1fps_1sp_bb.json,s102
1687797929.529473000,3,rover_s102_4x4_n2_1fps_1sp_bb.json,s102
1687797929.529563000,4,rover_s102_4x4_n2_1fps_1sp_bb.json,s102
1687797929.530066000,5,rover_s102_4x4_n2_1fps_1sp_bb.json,s102
1687797929.530193000,6,rover_s102_4x4_n2_1fps_1sp_bb.json,s102
1687797929.530422000,7,rover_s102_4x4_n2_1fps_1sp_bb.json,s102
1687797929.530577000,8,rover_s102_4x4_n2_1fps_1sp_bb.json,s102
1687797929.531116000,9,rover_s102_4x4_n2_1fps_1sp_bb.json,s102
1687797929.531231000,10,rover_s102_4x4_n2_1fps_1sp_bb.json,s102
1687797929.531755000,11,rover_s102_4x4_n2_1fps_1sp_bb.json,s102
1687797930.553478000,0,rover_s102_4x4_n2_1fps_1sp_bb.json,s102
1687797930.553856000,1,rover_s102_4x4_n2_1fps_1sp_bb.json,s102
1687797930.555106000,2,rover_s102_4x4_n2_1fps_1sp_bb.json,s102
1687797930.555108000,3,rover_s102_4x4_n2_1fps_1sp_bb.json,s102
1687797930.555255000,4,rover_s102_4x4_n2_1fps_1sp_bb.json,s102
1687797930.555373000,5,rover_s102_4x4_n2_1fps_1sp_bb.json,s102
1687797930.555487000,6,rover_s102_4x4_n2_1fps_1sp_bb.json,s102
1687797930.555593000,7,rover_s102_4x4_n2_1fps_1sp_bb.json,s102
1687797930.556097000,8,rover_s102_4x4_n2_1fps_1sp_bb.json,s102
1687797930.556202000,9,rover_s102_4x4_n2_1fps_1sp_bb.json,s102
1687797931.574991000,0,rover_s102_4x4_n2_1fps_1sp_bb.json,s102
1687797931.575195000,1,rover_s102_4x4_n2_1fps_1sp_bb.json,s102
1687797931.575746000,2,rover_s102_4x4_n2_1fps_1sp_bb.json,s102
1687797931.575838000,3,rover_s102_4x4_n2_1fps_1sp_bb.json,s102
1687797931.575929000,4,rover_s102_4x4_n2_1fps_1sp_bb.json,s102
1687797931.576760000,5,rover_s102_4x4_n2_1fps_1sp_bb.json,s102
1687797931.576892000,6,rover_s102_4x4_n2_1fps_1sp_bb.json,s102
1687797931.577802000,7,rover_s102_4x4_n2_1fps_1sp_bb.json,s102
1687797932.599063000,0,rover_s102_4x4_n2_1fps_1sp_bb.json,s102
1687797932.599279000,1,rover_s102_4x4_n2_1fps_1sp_bb.json,s102
1687797932.599378000,2,rover_s102_4x4_n2_1fps_1sp_bb.json,s102
1687797932.599760000,3,rover_s102_4x4_n2_1fps_1sp_bb.json,s102
1687797932.599856000,4,rover_s102_4x4_n2_1fps_1sp_bb.json,s102
1687797932.599858000,5,rover_s102_4x4_n2_1fps_1sp_bb.json,s102
1687797932.599988000,6,rover_s102_4x4_n2_1fps_1sp_bb.json,s102
1687797932.600787000,7,rover_s102_4x4_n2_1fps_1sp_bb.json,s102
1687797932.601187000,8,rover_s102_4x4_n2_1fps_1sp_bb.json,s102
1687797932.601278000,9,rover_s102_4x4_n2_1fps_1sp_bb.json,s102
1687797933.621699000,0,rover_s102_4x4_n2_1fps_1sp_bb.json,s102
1687797933.621899000,1,rover_s102_4x4_n2_1fps_1sp_bb.json,s102
1687797933.621998000,2,rover_s102_4x4_n2_1fps_1sp_bb.json,s102
1687797933.622508000,3,rover_s102_4x4_n2_1fps_1sp_bb.json,s102
1687797933.622608000,4,rover_s102_4x4_n2_1fps_1sp_bb.json,s102
1687797933.622609000,5,rover_s102_4x4_n2_1fps_1sp_bb.json,s102
1687797933.622804000,6,rover_s102_4x4_n2_1fps_1sp_bb.json,s102
1687797933.623351000,7,rover_s102_4x4_n2_1fps_1sp_bb.json,s102
1687797933.623475000,8,rover_s102_4x4_n2_1fps_1sp_bb.json,s102
1687797933.624685000,9,rover_s102_4x4_n2_1fps_1sp_bb.json,s102
1687797933.624788000,10,rover_s102_4x4_n2_1fps_1sp_bb.json,s102
1687797934.645430000,0,rover_s102_4x4_n2_1fps_1sp_bb.json,s102
1687797934.645650000,1,rover_s102_4x4_n2_1fps_1sp_bb.json,s102
1687797934.645742000,2,rover_s102_4x4_n2_1fps_1sp_bb.json,s102
1687797934.645837000,3,rover_s102_4x4_n2_1fps_1sp_bb.json,s102
1687797934.646274000,4,rover_s102_4x4_n2_1fps_1sp_bb.json,s102
1687797934.646374000,5,rover_s102_4x4_n2_1fps_1sp_bb.json,s102
1687797934.646466000,6,rover_s102_4x4_n2_1fps_1sp_bb.json,s102
1687797934.646915000,7,rover_s102_4x4_n2_1fps_1sp_bb.json,s102
1687797934.647275000,8,rover_s102_4x4_n2_1fps_1sp_bb.json,s102
1687797934.647277000,9,rover_s102_4x4_n2_1fps_1sp_bb.json,s102
