Timestamp,Packet,Scenario,Type
1687244960.039177000,0,rover_ap_4x4_n1_1fps_1sp_bb.json,ap
1687244960.039456000,1,rover_ap_4x4_n1_1fps_1sp_bb.json,ap
1687244960.039720000,2,rover_ap_4x4_n1_1fps_1sp_bb.json,ap
1687244960.039983000,3,rover_ap_4x4_n1_1fps_1sp_bb.json,ap
1687244960.040242000,4,rover_ap_4x4_n1_1fps_1sp_bb.json,ap
1687244960.040512000,5,rover_ap_4x4_n1_1fps_1sp_bb.json,ap
1687244960.040779000,6,rover_ap_4x4_n1_1fps_1sp_bb.json,ap
1687244960.041049000,7,rover_ap_4x4_n1_1fps_1sp_bb.json,ap
1687244960.041476000,8,rover_ap_4x4_n1_1fps_1sp_bb.json,ap
1687244960.041758000,9,rover_ap_4x4_n1_1fps_1sp_bb.json,ap
1687244960.042039000,10,rover_ap_4x4_n1_1fps_1sp_bb.json,ap
1687244960.042307000,11,rover_ap_4x4_n1_1fps_1sp_bb.json,ap
1687244961.061544000,0,rover_ap_4x4_n1_1fps_1sp_bb.json,ap
1687244961.061928000,1,rover_ap_4x4_n1_1fps_1sp_bb.json,ap
1687244961.062198000,2,rover_ap_4x4_n1_1fps_1sp_bb.json,ap
1687244961.062510000,3,rover_ap_4x4_n1_1fps_1sp_bb.json,ap
1687244961.062773000,4,rover_ap_4x4_n1_1fps_1sp_bb.json,ap
1687244961.063090000,5,rover_ap_4x4_n1_1fps_1sp_bb.json,ap
1687244961.063360000,6,rover_ap_4x4_n1_1fps_1sp_bb.json,ap
1687244961.063900000,7,rover_ap_4x4_n1_1fps_1sp_bb.json,ap
1687244961.064222000,8,rover_ap_4x4_n1_1fps_1sp_bb.json,ap
1687244961.064619000,9,rover_ap_4x4_n1_1fps_1sp_bb.json,ap
1687244961.064940000,10,rover_ap_4x4_n1_1fps_1sp_bb.json,ap
1687244962.087077000,0,rover_ap_4x4_n1_1fps_1sp_bb.json,ap
1687244962.087407000,1,rover_ap_4x4_n1_1fps_1sp_bb.json,ap
1687244962.087688000,2,rover_ap_4x4_n1_1fps_1sp_bb.json,ap
1687244962.087993000,3,rover_ap_4x4_n1_1fps_1sp_bb.json,ap
1687244962.088273000,4,rover_ap_4x4_n1_1fps_1sp_bb.json,ap
1687244962.088620000,5,rover_ap_4x4_n1_1fps_1sp_bb.json,ap
1687244962.088914000,6,rover_ap_4x4_n1_1fps_1sp_bb.json,ap
1687244962.089286000,7,rover_ap_4x4_n1_1fps_1sp_bb.json,ap
1687244962.089724000,8,rover_ap_4x4_n1_1fps_1sp_bb.json,ap
1687244963.112803000,0,rover_ap_4x4_n1_1fps_1sp_bb.json,ap
1687244963.113073000,1,rover_ap_4x4_n1_1fps_1sp_bb.json,ap
1687244963.113334000,2,rover_ap_4x4_n1_1fps_1sp_bb.json,ap
1687244963.113593000,3,rover_ap_4x4_n1_1fps_1sp_bb.json,ap
1687244963.113864000,4,rover_ap_4x4_n1_1fps_1sp_bb.json,ap
1687244963.114130000,5,rover_ap_4x4_n1_1fps_1sp_bb.json,ap
1687244963.114405000,6,rover_ap_4x4_n1_1fps_1sp_bb.json,ap
1687244963.114876000,7,rover_ap_4x4_n1_1fps_1sp_bb.json,ap
1687244963.115164000,8,rover_ap_4x4_n1_1fps_1sp_bb.json,ap
1687244963.115432000,9,rover_ap_4x4_n1_1fps_1sp_bb.json,ap
1687244963.115960000,10,rover_ap_4x4_n1_1fps_1sp_bb.json,ap
1687244963.116249000,11,rover_ap_4x4_n1_1fps_1sp_bb.json,ap
1687244963.116516000,12,rover_ap_4x4_n1_1fps_1sp_bb.json,ap
1687244964.136301000,0,rover_ap_4x4_n1_1fps_1sp_bb.json,ap
1687244964.136572000,1,rover_ap_4x4_n1_1fps_1sp_bb.json,ap
1687244964.136832000,2,rover_ap_4x4_n1_1fps_1sp_bb.json,ap
1687244964.137089000,3,rover_ap_4x4_n1_1fps_1sp_bb.json,ap
1687244964.137361000,4,rover_ap_4x4_n1_1fps_1sp_bb.json,ap
1687244964.137624000,5,rover_ap_4x4_n1_1fps_1sp_bb.json,ap
1687244964.137895000,6,rover_ap_4x4_n1_1fps_1sp_bb.json,ap
1687244964.138206000,7,rover_ap_4x4_n1_1fps_1sp_bb.json,ap
1687244964.138490000,8,rover_ap_4x4_n1_1fps_1sp_bb.json,ap
1687244965.158174000,0,rover_ap_4x4_n1_1fps_1sp_bb.json,ap
1687244965.158450000,1,rover_ap_4x4_n1_1fps_1sp_bb.json,ap
1687244965.158706000,2,rover_ap_4x4_n1_1fps_1sp_bb.json,ap
1687244965.158964000,3,rover_ap_4x4_n1_1fps_1sp_bb.json,ap
1687244965.159260000,4,rover_ap_4x4_n1_1fps_1sp_bb.json,ap
1687244965.159645000,5,rover_ap_4x4_n1_1fps_1sp_bb.json,ap
1687244965.159930000,6,rover_ap_4x4_n1_1fps_1sp_bb.json,ap
1687244965.160511000,7,rover_ap_4x4_n1_1fps_1sp_bb.json,ap
1687244965.160798000,8,rover_ap_4x4_n1_1fps_1sp_bb.json,ap
1687244965.161327000,9,rover_ap_4x4_n1_1fps_1sp_bb.json,ap
1687244966.183828000,0,rover_ap_4x4_n1_1fps_1sp_bb.json,ap
1687244966.184236000,1,rover_ap_4x4_n1_1fps_1sp_bb.json,ap
1687244966.184497000,2,rover_ap_4x4_n1_1fps_1sp_bb.json,ap
1687244966.184751000,3,rover_ap_4x4_n1_1fps_1sp_bb.json,ap
1687244966.185021000,4,rover_ap_4x4_n1_1fps_1sp_bb.json,ap
1687244966.185339000,5,rover_ap_4x4_n1_1fps_1sp_bb.json,ap
1687244966.185606000,6,rover_ap_4x4_n1_1fps_1sp_bb.json,ap
1687244966.186257000,7,rover_ap_4x4_n1_1fps_1sp_bb.json,ap
1687244966.186579000,8,rover_ap_4x4_n1_1fps_1sp_bb.json,ap
1687244966.187184000,9,rover_ap_4x4_n1_1fps_1sp_bb.json,ap
1687244967.205893000,0,rover_ap_4x4_n1_1fps_1sp_bb.json,ap
1687244967.206170000,1,rover_ap_4x4_n1_1fps_1sp_bb.json,ap
1687244967.206440000,2,rover_ap_4x4_n1_1fps_1sp_bb.json,ap
1687244967.206744000,3,rover_ap_4x4_n1_1fps_1sp_bb.json,ap
1687244967.207016000,4,rover_ap_4x4_n1_1fps_1sp_bb.json,ap
1687244967.207365000,5,rover_ap_4x4_n1_1fps_1sp_bb.json,ap
1687244967.207676000,6,rover_ap_4x4_n1_1fps_1sp_bb.json,ap
1687244967.208047000,7,rover_ap_4x4_n1_1fps_1sp_bb.json,ap
1687244967.208730000,8,rover_ap_4x4_n1_1fps_1sp_bb.json,ap
1687244968.228014000,0,rover_ap_4x4_n1_1fps_1sp_bb.json,ap
1687244968.228404000,1,rover_ap_4x4_n1_1fps_1sp_bb.json,ap
1687244968.228763000,2,rover_ap_4x4_n1_1fps_1sp_bb.json,ap
1687244968.229073000,3,rover_ap_4x4_n1_1fps_1sp_bb.json,ap
1687244968.229343000,4,rover_ap_4x4_n1_1fps_1sp_bb.json,ap
1687244968.229680000,5,rover_ap_4x4_n1_1fps_1sp_bb.json,ap
1687244968.229956000,6,rover_ap_4x4_n1_1fps_1sp_bb.json,ap
1687244968.230302000,7,rover_ap_4x4_n1_1fps_1sp_bb.json,ap
1687244968.230804000,8,rover_ap_4x4_n1_1fps_1sp_bb.json,ap
1687244969.250319000,0,rover_ap_4x4_n1_1fps_1sp_bb.json,ap
1687244969.250597000,1,rover_ap_4x4_n1_1fps_1sp_bb.json,ap
1687244969.250864000,2,rover_ap_4x4_n1_1fps_1sp_bb.json,ap
1687244969.251210000,3,rover_ap_4x4_n1_1fps_1sp_bb.json,ap
1687244969.251480000,4,rover_ap_4x4_n1_1fps_1sp_bb.json,ap
1687244969.251819000,5,rover_ap_4x4_n1_1fps_1sp_bb.json,ap
1687244969.252257000,6,rover_ap_4x4_n1_1fps_1sp_bb.json,ap
1687244970.272690000,0,rover_ap_4x4_n1_1fps_1sp_bb.json,ap
1687244970.272964000,1,rover_ap_4x4_n1_1fps_1sp_bb.json,ap
1687244970.273239000,2,rover_ap_4x4_n1_1fps_1sp_bb.json,ap
1687244970.273509000,3,rover_ap_4x4_n1_1fps_1sp_bb.json,ap
1687244970.273768000,4,rover_ap_4x4_n1_1fps_1sp_bb.json,ap
1687244970.274036000,5,rover_ap_4x4_n1_1fps_1sp_bb.json,ap
1687244970.274305000,6,rover_ap_4x4_n1_1fps_1sp_bb.json,ap
1687244970.274564000,7,rover_ap_4x4_n1_1fps_1sp_bb.json,ap
1687244970.274978000,8,rover_ap_4x4_n1_1fps_1sp_bb.json,ap
1687244970.275243000,9,rover_ap_4x4_n1_1fps_1sp_bb.json,ap
1687244971.295180000,0,rover_ap_4x4_n1_1fps_1sp_bb.json,ap
1687244971.295448000,1,rover_ap_4x4_n1_1fps_1sp_bb.json,ap
1687244971.295709000,2,rover_ap_4x4_n1_1fps_1sp_bb.json,ap
1687244971.296142000,3,rover_ap_4x4_n1_1fps_1sp_bb.json,ap
1687244971.296411000,4,rover_ap_4x4_n1_1fps_1sp_bb.json,ap
1687244971.296728000,5,rover_ap_4x4_n1_1fps_1sp_bb.json,ap
1687244971.297027000,6,rover_ap_4x4_n1_1fps_1sp_bb.json,ap
1687244971.297386000,7,rover_ap_4x4_n1_1fps_1sp_bb.json,ap
1687244971.297788000,8,rover_ap_4x4_n1_1fps_1sp_bb.json,ap
1687244971.298177000,9,rover_ap_4x4_n1_1fps_1sp_bb.json,ap
1687244971.298490000,10,rover_ap_4x4_n1_1fps_1sp_bb.json,ap
1687244971.298843000,11,rover_ap_4x4_n1_1fps_1sp_bb.json,ap
1687244971.299130000,12,rover_ap_4x4_n1_1fps_1sp_bb.json,ap
1687244972.324775000,0,rover_ap_4x4_n1_1fps_1sp_bb.json,ap
1687244972.325050000,1,rover_ap_4x4_n1_1fps_1sp_bb.json,ap
1687244972.325323000,2,rover_ap_4x4_n1_1fps_1sp_bb.json,ap
1687244972.325592000,3,rover_ap_4x4_n1_1fps_1sp_bb.json,ap
1687244972.325945000,4,rover_ap_4x4_n1_1fps_1sp_bb.json,ap
1687244972.326518000,5,rover_ap_4x4_n1_1fps_1sp_bb.json,ap
1687244972.327202000,6,rover_ap_4x4_n1_1fps_1sp_bb.json,ap
1687244972.327572000,7,rover_ap_4x4_n1_1fps_1sp_bb.json,ap
1687244973.347528000,0,rover_ap_4x4_n1_1fps_1sp_bb.json,ap
1687244973.347791000,1,rover_ap_4x4_n1_1fps_1sp_bb.json,ap
1687244973.348046000,2,rover_ap_4x4_n1_1fps_1sp_bb.json,ap
1687244973.348303000,3,rover_ap_4x4_n1_1fps_1sp_bb.json,ap
1687244973.348647000,4,rover_ap_4x4_n1_1fps_1sp_bb.json,ap
1687244973.349023000,5,rover_ap_4x4_n1_1fps_1sp_bb.json,ap
1687244973.349289000,6,rover_ap_4x4_n1_1fps_1sp_bb.json,ap
1687244973.349564000,7,rover_ap_4x4_n1_1fps_1sp_bb.json,ap
1687244974.374641000,0,rover_ap_4x4_n1_1fps_1sp_bb.json,ap
1687244974.374958000,1,rover_ap_4x4_n1_1fps_1sp_bb.json,ap
1687244974.375278000,2,rover_ap_4x4_n1_1fps_1sp_bb.json,ap
1687244974.375563000,3,rover_ap_4x4_n1_1fps_1sp_bb.json,ap
1687244974.376152000,4,rover_ap_4x4_n1_1fps_1sp_bb.json,ap
1687244974.376541000,5,rover_ap_4x4_n1_1fps_1sp_bb.json,ap
1687244974.376835000,6,rover_ap_4x4_n1_1fps_1sp_bb.json,ap
1687244974.377247000,7,rover_ap_4x4_n1_1fps_1sp_bb.json,ap
1687244974.377560000,8,rover_ap_4x4_n1_1fps_1sp_bb.json,ap
1687244975.396213000,0,rover_ap_4x4_n1_1fps_1sp_bb.json,ap
1687244975.396485000,1,rover_ap_4x4_n1_1fps_1sp_bb.json,ap
1687244975.396752000,2,rover_ap_4x4_n1_1fps_1sp_bb.json,ap
1687244975.397016000,3,rover_ap_4x4_n1_1fps_1sp_bb.json,ap
1687244975.397341000,4,rover_ap_4x4_n1_1fps_1sp_bb.json,ap
1687244975.397622000,5,rover_ap_4x4_n1_1fps_1sp_bb.json,ap
1687244975.397977000,6,rover_ap_4x4_n1_1fps_1sp_bb.json,ap
1687244975.398246000,7,rover_ap_4x4_n1_1fps_1sp_bb.json,ap
1687244975.398676000,8,rover_ap_4x4_n1_1fps_1sp_bb.json,ap
1687244975.399052000,9,rover_ap_4x4_n1_1fps_1sp_bb.json,ap
1687244975.399315000,10,rover_ap_4x4_n1_1fps_1sp_bb.json,ap
1687244976.423071000,0,rover_ap_4x4_n1_1fps_1sp_bb.json,ap
1687244976.423340000,1,rover_ap_4x4_n1_1fps_1sp_bb.json,ap
1687244976.423645000,2,rover_ap_4x4_n1_1fps_1sp_bb.json,ap
1687244976.423966000,3,rover_ap_4x4_n1_1fps_1sp_bb.json,ap
1687244976.424235000,4,rover_ap_4x4_n1_1fps_1sp_bb.json,ap
1687244976.424563000,5,rover_ap_4x4_n1_1fps_1sp_bb.json,ap
1687244976.424834000,6,rover_ap_4x4_n1_1fps_1sp_bb.json,ap
1687244976.425108000,7,rover_ap_4x4_n1_1fps_1sp_bb.json,ap
1687244976.425631000,8,rover_ap_4x4_n1_1fps_1sp_bb.json,ap
1687244976.426435000,9,rover_ap_4x4_n1_1fps_1sp_bb.json,ap
1687244977.451289000,0,rover_ap_4x4_n1_1fps_1sp_bb.json,ap
1687244977.451715000,1,rover_ap_4x4_n1_1fps_1sp_bb.json,ap
1687244977.452547000,2,rover_ap_4x4_n1_1fps_1sp_bb.json,ap
1687244977.452928000,3,rover_ap_4x4_n1_1fps_1sp_bb.json,ap
1687244977.453354000,4,rover_ap_4x4_n1_1fps_1sp_bb.json,ap
1687244977.453671000,5,rover_ap_4x4_n1_1fps_1sp_bb.json,ap
1687244977.454033000,6,rover_ap_4x4_n1_1fps_1sp_bb.json,ap
1687244977.454365000,7,rover_ap_4x4_n1_1fps_1sp_bb.json,ap
1687244977.454789000,8,rover_ap_4x4_n1_1fps_1sp_bb.json,ap
1687244978.478499000,0,rover_ap_4x4_n1_1fps_1sp_bb.json,ap
1687244978.478769000,1,rover_ap_4x4_n1_1fps_1sp_bb.json,ap
1687244978.479030000,2,rover_ap_4x4_n1_1fps_1sp_bb.json,ap
1687244978.479376000,3,rover_ap_4x4_n1_1fps_1sp_bb.json,ap
1687244978.479651000,4,rover_ap_4x4_n1_1fps_1sp_bb.json,ap
1687244978.480017000,5,rover_ap_4x4_n1_1fps_1sp_bb.json,ap
1687244978.480285000,6,rover_ap_4x4_n1_1fps_1sp_bb.json,ap
1687244978.480664000,7,rover_ap_4x4_n1_1fps_1sp_bb.json,ap
1687244978.481081000,8,rover_ap_4x4_n1_1fps_1sp_bb.json,ap
1687244978.481453000,9,rover_ap_4x4_n1_1fps_1sp_bb.json,ap
1687244978.481714000,10,rover_ap_4x4_n1_1fps_1sp_bb.json,ap
1687244978.482073000,11,rover_ap_4x4_n1_1fps_1sp_bb.json,ap
1687244978.482517000,12,rover_ap_4x4_n1_1fps_1sp_bb.json,ap
1687244979.503609000,0,rover_ap_4x4_n1_1fps_1sp_bb.json,ap
1687244979.503871000,1,rover_ap_4x4_n1_1fps_1sp_bb.json,ap
1687244979.504139000,2,rover_ap_4x4_n1_1fps_1sp_bb.json,ap
1687244979.504401000,3,rover_ap_4x4_n1_1fps_1sp_bb.json,ap
1687244979.504665000,4,rover_ap_4x4_n1_1fps_1sp_bb.json,ap
1687244979.504926000,5,rover_ap_4x4_n1_1fps_1sp_bb.json,ap
1687244979.505209000,6,rover_ap_4x4_n1_1fps_1sp_bb.json,ap
1687244979.505486000,7,rover_ap_4x4_n1_1fps_1sp_bb.json,ap
1687244979.505982000,8,rover_ap_4x4_n1_1fps_1sp_bb.json,ap
1687244979.506272000,9,rover_ap_4x4_n1_1fps_1sp_bb.json,ap
1687244979.506545000,10,rover_ap_4x4_n1_1fps_1sp_bb.json,ap
1687244979.506804000,11,rover_ap_4x4_n1_1fps_1sp_bb.json,ap
1687244979.507068000,12,rover_ap_4x4_n1_1fps_1sp_bb.json,ap
1687244979.507344000,13,rover_ap_4x4_n1_1fps_1sp_bb.json,ap
1687244980.526651000,0,rover_ap_4x4_n1_1fps_1sp_bb.json,ap
1687244980.526921000,1,rover_ap_4x4_n1_1fps_1sp_bb.json,ap
1687244980.527193000,2,rover_ap_4x4_n1_1fps_1sp_bb.json,ap
1687244980.527460000,3,rover_ap_4x4_n1_1fps_1sp_bb.json,ap
1687244980.527715000,4,rover_ap_4x4_n1_1fps_1sp_bb.json,ap
1687244980.527973000,5,rover_ap_4x4_n1_1fps_1sp_bb.json,ap
1687244980.528239000,6,rover_ap_4x4_n1_1fps_1sp_bb.json,ap
1687244980.528505000,7,rover_ap_4x4_n1_1fps_1sp_bb.json,ap
1687244980.528917000,8,rover_ap_4x4_n1_1fps_1sp_bb.json,ap
1687244980.529295000,9,rover_ap_4x4_n1_1fps_1sp_bb.json,ap
1687244980.529573000,10,rover_ap_4x4_n1_1fps_1sp_bb.json,ap
1687244980.529876000,11,rover_ap_4x4_n1_1fps_1sp_bb.json,ap
1687244980.530159000,12,rover_ap_4x4_n1_1fps_1sp_bb.json,ap
1687244980.530436000,13,rover_ap_4x4_n1_1fps_1sp_bb.json,ap
1687244980.530712000,14,rover_ap_4x4_n1_1fps_1sp_bb.json,ap
1687244980.530995000,15,rover_ap_4x4_n1_1fps_1sp_bb.json,ap
1687244981.549365000,0,rover_ap_4x4_n1_1fps_1sp_bb.json,ap
1687244981.549637000,1,rover_ap_4x4_n1_1fps_1sp_bb.json,ap
1687244981.549895000,2,rover_ap_4x4_n1_1fps_1sp_bb.json,ap
1687244981.550154000,3,rover_ap_4x4_n1_1fps_1sp_bb.json,ap
1687244981.550483000,4,rover_ap_4x4_n1_1fps_1sp_bb.json,ap
1687244981.550760000,5,rover_ap_4x4_n1_1fps_1sp_bb.json,ap
1687244981.551024000,6,rover_ap_4x4_n1_1fps_1sp_bb.json,ap
1687244981.551414000,7,rover_ap_4x4_n1_1fps_1sp_bb.json,ap
1687244981.551975000,8,rover_ap_4x4_n1_1fps_1sp_bb.json,ap
1687244981.552252000,9,rover_ap_4x4_n1_1fps_1sp_bb.json,ap
1687244981.552518000,10,rover_ap_4x4_n1_1fps_1sp_bb.json,ap
1687244981.552880000,11,rover_ap_4x4_n1_1fps_1sp_bb.json,ap
1687244981.553153000,12,rover_ap_4x4_n1_1fps_1sp_bb.json,ap
1687244981.553655000,13,rover_ap_4x4_n1_1fps_1sp_bb.json,ap
1687244982.574576000,0,rover_ap_4x4_n1_1fps_1sp_bb.json,ap
1687244982.574842000,1,rover_ap_4x4_n1_1fps_1sp_bb.json,ap
1687244982.575105000,2,rover_ap_4x4_n1_1fps_1sp_bb.json,ap
1687244982.575463000,3,rover_ap_4x4_n1_1fps_1sp_bb.json,ap
1687244982.575807000,4,rover_ap_4x4_n1_1fps_1sp_bb.json,ap
1687244982.576138000,5,rover_ap_4x4_n1_1fps_1sp_bb.json,ap
1687244982.576875000,6,rover_ap_4x4_n1_1fps_1sp_bb.json,ap
1687244982.577186000,7,rover_ap_4x4_n1_1fps_1sp_bb.json,ap
1687244982.577532000,8,rover_ap_4x4_n1_1fps_1sp_bb.json,ap
1687244982.577822000,9,rover_ap_4x4_n1_1fps_1sp_bb.json,ap
1687244982.578241000,10,rover_ap_4x4_n1_1fps_1sp_bb.json,ap
1687244983.602330000,0,rover_ap_4x4_n1_1fps_1sp_bb.json,ap
1687244983.602611000,1,rover_ap_4x4_n1_1fps_1sp_bb.json,ap
1687244983.602873000,2,rover_ap_4x4_n1_1fps_1sp_bb.json,ap
1687244983.603143000,3,rover_ap_4x4_n1_1fps_1sp_bb.json,ap
1687244983.603405000,4,rover_ap_4x4_n1_1fps_1sp_bb.json,ap
1687244983.603660000,5,rover_ap_4x4_n1_1fps_1sp_bb.json,ap
1687244983.603929000,6,rover_ap_4x4_n1_1fps_1sp_bb.json,ap
1687244983.604330000,7,rover_ap_4x4_n1_1fps_1sp_bb.json,ap
1687244983.604618000,8,rover_ap_4x4_n1_1fps_1sp_bb.json,ap
1687244983.604887000,9,rover_ap_4x4_n1_1fps_1sp_bb.json,ap
1687244983.605327000,10,rover_ap_4x4_n1_1fps_1sp_bb.json,ap
1687244983.605607000,11,rover_ap_4x4_n1_1fps_1sp_bb.json,ap
1687244983.606008000,12,rover_ap_4x4_n1_1fps_1sp_bb.json,ap
1687244984.632037000,0,rover_ap_4x4_n1_1fps_1sp_bb.json,ap
1687244984.632311000,1,rover_ap_4x4_n1_1fps_1sp_bb.json,ap
1687244984.632575000,2,rover_ap_4x4_n1_1fps_1sp_bb.json,ap
1687244984.632836000,3,rover_ap_4x4_n1_1fps_1sp_bb.json,ap
1687244984.633094000,4,rover_ap_4x4_n1_1fps_1sp_bb.json,ap
1687244984.633353000,5,rover_ap_4x4_n1_1fps_1sp_bb.json,ap
1687244984.633609000,6,rover_ap_4x4_n1_1fps_1sp_bb.json,ap
1687244984.634225000,7,rover_ap_4x4_n1_1fps_1sp_bb.json,ap
1687244984.634532000,8,rover_ap_4x4_n1_1fps_1sp_bb.json,ap
1687244984.635290000,9,rover_ap_4x4_n1_1fps_1sp_bb.json,ap
1687244984.635581000,10,rover_ap_4x4_n1_1fps_1sp_bb.json,ap
1687244984.635994000,11,rover_ap_4x4_n1_1fps_1sp_bb.json,ap
1687244984.636265000,12,rover_ap_4x4_n1_1fps_1sp_bb.json,ap
1687244984.636541000,13,rover_ap_4x4_n1_1fps_1sp_bb.json,ap
1687244985.660835000,0,rover_ap_4x4_n1_1fps_1sp_bb.json,ap
1687244985.661118000,1,rover_ap_4x4_n1_1fps_1sp_bb.json,ap
1687244985.661381000,2,rover_ap_4x4_n1_1fps_1sp_bb.json,ap
1687244985.661686000,3,rover_ap_4x4_n1_1fps_1sp_bb.json,ap
1687244985.661962000,4,rover_ap_4x4_n1_1fps_1sp_bb.json,ap
1687244985.662275000,5,rover_ap_4x4_n1_1fps_1sp_bb.json,ap
1687244985.662544000,6,rover_ap_4x4_n1_1fps_1sp_bb.json,ap
1687244985.663092000,7,rover_ap_4x4_n1_1fps_1sp_bb.json,ap
1687244985.663409000,8,rover_ap_4x4_n1_1fps_1sp_bb.json,ap
1687244985.663805000,9,rover_ap_4x4_n1_1fps_1sp_bb.json,ap
1687244986.683974000,0,rover_ap_4x4_n1_1fps_1sp_bb.json,ap
1687244986.684259000,1,rover_ap_4x4_n1_1fps_1sp_bb.json,ap
1687244986.684539000,2,rover_ap_4x4_n1_1fps_1sp_bb.json,ap
1687244986.684822000,3,rover_ap_4x4_n1_1fps_1sp_bb.json,ap
1687244986.685093000,4,rover_ap_4x4_n1_1fps_1sp_bb.json,ap
1687244986.685364000,5,rover_ap_4x4_n1_1fps_1sp_bb.json,ap
1687244986.685646000,6,rover_ap_4x4_n1_1fps_1sp_bb.json,ap
1687244986.686323000,7,rover_ap_4x4_n1_1fps_1sp_bb.json,ap
1687244986.686641000,8,rover_ap_4x4_n1_1fps_1sp_bb.json,ap
1687244986.686952000,9,rover_ap_4x4_n1_1fps_1sp_bb.json,ap
1687244986.687246000,10,rover_ap_4x4_n1_1fps_1sp_bb.json,ap
1687244986.688088000,11,rover_ap_4x4_n1_1fps_1sp_bb.json,ap
1687244986.688394000,12,rover_ap_4x4_n1_1fps_1sp_bb.json,ap
1687244986.688687000,13,rover_ap_4x4_n1_1fps_1sp_bb.json,ap
1687244987.708317000,0,rover_ap_4x4_n1_1fps_1sp_bb.json,ap
1687244987.708791000,1,rover_ap_4x4_n1_1fps_1sp_bb.json,ap
1687244987.709162000,2,rover_ap_4x4_n1_1fps_1sp_bb.json,ap
1687244987.709549000,3,rover_ap_4x4_n1_1fps_1sp_bb.json,ap
1687244987.709942000,4,rover_ap_4x4_n1_1fps_1sp_bb.json,ap
1687244987.710289000,5,rover_ap_4x4_n1_1fps_1sp_bb.json,ap
1687244987.710638000,6,rover_ap_4x4_n1_1fps_1sp_bb.json,ap
1687244987.710977000,7,rover_ap_4x4_n1_1fps_1sp_bb.json,ap
1687244988.732202000,0,rover_ap_4x4_n1_1fps_1sp_bb.json,ap
1687244988.733001000,1,rover_ap_4x4_n1_1fps_1sp_bb.json,ap
1687244988.733283000,2,rover_ap_4x4_n1_1fps_1sp_bb.json,ap
1687244988.733576000,3,rover_ap_4x4_n1_1fps_1sp_bb.json,ap
1687244988.733854000,4,rover_ap_4x4_n1_1fps_1sp_bb.json,ap
1687244988.734140000,5,rover_ap_4x4_n1_1fps_1sp_bb.json,ap
1687244988.734421000,6,rover_ap_4x4_n1_1fps_1sp_bb.json,ap
1687244988.734704000,7,rover_ap_4x4_n1_1fps_1sp_bb.json,ap
1687244988.734978000,8,rover_ap_4x4_n1_1fps_1sp_bb.json,ap
1687244988.735249000,9,rover_ap_4x4_n1_1fps_1sp_bb.json,ap
1687244988.735530000,10,rover_ap_4x4_n1_1fps_1sp_bb.json,ap
1687244989.759123000,0,rover_ap_4x4_n1_1fps_1sp_bb.json,ap
1687244989.759407000,1,rover_ap_4x4_n1_1fps_1sp_bb.json,ap
1687244989.759688000,2,rover_ap_4x4_n1_1fps_1sp_bb.json,ap
1687244989.759951000,3,rover_ap_4x4_n1_1fps_1sp_bb.json,ap
1687244989.760220000,4,rover_ap_4x4_n1_1fps_1sp_bb.json,ap
1687244989.760500000,5,rover_ap_4x4_n1_1fps_1sp_bb.json,ap
1687244989.760783000,6,rover_ap_4x4_n1_1fps_1sp_bb.json,ap
1687244989.761091000,7,rover_ap_4x4_n1_1fps_1sp_bb.json,ap
1687244989.761514000,8,rover_ap_4x4_n1_1fps_1sp_bb.json,ap
1687244989.761793000,9,rover_ap_4x4_n1_1fps_1sp_bb.json,ap
1687244989.762065000,10,rover_ap_4x4_n1_1fps_1sp_bb.json,ap
1687244990.778633000,0,rover_ap_4x4_n1_1fps_1sp_bb.json,ap
1687244990.778909000,1,rover_ap_4x4_n1_1fps_1sp_bb.json,ap
1687244990.779188000,2,rover_ap_4x4_n1_1fps_1sp_bb.json,ap
1687244990.779455000,3,rover_ap_4x4_n1_1fps_1sp_bb.json,ap
1687244990.779730000,4,rover_ap_4x4_n1_1fps_1sp_bb.json,ap
1687244990.780002000,5,rover_ap_4x4_n1_1fps_1sp_bb.json,ap
1687244990.780272000,6,rover_ap_4x4_n1_1fps_1sp_bb.json,ap
1687244990.780541000,7,rover_ap_4x4_n1_1fps_1sp_bb.json,ap
1687244991.799267000,0,rover_ap_4x4_n1_1fps_1sp_bb.json,ap
1687244991.799557000,1,rover_ap_4x4_n1_1fps_1sp_bb.json,ap
1687244991.799851000,2,rover_ap_4x4_n1_1fps_1sp_bb.json,ap
1687244991.800130000,3,rover_ap_4x4_n1_1fps_1sp_bb.json,ap
1687244991.800407000,4,rover_ap_4x4_n1_1fps_1sp_bb.json,ap
1687244991.800684000,5,rover_ap_4x4_n1_1fps_1sp_bb.json,ap
1687244991.800956000,6,rover_ap_4x4_n1_1fps_1sp_bb.json,ap
1687244991.801230000,7,rover_ap_4x4_n1_1fps_1sp_bb.json,ap
1687244991.801500000,8,rover_ap_4x4_n1_1fps_1sp_bb.json,ap
1687244991.802293000,9,rover_ap_4x4_n1_1fps_1sp_bb.json,ap
1687244992.824590000,0,rover_ap_4x4_n1_1fps_1sp_bb.json,ap
1687244992.824867000,1,rover_ap_4x4_n1_1fps_1sp_bb.json,ap
1687244992.825124000,2,rover_ap_4x4_n1_1fps_1sp_bb.json,ap
1687244992.825392000,3,rover_ap_4x4_n1_1fps_1sp_bb.json,ap
1687244992.825659000,4,rover_ap_4x4_n1_1fps_1sp_bb.json,ap
1687244992.826067000,5,rover_ap_4x4_n1_1fps_1sp_bb.json,ap
1687244992.826340000,6,rover_ap_4x4_n1_1fps_1sp_bb.json,ap
1687244992.826736000,7,rover_ap_4x4_n1_1fps_1sp_bb.json,ap
1687244992.827026000,8,rover_ap_4x4_n1_1fps_1sp_bb.json,ap
1687244992.827602000,9,rover_ap_4x4_n1_1fps_1sp_bb.json,ap
1687244992.827908000,10,rover_ap_4x4_n1_1fps_1sp_bb.json,ap
1687244992.828184000,11,rover_ap_4x4_n1_1fps_1sp_bb.json,ap
1687244992.828445000,12,rover_ap_4x4_n1_1fps_1sp_bb.json,ap
1687244993.847057000,0,rover_ap_4x4_n1_1fps_1sp_bb.json,ap
1687244993.847328000,1,rover_ap_4x4_n1_1fps_1sp_bb.json,ap
1687244993.847599000,2,rover_ap_4x4_n1_1fps_1sp_bb.json,ap
1687244993.847853000,3,rover_ap_4x4_n1_1fps_1sp_bb.json,ap
1687244993.848118000,4,rover_ap_4x4_n1_1fps_1sp_bb.json,ap
1687244993.848368000,5,rover_ap_4x4_n1_1fps_1sp_bb.json,ap
1687244993.848640000,6,rover_ap_4x4_n1_1fps_1sp_bb.json,ap
1687244993.849278000,7,rover_ap_4x4_n1_1fps_1sp_bb.json,ap
1687244993.849607000,8,rover_ap_4x4_n1_1fps_1sp_bb.json,ap
1687244993.849896000,9,rover_ap_4x4_n1_1fps_1sp_bb.json,ap
1687244993.850169000,10,rover_ap_4x4_n1_1fps_1sp_bb.json,ap
1687244994.867644000,0,rover_ap_4x4_n1_1fps_1sp_bb.json,ap
1687244994.867928000,1,rover_ap_4x4_n1_1fps_1sp_bb.json,ap
1687244994.868202000,2,rover_ap_4x4_n1_1fps_1sp_bb.json,ap
1687244994.868478000,3,rover_ap_4x4_n1_1fps_1sp_bb.json,ap
1687244994.868745000,4,rover_ap_4x4_n1_1fps_1sp_bb.json,ap
1687244994.869010000,5,rover_ap_4x4_n1_1fps_1sp_bb.json,ap
1687244994.869274000,6,rover_ap_4x4_n1_1fps_1sp_bb.json,ap
1687244994.869535000,7,rover_ap_4x4_n1_1fps_1sp_bb.json,ap
1687244995.893151000,0,rover_ap_4x4_n1_1fps_1sp_bb.json,ap
1687244995.893437000,1,rover_ap_4x4_n1_1fps_1sp_bb.json,ap
1687244995.893722000,2,rover_ap_4x4_n1_1fps_1sp_bb.json,ap
1687244995.893989000,3,rover_ap_4x4_n1_1fps_1sp_bb.json,ap
1687244995.894257000,4,rover_ap_4x4_n1_1fps_1sp_bb.json,ap
1687244995.894608000,5,rover_ap_4x4_n1_1fps_1sp_bb.json,ap
1687244995.894914000,6,rover_ap_4x4_n1_1fps_1sp_bb.json,ap
1687244995.895481000,7,rover_ap_4x4_n1_1fps_1sp_bb.json,ap
1687244995.895929000,8,rover_ap_4x4_n1_1fps_1sp_bb.json,ap
1687244995.896379000,9,rover_ap_4x4_n1_1fps_1sp_bb.json,ap
1687244995.896654000,10,rover_ap_4x4_n1_1fps_1sp_bb.json,ap
1687244995.896921000,11,rover_ap_4x4_n1_1fps_1sp_bb.json,ap
1687244995.897280000,12,rover_ap_4x4_n1_1fps_1sp_bb.json,ap
1687244995.897714000,13,rover_ap_4x4_n1_1fps_1sp_bb.json,ap
1687244996.919709000,0,rover_ap_4x4_n1_1fps_1sp_bb.json,ap
1687244996.920001000,1,rover_ap_4x4_n1_1fps_1sp_bb.json,ap
1687244996.920272000,2,rover_ap_4x4_n1_1fps_1sp_bb.json,ap
1687244996.920544000,3,rover_ap_4x4_n1_1fps_1sp_bb.json,ap
1687244996.920816000,4,rover_ap_4x4_n1_1fps_1sp_bb.json,ap
1687244996.921081000,5,rover_ap_4x4_n1_1fps_1sp_bb.json,ap
1687244996.921352000,6,rover_ap_4x4_n1_1fps_1sp_bb.json,ap
1687244996.922317000,7,rover_ap_4x4_n1_1fps_1sp_bb.json,ap
1687244996.922656000,8,rover_ap_4x4_n1_1fps_1sp_bb.json,ap
1687244996.922958000,9,rover_ap_4x4_n1_1fps_1sp_bb.json,ap
1687244996.923261000,10,rover_ap_4x4_n1_1fps_1sp_bb.json,ap
1687244996.923711000,11,rover_ap_4x4_n1_1fps_1sp_bb.json,ap
1687244996.924006000,12,rover_ap_4x4_n1_1fps_1sp_bb.json,ap
1687244997.946889000,0,rover_ap_4x4_n1_1fps_1sp_bb.json,ap
1687244997.947169000,1,rover_ap_4x4_n1_1fps_1sp_bb.json,ap
1687244997.947448000,2,rover_ap_4x4_n1_1fps_1sp_bb.json,ap
1687244997.947725000,3,rover_ap_4x4_n1_1fps_1sp_bb.json,ap
1687244997.948003000,4,rover_ap_4x4_n1_1fps_1sp_bb.json,ap
1687244997.948272000,5,rover_ap_4x4_n1_1fps_1sp_bb.json,ap
1687244997.948546000,6,rover_ap_4x4_n1_1fps_1sp_bb.json,ap
1687244997.949408000,7,rover_ap_4x4_n1_1fps_1sp_bb.json,ap
1687244997.949896000,8,rover_ap_4x4_n1_1fps_1sp_bb.json,ap
1687244997.950280000,9,rover_ap_4x4_n1_1fps_1sp_bb.json,ap
1687244998.971581000,0,rover_ap_4x4_n1_1fps_1sp_bb.json,ap
1687244998.971879000,1,rover_ap_4x4_n1_1fps_1sp_bb.json,ap
1687244998.972166000,2,rover_ap_4x4_n1_1fps_1sp_bb.json,ap
1687244998.972445000,3,rover_ap_4x4_n1_1fps_1sp_bb.json,ap
1687244998.972720000,4,rover_ap_4x4_n1_1fps_1sp_bb.json,ap
1687244998.973002000,5,rover_ap_4x4_n1_1fps_1sp_bb.json,ap
1687244998.973278000,6,rover_ap_4x4_n1_1fps_1sp_bb.json,ap
1687244998.973837000,7,rover_ap_4x4_n1_1fps_1sp_bb.json,ap
1687244998.974127000,8,rover_ap_4x4_n1_1fps_1sp_bb.json,ap
1687244998.974408000,9,rover_ap_4x4_n1_1fps_1sp_bb.json,ap
1687244998.976012000,10,rover_ap_4x4_n1_1fps_1sp_bb.json,ap
1687244998.976340000,11,rover_ap_4x4_n1_1fps_1sp_bb.json,ap
1687244998.976615000,12,rover_ap_4x4_n1_1fps_1sp_bb.json,ap
1687244998.978056000,13,rover_ap_4x4_n1_1fps_1sp_bb.json,ap
1687244999.998866000,0,rover_ap_4x4_n1_1fps_1sp_bb.json,ap
1687244999.999153000,1,rover_ap_4x4_n1_1fps_1sp_bb.json,ap
1687244999.999439000,2,rover_ap_4x4_n1_1fps_1sp_bb.json,ap
1687244999.999707000,3,rover_ap_4x4_n1_1fps_1sp_bb.json,ap
1687245000.000040000,4,rover_ap_4x4_n1_1fps_1sp_bb.json,ap
1687245000.000431000,5,rover_ap_4x4_n1_1fps_1sp_bb.json,ap
1687245000.000699000,6,rover_ap_4x4_n1_1fps_1sp_bb.json,ap
1687245000.000968000,7,rover_ap_4x4_n1_1fps_1sp_bb.json,ap
1687245001.020246000,0,rover_ap_4x4_n1_1fps_1sp_bb.json,ap
1687245001.020541000,1,rover_ap_4x4_n1_1fps_1sp_bb.json,ap
1687245001.020841000,2,rover_ap_4x4_n1_1fps_1sp_bb.json,ap
1687245001.021154000,3,rover_ap_4x4_n1_1fps_1sp_bb.json,ap
1687245001.021468000,4,rover_ap_4x4_n1_1fps_1sp_bb.json,ap
1687245001.021849000,5,rover_ap_4x4_n1_1fps_1sp_bb.json,ap
1687245001.022157000,6,rover_ap_4x4_n1_1fps_1sp_bb.json,ap
1687245001.022612000,7,rover_ap_4x4_n1_1fps_1sp_bb.json,ap
1687245001.023022000,8,rover_ap_4x4_n1_1fps_1sp_bb.json,ap
1687245001.023321000,9,rover_ap_4x4_n1_1fps_1sp_bb.json,ap
1687245001.023714000,10,rover_ap_4x4_n1_1fps_1sp_bb.json,ap
1687245002.043726000,0,rover_ap_4x4_n1_1fps_1sp_bb.json,ap
1687245002.043989000,1,rover_ap_4x4_n1_1fps_1sp_bb.json,ap
1687245002.044254000,2,rover_ap_4x4_n1_1fps_1sp_bb.json,ap
1687245002.044512000,3,rover_ap_4x4_n1_1fps_1sp_bb.json,ap
1687245002.044777000,4,rover_ap_4x4_n1_1fps_1sp_bb.json,ap
1687245002.045042000,5,rover_ap_4x4_n1_1fps_1sp_bb.json,ap
1687245002.045301000,6,rover_ap_4x4_n1_1fps_1sp_bb.json,ap
1687245002.045582000,7,rover_ap_4x4_n1_1fps_1sp_bb.json,ap
1687245002.046088000,8,rover_ap_4x4_n1_1fps_1sp_bb.json,ap
1687245003.064792000,0,rover_ap_4x4_n1_1fps_1sp_bb.json,ap
1687245003.065063000,1,rover_ap_4x4_n1_1fps_1sp_bb.json,ap
1687245003.065333000,2,rover_ap_4x4_n1_1fps_1sp_bb.json,ap
1687245003.065601000,3,rover_ap_4x4_n1_1fps_1sp_bb.json,ap
1687245003.065998000,4,rover_ap_4x4_n1_1fps_1sp_bb.json,ap
1687245003.066268000,5,rover_ap_4x4_n1_1fps_1sp_bb.json,ap
1687245003.066543000,6,rover_ap_4x4_n1_1fps_1sp_bb.json,ap
1687245003.066818000,7,rover_ap_4x4_n1_1fps_1sp_bb.json,ap
1687245003.067317000,8,rover_ap_4x4_n1_1fps_1sp_bb.json,ap
1687245003.068058000,9,rover_ap_4x4_n1_1fps_1sp_bb.json,ap
1687245003.068552000,10,rover_ap_4x4_n1_1fps_1sp_bb.json,ap
1687245004.096919000,0,rover_ap_4x4_n1_1fps_1sp_bb.json,ap
1687245004.097256000,1,rover_ap_4x4_n1_1fps_1sp_bb.json,ap
1687245004.097542000,2,rover_ap_4x4_n1_1fps_1sp_bb.json,ap
1687245004.097849000,3,rover_ap_4x4_n1_1fps_1sp_bb.json,ap
1687245004.098145000,4,rover_ap_4x4_n1_1fps_1sp_bb.json,ap
1687245004.098500000,5,rover_ap_4x4_n1_1fps_1sp_bb.json,ap
1687245004.098808000,6,rover_ap_4x4_n1_1fps_1sp_bb.json,ap
1687245004.099260000,7,rover_ap_4x4_n1_1fps_1sp_bb.json,ap
1687245004.099611000,8,rover_ap_4x4_n1_1fps_1sp_bb.json,ap
1687245004.100019000,9,rover_ap_4x4_n1_1fps_1sp_bb.json,ap
1687245004.100324000,10,rover_ap_4x4_n1_1fps_1sp_bb.json,ap
1687245005.122445000,0,rover_ap_4x4_n1_1fps_1sp_bb.json,ap
1687245005.122718000,1,rover_ap_4x4_n1_1fps_1sp_bb.json,ap
1687245005.122986000,2,rover_ap_4x4_n1_1fps_1sp_bb.json,ap
1687245005.123257000,3,rover_ap_4x4_n1_1fps_1sp_bb.json,ap
1687245005.123519000,4,rover_ap_4x4_n1_1fps_1sp_bb.json,ap
1687245005.123771000,5,rover_ap_4x4_n1_1fps_1sp_bb.json,ap
1687245005.124041000,6,rover_ap_4x4_n1_1fps_1sp_bb.json,ap
1687245005.124579000,7,rover_ap_4x4_n1_1fps_1sp_bb.json,ap
1687245005.124890000,8,rover_ap_4x4_n1_1fps_1sp_bb.json,ap
1687245005.125173000,9,rover_ap_4x4_n1_1fps_1sp_bb.json,ap
1687245005.125435000,10,rover_ap_4x4_n1_1fps_1sp_bb.json,ap
1687245006.146014000,0,rover_ap_4x4_n1_1fps_1sp_bb.json,ap
1687245006.146360000,1,rover_ap_4x4_n1_1fps_1sp_bb.json,ap
1687245006.146663000,2,rover_ap_4x4_n1_1fps_1sp_bb.json,ap
1687245006.146963000,3,rover_ap_4x4_n1_1fps_1sp_bb.json,ap
1687245006.147259000,4,rover_ap_4x4_n1_1fps_1sp_bb.json,ap
1687245006.147626000,5,rover_ap_4x4_n1_1fps_1sp_bb.json,ap
1687245006.147963000,6,rover_ap_4x4_n1_1fps_1sp_bb.json,ap
1687245006.148398000,7,rover_ap_4x4_n1_1fps_1sp_bb.json,ap
1687245006.148785000,8,rover_ap_4x4_n1_1fps_1sp_bb.json,ap
1687245006.149225000,9,rover_ap_4x4_n1_1fps_1sp_bb.json,ap
1687245006.149531000,10,rover_ap_4x4_n1_1fps_1sp_bb.json,ap
1687245007.170246000,0,rover_ap_4x4_n1_1fps_1sp_bb.json,ap
1687245007.170525000,1,rover_ap_4x4_n1_1fps_1sp_bb.json,ap
1687245007.170804000,2,rover_ap_4x4_n1_1fps_1sp_bb.json,ap
1687245007.171082000,3,rover_ap_4x4_n1_1fps_1sp_bb.json,ap
1687245007.171346000,4,rover_ap_4x4_n1_1fps_1sp_bb.json,ap
1687245007.171612000,5,rover_ap_4x4_n1_1fps_1sp_bb.json,ap
1687245007.171881000,6,rover_ap_4x4_n1_1fps_1sp_bb.json,ap
1687245007.173060000,7,rover_ap_4x4_n1_1fps_1sp_bb.json,ap
1687245007.173463000,8,rover_ap_4x4_n1_1fps_1sp_bb.json,ap
1687245007.173737000,9,rover_ap_4x4_n1_1fps_1sp_bb.json,ap
1687245007.174009000,10,rover_ap_4x4_n1_1fps_1sp_bb.json,ap
1687245008.193215000,0,rover_ap_4x4_n1_1fps_1sp_bb.json,ap
1687245008.193664000,1,rover_ap_4x4_n1_1fps_1sp_bb.json,ap
1687245008.194049000,2,rover_ap_4x4_n1_1fps_1sp_bb.json,ap
1687245008.194357000,3,rover_ap_4x4_n1_1fps_1sp_bb.json,ap
1687245008.194668000,4,rover_ap_4x4_n1_1fps_1sp_bb.json,ap
1687245008.195095000,5,rover_ap_4x4_n1_1fps_1sp_bb.json,ap
1687245008.195405000,6,rover_ap_4x4_n1_1fps_1sp_bb.json,ap
1687245008.195960000,7,rover_ap_4x4_n1_1fps_1sp_bb.json,ap
1687245008.196300000,8,rover_ap_4x4_n1_1fps_1sp_bb.json,ap
1687245008.196617000,9,rover_ap_4x4_n1_1fps_1sp_bb.json,ap
1687245009.221034000,0,rover_ap_4x4_n1_1fps_1sp_bb.json,ap
1687245009.221339000,1,rover_ap_4x4_n1_1fps_1sp_bb.json,ap
1687245009.221651000,2,rover_ap_4x4_n1_1fps_1sp_bb.json,ap
1687245009.221982000,3,rover_ap_4x4_n1_1fps_1sp_bb.json,ap
1687245009.222311000,4,rover_ap_4x4_n1_1fps_1sp_bb.json,ap
1687245009.222622000,5,rover_ap_4x4_n1_1fps_1sp_bb.json,ap
1687245009.222940000,6,rover_ap_4x4_n1_1fps_1sp_bb.json,ap
1687245010.246009000,0,rover_ap_4x4_n1_1fps_1sp_bb.json,ap
1687245010.246298000,1,rover_ap_4x4_n1_1fps_1sp_bb.json,ap
1687245010.246563000,2,rover_ap_4x4_n1_1fps_1sp_bb.json,ap
1687245010.246827000,3,rover_ap_4x4_n1_1fps_1sp_bb.json,ap
1687245010.247083000,4,rover_ap_4x4_n1_1fps_1sp_bb.json,ap
1687245010.247347000,5,rover_ap_4x4_n1_1fps_1sp_bb.json,ap
1687245010.247617000,6,rover_ap_4x4_n1_1fps_1sp_bb.json,ap
1687245010.247887000,7,rover_ap_4x4_n1_1fps_1sp_bb.json,ap
1687245010.248300000,8,rover_ap_4x4_n1_1fps_1sp_bb.json,ap
1687245010.248867000,9,rover_ap_4x4_n1_1fps_1sp_bb.json,ap
1687245010.249154000,10,rover_ap_4x4_n1_1fps_1sp_bb.json,ap
1687245010.249428000,11,rover_ap_4x4_n1_1fps_1sp_bb.json,ap
1687245010.249685000,12,rover_ap_4x4_n1_1fps_1sp_bb.json,ap
1687245010.249961000,13,rover_ap_4x4_n1_1fps_1sp_bb.json,ap
1687245010.250832000,14,rover_ap_4x4_n1_1fps_1sp_bb.json,ap
1687245011.269813000,0,rover_ap_4x4_n1_1fps_1sp_bb.json,ap
1687245011.270080000,1,rover_ap_4x4_n1_1fps_1sp_bb.json,ap
1687245011.270351000,2,rover_ap_4x4_n1_1fps_1sp_bb.json,ap
1687245011.270607000,3,rover_ap_4x4_n1_1fps_1sp_bb.json,ap
1687245011.270872000,4,rover_ap_4x4_n1_1fps_1sp_bb.json,ap
1687245011.271122000,5,rover_ap_4x4_n1_1fps_1sp_bb.json,ap
1687245011.271405000,6,rover_ap_4x4_n1_1fps_1sp_bb.json,ap
1687245011.272263000,7,rover_ap_4x4_n1_1fps_1sp_bb.json,ap
1687245011.272559000,8,rover_ap_4x4_n1_1fps_1sp_bb.json,ap
1687245011.272830000,9,rover_ap_4x4_n1_1fps_1sp_bb.json,ap
1687245011.273100000,10,rover_ap_4x4_n1_1fps_1sp_bb.json,ap
1687245011.273691000,11,rover_ap_4x4_n1_1fps_1sp_bb.json,ap
1687245012.292701000,0,rover_ap_4x4_n1_1fps_1sp_bb.json,ap
1687245012.292966000,1,rover_ap_4x4_n1_1fps_1sp_bb.json,ap
1687245012.293225000,2,rover_ap_4x4_n1_1fps_1sp_bb.json,ap
1687245012.293495000,3,rover_ap_4x4_n1_1fps_1sp_bb.json,ap
1687245012.293754000,4,rover_ap_4x4_n1_1fps_1sp_bb.json,ap
1687245012.294017000,5,rover_ap_4x4_n1_1fps_1sp_bb.json,ap
1687245012.294290000,6,rover_ap_4x4_n1_1fps_1sp_bb.json,ap
1687245012.294562000,7,rover_ap_4x4_n1_1fps_1sp_bb.json,ap
1687245012.294977000,8,rover_ap_4x4_n1_1fps_1sp_bb.json,ap
1687245012.296120000,9,rover_ap_4x4_n1_1fps_1sp_bb.json,ap
1687245013.314538000,0,rover_ap_4x4_n1_1fps_1sp_bb.json,ap
1687245013.315390000,1,rover_ap_4x4_n1_1fps_1sp_bb.json,ap
1687245013.315670000,2,rover_ap_4x4_n1_1fps_1sp_bb.json,ap
1687245013.316056000,3,rover_ap_4x4_n1_1fps_1sp_bb.json,ap
1687245013.316350000,4,rover_ap_4x4_n1_1fps_1sp_bb.json,ap
1687245013.316625000,5,rover_ap_4x4_n1_1fps_1sp_bb.json,ap
1687245013.316897000,6,rover_ap_4x4_n1_1fps_1sp_bb.json,ap
1687245013.317176000,7,rover_ap_4x4_n1_1fps_1sp_bb.json,ap
1687245013.317452000,8,rover_ap_4x4_n1_1fps_1sp_bb.json,ap
1687245013.317719000,9,rover_ap_4x4_n1_1fps_1sp_bb.json,ap
1687245013.317996000,10,rover_ap_4x4_n1_1fps_1sp_bb.json,ap
1687245013.318274000,11,rover_ap_4x4_n1_1fps_1sp_bb.json,ap
1687245014.340580000,0,rover_ap_4x4_n1_1fps_1sp_bb.json,ap
1687245014.340866000,1,rover_ap_4x4_n1_1fps_1sp_bb.json,ap
1687245014.341140000,2,rover_ap_4x4_n1_1fps_1sp_bb.json,ap
1687245014.341410000,3,rover_ap_4x4_n1_1fps_1sp_bb.json,ap
1687245014.341684000,4,rover_ap_4x4_n1_1fps_1sp_bb.json,ap
1687245014.341966000,5,rover_ap_4x4_n1_1fps_1sp_bb.json,ap
1687245014.342268000,6,rover_ap_4x4_n1_1fps_1sp_bb.json,ap
1687245015.365494000,0,rover_ap_4x4_n1_1fps_1sp_bb.json,ap
1687245015.365870000,1,rover_ap_4x4_n1_1fps_1sp_bb.json,ap
1687245015.366139000,2,rover_ap_4x4_n1_1fps_1sp_bb.json,ap
1687245015.366404000,3,rover_ap_4x4_n1_1fps_1sp_bb.json,ap
1687245015.366676000,4,rover_ap_4x4_n1_1fps_1sp_bb.json,ap
1687245015.367001000,5,rover_ap_4x4_n1_1fps_1sp_bb.json,ap
1687245015.367266000,6,rover_ap_4x4_n1_1fps_1sp_bb.json,ap
1687245015.367851000,7,rover_ap_4x4_n1_1fps_1sp_bb.json,ap
1687245015.368144000,8,rover_ap_4x4_n1_1fps_1sp_bb.json,ap
1687245015.368435000,9,rover_ap_4x4_n1_1fps_1sp_bb.json,ap
1687245015.369095000,10,rover_ap_4x4_n1_1fps_1sp_bb.json,ap
1687245016.388575000,0,rover_ap_4x4_n1_1fps_1sp_bb.json,ap
1687245016.388871000,1,rover_ap_4x4_n1_1fps_1sp_bb.json,ap
1687245016.389137000,2,rover_ap_4x4_n1_1fps_1sp_bb.json,ap
1687245016.389412000,3,rover_ap_4x4_n1_1fps_1sp_bb.json,ap
1687245016.389689000,4,rover_ap_4x4_n1_1fps_1sp_bb.json,ap
1687245016.389958000,5,rover_ap_4x4_n1_1fps_1sp_bb.json,ap
1687245016.390229000,6,rover_ap_4x4_n1_1fps_1sp_bb.json,ap
1687245017.410710000,0,rover_ap_4x4_n1_1fps_1sp_bb.json,ap
1687245017.410980000,1,rover_ap_4x4_n1_1fps_1sp_bb.json,ap
1687245017.411244000,2,rover_ap_4x4_n1_1fps_1sp_bb.json,ap
1687245017.411509000,3,rover_ap_4x4_n1_1fps_1sp_bb.json,ap
1687245017.411764000,4,rover_ap_4x4_n1_1fps_1sp_bb.json,ap
1687245017.412026000,5,rover_ap_4x4_n1_1fps_1sp_bb.json,ap
1687245017.412297000,6,rover_ap_4x4_n1_1fps_1sp_bb.json,ap
1687245017.412680000,7,rover_ap_4x4_n1_1fps_1sp_bb.json,ap
1687245017.413295000,8,rover_ap_4x4_n1_1fps_1sp_bb.json,ap
1687245017.413569000,9,rover_ap_4x4_n1_1fps_1sp_bb.json,ap
1687245017.413837000,10,rover_ap_4x4_n1_1fps_1sp_bb.json,ap
1687245017.414116000,11,rover_ap_4x4_n1_1fps_1sp_bb.json,ap
1687245017.414383000,12,rover_ap_4x4_n1_1fps_1sp_bb.json,ap
1687245017.414666000,13,rover_ap_4x4_n1_1fps_1sp_bb.json,ap
1687245017.415589000,14,rover_ap_4x4_n1_1fps_1sp_bb.json,ap
1687245018.438819000,0,rover_ap_4x4_n1_1fps_1sp_bb.json,ap
1687245018.439119000,1,rover_ap_4x4_n1_1fps_1sp_bb.json,ap
1687245018.439400000,2,rover_ap_4x4_n1_1fps_1sp_bb.json,ap
1687245018.439675000,3,rover_ap_4x4_n1_1fps_1sp_bb.json,ap
1687245018.439946000,4,rover_ap_4x4_n1_1fps_1sp_bb.json,ap
1687245018.440224000,5,rover_ap_4x4_n1_1fps_1sp_bb.json,ap
1687245018.440498000,6,rover_ap_4x4_n1_1fps_1sp_bb.json,ap
1687245018.440919000,7,rover_ap_4x4_n1_1fps_1sp_bb.json,ap
1687245018.441209000,8,rover_ap_4x4_n1_1fps_1sp_bb.json,ap
1687245018.441476000,9,rover_ap_4x4_n1_1fps_1sp_bb.json,ap
1687245018.441742000,10,rover_ap_4x4_n1_1fps_1sp_bb.json,ap
1687245019.468603000,0,rover_ap_4x4_n1_1fps_1sp_bb.json,ap
1687245019.468880000,1,rover_ap_4x4_n1_1fps_1sp_bb.json,ap
1687245019.469143000,2,rover_ap_4x4_n1_1fps_1sp_bb.json,ap
1687245019.469404000,3,rover_ap_4x4_n1_1fps_1sp_bb.json,ap
1687245019.469671000,4,rover_ap_4x4_n1_1fps_1sp_bb.json,ap
1687245019.469932000,5,rover_ap_4x4_n1_1fps_1sp_bb.json,ap
1687245019.470192000,6,rover_ap_4x4_n1_1fps_1sp_bb.json,ap
1687245019.471049000,7,rover_ap_4x4_n1_1fps_1sp_bb.json,ap
1687245019.471348000,8,rover_ap_4x4_n1_1fps_1sp_bb.json,ap
1687245019.471616000,9,rover_ap_4x4_n1_1fps_1sp_bb.json,ap
1687245019.471884000,10,rover_ap_4x4_n1_1fps_1sp_bb.json,ap
1687245019.472150000,11,rover_ap_4x4_n1_1fps_1sp_bb.json,ap
1687245019.472412000,12,rover_ap_4x4_n1_1fps_1sp_bb.json,ap
1687245019.472677000,13,rover_ap_4x4_n1_1fps_1sp_bb.json,ap
1687245019.472954000,14,rover_ap_4x4_n1_1fps_1sp_bb.json,ap
1687245019.473347000,15,rover_ap_4x4_n1_1fps_1sp_bb.json,ap
1687245019.473644000,16,rover_ap_4x4_n1_1fps_1sp_bb.json,ap
1687245019.473935000,17,rover_ap_4x4_n1_1fps_1sp_bb.json,ap
1687245019.474228000,18,rover_ap_4x4_n1_1fps_1sp_bb.json,ap
1687245020.494288000,0,rover_ap_4x4_n1_1fps_1sp_bb.json,ap
1687245020.494605000,1,rover_ap_4x4_n1_1fps_1sp_bb.json,ap
1687245020.494876000,2,rover_ap_4x4_n1_1fps_1sp_bb.json,ap
1687245020.495238000,3,rover_ap_4x4_n1_1fps_1sp_bb.json,ap
1687245020.495519000,4,rover_ap_4x4_n1_1fps_1sp_bb.json,ap
1687245020.495923000,5,rover_ap_4x4_n1_1fps_1sp_bb.json,ap
1687245020.496317000,6,rover_ap_4x4_n1_1fps_1sp_bb.json,ap
1687245020.497065000,7,rover_ap_4x4_n1_1fps_1sp_bb.json,ap
1687245020.497398000,8,rover_ap_4x4_n1_1fps_1sp_bb.json,ap
1687245020.497668000,9,rover_ap_4x4_n1_1fps_1sp_bb.json,ap
1687245020.498040000,10,rover_ap_4x4_n1_1fps_1sp_bb.json,ap
1687245020.498325000,11,rover_ap_4x4_n1_1fps_1sp_bb.json,ap
1687245020.498792000,12,rover_ap_4x4_n1_1fps_1sp_bb.json,ap
1687245021.520449000,0,rover_ap_4x4_n1_1fps_1sp_bb.json,ap
1687245021.520718000,1,rover_ap_4x4_n1_1fps_1sp_bb.json,ap
1687245021.520971000,2,rover_ap_4x4_n1_1fps_1sp_bb.json,ap
1687245021.521243000,3,rover_ap_4x4_n1_1fps_1sp_bb.json,ap
1687245021.521511000,4,rover_ap_4x4_n1_1fps_1sp_bb.json,ap
1687245021.521860000,5,rover_ap_4x4_n1_1fps_1sp_bb.json,ap
1687245021.522144000,6,rover_ap_4x4_n1_1fps_1sp_bb.json,ap
1687245021.522989000,7,rover_ap_4x4_n1_1fps_1sp_bb.json,ap
1687245021.523323000,8,rover_ap_4x4_n1_1fps_1sp_bb.json,ap
1687245021.523585000,9,rover_ap_4x4_n1_1fps_1sp_bb.json,ap
1687245021.524058000,10,rover_ap_4x4_n1_1fps_1sp_bb.json,ap
1687245022.543578000,0,rover_ap_4x4_n1_1fps_1sp_bb.json,ap
1687245022.543860000,1,rover_ap_4x4_n1_1fps_1sp_bb.json,ap
1687245022.544120000,2,rover_ap_4x4_n1_1fps_1sp_bb.json,ap
1687245022.544383000,3,rover_ap_4x4_n1_1fps_1sp_bb.json,ap
1687245022.544682000,4,rover_ap_4x4_n1_1fps_1sp_bb.json,ap
1687245022.544956000,5,rover_ap_4x4_n1_1fps_1sp_bb.json,ap
1687245022.545233000,6,rover_ap_4x4_n1_1fps_1sp_bb.json,ap
1687245022.545654000,7,rover_ap_4x4_n1_1fps_1sp_bb.json,ap
1687245022.546094000,8,rover_ap_4x4_n1_1fps_1sp_bb.json,ap
1687245022.546365000,9,rover_ap_4x4_n1_1fps_1sp_bb.json,ap
1687245022.546639000,10,rover_ap_4x4_n1_1fps_1sp_bb.json,ap
1687245022.546996000,11,rover_ap_4x4_n1_1fps_1sp_bb.json,ap
1687245022.547339000,12,rover_ap_4x4_n1_1fps_1sp_bb.json,ap
1687245022.547646000,13,rover_ap_4x4_n1_1fps_1sp_bb.json,ap
1687245023.570546000,0,rover_ap_4x4_n1_1fps_1sp_bb.json,ap
1687245023.570825000,1,rover_ap_4x4_n1_1fps_1sp_bb.json,ap
1687245023.571089000,2,rover_ap_4x4_n1_1fps_1sp_bb.json,ap
1687245023.571366000,3,rover_ap_4x4_n1_1fps_1sp_bb.json,ap
1687245023.571653000,4,rover_ap_4x4_n1_1fps_1sp_bb.json,ap
1687245023.571952000,5,rover_ap_4x4_n1_1fps_1sp_bb.json,ap
1687245023.572234000,6,rover_ap_4x4_n1_1fps_1sp_bb.json,ap
1687245023.575325000,7,rover_ap_4x4_n1_1fps_1sp_bb.json,ap
1687245023.575623000,8,rover_ap_4x4_n1_1fps_1sp_bb.json,ap
1687245023.576151000,9,rover_ap_4x4_n1_1fps_1sp_bb.json,ap
1687245024.600581000,0,rover_ap_4x4_n1_1fps_1sp_bb.json,ap
1687245024.600849000,1,rover_ap_4x4_n1_1fps_1sp_bb.json,ap
1687245024.601116000,2,rover_ap_4x4_n1_1fps_1sp_bb.json,ap
1687245024.601390000,3,rover_ap_4x4_n1_1fps_1sp_bb.json,ap
1687245024.601653000,4,rover_ap_4x4_n1_1fps_1sp_bb.json,ap
1687245024.601932000,5,rover_ap_4x4_n1_1fps_1sp_bb.json,ap
1687245024.602202000,6,rover_ap_4x4_n1_1fps_1sp_bb.json,ap
1687245024.602468000,7,rover_ap_4x4_n1_1fps_1sp_bb.json,ap
1687245024.602900000,8,rover_ap_4x4_n1_1fps_1sp_bb.json,ap
1687245024.603168000,9,rover_ap_4x4_n1_1fps_1sp_bb.json,ap
1687245024.603434000,10,rover_ap_4x4_n1_1fps_1sp_bb.json,ap
1687245024.603707000,11,rover_ap_4x4_n1_1fps_1sp_bb.json,ap
1687245025.626776000,0,rover_ap_4x4_n1_1fps_1sp_bb.json,ap
1687245025.627046000,1,rover_ap_4x4_n1_1fps_1sp_bb.json,ap
1687245025.627306000,2,rover_ap_4x4_n1_1fps_1sp_bb.json,ap
1687245025.627628000,3,rover_ap_4x4_n1_1fps_1sp_bb.json,ap
1687245025.627896000,4,rover_ap_4x4_n1_1fps_1sp_bb.json,ap
1687245025.628265000,5,rover_ap_4x4_n1_1fps_1sp_bb.json,ap
1687245025.628520000,6,rover_ap_4x4_n1_1fps_1sp_bb.json,ap
1687245025.628901000,7,rover_ap_4x4_n1_1fps_1sp_bb.json,ap
1687245025.629364000,8,rover_ap_4x4_n1_1fps_1sp_bb.json,ap
1687245025.629871000,9,rover_ap_4x4_n1_1fps_1sp_bb.json,ap
1687245026.655196000,0,rover_ap_4x4_n1_1fps_1sp_bb.json,ap
1687245026.655463000,1,rover_ap_4x4_n1_1fps_1sp_bb.json,ap
1687245026.655840000,2,rover_ap_4x4_n1_1fps_1sp_bb.json,ap
1687245026.656154000,3,rover_ap_4x4_n1_1fps_1sp_bb.json,ap
1687245026.656422000,4,rover_ap_4x4_n1_1fps_1sp_bb.json,ap
1687245026.656774000,5,rover_ap_4x4_n1_1fps_1sp_bb.json,ap
1687245026.657050000,6,rover_ap_4x4_n1_1fps_1sp_bb.json,ap
1687245026.657409000,7,rover_ap_4x4_n1_1fps_1sp_bb.json,ap
1687245026.657996000,8,rover_ap_4x4_n1_1fps_1sp_bb.json,ap
1687245026.658456000,9,rover_ap_4x4_n1_1fps_1sp_bb.json,ap
1687245027.680300000,0,rover_ap_4x4_n1_1fps_1sp_bb.json,ap
1687245027.680570000,1,rover_ap_4x4_n1_1fps_1sp_bb.json,ap
1687245027.680843000,2,rover_ap_4x4_n1_1fps_1sp_bb.json,ap
1687245027.681114000,3,rover_ap_4x4_n1_1fps_1sp_bb.json,ap
1687245027.681493000,4,rover_ap_4x4_n1_1fps_1sp_bb.json,ap
1687245027.681774000,5,rover_ap_4x4_n1_1fps_1sp_bb.json,ap
1687245027.682126000,6,rover_ap_4x4_n1_1fps_1sp_bb.json,ap
1687245027.682396000,7,rover_ap_4x4_n1_1fps_1sp_bb.json,ap
1687245028.701708000,0,rover_ap_4x4_n1_1fps_1sp_bb.json,ap
1687245028.701976000,1,rover_ap_4x4_n1_1fps_1sp_bb.json,ap
1687245028.702235000,2,rover_ap_4x4_n1_1fps_1sp_bb.json,ap
1687245028.702493000,3,rover_ap_4x4_n1_1fps_1sp_bb.json,ap
1687245028.702751000,4,rover_ap_4x4_n1_1fps_1sp_bb.json,ap
1687245028.703010000,5,rover_ap_4x4_n1_1fps_1sp_bb.json,ap
1687245028.703288000,6,rover_ap_4x4_n1_1fps_1sp_bb.json,ap
1687245028.703699000,7,rover_ap_4x4_n1_1fps_1sp_bb.json,ap
1687245028.703999000,8,rover_ap_4x4_n1_1fps_1sp_bb.json,ap
1687245028.704279000,9,rover_ap_4x4_n1_1fps_1sp_bb.json,ap
1687245028.704548000,10,rover_ap_4x4_n1_1fps_1sp_bb.json,ap
1687245029.722292000,0,rover_ap_4x4_n1_1fps_1sp_bb.json,ap
1687245029.722577000,1,rover_ap_4x4_n1_1fps_1sp_bb.json,ap
1687245029.722858000,2,rover_ap_4x4_n1_1fps_1sp_bb.json,ap
1687245029.723146000,3,rover_ap_4x4_n1_1fps_1sp_bb.json,ap
1687245029.723413000,4,rover_ap_4x4_n1_1fps_1sp_bb.json,ap
1687245029.723684000,5,rover_ap_4x4_n1_1fps_1sp_bb.json,ap
1687245029.723974000,6,rover_ap_4x4_n1_1fps_1sp_bb.json,ap
1687245029.724396000,7,rover_ap_4x4_n1_1fps_1sp_bb.json,ap
1687245029.724680000,8,rover_ap_4x4_n1_1fps_1sp_bb.json,ap
1687245029.724948000,9,rover_ap_4x4_n1_1fps_1sp_bb.json,ap
1687245029.725216000,10,rover_ap_4x4_n1_1fps_1sp_bb.json,ap
1687245030.743778000,0,rover_ap_4x4_n1_1fps_1sp_bb.json,ap
1687245030.744068000,1,rover_ap_4x4_n1_1fps_1sp_bb.json,ap
1687245030.744341000,2,rover_ap_4x4_n1_1fps_1sp_bb.json,ap
1687245030.744612000,3,rover_ap_4x4_n1_1fps_1sp_bb.json,ap
1687245030.744887000,4,rover_ap_4x4_n1_1fps_1sp_bb.json,ap
1687245030.745155000,5,rover_ap_4x4_n1_1fps_1sp_bb.json,ap
1687245030.745431000,6,rover_ap_4x4_n1_1fps_1sp_bb.json,ap
