Timestamp,Packet,Scenario,Type
1687797659.429957000,0,rover_s102_3x3_n2_1fps_1sp_bb.json,s102
1687797659.430330000,1,rover_s102_3x3_n2_1fps_1sp_bb.json,s102
1687797659.430578000,2,rover_s102_3x3_n2_1fps_1sp_bb.json,s102
1687797659.430840000,3,rover_s102_3x3_n2_1fps_1sp_bb.json,s102
1687797659.431020000,4,rover_s102_3x3_n2_1fps_1sp_bb.json,s102
1687797659.431382000,5,rover_s102_3x3_n2_1fps_1sp_bb.json,s102
1687797659.431601000,6,rover_s102_3x3_n2_1fps_1sp_bb.json,s102
1687797659.432321000,7,rover_s102_3x3_n2_1fps_1sp_bb.json,s102
1687797659.432323000,8,rover_s102_3x3_n2_1fps_1sp_bb.json,s102
1687797660.455432000,0,rover_s102_3x3_n2_1fps_1sp_bb.json,s102
1687797660.455836000,1,rover_s102_3x3_n2_1fps_1sp_bb.json,s102
1687797660.457227000,2,rover_s102_3x3_n2_1fps_1sp_bb.json,s102
1687797660.457229000,3,rover_s102_3x3_n2_1fps_1sp_bb.json,s102
1687797660.457516000,4,rover_s102_3x3_n2_1fps_1sp_bb.json,s102
1687797660.457762000,5,rover_s102_3x3_n2_1fps_1sp_bb.json,s102
1687797660.457985000,6,rover_s102_3x3_n2_1fps_1sp_bb.json,s102
1687797660.458217000,7,rover_s102_3x3_n2_1fps_1sp_bb.json,s102
1687797660.458463000,8,rover_s102_3x3_n2_1fps_1sp_bb.json,s102
1687797660.458680000,9,rover_s102_3x3_n2_1fps_1sp_bb.json,s102
1687797661.479024000,0,rover_s102_3x3_n2_1fps_1sp_bb.json,s102
1687797661.479725000,1,rover_s102_3x3_n2_1fps_1sp_bb.json,s102
1687797661.479728000,2,rover_s102_3x3_n2_1fps_1sp_bb.json,s102
1687797661.480011000,3,rover_s102_3x3_n2_1fps_1sp_bb.json,s102
1687797661.480309000,4,rover_s102_3x3_n2_1fps_1sp_bb.json,s102
1687797661.480564000,5,rover_s102_3x3_n2_1fps_1sp_bb.json,s102
1687797661.480830000,6,rover_s102_3x3_n2_1fps_1sp_bb.json,s102
1687797661.480833000,7,rover_s102_3x3_n2_1fps_1sp_bb.json,s102
1687797661.482061000,8,rover_s102_3x3_n2_1fps_1sp_bb.json,s102
1687797662.504092000,0,rover_s102_3x3_n2_1fps_1sp_bb.json,s102
1687797662.504295000,1,rover_s102_3x3_n2_1fps_1sp_bb.json,s102
1687797662.504393000,2,rover_s102_3x3_n2_1fps_1sp_bb.json,s102
1687797662.504904000,3,rover_s102_3x3_n2_1fps_1sp_bb.json,s102
1687797662.504999000,4,rover_s102_3x3_n2_1fps_1sp_bb.json,s102
1687797662.505113000,5,rover_s102_3x3_n2_1fps_1sp_bb.json,s102
1687797662.505212000,6,rover_s102_3x3_n2_1fps_1sp_bb.json,s102
1687797662.507212000,7,rover_s102_3x3_n2_1fps_1sp_bb.json,s102
1687797662.507214000,8,rover_s102_3x3_n2_1fps_1sp_bb.json,s102
1687797663.531342000,0,rover_s102_3x3_n2_1fps_1sp_bb.json,s102
1687797663.531712000,1,rover_s102_3x3_n2_1fps_1sp_bb.json,s102
1687797663.532881000,2,rover_s102_3x3_n2_1fps_1sp_bb.json,s102
1687797663.532883000,3,rover_s102_3x3_n2_1fps_1sp_bb.json,s102
1687797663.533022000,4,rover_s102_3x3_n2_1fps_1sp_bb.json,s102
1687797663.533124000,5,rover_s102_3x3_n2_1fps_1sp_bb.json,s102
1687797663.533231000,6,rover_s102_3x3_n2_1fps_1sp_bb.json,s102
1687797663.533953000,7,rover_s102_3x3_n2_1fps_1sp_bb.json,s102
1687797663.534069000,8,rover_s102_3x3_n2_1fps_1sp_bb.json,s102
1687797663.534160000,9,rover_s102_3x3_n2_1fps_1sp_bb.json,s102
1687797664.554766000,0,rover_s102_3x3_n2_1fps_1sp_bb.json,s102
1687797664.554976000,1,rover_s102_3x3_n2_1fps_1sp_bb.json,s102
1687797664.555071000,2,rover_s102_3x3_n2_1fps_1sp_bb.json,s102
1687797664.555476000,3,rover_s102_3x3_n2_1fps_1sp_bb.json,s102
1687797664.555577000,4,rover_s102_3x3_n2_1fps_1sp_bb.json,s102
1687797664.555681000,5,rover_s102_3x3_n2_1fps_1sp_bb.json,s102
1687797664.556180000,6,rover_s102_3x3_n2_1fps_1sp_bb.json,s102
1687797664.556300000,7,rover_s102_3x3_n2_1fps_1sp_bb.json,s102
1687797664.557532000,8,rover_s102_3x3_n2_1fps_1sp_bb.json,s102
1687797664.557641000,9,rover_s102_3x3_n2_1fps_1sp_bb.json,s102
1687797665.579024000,0,rover_s102_3x3_n2_1fps_1sp_bb.json,s102
1687797665.579298000,1,rover_s102_3x3_n2_1fps_1sp_bb.json,s102
1687797665.579839000,2,rover_s102_3x3_n2_1fps_1sp_bb.json,s102
1687797665.579937000,3,rover_s102_3x3_n2_1fps_1sp_bb.json,s102
1687797665.580024000,4,rover_s102_3x3_n2_1fps_1sp_bb.json,s102
1687797665.580536000,5,rover_s102_3x3_n2_1fps_1sp_bb.json,s102
1687797665.580632000,6,rover_s102_3x3_n2_1fps_1sp_bb.json,s102
1687797665.580788000,7,rover_s102_3x3_n2_1fps_1sp_bb.json,s102
1687797665.581234000,8,rover_s102_3x3_n2_1fps_1sp_bb.json,s102
1687797665.581346000,9,rover_s102_3x3_n2_1fps_1sp_bb.json,s102
1687797665.581848000,10,rover_s102_3x3_n2_1fps_1sp_bb.json,s102
1687797665.581948000,11,rover_s102_3x3_n2_1fps_1sp_bb.json,s102
1687797665.582721000,12,rover_s102_3x3_n2_1fps_1sp_bb.json,s102
1687797665.582723000,13,rover_s102_3x3_n2_1fps_1sp_bb.json,s102
1687797665.582864000,14,rover_s102_3x3_n2_1fps_1sp_bb.json,s102
1687797665.583492000,15,rover_s102_3x3_n2_1fps_1sp_bb.json,s102
1687797665.583596000,16,rover_s102_3x3_n2_1fps_1sp_bb.json,s102
1687797665.584294000,17,rover_s102_3x3_n2_1fps_1sp_bb.json,s102
1687797665.584296000,18,rover_s102_3x3_n2_1fps_1sp_bb.json,s102
1687797665.584430000,19,rover_s102_3x3_n2_1fps_1sp_bb.json,s102
1687797665.585076000,20,rover_s102_3x3_n2_1fps_1sp_bb.json,s102
1687797666.610171000,0,rover_s102_3x3_n2_1fps_1sp_bb.json,s102
1687797666.610565000,1,rover_s102_3x3_n2_1fps_1sp_bb.json,s102
1687797666.611810000,2,rover_s102_3x3_n2_1fps_1sp_bb.json,s102
1687797666.611812000,3,rover_s102_3x3_n2_1fps_1sp_bb.json,s102
1687797666.611943000,4,rover_s102_3x3_n2_1fps_1sp_bb.json,s102
1687797666.612071000,5,rover_s102_3x3_n2_1fps_1sp_bb.json,s102
1687797666.612186000,6,rover_s102_3x3_n2_1fps_1sp_bb.json,s102
1687797666.612277000,7,rover_s102_3x3_n2_1fps_1sp_bb.json,s102
1687797666.612927000,8,rover_s102_3x3_n2_1fps_1sp_bb.json,s102
1687797666.613040000,9,rover_s102_3x3_n2_1fps_1sp_bb.json,s102
1687797666.613837000,10,rover_s102_3x3_n2_1fps_1sp_bb.json,s102
1687797667.636191000,0,rover_s102_3x3_n2_1fps_1sp_bb.json,s102
1687797667.636396000,1,rover_s102_3x3_n2_1fps_1sp_bb.json,s102
1687797667.636955000,2,rover_s102_3x3_n2_1fps_1sp_bb.json,s102
1687797667.637052000,3,rover_s102_3x3_n2_1fps_1sp_bb.json,s102
1687797667.637160000,4,rover_s102_3x3_n2_1fps_1sp_bb.json,s102
1687797667.637766000,5,rover_s102_3x3_n2_1fps_1sp_bb.json,s102
1687797667.637872000,6,rover_s102_3x3_n2_1fps_1sp_bb.json,s102
1687797667.639140000,7,rover_s102_3x3_n2_1fps_1sp_bb.json,s102
1687797668.663004000,0,rover_s102_3x3_n2_1fps_1sp_bb.json,s102
1687797668.663687000,1,rover_s102_3x3_n2_1fps_1sp_bb.json,s102
1687797668.663689000,2,rover_s102_3x3_n2_1fps_1sp_bb.json,s102
1687797668.663819000,3,rover_s102_3x3_n2_1fps_1sp_bb.json,s102
1687797668.664318000,4,rover_s102_3x3_n2_1fps_1sp_bb.json,s102
1687797668.664440000,5,rover_s102_3x3_n2_1fps_1sp_bb.json,s102
1687797668.665180000,6,rover_s102_3x3_n2_1fps_1sp_bb.json,s102
1687797668.665182000,7,rover_s102_3x3_n2_1fps_1sp_bb.json,s102
1687797668.665323000,8,rover_s102_3x3_n2_1fps_1sp_bb.json,s102
1687797668.666096000,9,rover_s102_3x3_n2_1fps_1sp_bb.json,s102
1687797668.666218000,10,rover_s102_3x3_n2_1fps_1sp_bb.json,s102
1687797669.683652000,0,rover_s102_3x3_n2_1fps_1sp_bb.json,s102
1687797669.684007000,1,rover_s102_3x3_n2_1fps_1sp_bb.json,s102
1687797669.685436000,2,rover_s102_3x3_n2_1fps_1sp_bb.json,s102
1687797669.685437000,3,rover_s102_3x3_n2_1fps_1sp_bb.json,s102
1687797669.685575000,4,rover_s102_3x3_n2_1fps_1sp_bb.json,s102
1687797669.685697000,5,rover_s102_3x3_n2_1fps_1sp_bb.json,s102
1687797669.685817000,6,rover_s102_3x3_n2_1fps_1sp_bb.json,s102
1687797669.685900000,7,rover_s102_3x3_n2_1fps_1sp_bb.json,s102
1687797669.686322000,8,rover_s102_3x3_n2_1fps_1sp_bb.json,s102
1687797669.686433000,9,rover_s102_3x3_n2_1fps_1sp_bb.json,s102
1687797670.705292000,0,rover_s102_3x3_n2_1fps_1sp_bb.json,s102
1687797670.705499000,1,rover_s102_3x3_n2_1fps_1sp_bb.json,s102
1687797670.705600000,2,rover_s102_3x3_n2_1fps_1sp_bb.json,s102
1687797670.706065000,3,rover_s102_3x3_n2_1fps_1sp_bb.json,s102
1687797670.706180000,4,rover_s102_3x3_n2_1fps_1sp_bb.json,s102
1687797670.706284000,5,rover_s102_3x3_n2_1fps_1sp_bb.json,s102
1687797670.706367000,6,rover_s102_3x3_n2_1fps_1sp_bb.json,s102
1687797670.706743000,7,rover_s102_3x3_n2_1fps_1sp_bb.json,s102
1687797670.706874000,8,rover_s102_3x3_n2_1fps_1sp_bb.json,s102
1687797670.707335000,9,rover_s102_3x3_n2_1fps_1sp_bb.json,s102
1687797670.707446000,10,rover_s102_3x3_n2_1fps_1sp_bb.json,s102
1687797670.707873000,11,rover_s102_3x3_n2_1fps_1sp_bb.json,s102
1687797670.707875000,12,rover_s102_3x3_n2_1fps_1sp_bb.json,s102
1687797670.708348000,13,rover_s102_3x3_n2_1fps_1sp_bb.json,s102
1687797670.708451000,14,rover_s102_3x3_n2_1fps_1sp_bb.json,s102
1687797671.728451000,0,rover_s102_3x3_n2_1fps_1sp_bb.json,s102
1687797671.728653000,1,rover_s102_3x3_n2_1fps_1sp_bb.json,s102
1687797671.729234000,2,rover_s102_3x3_n2_1fps_1sp_bb.json,s102
1687797671.729329000,3,rover_s102_3x3_n2_1fps_1sp_bb.json,s102
1687797671.729419000,4,rover_s102_3x3_n2_1fps_1sp_bb.json,s102
1687797671.729987000,5,rover_s102_3x3_n2_1fps_1sp_bb.json,s102
1687797671.730108000,6,rover_s102_3x3_n2_1fps_1sp_bb.json,s102
1687797671.730203000,7,rover_s102_3x3_n2_1fps_1sp_bb.json,s102
1687797671.730714000,8,rover_s102_3x3_n2_1fps_1sp_bb.json,s102
1687797671.730825000,9,rover_s102_3x3_n2_1fps_1sp_bb.json,s102
1687797671.731332000,10,rover_s102_3x3_n2_1fps_1sp_bb.json,s102
1687797671.731429000,11,rover_s102_3x3_n2_1fps_1sp_bb.json,s102
1687797672.751920000,0,rover_s102_3x3_n2_1fps_1sp_bb.json,s102
1687797672.752294000,1,rover_s102_3x3_n2_1fps_1sp_bb.json,s102
1687797672.753542000,2,rover_s102_3x3_n2_1fps_1sp_bb.json,s102
1687797672.753544000,3,rover_s102_3x3_n2_1fps_1sp_bb.json,s102
1687797672.753707000,4,rover_s102_3x3_n2_1fps_1sp_bb.json,s102
1687797672.754446000,5,rover_s102_3x3_n2_1fps_1sp_bb.json,s102
1687797672.754541000,6,rover_s102_3x3_n2_1fps_1sp_bb.json,s102
1687797672.754642000,7,rover_s102_3x3_n2_1fps_1sp_bb.json,s102
1687797672.754643000,8,rover_s102_3x3_n2_1fps_1sp_bb.json,s102
1687797672.754773000,9,rover_s102_3x3_n2_1fps_1sp_bb.json,s102
1687797672.755719000,10,rover_s102_3x3_n2_1fps_1sp_bb.json,s102
1687797672.755830000,11,rover_s102_3x3_n2_1fps_1sp_bb.json,s102
1687797672.755919000,12,rover_s102_3x3_n2_1fps_1sp_bb.json,s102
1687797673.776601000,0,rover_s102_3x3_n2_1fps_1sp_bb.json,s102
1687797673.776801000,1,rover_s102_3x3_n2_1fps_1sp_bb.json,s102
1687797673.777356000,2,rover_s102_3x3_n2_1fps_1sp_bb.json,s102
1687797673.777499000,3,rover_s102_3x3_n2_1fps_1sp_bb.json,s102
1687797673.777616000,4,rover_s102_3x3_n2_1fps_1sp_bb.json,s102
1687797673.778091000,5,rover_s102_3x3_n2_1fps_1sp_bb.json,s102
1687797673.778221000,6,rover_s102_3x3_n2_1fps_1sp_bb.json,s102
1687797673.779258000,7,rover_s102_3x3_n2_1fps_1sp_bb.json,s102
1687797674.797175000,0,rover_s102_3x3_n2_1fps_1sp_bb.json,s102
1687797674.797378000,1,rover_s102_3x3_n2_1fps_1sp_bb.json,s102
1687797674.797471000,2,rover_s102_3x3_n2_1fps_1sp_bb.json,s102
1687797674.797880000,3,rover_s102_3x3_n2_1fps_1sp_bb.json,s102
1687797674.797980000,4,rover_s102_3x3_n2_1fps_1sp_bb.json,s102
1687797674.798068000,5,rover_s102_3x3_n2_1fps_1sp_bb.json,s102
1687797674.798835000,6,rover_s102_3x3_n2_1fps_1sp_bb.json,s102
1687797674.798944000,7,rover_s102_3x3_n2_1fps_1sp_bb.json,s102
1687797674.799883000,8,rover_s102_3x3_n2_1fps_1sp_bb.json,s102
1687797675.821562000,0,rover_s102_3x3_n2_1fps_1sp_bb.json,s102
1687797675.821926000,1,rover_s102_3x3_n2_1fps_1sp_bb.json,s102
1687797675.823154000,2,rover_s102_3x3_n2_1fps_1sp_bb.json,s102
1687797675.823156000,3,rover_s102_3x3_n2_1fps_1sp_bb.json,s102
1687797675.823291000,4,rover_s102_3x3_n2_1fps_1sp_bb.json,s102
1687797675.823407000,5,rover_s102_3x3_n2_1fps_1sp_bb.json,s102
1687797675.823524000,6,rover_s102_3x3_n2_1fps_1sp_bb.json,s102
1687797675.823618000,7,rover_s102_3x3_n2_1fps_1sp_bb.json,s102
1687797675.824287000,8,rover_s102_3x3_n2_1fps_1sp_bb.json,s102
1687797675.824395000,9,rover_s102_3x3_n2_1fps_1sp_bb.json,s102
1687797675.825317000,10,rover_s102_3x3_n2_1fps_1sp_bb.json,s102
1687797676.843899000,0,rover_s102_3x3_n2_1fps_1sp_bb.json,s102
1687797676.844117000,1,rover_s102_3x3_n2_1fps_1sp_bb.json,s102
1687797676.844640000,2,rover_s102_3x3_n2_1fps_1sp_bb.json,s102
1687797676.844738000,3,rover_s102_3x3_n2_1fps_1sp_bb.json,s102
1687797676.844828000,4,rover_s102_3x3_n2_1fps_1sp_bb.json,s102
1687797676.845557000,5,rover_s102_3x3_n2_1fps_1sp_bb.json,s102
1687797676.845689000,6,rover_s102_3x3_n2_1fps_1sp_bb.json,s102
1687797676.845779000,7,rover_s102_3x3_n2_1fps_1sp_bb.json,s102
1687797676.846634000,8,rover_s102_3x3_n2_1fps_1sp_bb.json,s102
1687797677.864230000,0,rover_s102_3x3_n2_1fps_1sp_bb.json,s102
1687797677.864442000,1,rover_s102_3x3_n2_1fps_1sp_bb.json,s102
1687797677.864988000,2,rover_s102_3x3_n2_1fps_1sp_bb.json,s102
1687797677.865090000,3,rover_s102_3x3_n2_1fps_1sp_bb.json,s102
1687797677.865216000,4,rover_s102_3x3_n2_1fps_1sp_bb.json,s102
1687797677.866212000,5,rover_s102_3x3_n2_1fps_1sp_bb.json,s102
1687797677.866331000,6,rover_s102_3x3_n2_1fps_1sp_bb.json,s102
1687797677.866419000,7,rover_s102_3x3_n2_1fps_1sp_bb.json,s102
1687797677.866736000,8,rover_s102_3x3_n2_1fps_1sp_bb.json,s102
1687797677.866835000,9,rover_s102_3x3_n2_1fps_1sp_bb.json,s102
1687797678.887184000,0,rover_s102_3x3_n2_1fps_1sp_bb.json,s102
1687797678.887574000,1,rover_s102_3x3_n2_1fps_1sp_bb.json,s102
1687797678.888818000,2,rover_s102_3x3_n2_1fps_1sp_bb.json,s102
1687797678.888819000,3,rover_s102_3x3_n2_1fps_1sp_bb.json,s102
1687797678.888990000,4,rover_s102_3x3_n2_1fps_1sp_bb.json,s102
1687797678.889161000,5,rover_s102_3x3_n2_1fps_1sp_bb.json,s102
1687797678.889440000,6,rover_s102_3x3_n2_1fps_1sp_bb.json,s102
1687797678.889564000,7,rover_s102_3x3_n2_1fps_1sp_bb.json,s102
1687797678.890135000,8,rover_s102_3x3_n2_1fps_1sp_bb.json,s102
1687797679.911993000,0,rover_s102_3x3_n2_1fps_1sp_bb.json,s102
1687797679.912226000,1,rover_s102_3x3_n2_1fps_1sp_bb.json,s102
1687797679.912736000,2,rover_s102_3x3_n2_1fps_1sp_bb.json,s102
1687797679.912861000,3,rover_s102_3x3_n2_1fps_1sp_bb.json,s102
1687797679.912862000,4,rover_s102_3x3_n2_1fps_1sp_bb.json,s102
1687797679.913008000,5,rover_s102_3x3_n2_1fps_1sp_bb.json,s102
1687797679.913469000,6,rover_s102_3x3_n2_1fps_1sp_bb.json,s102
1687797679.913594000,7,rover_s102_3x3_n2_1fps_1sp_bb.json,s102
1687797679.914050000,8,rover_s102_3x3_n2_1fps_1sp_bb.json,s102
1687797679.914155000,9,rover_s102_3x3_n2_1fps_1sp_bb.json,s102
1687797680.934240000,0,rover_s102_3x3_n2_1fps_1sp_bb.json,s102
1687797680.934810000,1,rover_s102_3x3_n2_1fps_1sp_bb.json,s102
1687797680.934922000,2,rover_s102_3x3_n2_1fps_1sp_bb.json,s102
1687797680.935407000,3,rover_s102_3x3_n2_1fps_1sp_bb.json,s102
1687797680.935512000,4,rover_s102_3x3_n2_1fps_1sp_bb.json,s102
1687797680.936125000,5,rover_s102_3x3_n2_1fps_1sp_bb.json,s102
1687797680.936232000,6,rover_s102_3x3_n2_1fps_1sp_bb.json,s102
1687797680.937084000,7,rover_s102_3x3_n2_1fps_1sp_bb.json,s102
1687797681.957945000,0,rover_s102_3x3_n2_1fps_1sp_bb.json,s102
1687797681.958362000,1,rover_s102_3x3_n2_1fps_1sp_bb.json,s102
1687797681.959743000,2,rover_s102_3x3_n2_1fps_1sp_bb.json,s102
1687797681.959744000,3,rover_s102_3x3_n2_1fps_1sp_bb.json,s102
1687797681.959885000,4,rover_s102_3x3_n2_1fps_1sp_bb.json,s102
1687797681.959986000,5,rover_s102_3x3_n2_1fps_1sp_bb.json,s102
1687797682.981982000,0,rover_s102_3x3_n2_1fps_1sp_bb.json,s102
1687797682.982211000,1,rover_s102_3x3_n2_1fps_1sp_bb.json,s102
1687797682.982628000,2,rover_s102_3x3_n2_1fps_1sp_bb.json,s102
1687797682.982723000,3,rover_s102_3x3_n2_1fps_1sp_bb.json,s102
1687797682.982724000,4,rover_s102_3x3_n2_1fps_1sp_bb.json,s102
1687797682.983259000,5,rover_s102_3x3_n2_1fps_1sp_bb.json,s102
1687797682.983352000,6,rover_s102_3x3_n2_1fps_1sp_bb.json,s102
1687797682.983728000,7,rover_s102_3x3_n2_1fps_1sp_bb.json,s102
1687797684.009010000,0,rover_s102_3x3_n2_1fps_1sp_bb.json,s102
1687797684.009293000,1,rover_s102_3x3_n2_1fps_1sp_bb.json,s102
1687797684.009645000,2,rover_s102_3x3_n2_1fps_1sp_bb.json,s102
1687797684.009761000,3,rover_s102_3x3_n2_1fps_1sp_bb.json,s102
1687797684.009763000,4,rover_s102_3x3_n2_1fps_1sp_bb.json,s102
1687797684.010163000,5,rover_s102_3x3_n2_1fps_1sp_bb.json,s102
1687797684.010277000,6,rover_s102_3x3_n2_1fps_1sp_bb.json,s102
1687797684.010833000,7,rover_s102_3x3_n2_1fps_1sp_bb.json,s102
1687797684.012077000,8,rover_s102_3x3_n2_1fps_1sp_bb.json,s102
1687797685.029670000,0,rover_s102_3x3_n2_1fps_1sp_bb.json,s102
1687797685.030412000,1,rover_s102_3x3_n2_1fps_1sp_bb.json,s102
1687797685.031334000,2,rover_s102_3x3_n2_1fps_1sp_bb.json,s102
1687797685.031453000,3,rover_s102_3x3_n2_1fps_1sp_bb.json,s102
1687797685.031454000,4,rover_s102_3x3_n2_1fps_1sp_bb.json,s102
1687797685.031611000,5,rover_s102_3x3_n2_1fps_1sp_bb.json,s102
1687797685.031746000,6,rover_s102_3x3_n2_1fps_1sp_bb.json,s102
1687797685.032300000,7,rover_s102_3x3_n2_1fps_1sp_bb.json,s102
1687797685.032301000,8,rover_s102_3x3_n2_1fps_1sp_bb.json,s102
1687797685.032435000,9,rover_s102_3x3_n2_1fps_1sp_bb.json,s102
1687797685.032844000,10,rover_s102_3x3_n2_1fps_1sp_bb.json,s102
1687797685.033279000,11,rover_s102_3x3_n2_1fps_1sp_bb.json,s102
1687797685.033368000,12,rover_s102_3x3_n2_1fps_1sp_bb.json,s102
1687797685.034276000,13,rover_s102_3x3_n2_1fps_1sp_bb.json,s102
1687797685.034865000,14,rover_s102_3x3_n2_1fps_1sp_bb.json,s102
1687797686.054550000,0,rover_s102_3x3_n2_1fps_1sp_bb.json,s102
1687797686.054750000,1,rover_s102_3x3_n2_1fps_1sp_bb.json,s102
1687797686.054844000,2,rover_s102_3x3_n2_1fps_1sp_bb.json,s102
1687797686.055320000,3,rover_s102_3x3_n2_1fps_1sp_bb.json,s102
1687797686.055413000,4,rover_s102_3x3_n2_1fps_1sp_bb.json,s102
1687797686.055504000,5,rover_s102_3x3_n2_1fps_1sp_bb.json,s102
1687797686.055908000,6,rover_s102_3x3_n2_1fps_1sp_bb.json,s102
1687797686.056009000,7,rover_s102_3x3_n2_1fps_1sp_bb.json,s102
1687797686.056584000,8,rover_s102_3x3_n2_1fps_1sp_bb.json,s102
1687797686.056586000,9,rover_s102_3x3_n2_1fps_1sp_bb.json,s102
1687797686.056716000,10,rover_s102_3x3_n2_1fps_1sp_bb.json,s102
1687797686.057154000,11,rover_s102_3x3_n2_1fps_1sp_bb.json,s102
1687797686.057275000,12,rover_s102_3x3_n2_1fps_1sp_bb.json,s102
1687797687.077343000,0,rover_s102_3x3_n2_1fps_1sp_bb.json,s102
1687797687.077560000,1,rover_s102_3x3_n2_1fps_1sp_bb.json,s102
1687797687.077661000,2,rover_s102_3x3_n2_1fps_1sp_bb.json,s102
1687797687.078053000,3,rover_s102_3x3_n2_1fps_1sp_bb.json,s102
1687797687.078146000,4,rover_s102_3x3_n2_1fps_1sp_bb.json,s102
1687797687.078230000,5,rover_s102_3x3_n2_1fps_1sp_bb.json,s102
1687797687.078694000,6,rover_s102_3x3_n2_1fps_1sp_bb.json,s102
1687797687.078814000,7,rover_s102_3x3_n2_1fps_1sp_bb.json,s102
1687797687.079381000,8,rover_s102_3x3_n2_1fps_1sp_bb.json,s102
1687797687.079516000,9,rover_s102_3x3_n2_1fps_1sp_bb.json,s102
1687797687.080739000,10,rover_s102_3x3_n2_1fps_1sp_bb.json,s102
1687797687.080825000,11,rover_s102_3x3_n2_1fps_1sp_bb.json,s102
1687797688.100160000,0,rover_s102_3x3_n2_1fps_1sp_bb.json,s102
1687797688.100539000,1,rover_s102_3x3_n2_1fps_1sp_bb.json,s102
1687797688.101739000,2,rover_s102_3x3_n2_1fps_1sp_bb.json,s102
1687797688.101741000,3,rover_s102_3x3_n2_1fps_1sp_bb.json,s102
1687797688.101866000,4,rover_s102_3x3_n2_1fps_1sp_bb.json,s102
1687797688.101988000,5,rover_s102_3x3_n2_1fps_1sp_bb.json,s102
1687797688.102106000,6,rover_s102_3x3_n2_1fps_1sp_bb.json,s102
1687797688.102196000,7,rover_s102_3x3_n2_1fps_1sp_bb.json,s102
1687797688.103617000,8,rover_s102_3x3_n2_1fps_1sp_bb.json,s102
1687797688.103619000,9,rover_s102_3x3_n2_1fps_1sp_bb.json,s102
1687797688.103778000,10,rover_s102_3x3_n2_1fps_1sp_bb.json,s102
1687797688.103876000,11,rover_s102_3x3_n2_1fps_1sp_bb.json,s102
1687797688.104955000,12,rover_s102_3x3_n2_1fps_1sp_bb.json,s102
1687797689.122905000,0,rover_s102_3x3_n2_1fps_1sp_bb.json,s102
1687797689.123128000,1,rover_s102_3x3_n2_1fps_1sp_bb.json,s102
1687797689.123635000,2,rover_s102_3x3_n2_1fps_1sp_bb.json,s102
1687797689.123730000,3,rover_s102_3x3_n2_1fps_1sp_bb.json,s102
1687797689.123732000,4,rover_s102_3x3_n2_1fps_1sp_bb.json,s102
1687797689.123857000,5,rover_s102_3x3_n2_1fps_1sp_bb.json,s102
1687797689.124743000,6,rover_s102_3x3_n2_1fps_1sp_bb.json,s102
1687797689.124855000,7,rover_s102_3x3_n2_1fps_1sp_bb.json,s102
1687797689.125198000,8,rover_s102_3x3_n2_1fps_1sp_bb.json,s102
1687797689.125297000,9,rover_s102_3x3_n2_1fps_1sp_bb.json,s102
1687797690.146756000,0,rover_s102_3x3_n2_1fps_1sp_bb.json,s102
1687797690.146960000,1,rover_s102_3x3_n2_1fps_1sp_bb.json,s102
1687797690.147069000,2,rover_s102_3x3_n2_1fps_1sp_bb.json,s102
1687797690.147671000,3,rover_s102_3x3_n2_1fps_1sp_bb.json,s102
1687797690.147673000,4,rover_s102_3x3_n2_1fps_1sp_bb.json,s102
1687797690.147796000,5,rover_s102_3x3_n2_1fps_1sp_bb.json,s102
1687797690.147894000,6,rover_s102_3x3_n2_1fps_1sp_bb.json,s102
1687797690.148674000,7,rover_s102_3x3_n2_1fps_1sp_bb.json,s102
1687797690.148804000,8,rover_s102_3x3_n2_1fps_1sp_bb.json,s102
1687797690.149560000,9,rover_s102_3x3_n2_1fps_1sp_bb.json,s102
1687797690.149683000,10,rover_s102_3x3_n2_1fps_1sp_bb.json,s102
1687797690.150108000,11,rover_s102_3x3_n2_1fps_1sp_bb.json,s102
1687797690.150220000,12,rover_s102_3x3_n2_1fps_1sp_bb.json,s102
1687797690.150222000,13,rover_s102_3x3_n2_1fps_1sp_bb.json,s102
1687797690.150798000,14,rover_s102_3x3_n2_1fps_1sp_bb.json,s102
1687797690.150897000,15,rover_s102_3x3_n2_1fps_1sp_bb.json,s102
1687797690.152285000,16,rover_s102_3x3_n2_1fps_1sp_bb.json,s102
1687797690.152399000,17,rover_s102_3x3_n2_1fps_1sp_bb.json,s102
1687797690.153039000,18,rover_s102_3x3_n2_1fps_1sp_bb.json,s102
1687797690.153040000,19,rover_s102_3x3_n2_1fps_1sp_bb.json,s102
1687797690.153163000,20,rover_s102_3x3_n2_1fps_1sp_bb.json,s102
1687797690.153833000,21,rover_s102_3x3_n2_1fps_1sp_bb.json,s102
1687797690.153938000,22,rover_s102_3x3_n2_1fps_1sp_bb.json,s102
1687797690.153939000,23,rover_s102_3x3_n2_1fps_1sp_bb.json,s102
1687797690.156109000,24,rover_s102_3x3_n2_1fps_1sp_bb.json,s102
1687797690.156248000,25,rover_s102_3x3_n2_1fps_1sp_bb.json,s102
1687797690.156372000,26,rover_s102_3x3_n2_1fps_1sp_bb.json,s102
1687797691.173868000,0,rover_s102_3x3_n2_1fps_1sp_bb.json,s102
1687797691.174308000,1,rover_s102_3x3_n2_1fps_1sp_bb.json,s102
1687797691.175619000,2,rover_s102_3x3_n2_1fps_1sp_bb.json,s102
1687797691.175621000,3,rover_s102_3x3_n2_1fps_1sp_bb.json,s102
1687797691.175755000,4,rover_s102_3x3_n2_1fps_1sp_bb.json,s102
1687797691.175872000,5,rover_s102_3x3_n2_1fps_1sp_bb.json,s102
1687797691.175986000,6,rover_s102_3x3_n2_1fps_1sp_bb.json,s102
1687797691.176080000,7,rover_s102_3x3_n2_1fps_1sp_bb.json,s102
1687797692.200776000,0,rover_s102_3x3_n2_1fps_1sp_bb.json,s102
1687797692.200989000,1,rover_s102_3x3_n2_1fps_1sp_bb.json,s102
1687797692.201081000,2,rover_s102_3x3_n2_1fps_1sp_bb.json,s102
1687797692.201440000,3,rover_s102_3x3_n2_1fps_1sp_bb.json,s102
1687797692.201539000,4,rover_s102_3x3_n2_1fps_1sp_bb.json,s102
1687797692.201636000,5,rover_s102_3x3_n2_1fps_1sp_bb.json,s102
1687797692.202110000,6,rover_s102_3x3_n2_1fps_1sp_bb.json,s102
1687797692.202202000,7,rover_s102_3x3_n2_1fps_1sp_bb.json,s102
1687797692.202564000,8,rover_s102_3x3_n2_1fps_1sp_bb.json,s102
1687797692.202652000,9,rover_s102_3x3_n2_1fps_1sp_bb.json,s102
1687797692.204049000,10,rover_s102_3x3_n2_1fps_1sp_bb.json,s102
1687797692.204171000,11,rover_s102_3x3_n2_1fps_1sp_bb.json,s102
1687797693.227700000,0,rover_s102_3x3_n2_1fps_1sp_bb.json,s102
1687797693.227912000,1,rover_s102_3x3_n2_1fps_1sp_bb.json,s102
1687797693.228012000,2,rover_s102_3x3_n2_1fps_1sp_bb.json,s102
1687797693.228392000,3,rover_s102_3x3_n2_1fps_1sp_bb.json,s102
1687797693.228484000,4,rover_s102_3x3_n2_1fps_1sp_bb.json,s102
1687797693.228486000,5,rover_s102_3x3_n2_1fps_1sp_bb.json,s102
1687797693.229029000,6,rover_s102_3x3_n2_1fps_1sp_bb.json,s102
1687797693.229213000,7,rover_s102_3x3_n2_1fps_1sp_bb.json,s102
1687797693.229638000,8,rover_s102_3x3_n2_1fps_1sp_bb.json,s102
1687797693.229735000,9,rover_s102_3x3_n2_1fps_1sp_bb.json,s102
1687797693.229737000,10,rover_s102_3x3_n2_1fps_1sp_bb.json,s102
1687797693.230704000,11,rover_s102_3x3_n2_1fps_1sp_bb.json,s102
1687797693.230805000,12,rover_s102_3x3_n2_1fps_1sp_bb.json,s102
1687797693.231776000,13,rover_s102_3x3_n2_1fps_1sp_bb.json,s102
1687797693.231876000,14,rover_s102_3x3_n2_1fps_1sp_bb.json,s102
1687797693.231981000,15,rover_s102_3x3_n2_1fps_1sp_bb.json,s102
1687797693.233040000,16,rover_s102_3x3_n2_1fps_1sp_bb.json,s102
1687797693.233042000,17,rover_s102_3x3_n2_1fps_1sp_bb.json,s102
1687797694.254367000,0,rover_s102_3x3_n2_1fps_1sp_bb.json,s102
1687797694.254740000,1,rover_s102_3x3_n2_1fps_1sp_bb.json,s102
1687797694.255963000,2,rover_s102_3x3_n2_1fps_1sp_bb.json,s102
1687797694.255965000,3,rover_s102_3x3_n2_1fps_1sp_bb.json,s102
1687797694.256106000,4,rover_s102_3x3_n2_1fps_1sp_bb.json,s102
1687797694.256229000,5,rover_s102_3x3_n2_1fps_1sp_bb.json,s102
1687797694.256392000,6,rover_s102_3x3_n2_1fps_1sp_bb.json,s102
1687797694.256502000,7,rover_s102_3x3_n2_1fps_1sp_bb.json,s102
1687797694.256910000,8,rover_s102_3x3_n2_1fps_1sp_bb.json,s102
1687797694.257011000,9,rover_s102_3x3_n2_1fps_1sp_bb.json,s102
1687797694.257868000,10,rover_s102_3x3_n2_1fps_1sp_bb.json,s102
1687797694.257996000,11,rover_s102_3x3_n2_1fps_1sp_bb.json,s102
1687797694.258432000,12,rover_s102_3x3_n2_1fps_1sp_bb.json,s102
1687797694.258544000,13,rover_s102_3x3_n2_1fps_1sp_bb.json,s102
1687797694.258902000,14,rover_s102_3x3_n2_1fps_1sp_bb.json,s102
1687797694.258903000,15,rover_s102_3x3_n2_1fps_1sp_bb.json,s102
1687797694.260285000,16,rover_s102_3x3_n2_1fps_1sp_bb.json,s102
1687797694.260286000,17,rover_s102_3x3_n2_1fps_1sp_bb.json,s102
1687797694.260425000,18,rover_s102_3x3_n2_1fps_1sp_bb.json,s102
1687797695.286875000,0,rover_s102_3x3_n2_1fps_1sp_bb.json,s102
1687797695.287077000,1,rover_s102_3x3_n2_1fps_1sp_bb.json,s102
1687797695.287174000,2,rover_s102_3x3_n2_1fps_1sp_bb.json,s102
1687797695.287568000,3,rover_s102_3x3_n2_1fps_1sp_bb.json,s102
1687797695.287664000,4,rover_s102_3x3_n2_1fps_1sp_bb.json,s102
1687797695.287665000,5,rover_s102_3x3_n2_1fps_1sp_bb.json,s102
1687797695.287795000,6,rover_s102_3x3_n2_1fps_1sp_bb.json,s102
1687797695.289270000,7,rover_s102_3x3_n2_1fps_1sp_bb.json,s102
1687797696.311584000,0,rover_s102_3x3_n2_1fps_1sp_bb.json,s102
1687797696.311787000,1,rover_s102_3x3_n2_1fps_1sp_bb.json,s102
1687797696.312368000,2,rover_s102_3x3_n2_1fps_1sp_bb.json,s102
1687797696.312473000,3,rover_s102_3x3_n2_1fps_1sp_bb.json,s102
1687797696.312590000,4,rover_s102_3x3_n2_1fps_1sp_bb.json,s102
1687797696.313116000,5,rover_s102_3x3_n2_1fps_1sp_bb.json,s102
1687797696.313228000,6,rover_s102_3x3_n2_1fps_1sp_bb.json,s102
1687797696.313318000,7,rover_s102_3x3_n2_1fps_1sp_bb.json,s102
1687797696.313856000,8,rover_s102_3x3_n2_1fps_1sp_bb.json,s102
1687797696.313978000,9,rover_s102_3x3_n2_1fps_1sp_bb.json,s102
1687797696.314426000,10,rover_s102_3x3_n2_1fps_1sp_bb.json,s102
1687797696.314550000,11,rover_s102_3x3_n2_1fps_1sp_bb.json,s102
1687797696.314552000,12,rover_s102_3x3_n2_1fps_1sp_bb.json,s102
1687797696.315325000,13,rover_s102_3x3_n2_1fps_1sp_bb.json,s102
1687797696.315448000,14,rover_s102_3x3_n2_1fps_1sp_bb.json,s102
1687797696.316500000,15,rover_s102_3x3_n2_1fps_1sp_bb.json,s102
1687797697.336561000,0,rover_s102_3x3_n2_1fps_1sp_bb.json,s102
1687797697.336939000,1,rover_s102_3x3_n2_1fps_1sp_bb.json,s102
1687797697.338237000,2,rover_s102_3x3_n2_1fps_1sp_bb.json,s102
1687797697.338238000,3,rover_s102_3x3_n2_1fps_1sp_bb.json,s102
1687797697.338407000,4,rover_s102_3x3_n2_1fps_1sp_bb.json,s102
1687797697.338531000,5,rover_s102_3x3_n2_1fps_1sp_bb.json,s102
1687797697.339027000,6,rover_s102_3x3_n2_1fps_1sp_bb.json,s102
1687797697.339028000,7,rover_s102_3x3_n2_1fps_1sp_bb.json,s102
1687797697.339224000,8,rover_s102_3x3_n2_1fps_1sp_bb.json,s102
1687797697.339966000,9,rover_s102_3x3_n2_1fps_1sp_bb.json,s102
1687797698.363428000,0,rover_s102_3x3_n2_1fps_1sp_bb.json,s102
1687797698.363630000,1,rover_s102_3x3_n2_1fps_1sp_bb.json,s102
1687797698.364212000,2,rover_s102_3x3_n2_1fps_1sp_bb.json,s102
1687797698.364214000,3,rover_s102_3x3_n2_1fps_1sp_bb.json,s102
1687797698.364366000,4,rover_s102_3x3_n2_1fps_1sp_bb.json,s102
1687797698.364498000,5,rover_s102_3x3_n2_1fps_1sp_bb.json,s102
1687797698.365184000,6,rover_s102_3x3_n2_1fps_1sp_bb.json,s102
1687797698.365319000,7,rover_s102_3x3_n2_1fps_1sp_bb.json,s102
1687797698.365408000,8,rover_s102_3x3_n2_1fps_1sp_bb.json,s102
1687797698.365917000,9,rover_s102_3x3_n2_1fps_1sp_bb.json,s102
1687797698.366037000,10,rover_s102_3x3_n2_1fps_1sp_bb.json,s102
1687797698.366130000,11,rover_s102_3x3_n2_1fps_1sp_bb.json,s102
1687797698.366721000,12,rover_s102_3x3_n2_1fps_1sp_bb.json,s102
1687797698.366825000,13,rover_s102_3x3_n2_1fps_1sp_bb.json,s102
1687797698.366918000,14,rover_s102_3x3_n2_1fps_1sp_bb.json,s102
1687797698.367165000,15,rover_s102_3x3_n2_1fps_1sp_bb.json,s102
1687797699.387176000,0,rover_s102_3x3_n2_1fps_1sp_bb.json,s102
1687797699.387371000,1,rover_s102_3x3_n2_1fps_1sp_bb.json,s102
1687797699.387464000,2,rover_s102_3x3_n2_1fps_1sp_bb.json,s102
1687797699.387825000,3,rover_s102_3x3_n2_1fps_1sp_bb.json,s102
1687797699.387916000,4,rover_s102_3x3_n2_1fps_1sp_bb.json,s102
1687797699.388012000,5,rover_s102_3x3_n2_1fps_1sp_bb.json,s102
1687797699.388523000,6,rover_s102_3x3_n2_1fps_1sp_bb.json,s102
1687797699.388615000,7,rover_s102_3x3_n2_1fps_1sp_bb.json,s102
1687797699.389208000,8,rover_s102_3x3_n2_1fps_1sp_bb.json,s102
1687797699.389289000,9,rover_s102_3x3_n2_1fps_1sp_bb.json,s102
1687797700.412459000,0,rover_s102_3x3_n2_1fps_1sp_bb.json,s102
1687797700.412836000,1,rover_s102_3x3_n2_1fps_1sp_bb.json,s102
1687797700.414247000,2,rover_s102_3x3_n2_1fps_1sp_bb.json,s102
1687797700.414248000,3,rover_s102_3x3_n2_1fps_1sp_bb.json,s102
1687797700.414392000,4,rover_s102_3x3_n2_1fps_1sp_bb.json,s102
1687797700.414509000,5,rover_s102_3x3_n2_1fps_1sp_bb.json,s102
1687797700.414628000,6,rover_s102_3x3_n2_1fps_1sp_bb.json,s102
1687797700.414713000,7,rover_s102_3x3_n2_1fps_1sp_bb.json,s102
1687797700.415048000,8,rover_s102_3x3_n2_1fps_1sp_bb.json,s102
1687797700.415145000,9,rover_s102_3x3_n2_1fps_1sp_bb.json,s102
1687797701.433436000,0,rover_s102_3x3_n2_1fps_1sp_bb.json,s102
1687797701.433641000,1,rover_s102_3x3_n2_1fps_1sp_bb.json,s102
1687797701.433742000,2,rover_s102_3x3_n2_1fps_1sp_bb.json,s102
1687797701.434140000,3,rover_s102_3x3_n2_1fps_1sp_bb.json,s102
1687797701.434240000,4,rover_s102_3x3_n2_1fps_1sp_bb.json,s102
1687797701.434242000,5,rover_s102_3x3_n2_1fps_1sp_bb.json,s102
1687797701.434371000,6,rover_s102_3x3_n2_1fps_1sp_bb.json,s102
1687797701.434858000,7,rover_s102_3x3_n2_1fps_1sp_bb.json,s102
1687797701.434965000,8,rover_s102_3x3_n2_1fps_1sp_bb.json,s102
1687797701.435495000,9,rover_s102_3x3_n2_1fps_1sp_bb.json,s102
1687797701.435593000,10,rover_s102_3x3_n2_1fps_1sp_bb.json,s102
1687797701.435689000,11,rover_s102_3x3_n2_1fps_1sp_bb.json,s102
1687797701.436331000,12,rover_s102_3x3_n2_1fps_1sp_bb.json,s102
1687797701.436458000,13,rover_s102_3x3_n2_1fps_1sp_bb.json,s102
1687797701.437162000,14,rover_s102_3x3_n2_1fps_1sp_bb.json,s102
1687797701.437254000,15,rover_s102_3x3_n2_1fps_1sp_bb.json,s102
1687797702.458964000,0,rover_s102_3x3_n2_1fps_1sp_bb.json,s102
1687797702.459240000,1,rover_s102_3x3_n2_1fps_1sp_bb.json,s102
1687797702.459692000,2,rover_s102_3x3_n2_1fps_1sp_bb.json,s102
1687797702.459797000,3,rover_s102_3x3_n2_1fps_1sp_bb.json,s102
1687797702.459883000,4,rover_s102_3x3_n2_1fps_1sp_bb.json,s102
1687797702.460881000,5,rover_s102_3x3_n2_1fps_1sp_bb.json,s102
1687797702.460999000,6,rover_s102_3x3_n2_1fps_1sp_bb.json,s102
1687797702.461885000,7,rover_s102_3x3_n2_1fps_1sp_bb.json,s102
1687797703.486204000,0,rover_s102_3x3_n2_1fps_1sp_bb.json,s102
1687797703.486600000,1,rover_s102_3x3_n2_1fps_1sp_bb.json,s102
1687797703.487952000,2,rover_s102_3x3_n2_1fps_1sp_bb.json,s102
1687797703.487954000,3,rover_s102_3x3_n2_1fps_1sp_bb.json,s102
1687797703.488092000,4,rover_s102_3x3_n2_1fps_1sp_bb.json,s102
1687797703.488210000,5,rover_s102_3x3_n2_1fps_1sp_bb.json,s102
1687797703.488331000,6,rover_s102_3x3_n2_1fps_1sp_bb.json,s102
1687797703.488412000,7,rover_s102_3x3_n2_1fps_1sp_bb.json,s102
1687797703.488897000,8,rover_s102_3x3_n2_1fps_1sp_bb.json,s102
1687797704.505976000,0,rover_s102_3x3_n2_1fps_1sp_bb.json,s102
1687797704.506395000,1,rover_s102_3x3_n2_1fps_1sp_bb.json,s102
1687797704.506488000,2,rover_s102_3x3_n2_1fps_1sp_bb.json,s102
1687797704.507921000,3,rover_s102_3x3_n2_1fps_1sp_bb.json,s102
1687797705.527792000,0,rover_s102_3x3_n2_1fps_1sp_bb.json,s102
1687797705.528001000,1,rover_s102_3x3_n2_1fps_1sp_bb.json,s102
1687797705.528350000,2,rover_s102_3x3_n2_1fps_1sp_bb.json,s102
1687797705.528461000,3,rover_s102_3x3_n2_1fps_1sp_bb.json,s102
1687797705.529202000,4,rover_s102_3x3_n2_1fps_1sp_bb.json,s102
1687797705.529321000,5,rover_s102_3x3_n2_1fps_1sp_bb.json,s102
1687797705.530824000,6,rover_s102_3x3_n2_1fps_1sp_bb.json,s102
1687797705.530952000,7,rover_s102_3x3_n2_1fps_1sp_bb.json,s102
1687797706.546943000,0,rover_s102_3x3_n2_1fps_1sp_bb.json,s102
1687797706.547324000,1,rover_s102_3x3_n2_1fps_1sp_bb.json,s102
1687797706.548723000,2,rover_s102_3x3_n2_1fps_1sp_bb.json,s102
1687797706.548724000,3,rover_s102_3x3_n2_1fps_1sp_bb.json,s102
1687797706.548855000,4,rover_s102_3x3_n2_1fps_1sp_bb.json,s102
1687797706.548976000,5,rover_s102_3x3_n2_1fps_1sp_bb.json,s102
1687797706.549162000,6,rover_s102_3x3_n2_1fps_1sp_bb.json,s102
1687797706.549243000,7,rover_s102_3x3_n2_1fps_1sp_bb.json,s102
1687797706.549661000,8,rover_s102_3x3_n2_1fps_1sp_bb.json,s102
1687797707.573205000,0,rover_s102_3x3_n2_1fps_1sp_bb.json,s102
1687797707.573412000,1,rover_s102_3x3_n2_1fps_1sp_bb.json,s102
1687797707.573942000,2,rover_s102_3x3_n2_1fps_1sp_bb.json,s102
1687797707.574040000,3,rover_s102_3x3_n2_1fps_1sp_bb.json,s102
1687797707.574140000,4,rover_s102_3x3_n2_1fps_1sp_bb.json,s102
1687797707.574578000,5,rover_s102_3x3_n2_1fps_1sp_bb.json,s102
1687797707.574685000,6,rover_s102_3x3_n2_1fps_1sp_bb.json,s102
1687797707.575889000,7,rover_s102_3x3_n2_1fps_1sp_bb.json,s102
1687797708.593687000,0,rover_s102_3x3_n2_1fps_1sp_bb.json,s102
1687797708.593906000,1,rover_s102_3x3_n2_1fps_1sp_bb.json,s102
1687797708.594489000,2,rover_s102_3x3_n2_1fps_1sp_bb.json,s102
1687797708.594597000,3,rover_s102_3x3_n2_1fps_1sp_bb.json,s102
1687797708.594708000,4,rover_s102_3x3_n2_1fps_1sp_bb.json,s102
1687797708.595345000,5,rover_s102_3x3_n2_1fps_1sp_bb.json,s102
1687797708.595347000,6,rover_s102_3x3_n2_1fps_1sp_bb.json,s102
1687797708.595475000,7,rover_s102_3x3_n2_1fps_1sp_bb.json,s102
1687797708.595902000,8,rover_s102_3x3_n2_1fps_1sp_bb.json,s102
1687797708.596001000,9,rover_s102_3x3_n2_1fps_1sp_bb.json,s102
1687797709.616839000,0,rover_s102_3x3_n2_1fps_1sp_bb.json,s102
1687797709.617211000,1,rover_s102_3x3_n2_1fps_1sp_bb.json,s102
1687797709.618563000,2,rover_s102_3x3_n2_1fps_1sp_bb.json,s102
1687797709.618564000,3,rover_s102_3x3_n2_1fps_1sp_bb.json,s102
1687797709.618697000,4,rover_s102_3x3_n2_1fps_1sp_bb.json,s102
1687797709.618805000,5,rover_s102_3x3_n2_1fps_1sp_bb.json,s102
1687797709.618908000,6,rover_s102_3x3_n2_1fps_1sp_bb.json,s102
1687797709.619572000,7,rover_s102_3x3_n2_1fps_1sp_bb.json,s102
1687797710.641430000,0,rover_s102_3x3_n2_1fps_1sp_bb.json,s102
1687797710.641648000,1,rover_s102_3x3_n2_1fps_1sp_bb.json,s102
1687797710.641993000,2,rover_s102_3x3_n2_1fps_1sp_bb.json,s102
1687797710.641994000,3,rover_s102_3x3_n2_1fps_1sp_bb.json,s102
1687797710.642387000,4,rover_s102_3x3_n2_1fps_1sp_bb.json,s102
1687797710.642478000,5,rover_s102_3x3_n2_1fps_1sp_bb.json,s102
1687797710.643016000,6,rover_s102_3x3_n2_1fps_1sp_bb.json,s102
1687797710.643905000,7,rover_s102_3x3_n2_1fps_1sp_bb.json,s102
1687797711.665149000,0,rover_s102_3x3_n2_1fps_1sp_bb.json,s102
1687797711.665363000,1,rover_s102_3x3_n2_1fps_1sp_bb.json,s102
1687797711.665885000,2,rover_s102_3x3_n2_1fps_1sp_bb.json,s102
1687797711.665985000,3,rover_s102_3x3_n2_1fps_1sp_bb.json,s102
1687797711.666074000,4,rover_s102_3x3_n2_1fps_1sp_bb.json,s102
1687797711.666552000,5,rover_s102_3x3_n2_1fps_1sp_bb.json,s102
1687797711.666658000,6,rover_s102_3x3_n2_1fps_1sp_bb.json,s102
1687797711.667001000,7,rover_s102_3x3_n2_1fps_1sp_bb.json,s102
1687797711.667095000,8,rover_s102_3x3_n2_1fps_1sp_bb.json,s102
1687797711.667468000,9,rover_s102_3x3_n2_1fps_1sp_bb.json,s102
1687797711.667565000,10,rover_s102_3x3_n2_1fps_1sp_bb.json,s102
1687797711.667876000,11,rover_s102_3x3_n2_1fps_1sp_bb.json,s102
1687797711.668497000,12,rover_s102_3x3_n2_1fps_1sp_bb.json,s102
1687797711.668586000,13,rover_s102_3x3_n2_1fps_1sp_bb.json,s102
1687797711.669156000,14,rover_s102_3x3_n2_1fps_1sp_bb.json,s102
1687797711.669258000,15,rover_s102_3x3_n2_1fps_1sp_bb.json,s102
1687797712.688636000,0,rover_s102_3x3_n2_1fps_1sp_bb.json,s102
1687797712.689004000,1,rover_s102_3x3_n2_1fps_1sp_bb.json,s102
1687797712.690222000,2,rover_s102_3x3_n2_1fps_1sp_bb.json,s102
1687797712.690223000,3,rover_s102_3x3_n2_1fps_1sp_bb.json,s102
1687797712.690351000,4,rover_s102_3x3_n2_1fps_1sp_bb.json,s102
1687797712.690458000,5,rover_s102_3x3_n2_1fps_1sp_bb.json,s102
1687797712.691132000,6,rover_s102_3x3_n2_1fps_1sp_bb.json,s102
1687797712.691252000,7,rover_s102_3x3_n2_1fps_1sp_bb.json,s102
1687797712.691254000,8,rover_s102_3x3_n2_1fps_1sp_bb.json,s102
1687797712.692303000,9,rover_s102_3x3_n2_1fps_1sp_bb.json,s102
1687797713.716624000,0,rover_s102_3x3_n2_1fps_1sp_bb.json,s102
1687797713.716833000,1,rover_s102_3x3_n2_1fps_1sp_bb.json,s102
1687797713.716922000,2,rover_s102_3x3_n2_1fps_1sp_bb.json,s102
1687797713.717263000,3,rover_s102_3x3_n2_1fps_1sp_bb.json,s102
1687797713.717365000,4,rover_s102_3x3_n2_1fps_1sp_bb.json,s102
1687797713.717460000,5,rover_s102_3x3_n2_1fps_1sp_bb.json,s102
1687797713.718124000,6,rover_s102_3x3_n2_1fps_1sp_bb.json,s102
1687797713.719592000,7,rover_s102_3x3_n2_1fps_1sp_bb.json,s102
1687797714.740762000,0,rover_s102_3x3_n2_1fps_1sp_bb.json,s102
1687797714.740992000,1,rover_s102_3x3_n2_1fps_1sp_bb.json,s102
1687797714.741532000,2,rover_s102_3x3_n2_1fps_1sp_bb.json,s102
1687797714.741534000,3,rover_s102_3x3_n2_1fps_1sp_bb.json,s102
1687797714.741654000,4,rover_s102_3x3_n2_1fps_1sp_bb.json,s102
1687797714.741785000,5,rover_s102_3x3_n2_1fps_1sp_bb.json,s102
1687797714.742374000,6,rover_s102_3x3_n2_1fps_1sp_bb.json,s102
1687797714.742512000,7,rover_s102_3x3_n2_1fps_1sp_bb.json,s102
1687797714.743729000,8,rover_s102_3x3_n2_1fps_1sp_bb.json,s102
1687797714.743830000,9,rover_s102_3x3_n2_1fps_1sp_bb.json,s102
1687797715.763059000,0,rover_s102_3x3_n2_1fps_1sp_bb.json,s102
1687797715.763433000,1,rover_s102_3x3_n2_1fps_1sp_bb.json,s102
1687797715.764681000,2,rover_s102_3x3_n2_1fps_1sp_bb.json,s102
1687797715.764682000,3,rover_s102_3x3_n2_1fps_1sp_bb.json,s102
1687797715.764803000,4,rover_s102_3x3_n2_1fps_1sp_bb.json,s102
1687797715.764930000,5,rover_s102_3x3_n2_1fps_1sp_bb.json,s102
1687797715.765056000,6,rover_s102_3x3_n2_1fps_1sp_bb.json,s102
1687797715.765150000,7,rover_s102_3x3_n2_1fps_1sp_bb.json,s102
1687797715.765620000,8,rover_s102_3x3_n2_1fps_1sp_bb.json,s102
1687797715.765719000,9,rover_s102_3x3_n2_1fps_1sp_bb.json,s102
1687797716.785417000,0,rover_s102_3x3_n2_1fps_1sp_bb.json,s102
1687797716.785987000,1,rover_s102_3x3_n2_1fps_1sp_bb.json,s102
1687797716.785989000,2,rover_s102_3x3_n2_1fps_1sp_bb.json,s102
1687797716.786137000,3,rover_s102_3x3_n2_1fps_1sp_bb.json,s102
1687797716.786661000,4,rover_s102_3x3_n2_1fps_1sp_bb.json,s102
1687797716.786787000,5,rover_s102_3x3_n2_1fps_1sp_bb.json,s102
1687797716.787121000,6,rover_s102_3x3_n2_1fps_1sp_bb.json,s102
1687797716.787222000,7,rover_s102_3x3_n2_1fps_1sp_bb.json,s102
1687797716.788409000,8,rover_s102_3x3_n2_1fps_1sp_bb.json,s102
1687797716.788559000,9,rover_s102_3x3_n2_1fps_1sp_bb.json,s102
1687797716.788839000,10,rover_s102_3x3_n2_1fps_1sp_bb.json,s102
1687797716.788929000,11,rover_s102_3x3_n2_1fps_1sp_bb.json,s102
1687797716.789698000,12,rover_s102_3x3_n2_1fps_1sp_bb.json,s102
1687797716.789806000,13,rover_s102_3x3_n2_1fps_1sp_bb.json,s102
1687797716.790872000,14,rover_s102_3x3_n2_1fps_1sp_bb.json,s102
1687797717.809242000,0,rover_s102_3x3_n2_1fps_1sp_bb.json,s102
1687797717.809455000,1,rover_s102_3x3_n2_1fps_1sp_bb.json,s102
1687797717.809806000,2,rover_s102_3x3_n2_1fps_1sp_bb.json,s102
1687797717.809808000,3,rover_s102_3x3_n2_1fps_1sp_bb.json,s102
1687797717.809927000,4,rover_s102_3x3_n2_1fps_1sp_bb.json,s102
1687797717.810024000,5,rover_s102_3x3_n2_1fps_1sp_bb.json,s102
1687797717.811238000,6,rover_s102_3x3_n2_1fps_1sp_bb.json,s102
1687797717.811380000,7,rover_s102_3x3_n2_1fps_1sp_bb.json,s102
1687797717.811382000,8,rover_s102_3x3_n2_1fps_1sp_bb.json,s102
1687797717.812362000,9,rover_s102_3x3_n2_1fps_1sp_bb.json,s102
1687797718.831760000,0,rover_s102_3x3_n2_1fps_1sp_bb.json,s102
1687797718.832137000,1,rover_s102_3x3_n2_1fps_1sp_bb.json,s102
1687797718.833521000,2,rover_s102_3x3_n2_1fps_1sp_bb.json,s102
1687797718.833523000,3,rover_s102_3x3_n2_1fps_1sp_bb.json,s102
1687797718.833661000,4,rover_s102_3x3_n2_1fps_1sp_bb.json,s102
1687797718.833772000,5,rover_s102_3x3_n2_1fps_1sp_bb.json,s102
1687797718.833876000,6,rover_s102_3x3_n2_1fps_1sp_bb.json,s102
1687797719.856960000,0,rover_s102_3x3_n2_1fps_1sp_bb.json,s102
1687797719.857180000,1,rover_s102_3x3_n2_1fps_1sp_bb.json,s102
1687797719.857614000,2,rover_s102_3x3_n2_1fps_1sp_bb.json,s102
1687797719.857710000,3,rover_s102_3x3_n2_1fps_1sp_bb.json,s102
1687797719.857712000,4,rover_s102_3x3_n2_1fps_1sp_bb.json,s102
1687797719.858240000,5,rover_s102_3x3_n2_1fps_1sp_bb.json,s102
1687797719.858241000,6,rover_s102_3x3_n2_1fps_1sp_bb.json,s102
1687797719.858556000,7,rover_s102_3x3_n2_1fps_1sp_bb.json,s102
1687797719.860121000,8,rover_s102_3x3_n2_1fps_1sp_bb.json,s102
1687797719.860239000,9,rover_s102_3x3_n2_1fps_1sp_bb.json,s102
1687797720.879732000,0,rover_s102_3x3_n2_1fps_1sp_bb.json,s102
1687797720.879937000,1,rover_s102_3x3_n2_1fps_1sp_bb.json,s102
1687797720.880472000,2,rover_s102_3x3_n2_1fps_1sp_bb.json,s102
1687797720.880569000,3,rover_s102_3x3_n2_1fps_1sp_bb.json,s102
1687797720.880672000,4,rover_s102_3x3_n2_1fps_1sp_bb.json,s102
1687797720.881076000,5,rover_s102_3x3_n2_1fps_1sp_bb.json,s102
1687797720.881181000,6,rover_s102_3x3_n2_1fps_1sp_bb.json,s102
1687797720.882730000,7,rover_s102_3x3_n2_1fps_1sp_bb.json,s102
1687797721.905440000,0,rover_s102_3x3_n2_1fps_1sp_bb.json,s102
1687797721.905814000,1,rover_s102_3x3_n2_1fps_1sp_bb.json,s102
1687797721.907030000,2,rover_s102_3x3_n2_1fps_1sp_bb.json,s102
1687797721.907032000,3,rover_s102_3x3_n2_1fps_1sp_bb.json,s102
1687797721.907152000,4,rover_s102_3x3_n2_1fps_1sp_bb.json,s102
1687797721.907271000,5,rover_s102_3x3_n2_1fps_1sp_bb.json,s102
1687797721.907388000,6,rover_s102_3x3_n2_1fps_1sp_bb.json,s102
1687797721.907488000,7,rover_s102_3x3_n2_1fps_1sp_bb.json,s102
1687797721.907980000,8,rover_s102_3x3_n2_1fps_1sp_bb.json,s102
1687797721.908082000,9,rover_s102_3x3_n2_1fps_1sp_bb.json,s102
1687797722.931333000,0,rover_s102_3x3_n2_1fps_1sp_bb.json,s102
1687797722.931535000,1,rover_s102_3x3_n2_1fps_1sp_bb.json,s102
1687797722.932144000,2,rover_s102_3x3_n2_1fps_1sp_bb.json,s102
1687797722.932146000,3,rover_s102_3x3_n2_1fps_1sp_bb.json,s102
1687797722.932294000,4,rover_s102_3x3_n2_1fps_1sp_bb.json,s102
1687797722.932390000,5,rover_s102_3x3_n2_1fps_1sp_bb.json,s102
1687797722.932763000,6,rover_s102_3x3_n2_1fps_1sp_bb.json,s102
1687797722.932869000,7,rover_s102_3x3_n2_1fps_1sp_bb.json,s102
1687797722.933546000,8,rover_s102_3x3_n2_1fps_1sp_bb.json,s102
1687797723.954240000,0,rover_s102_3x3_n2_1fps_1sp_bb.json,s102
1687797723.954445000,1,rover_s102_3x3_n2_1fps_1sp_bb.json,s102
1687797723.954540000,2,rover_s102_3x3_n2_1fps_1sp_bb.json,s102
1687797723.954940000,3,rover_s102_3x3_n2_1fps_1sp_bb.json,s102
1687797723.955041000,4,rover_s102_3x3_n2_1fps_1sp_bb.json,s102
1687797723.955043000,5,rover_s102_3x3_n2_1fps_1sp_bb.json,s102
1687797723.955227000,6,rover_s102_3x3_n2_1fps_1sp_bb.json,s102
1687797723.955770000,7,rover_s102_3x3_n2_1fps_1sp_bb.json,s102
1687797723.955919000,8,rover_s102_3x3_n2_1fps_1sp_bb.json,s102
1687797723.957242000,9,rover_s102_3x3_n2_1fps_1sp_bb.json,s102
1687797723.957361000,10,rover_s102_3x3_n2_1fps_1sp_bb.json,s102
1687797724.975495000,0,rover_s102_3x3_n2_1fps_1sp_bb.json,s102
1687797724.975879000,1,rover_s102_3x3_n2_1fps_1sp_bb.json,s102
1687797724.977337000,2,rover_s102_3x3_n2_1fps_1sp_bb.json,s102
1687797724.977339000,3,rover_s102_3x3_n2_1fps_1sp_bb.json,s102
1687797724.977590000,4,rover_s102_3x3_n2_1fps_1sp_bb.json,s102
1687797724.977842000,5,rover_s102_3x3_n2_1fps_1sp_bb.json,s102
1687797724.978095000,6,rover_s102_3x3_n2_1fps_1sp_bb.json,s102
1687797724.978263000,7,rover_s102_3x3_n2_1fps_1sp_bb.json,s102
1687797726.001655000,0,rover_s102_3x3_n2_1fps_1sp_bb.json,s102
1687797726.001864000,1,rover_s102_3x3_n2_1fps_1sp_bb.json,s102
1687797726.001974000,2,rover_s102_3x3_n2_1fps_1sp_bb.json,s102
1687797726.002388000,3,rover_s102_3x3_n2_1fps_1sp_bb.json,s102
1687797726.002484000,4,rover_s102_3x3_n2_1fps_1sp_bb.json,s102
1687797726.002580000,5,rover_s102_3x3_n2_1fps_1sp_bb.json,s102
1687797726.002692000,6,rover_s102_3x3_n2_1fps_1sp_bb.json,s102
1687797726.003113000,7,rover_s102_3x3_n2_1fps_1sp_bb.json,s102
1687797726.003222000,8,rover_s102_3x3_n2_1fps_1sp_bb.json,s102
1687797726.004521000,9,rover_s102_3x3_n2_1fps_1sp_bb.json,s102
1687797727.022983000,0,rover_s102_3x3_n2_1fps_1sp_bb.json,s102
1687797727.023187000,1,rover_s102_3x3_n2_1fps_1sp_bb.json,s102
1687797727.023280000,2,rover_s102_3x3_n2_1fps_1sp_bb.json,s102
1687797727.023761000,3,rover_s102_3x3_n2_1fps_1sp_bb.json,s102
1687797727.023857000,4,rover_s102_3x3_n2_1fps_1sp_bb.json,s102
1687797727.023956000,5,rover_s102_3x3_n2_1fps_1sp_bb.json,s102
1687797727.024060000,6,rover_s102_3x3_n2_1fps_1sp_bb.json,s102
1687797727.024503000,7,rover_s102_3x3_n2_1fps_1sp_bb.json,s102
1687797727.024607000,8,rover_s102_3x3_n2_1fps_1sp_bb.json,s102
1687797727.025445000,9,rover_s102_3x3_n2_1fps_1sp_bb.json,s102
1687797728.045251000,0,rover_s102_3x3_n2_1fps_1sp_bb.json,s102
1687797728.045630000,1,rover_s102_3x3_n2_1fps_1sp_bb.json,s102
1687797728.047136000,2,rover_s102_3x3_n2_1fps_1sp_bb.json,s102
1687797728.047138000,3,rover_s102_3x3_n2_1fps_1sp_bb.json,s102
1687797728.047262000,4,rover_s102_3x3_n2_1fps_1sp_bb.json,s102
1687797728.047367000,5,rover_s102_3x3_n2_1fps_1sp_bb.json,s102
1687797728.047491000,6,rover_s102_3x3_n2_1fps_1sp_bb.json,s102
1687797728.047586000,7,rover_s102_3x3_n2_1fps_1sp_bb.json,s102
1687797728.048167000,8,rover_s102_3x3_n2_1fps_1sp_bb.json,s102
1687797729.067393000,0,rover_s102_3x3_n2_1fps_1sp_bb.json,s102
1687797729.067610000,1,rover_s102_3x3_n2_1fps_1sp_bb.json,s102
1687797729.067984000,2,rover_s102_3x3_n2_1fps_1sp_bb.json,s102
1687797729.067985000,3,rover_s102_3x3_n2_1fps_1sp_bb.json,s102
1687797729.068115000,4,rover_s102_3x3_n2_1fps_1sp_bb.json,s102
1687797729.068648000,5,rover_s102_3x3_n2_1fps_1sp_bb.json,s102
1687797729.068761000,6,rover_s102_3x3_n2_1fps_1sp_bb.json,s102
1687797729.069921000,7,rover_s102_3x3_n2_1fps_1sp_bb.json,s102
1687797730.095693000,0,rover_s102_3x3_n2_1fps_1sp_bb.json,s102
1687797730.095916000,1,rover_s102_3x3_n2_1fps_1sp_bb.json,s102
1687797730.097963000,2,rover_s102_3x3_n2_1fps_1sp_bb.json,s102
1687797730.098087000,3,rover_s102_3x3_n2_1fps_1sp_bb.json,s102
1687797730.098088000,4,rover_s102_3x3_n2_1fps_1sp_bb.json,s102
1687797730.098231000,5,rover_s102_3x3_n2_1fps_1sp_bb.json,s102
1687797730.098344000,6,rover_s102_3x3_n2_1fps_1sp_bb.json,s102
1687797730.098967000,7,rover_s102_3x3_n2_1fps_1sp_bb.json,s102
1687797730.098969000,8,rover_s102_3x3_n2_1fps_1sp_bb.json,s102
1687797730.099172000,9,rover_s102_3x3_n2_1fps_1sp_bb.json,s102
1687797730.100010000,10,rover_s102_3x3_n2_1fps_1sp_bb.json,s102
1687797731.119524000,0,rover_s102_3x3_n2_1fps_1sp_bb.json,s102
1687797731.119893000,1,rover_s102_3x3_n2_1fps_1sp_bb.json,s102
1687797731.121143000,2,rover_s102_3x3_n2_1fps_1sp_bb.json,s102
1687797731.121145000,3,rover_s102_3x3_n2_1fps_1sp_bb.json,s102
1687797731.121283000,4,rover_s102_3x3_n2_1fps_1sp_bb.json,s102
1687797731.121400000,5,rover_s102_3x3_n2_1fps_1sp_bb.json,s102
1687797731.121504000,6,rover_s102_3x3_n2_1fps_1sp_bb.json,s102
1687797731.121956000,7,rover_s102_3x3_n2_1fps_1sp_bb.json,s102
1687797731.122055000,8,rover_s102_3x3_n2_1fps_1sp_bb.json,s102
1687797731.122150000,9,rover_s102_3x3_n2_1fps_1sp_bb.json,s102
1687797731.122640000,10,rover_s102_3x3_n2_1fps_1sp_bb.json,s102
1687797731.122745000,11,rover_s102_3x3_n2_1fps_1sp_bb.json,s102
1687797732.142693000,0,rover_s102_3x3_n2_1fps_1sp_bb.json,s102
1687797732.142902000,1,rover_s102_3x3_n2_1fps_1sp_bb.json,s102
1687797732.143007000,2,rover_s102_3x3_n2_1fps_1sp_bb.json,s102
1687797732.143097000,3,rover_s102_3x3_n2_1fps_1sp_bb.json,s102
1687797732.144076000,4,rover_s102_3x3_n2_1fps_1sp_bb.json,s102
1687797732.144221000,5,rover_s102_3x3_n2_1fps_1sp_bb.json,s102
1687797732.144325000,6,rover_s102_3x3_n2_1fps_1sp_bb.json,s102
1687797732.146928000,7,rover_s102_3x3_n2_1fps_1sp_bb.json,s102
1687797733.176889000,0,rover_s102_3x3_n2_1fps_1sp_bb.json,s102
1687797733.177097000,1,rover_s102_3x3_n2_1fps_1sp_bb.json,s102
1687797733.177219000,2,rover_s102_3x3_n2_1fps_1sp_bb.json,s102
1687797733.177512000,3,rover_s102_3x3_n2_1fps_1sp_bb.json,s102
1687797733.177613000,4,rover_s102_3x3_n2_1fps_1sp_bb.json,s102
1687797733.177709000,5,rover_s102_3x3_n2_1fps_1sp_bb.json,s102
1687797733.178164000,6,rover_s102_3x3_n2_1fps_1sp_bb.json,s102
1687797733.178269000,7,rover_s102_3x3_n2_1fps_1sp_bb.json,s102
1687797733.178681000,8,rover_s102_3x3_n2_1fps_1sp_bb.json,s102
1687797733.178786000,9,rover_s102_3x3_n2_1fps_1sp_bb.json,s102
1687797734.200602000,0,rover_s102_3x3_n2_1fps_1sp_bb.json,s102
1687797734.200977000,1,rover_s102_3x3_n2_1fps_1sp_bb.json,s102
1687797734.202371000,2,rover_s102_3x3_n2_1fps_1sp_bb.json,s102
1687797734.202373000,3,rover_s102_3x3_n2_1fps_1sp_bb.json,s102
1687797734.202501000,4,rover_s102_3x3_n2_1fps_1sp_bb.json,s102
1687797734.202606000,5,rover_s102_3x3_n2_1fps_1sp_bb.json,s102
1687797734.202723000,6,rover_s102_3x3_n2_1fps_1sp_bb.json,s102
1687797734.202813000,7,rover_s102_3x3_n2_1fps_1sp_bb.json,s102
1687797734.203927000,8,rover_s102_3x3_n2_1fps_1sp_bb.json,s102
1687797735.223074000,0,rover_s102_3x3_n2_1fps_1sp_bb.json,s102
1687797735.223276000,1,rover_s102_3x3_n2_1fps_1sp_bb.json,s102
1687797735.223363000,2,rover_s102_3x3_n2_1fps_1sp_bb.json,s102
1687797735.223797000,3,rover_s102_3x3_n2_1fps_1sp_bb.json,s102
1687797735.223894000,4,rover_s102_3x3_n2_1fps_1sp_bb.json,s102
1687797735.223985000,5,rover_s102_3x3_n2_1fps_1sp_bb.json,s102
1687797735.224740000,6,rover_s102_3x3_n2_1fps_1sp_bb.json,s102
1687797735.224853000,7,rover_s102_3x3_n2_1fps_1sp_bb.json,s102
1687797735.225744000,8,rover_s102_3x3_n2_1fps_1sp_bb.json,s102
1687797736.247237000,0,rover_s102_3x3_n2_1fps_1sp_bb.json,s102
1687797736.247448000,1,rover_s102_3x3_n2_1fps_1sp_bb.json,s102
1687797736.247557000,2,rover_s102_3x3_n2_1fps_1sp_bb.json,s102
1687797736.248098000,3,rover_s102_3x3_n2_1fps_1sp_bb.json,s102
1687797736.248202000,4,rover_s102_3x3_n2_1fps_1sp_bb.json,s102
1687797736.248203000,5,rover_s102_3x3_n2_1fps_1sp_bb.json,s102
1687797736.248375000,6,rover_s102_3x3_n2_1fps_1sp_bb.json,s102
1687797736.249011000,7,rover_s102_3x3_n2_1fps_1sp_bb.json,s102
1687797736.249198000,8,rover_s102_3x3_n2_1fps_1sp_bb.json,s102
1687797736.250135000,9,rover_s102_3x3_n2_1fps_1sp_bb.json,s102
1687797737.275940000,0,rover_s102_3x3_n2_1fps_1sp_bb.json,s102
1687797737.282109000,1,rover_s102_3x3_n2_1fps_1sp_bb.json,s102
1687797737.287599000,2,rover_s102_3x3_n2_1fps_1sp_bb.json,s102
1687797737.287600000,3,rover_s102_3x3_n2_1fps_1sp_bb.json,s102
1687797737.287770000,4,rover_s102_3x3_n2_1fps_1sp_bb.json,s102
1687797737.287894000,5,rover_s102_3x3_n2_1fps_1sp_bb.json,s102
1687797737.288020000,6,rover_s102_3x3_n2_1fps_1sp_bb.json,s102
1687797737.288096000,7,rover_s102_3x3_n2_1fps_1sp_bb.json,s102
1687797737.288450000,8,rover_s102_3x3_n2_1fps_1sp_bb.json,s102
1687797738.308528000,0,rover_s102_3x3_n2_1fps_1sp_bb.json,s102
1687797738.308764000,1,rover_s102_3x3_n2_1fps_1sp_bb.json,s102
1687797738.308889000,2,rover_s102_3x3_n2_1fps_1sp_bb.json,s102
1687797738.309267000,3,rover_s102_3x3_n2_1fps_1sp_bb.json,s102
1687797738.309365000,4,rover_s102_3x3_n2_1fps_1sp_bb.json,s102
1687797738.309515000,5,rover_s102_3x3_n2_1fps_1sp_bb.json,s102
1687797738.309516000,6,rover_s102_3x3_n2_1fps_1sp_bb.json,s102
1687797738.310236000,7,rover_s102_3x3_n2_1fps_1sp_bb.json,s102
1687797738.310355000,8,rover_s102_3x3_n2_1fps_1sp_bb.json,s102
1687797739.332588000,0,rover_s102_3x3_n2_1fps_1sp_bb.json,s102
1687797739.332789000,1,rover_s102_3x3_n2_1fps_1sp_bb.json,s102
1687797739.333333000,2,rover_s102_3x3_n2_1fps_1sp_bb.json,s102
1687797739.333437000,3,rover_s102_3x3_n2_1fps_1sp_bb.json,s102
1687797739.333545000,4,rover_s102_3x3_n2_1fps_1sp_bb.json,s102
1687797739.334064000,5,rover_s102_3x3_n2_1fps_1sp_bb.json,s102
1687797739.334184000,6,rover_s102_3x3_n2_1fps_1sp_bb.json,s102
1687797739.335346000,7,rover_s102_3x3_n2_1fps_1sp_bb.json,s102
1687797740.351674000,0,rover_s102_3x3_n2_1fps_1sp_bb.json,s102
1687797740.352049000,1,rover_s102_3x3_n2_1fps_1sp_bb.json,s102
1687797740.353404000,2,rover_s102_3x3_n2_1fps_1sp_bb.json,s102
1687797740.353406000,3,rover_s102_3x3_n2_1fps_1sp_bb.json,s102
1687797740.353559000,4,rover_s102_3x3_n2_1fps_1sp_bb.json,s102
1687797740.353685000,5,rover_s102_3x3_n2_1fps_1sp_bb.json,s102
1687797740.353793000,6,rover_s102_3x3_n2_1fps_1sp_bb.json,s102
1687797740.354152000,7,rover_s102_3x3_n2_1fps_1sp_bb.json,s102
1687797740.354238000,8,rover_s102_3x3_n2_1fps_1sp_bb.json,s102
1687797741.374846000,0,rover_s102_3x3_n2_1fps_1sp_bb.json,s102
1687797741.375046000,1,rover_s102_3x3_n2_1fps_1sp_bb.json,s102
1687797741.375436000,2,rover_s102_3x3_n2_1fps_1sp_bb.json,s102
1687797741.375534000,3,rover_s102_3x3_n2_1fps_1sp_bb.json,s102
1687797741.376004000,4,rover_s102_3x3_n2_1fps_1sp_bb.json,s102
1687797741.376113000,5,rover_s102_3x3_n2_1fps_1sp_bb.json,s102
1687797741.376701000,6,rover_s102_3x3_n2_1fps_1sp_bb.json,s102
1687797741.376812000,7,rover_s102_3x3_n2_1fps_1sp_bb.json,s102
1687797741.377710000,8,rover_s102_3x3_n2_1fps_1sp_bb.json,s102
1687797742.400821000,0,rover_s102_3x3_n2_1fps_1sp_bb.json,s102
1687797742.401041000,1,rover_s102_3x3_n2_1fps_1sp_bb.json,s102
1687797742.401625000,2,rover_s102_3x3_n2_1fps_1sp_bb.json,s102
1687797742.401626000,3,rover_s102_3x3_n2_1fps_1sp_bb.json,s102
1687797742.401767000,4,rover_s102_3x3_n2_1fps_1sp_bb.json,s102
1687797742.401872000,5,rover_s102_3x3_n2_1fps_1sp_bb.json,s102
1687797742.402429000,6,rover_s102_3x3_n2_1fps_1sp_bb.json,s102
1687797742.402557000,7,rover_s102_3x3_n2_1fps_1sp_bb.json,s102
1687797742.402656000,8,rover_s102_3x3_n2_1fps_1sp_bb.json,s102
1687797742.403256000,9,rover_s102_3x3_n2_1fps_1sp_bb.json,s102
1687797742.403362000,10,rover_s102_3x3_n2_1fps_1sp_bb.json,s102
1687797742.403459000,11,rover_s102_3x3_n2_1fps_1sp_bb.json,s102
1687797742.404174000,12,rover_s102_3x3_n2_1fps_1sp_bb.json,s102
1687797742.404285000,13,rover_s102_3x3_n2_1fps_1sp_bb.json,s102
1687797742.404374000,14,rover_s102_3x3_n2_1fps_1sp_bb.json,s102
1687797742.404765000,15,rover_s102_3x3_n2_1fps_1sp_bb.json,s102
1687797742.404869000,16,rover_s102_3x3_n2_1fps_1sp_bb.json,s102
1687797742.405257000,17,rover_s102_3x3_n2_1fps_1sp_bb.json,s102
1687797742.405365000,18,rover_s102_3x3_n2_1fps_1sp_bb.json,s102
1687797742.405939000,19,rover_s102_3x3_n2_1fps_1sp_bb.json,s102
1687797742.406059000,20,rover_s102_3x3_n2_1fps_1sp_bb.json,s102
1687797742.406963000,21,rover_s102_3x3_n2_1fps_1sp_bb.json,s102
1687797743.429305000,0,rover_s102_3x3_n2_1fps_1sp_bb.json,s102
1687797743.429662000,1,rover_s102_3x3_n2_1fps_1sp_bb.json,s102
1687797743.430522000,2,rover_s102_3x3_n2_1fps_1sp_bb.json,s102
1687797743.430624000,3,rover_s102_3x3_n2_1fps_1sp_bb.json,s102
1687797743.430719000,4,rover_s102_3x3_n2_1fps_1sp_bb.json,s102
1687797743.431172000,5,rover_s102_3x3_n2_1fps_1sp_bb.json,s102
1687797743.431283000,6,rover_s102_3x3_n2_1fps_1sp_bb.json,s102
1687797743.431376000,7,rover_s102_3x3_n2_1fps_1sp_bb.json,s102
1687797743.431828000,8,rover_s102_3x3_n2_1fps_1sp_bb.json,s102
1687797743.431922000,9,rover_s102_3x3_n2_1fps_1sp_bb.json,s102
1687797743.432377000,10,rover_s102_3x3_n2_1fps_1sp_bb.json,s102
1687797743.432489000,11,rover_s102_3x3_n2_1fps_1sp_bb.json,s102
1687797743.433213000,12,rover_s102_3x3_n2_1fps_1sp_bb.json,s102
1687797743.433330000,13,rover_s102_3x3_n2_1fps_1sp_bb.json,s102
1687797743.433835000,14,rover_s102_3x3_n2_1fps_1sp_bb.json,s102
1687797743.433942000,15,rover_s102_3x3_n2_1fps_1sp_bb.json,s102
1687797743.434340000,16,rover_s102_3x3_n2_1fps_1sp_bb.json,s102
1687797743.434445000,17,rover_s102_3x3_n2_1fps_1sp_bb.json,s102
1687797743.436365000,18,rover_s102_3x3_n2_1fps_1sp_bb.json,s102
1687797743.436479000,19,rover_s102_3x3_n2_1fps_1sp_bb.json,s102
1687797743.436481000,20,rover_s102_3x3_n2_1fps_1sp_bb.json,s102
1687797743.436716000,21,rover_s102_3x3_n2_1fps_1sp_bb.json,s102
1687797743.436718000,22,rover_s102_3x3_n2_1fps_1sp_bb.json,s102
1687797743.437564000,23,rover_s102_3x3_n2_1fps_1sp_bb.json,s102
1687797743.437565000,24,rover_s102_3x3_n2_1fps_1sp_bb.json,s102
1687797743.437695000,25,rover_s102_3x3_n2_1fps_1sp_bb.json,s102
1687797743.438605000,26,rover_s102_3x3_n2_1fps_1sp_bb.json,s102
1687797743.438735000,27,rover_s102_3x3_n2_1fps_1sp_bb.json,s102
1687797743.439467000,28,rover_s102_3x3_n2_1fps_1sp_bb.json,s102
1687797744.463452000,0,rover_s102_3x3_n2_1fps_1sp_bb.json,s102
1687797744.463680000,1,rover_s102_3x3_n2_1fps_1sp_bb.json,s102
1687797744.463776000,2,rover_s102_3x3_n2_1fps_1sp_bb.json,s102
1687797744.464152000,3,rover_s102_3x3_n2_1fps_1sp_bb.json,s102
1687797744.464246000,4,rover_s102_3x3_n2_1fps_1sp_bb.json,s102
1687797744.464339000,5,rover_s102_3x3_n2_1fps_1sp_bb.json,s102
1687797744.465170000,6,rover_s102_3x3_n2_1fps_1sp_bb.json,s102
1687797744.465291000,7,rover_s102_3x3_n2_1fps_1sp_bb.json,s102
1687797744.465819000,8,rover_s102_3x3_n2_1fps_1sp_bb.json,s102
1687797744.465917000,9,rover_s102_3x3_n2_1fps_1sp_bb.json,s102
1687797745.484952000,0,rover_s102_3x3_n2_1fps_1sp_bb.json,s102
1687797745.485161000,1,rover_s102_3x3_n2_1fps_1sp_bb.json,s102
1687797745.485252000,2,rover_s102_3x3_n2_1fps_1sp_bb.json,s102
1687797745.485707000,3,rover_s102_3x3_n2_1fps_1sp_bb.json,s102
1687797745.485818000,4,rover_s102_3x3_n2_1fps_1sp_bb.json,s102
1687797745.485912000,5,rover_s102_3x3_n2_1fps_1sp_bb.json,s102
1687797745.486535000,6,rover_s102_3x3_n2_1fps_1sp_bb.json,s102
1687797745.486652000,7,rover_s102_3x3_n2_1fps_1sp_bb.json,s102
1687797745.487448000,8,rover_s102_3x3_n2_1fps_1sp_bb.json,s102
1687797745.487450000,9,rover_s102_3x3_n2_1fps_1sp_bb.json,s102
1687797746.508369000,0,rover_s102_3x3_n2_1fps_1sp_bb.json,s102
1687797746.508745000,1,rover_s102_3x3_n2_1fps_1sp_bb.json,s102
1687797746.510737000,2,rover_s102_3x3_n2_1fps_1sp_bb.json,s102
1687797746.510739000,3,rover_s102_3x3_n2_1fps_1sp_bb.json,s102
1687797746.510875000,4,rover_s102_3x3_n2_1fps_1sp_bb.json,s102
1687797746.511001000,5,rover_s102_3x3_n2_1fps_1sp_bb.json,s102
1687797746.511124000,6,rover_s102_3x3_n2_1fps_1sp_bb.json,s102
1687797746.511203000,7,rover_s102_3x3_n2_1fps_1sp_bb.json,s102
1687797746.511951000,8,rover_s102_3x3_n2_1fps_1sp_bb.json,s102
1687797747.532754000,0,rover_s102_3x3_n2_1fps_1sp_bb.json,s102
1687797747.532970000,1,rover_s102_3x3_n2_1fps_1sp_bb.json,s102
1687797747.533512000,2,rover_s102_3x3_n2_1fps_1sp_bb.json,s102
1687797747.533604000,3,rover_s102_3x3_n2_1fps_1sp_bb.json,s102
1687797747.533605000,4,rover_s102_3x3_n2_1fps_1sp_bb.json,s102
1687797747.534036000,5,rover_s102_3x3_n2_1fps_1sp_bb.json,s102
1687797747.534146000,6,rover_s102_3x3_n2_1fps_1sp_bb.json,s102
1687797747.535280000,7,rover_s102_3x3_n2_1fps_1sp_bb.json,s102
1687797747.535281000,8,rover_s102_3x3_n2_1fps_1sp_bb.json,s102
1687797747.535773000,9,rover_s102_3x3_n2_1fps_1sp_bb.json,s102
1687797747.535775000,10,rover_s102_3x3_n2_1fps_1sp_bb.json,s102
1687797747.535902000,11,rover_s102_3x3_n2_1fps_1sp_bb.json,s102
1687797747.536593000,12,rover_s102_3x3_n2_1fps_1sp_bb.json,s102
1687797747.537158000,13,rover_s102_3x3_n2_1fps_1sp_bb.json,s102
1687797747.537160000,14,rover_s102_3x3_n2_1fps_1sp_bb.json,s102
1687797747.537296000,15,rover_s102_3x3_n2_1fps_1sp_bb.json,s102
1687797747.538647000,16,rover_s102_3x3_n2_1fps_1sp_bb.json,s102
1687797747.538768000,17,rover_s102_3x3_n2_1fps_1sp_bb.json,s102
1687797748.559580000,0,rover_s102_3x3_n2_1fps_1sp_bb.json,s102
1687797748.559783000,1,rover_s102_3x3_n2_1fps_1sp_bb.json,s102
1687797748.559878000,2,rover_s102_3x3_n2_1fps_1sp_bb.json,s102
1687797748.560291000,3,rover_s102_3x3_n2_1fps_1sp_bb.json,s102
1687797748.560378000,4,rover_s102_3x3_n2_1fps_1sp_bb.json,s102
1687797748.560484000,5,rover_s102_3x3_n2_1fps_1sp_bb.json,s102
1687797748.560574000,6,rover_s102_3x3_n2_1fps_1sp_bb.json,s102
1687797748.561099000,7,rover_s102_3x3_n2_1fps_1sp_bb.json,s102
1687797748.562465000,8,rover_s102_3x3_n2_1fps_1sp_bb.json,s102
1687797749.582808000,0,rover_s102_3x3_n2_1fps_1sp_bb.json,s102
1687797749.583191000,1,rover_s102_3x3_n2_1fps_1sp_bb.json,s102
1687797749.584428000,2,rover_s102_3x3_n2_1fps_1sp_bb.json,s102
1687797749.584429000,3,rover_s102_3x3_n2_1fps_1sp_bb.json,s102
1687797749.584552000,4,rover_s102_3x3_n2_1fps_1sp_bb.json,s102
1687797749.584676000,5,rover_s102_3x3_n2_1fps_1sp_bb.json,s102
1687797749.584823000,6,rover_s102_3x3_n2_1fps_1sp_bb.json,s102
1687797749.584926000,7,rover_s102_3x3_n2_1fps_1sp_bb.json,s102
1687797749.585513000,8,rover_s102_3x3_n2_1fps_1sp_bb.json,s102
1687797749.585631000,9,rover_s102_3x3_n2_1fps_1sp_bb.json,s102
1687797749.586124000,10,rover_s102_3x3_n2_1fps_1sp_bb.json,s102
1687797749.586259000,11,rover_s102_3x3_n2_1fps_1sp_bb.json,s102
1687797749.586575000,12,rover_s102_3x3_n2_1fps_1sp_bb.json,s102
1687797750.605152000,0,rover_s102_3x3_n2_1fps_1sp_bb.json,s102
1687797750.605352000,1,rover_s102_3x3_n2_1fps_1sp_bb.json,s102
1687797750.605905000,2,rover_s102_3x3_n2_1fps_1sp_bb.json,s102
1687797750.606015000,3,rover_s102_3x3_n2_1fps_1sp_bb.json,s102
1687797750.606108000,4,rover_s102_3x3_n2_1fps_1sp_bb.json,s102
1687797750.606578000,5,rover_s102_3x3_n2_1fps_1sp_bb.json,s102
1687797750.606681000,6,rover_s102_3x3_n2_1fps_1sp_bb.json,s102
1687797750.607005000,7,rover_s102_3x3_n2_1fps_1sp_bb.json,s102
1687797750.608096000,8,rover_s102_3x3_n2_1fps_1sp_bb.json,s102
1687797750.608097000,9,rover_s102_3x3_n2_1fps_1sp_bb.json,s102
1687797750.608290000,10,rover_s102_3x3_n2_1fps_1sp_bb.json,s102
