Timestamp,Packet,Scenario,Type
1687801771.231110000,0,rover_s102_1x1_n1_1fps_1sp_bb.json,s102
1687801771.231485000,1,rover_s102_1x1_n1_1fps_1sp_bb.json,s102
1687801771.231691000,2,rover_s102_1x1_n1_1fps_1sp_bb.json,s102
1687801771.232220000,3,rover_s102_1x1_n1_1fps_1sp_bb.json,s102
1687801771.232223000,4,rover_s102_1x1_n1_1fps_1sp_bb.json,s102
1687801771.232510000,5,rover_s102_1x1_n1_1fps_1sp_bb.json,s102
1687801771.232735000,6,rover_s102_1x1_n1_1fps_1sp_bb.json,s102
1687801771.233020000,7,rover_s102_1x1_n1_1fps_1sp_bb.json,s102
1687801771.233242000,8,rover_s102_1x1_n1_1fps_1sp_bb.json,s102
1687801771.233477000,9,rover_s102_1x1_n1_1fps_1sp_bb.json,s102
1687801772.256032000,0,rover_s102_1x1_n1_1fps_1sp_bb.json,s102
1687801772.256377000,1,rover_s102_1x1_n1_1fps_1sp_bb.json,s102
1687801772.256816000,2,rover_s102_1x1_n1_1fps_1sp_bb.json,s102
1687801772.257025000,3,rover_s102_1x1_n1_1fps_1sp_bb.json,s102
1687801772.257305000,4,rover_s102_1x1_n1_1fps_1sp_bb.json,s102
1687801772.257522000,5,rover_s102_1x1_n1_1fps_1sp_bb.json,s102
1687801772.258201000,6,rover_s102_1x1_n1_1fps_1sp_bb.json,s102
1687801772.258417000,7,rover_s102_1x1_n1_1fps_1sp_bb.json,s102
1687801773.283648000,0,rover_s102_1x1_n1_1fps_1sp_bb.json,s102
1687801773.283995000,1,rover_s102_1x1_n1_1fps_1sp_bb.json,s102
1687801773.285180000,2,rover_s102_1x1_n1_1fps_1sp_bb.json,s102
1687801773.285182000,3,rover_s102_1x1_n1_1fps_1sp_bb.json,s102
1687801773.285301000,4,rover_s102_1x1_n1_1fps_1sp_bb.json,s102
1687801773.285402000,5,rover_s102_1x1_n1_1fps_1sp_bb.json,s102
1687801773.285537000,6,rover_s102_1x1_n1_1fps_1sp_bb.json,s102
1687801773.285631000,7,rover_s102_1x1_n1_1fps_1sp_bb.json,s102
1687801773.286249000,8,rover_s102_1x1_n1_1fps_1sp_bb.json,s102
1687801773.286396000,9,rover_s102_1x1_n1_1fps_1sp_bb.json,s102
1687801773.286695000,10,rover_s102_1x1_n1_1fps_1sp_bb.json,s102
1687801774.307441000,0,rover_s102_1x1_n1_1fps_1sp_bb.json,s102
1687801774.307647000,1,rover_s102_1x1_n1_1fps_1sp_bb.json,s102
1687801774.309145000,2,rover_s102_1x1_n1_1fps_1sp_bb.json,s102
1687801774.309147000,3,rover_s102_1x1_n1_1fps_1sp_bb.json,s102
1687801774.309274000,4,rover_s102_1x1_n1_1fps_1sp_bb.json,s102
1687801774.309374000,5,rover_s102_1x1_n1_1fps_1sp_bb.json,s102
1687801774.309500000,6,rover_s102_1x1_n1_1fps_1sp_bb.json,s102
1687801774.309590000,7,rover_s102_1x1_n1_1fps_1sp_bb.json,s102
1687801774.310573000,8,rover_s102_1x1_n1_1fps_1sp_bb.json,s102
1687801775.332019000,0,rover_s102_1x1_n1_1fps_1sp_bb.json,s102
1687801775.332251000,1,rover_s102_1x1_n1_1fps_1sp_bb.json,s102
1687801775.332685000,2,rover_s102_1x1_n1_1fps_1sp_bb.json,s102
1687801775.332779000,3,rover_s102_1x1_n1_1fps_1sp_bb.json,s102
1687801775.332780000,4,rover_s102_1x1_n1_1fps_1sp_bb.json,s102
1687801775.333031000,5,rover_s102_1x1_n1_1fps_1sp_bb.json,s102
1687801775.333878000,6,rover_s102_1x1_n1_1fps_1sp_bb.json,s102
1687801775.334008000,7,rover_s102_1x1_n1_1fps_1sp_bb.json,s102
1687801775.335921000,8,rover_s102_1x1_n1_1fps_1sp_bb.json,s102
1687801776.356421000,0,rover_s102_1x1_n1_1fps_1sp_bb.json,s102
1687801776.357358000,1,rover_s102_1x1_n1_1fps_1sp_bb.json,s102
1687801776.357462000,2,rover_s102_1x1_n1_1fps_1sp_bb.json,s102
1687801776.357464000,3,rover_s102_1x1_n1_1fps_1sp_bb.json,s102
1687801776.357682000,4,rover_s102_1x1_n1_1fps_1sp_bb.json,s102
1687801776.357684000,5,rover_s102_1x1_n1_1fps_1sp_bb.json,s102
1687801776.358596000,6,rover_s102_1x1_n1_1fps_1sp_bb.json,s102
1687801776.358598000,7,rover_s102_1x1_n1_1fps_1sp_bb.json,s102
1687801776.358733000,8,rover_s102_1x1_n1_1fps_1sp_bb.json,s102
1687801777.386038000,0,rover_s102_1x1_n1_1fps_1sp_bb.json,s102
1687801777.386250000,1,rover_s102_1x1_n1_1fps_1sp_bb.json,s102
1687801777.386353000,2,rover_s102_1x1_n1_1fps_1sp_bb.json,s102
1687801777.386779000,3,rover_s102_1x1_n1_1fps_1sp_bb.json,s102
1687801777.386888000,4,rover_s102_1x1_n1_1fps_1sp_bb.json,s102
1687801777.386890000,5,rover_s102_1x1_n1_1fps_1sp_bb.json,s102
1687801777.387426000,6,rover_s102_1x1_n1_1fps_1sp_bb.json,s102
1687801777.388836000,7,rover_s102_1x1_n1_1fps_1sp_bb.json,s102
1687801777.388948000,8,rover_s102_1x1_n1_1fps_1sp_bb.json,s102
1687801778.409157000,0,rover_s102_1x1_n1_1fps_1sp_bb.json,s102
1687801778.409159000,1,rover_s102_1x1_n1_1fps_1sp_bb.json,s102
1687801778.409371000,2,rover_s102_1x1_n1_1fps_1sp_bb.json,s102
1687801778.409495000,3,rover_s102_1x1_n1_1fps_1sp_bb.json,s102
1687801778.409617000,4,rover_s102_1x1_n1_1fps_1sp_bb.json,s102
1687801778.409696000,5,rover_s102_1x1_n1_1fps_1sp_bb.json,s102
1687801778.410096000,6,rover_s102_1x1_n1_1fps_1sp_bb.json,s102
1687801778.410194000,7,rover_s102_1x1_n1_1fps_1sp_bb.json,s102
1687801778.411044000,8,rover_s102_1x1_n1_1fps_1sp_bb.json,s102
1687801778.411152000,9,rover_s102_1x1_n1_1fps_1sp_bb.json,s102
1687801779.432220000,0,rover_s102_1x1_n1_1fps_1sp_bb.json,s102
1687801779.432608000,1,rover_s102_1x1_n1_1fps_1sp_bb.json,s102
1687801779.434890000,2,rover_s102_1x1_n1_1fps_1sp_bb.json,s102
1687801779.434892000,3,rover_s102_1x1_n1_1fps_1sp_bb.json,s102
1687801779.435032000,4,rover_s102_1x1_n1_1fps_1sp_bb.json,s102
1687801779.435147000,5,rover_s102_1x1_n1_1fps_1sp_bb.json,s102
1687801779.435252000,6,rover_s102_1x1_n1_1fps_1sp_bb.json,s102
1687801779.435344000,7,rover_s102_1x1_n1_1fps_1sp_bb.json,s102
1687801780.454177000,0,rover_s102_1x1_n1_1fps_1sp_bb.json,s102
1687801780.454385000,1,rover_s102_1x1_n1_1fps_1sp_bb.json,s102
1687801780.454752000,2,rover_s102_1x1_n1_1fps_1sp_bb.json,s102
1687801780.454844000,3,rover_s102_1x1_n1_1fps_1sp_bb.json,s102
1687801780.456066000,4,rover_s102_1x1_n1_1fps_1sp_bb.json,s102
1687801780.457278000,5,rover_s102_1x1_n1_1fps_1sp_bb.json,s102
1687801780.457383000,6,rover_s102_1x1_n1_1fps_1sp_bb.json,s102
1687801781.480639000,0,rover_s102_1x1_n1_1fps_1sp_bb.json,s102
1687801781.480858000,1,rover_s102_1x1_n1_1fps_1sp_bb.json,s102
1687801781.481259000,2,rover_s102_1x1_n1_1fps_1sp_bb.json,s102
1687801781.481368000,3,rover_s102_1x1_n1_1fps_1sp_bb.json,s102
1687801781.481535000,4,rover_s102_1x1_n1_1fps_1sp_bb.json,s102
1687801781.482353000,5,rover_s102_1x1_n1_1fps_1sp_bb.json,s102
1687801781.482473000,6,rover_s102_1x1_n1_1fps_1sp_bb.json,s102
1687801781.482566000,7,rover_s102_1x1_n1_1fps_1sp_bb.json,s102
1687801781.483055000,8,rover_s102_1x1_n1_1fps_1sp_bb.json,s102
1687801781.483158000,9,rover_s102_1x1_n1_1fps_1sp_bb.json,s102
1687801781.483681000,10,rover_s102_1x1_n1_1fps_1sp_bb.json,s102
1687801781.483786000,11,rover_s102_1x1_n1_1fps_1sp_bb.json,s102
1687801782.503547000,0,rover_s102_1x1_n1_1fps_1sp_bb.json,s102
1687801782.503931000,1,rover_s102_1x1_n1_1fps_1sp_bb.json,s102
1687801782.505389000,2,rover_s102_1x1_n1_1fps_1sp_bb.json,s102
1687801782.505391000,3,rover_s102_1x1_n1_1fps_1sp_bb.json,s102
1687801782.505532000,4,rover_s102_1x1_n1_1fps_1sp_bb.json,s102
1687801782.505651000,5,rover_s102_1x1_n1_1fps_1sp_bb.json,s102
1687801782.505772000,6,rover_s102_1x1_n1_1fps_1sp_bb.json,s102
1687801782.505862000,7,rover_s102_1x1_n1_1fps_1sp_bb.json,s102
1687801782.506311000,8,rover_s102_1x1_n1_1fps_1sp_bb.json,s102
1687801783.525848000,0,rover_s102_1x1_n1_1fps_1sp_bb.json,s102
1687801783.526055000,1,rover_s102_1x1_n1_1fps_1sp_bb.json,s102
1687801783.526207000,2,rover_s102_1x1_n1_1fps_1sp_bb.json,s102
1687801783.527129000,3,rover_s102_1x1_n1_1fps_1sp_bb.json,s102
1687801783.527232000,4,rover_s102_1x1_n1_1fps_1sp_bb.json,s102
1687801783.527233000,5,rover_s102_1x1_n1_1fps_1sp_bb.json,s102
1687801783.527371000,6,rover_s102_1x1_n1_1fps_1sp_bb.json,s102
1687801783.527981000,7,rover_s102_1x1_n1_1fps_1sp_bb.json,s102
1687801783.528082000,8,rover_s102_1x1_n1_1fps_1sp_bb.json,s102
1687801783.529332000,9,rover_s102_1x1_n1_1fps_1sp_bb.json,s102
1687801783.529334000,10,rover_s102_1x1_n1_1fps_1sp_bb.json,s102
1687801784.548740000,0,rover_s102_1x1_n1_1fps_1sp_bb.json,s102
1687801784.548940000,1,rover_s102_1x1_n1_1fps_1sp_bb.json,s102
1687801784.549036000,2,rover_s102_1x1_n1_1fps_1sp_bb.json,s102
1687801784.550064000,3,rover_s102_1x1_n1_1fps_1sp_bb.json,s102
1687801784.550066000,4,rover_s102_1x1_n1_1fps_1sp_bb.json,s102
1687801784.550189000,5,rover_s102_1x1_n1_1fps_1sp_bb.json,s102
1687801784.550308000,6,rover_s102_1x1_n1_1fps_1sp_bb.json,s102
1687801784.551377000,7,rover_s102_1x1_n1_1fps_1sp_bb.json,s102
1687801784.551495000,8,rover_s102_1x1_n1_1fps_1sp_bb.json,s102
1687801785.570834000,0,rover_s102_1x1_n1_1fps_1sp_bb.json,s102
1687801785.571198000,1,rover_s102_1x1_n1_1fps_1sp_bb.json,s102
1687801785.572454000,2,rover_s102_1x1_n1_1fps_1sp_bb.json,s102
1687801785.572456000,3,rover_s102_1x1_n1_1fps_1sp_bb.json,s102
1687801785.572580000,4,rover_s102_1x1_n1_1fps_1sp_bb.json,s102
1687801785.572695000,5,rover_s102_1x1_n1_1fps_1sp_bb.json,s102
1687801785.572815000,6,rover_s102_1x1_n1_1fps_1sp_bb.json,s102
1687801785.572904000,7,rover_s102_1x1_n1_1fps_1sp_bb.json,s102
1687801785.573474000,8,rover_s102_1x1_n1_1fps_1sp_bb.json,s102
1687801786.592020000,0,rover_s102_1x1_n1_1fps_1sp_bb.json,s102
1687801786.592227000,1,rover_s102_1x1_n1_1fps_1sp_bb.json,s102
1687801786.592667000,2,rover_s102_1x1_n1_1fps_1sp_bb.json,s102
1687801786.592773000,3,rover_s102_1x1_n1_1fps_1sp_bb.json,s102
1687801786.593265000,4,rover_s102_1x1_n1_1fps_1sp_bb.json,s102
1687801786.593373000,5,rover_s102_1x1_n1_1fps_1sp_bb.json,s102
1687801786.593375000,6,rover_s102_1x1_n1_1fps_1sp_bb.json,s102
1687801786.593965000,7,rover_s102_1x1_n1_1fps_1sp_bb.json,s102
1687801786.594067000,8,rover_s102_1x1_n1_1fps_1sp_bb.json,s102
1687801786.596211000,9,rover_s102_1x1_n1_1fps_1sp_bb.json,s102
1687801786.596327000,10,rover_s102_1x1_n1_1fps_1sp_bb.json,s102
1687801787.615962000,0,rover_s102_1x1_n1_1fps_1sp_bb.json,s102
1687801787.616177000,1,rover_s102_1x1_n1_1fps_1sp_bb.json,s102
1687801787.616778000,2,rover_s102_1x1_n1_1fps_1sp_bb.json,s102
1687801787.616873000,3,rover_s102_1x1_n1_1fps_1sp_bb.json,s102
1687801787.616874000,4,rover_s102_1x1_n1_1fps_1sp_bb.json,s102
1687801787.617014000,5,rover_s102_1x1_n1_1fps_1sp_bb.json,s102
1687801787.617429000,6,rover_s102_1x1_n1_1fps_1sp_bb.json,s102
1687801787.617529000,7,rover_s102_1x1_n1_1fps_1sp_bb.json,s102
1687801787.618655000,8,rover_s102_1x1_n1_1fps_1sp_bb.json,s102
1687801788.638126000,0,rover_s102_1x1_n1_1fps_1sp_bb.json,s102
1687801788.638496000,1,rover_s102_1x1_n1_1fps_1sp_bb.json,s102
1687801788.639816000,2,rover_s102_1x1_n1_1fps_1sp_bb.json,s102
1687801788.639818000,3,rover_s102_1x1_n1_1fps_1sp_bb.json,s102
1687801788.640001000,4,rover_s102_1x1_n1_1fps_1sp_bb.json,s102
1687801788.640128000,5,rover_s102_1x1_n1_1fps_1sp_bb.json,s102
1687801788.640251000,6,rover_s102_1x1_n1_1fps_1sp_bb.json,s102
1687801788.640859000,7,rover_s102_1x1_n1_1fps_1sp_bb.json,s102
1687801788.640860000,8,rover_s102_1x1_n1_1fps_1sp_bb.json,s102
1687801788.640997000,9,rover_s102_1x1_n1_1fps_1sp_bb.json,s102
1687801789.661390000,0,rover_s102_1x1_n1_1fps_1sp_bb.json,s102
1687801789.661625000,1,rover_s102_1x1_n1_1fps_1sp_bb.json,s102
1687801789.661735000,2,rover_s102_1x1_n1_1fps_1sp_bb.json,s102
1687801789.662025000,3,rover_s102_1x1_n1_1fps_1sp_bb.json,s102
1687801789.662115000,4,rover_s102_1x1_n1_1fps_1sp_bb.json,s102
1687801789.662203000,5,rover_s102_1x1_n1_1fps_1sp_bb.json,s102
1687801789.662850000,6,rover_s102_1x1_n1_1fps_1sp_bb.json,s102
1687801789.663391000,7,rover_s102_1x1_n1_1fps_1sp_bb.json,s102
1687801789.663499000,8,rover_s102_1x1_n1_1fps_1sp_bb.json,s102
1687801789.663911000,9,rover_s102_1x1_n1_1fps_1sp_bb.json,s102
1687801790.685830000,0,rover_s102_1x1_n1_1fps_1sp_bb.json,s102
1687801790.686053000,1,rover_s102_1x1_n1_1fps_1sp_bb.json,s102
1687801790.686178000,2,rover_s102_1x1_n1_1fps_1sp_bb.json,s102
1687801790.687545000,3,rover_s102_1x1_n1_1fps_1sp_bb.json,s102
1687801790.687661000,4,rover_s102_1x1_n1_1fps_1sp_bb.json,s102
1687801790.687782000,5,rover_s102_1x1_n1_1fps_1sp_bb.json,s102
1687801790.687897000,6,rover_s102_1x1_n1_1fps_1sp_bb.json,s102
1687801790.687976000,7,rover_s102_1x1_n1_1fps_1sp_bb.json,s102
1687801790.688657000,8,rover_s102_1x1_n1_1fps_1sp_bb.json,s102
1687801790.688763000,9,rover_s102_1x1_n1_1fps_1sp_bb.json,s102
1687801791.708265000,0,rover_s102_1x1_n1_1fps_1sp_bb.json,s102
1687801791.708600000,1,rover_s102_1x1_n1_1fps_1sp_bb.json,s102
1687801791.709472000,2,rover_s102_1x1_n1_1fps_1sp_bb.json,s102
1687801791.709568000,3,rover_s102_1x1_n1_1fps_1sp_bb.json,s102
1687801791.709693000,4,rover_s102_1x1_n1_1fps_1sp_bb.json,s102
1687801791.709817000,5,rover_s102_1x1_n1_1fps_1sp_bb.json,s102
1687801791.709819000,6,rover_s102_1x1_n1_1fps_1sp_bb.json,s102
1687801791.710655000,7,rover_s102_1x1_n1_1fps_1sp_bb.json,s102
1687801791.710763000,8,rover_s102_1x1_n1_1fps_1sp_bb.json,s102
1687801792.735679000,0,rover_s102_1x1_n1_1fps_1sp_bb.json,s102
1687801792.735901000,1,rover_s102_1x1_n1_1fps_1sp_bb.json,s102
1687801792.735992000,2,rover_s102_1x1_n1_1fps_1sp_bb.json,s102
1687801792.736290000,3,rover_s102_1x1_n1_1fps_1sp_bb.json,s102
1687801792.736408000,4,rover_s102_1x1_n1_1fps_1sp_bb.json,s102
1687801792.736526000,5,rover_s102_1x1_n1_1fps_1sp_bb.json,s102
1687801792.736611000,6,rover_s102_1x1_n1_1fps_1sp_bb.json,s102
1687801792.737110000,7,rover_s102_1x1_n1_1fps_1sp_bb.json,s102
1687801792.737215000,8,rover_s102_1x1_n1_1fps_1sp_bb.json,s102
1687801792.737557000,9,rover_s102_1x1_n1_1fps_1sp_bb.json,s102
1687801792.737657000,10,rover_s102_1x1_n1_1fps_1sp_bb.json,s102
1687801792.738398000,11,rover_s102_1x1_n1_1fps_1sp_bb.json,s102
1687801792.738524000,12,rover_s102_1x1_n1_1fps_1sp_bb.json,s102
1687801792.739631000,13,rover_s102_1x1_n1_1fps_1sp_bb.json,s102
1687801792.739736000,14,rover_s102_1x1_n1_1fps_1sp_bb.json,s102
1687801793.764403000,0,rover_s102_1x1_n1_1fps_1sp_bb.json,s102
1687801793.764621000,1,rover_s102_1x1_n1_1fps_1sp_bb.json,s102
1687801793.765052000,2,rover_s102_1x1_n1_1fps_1sp_bb.json,s102
1687801793.765140000,3,rover_s102_1x1_n1_1fps_1sp_bb.json,s102
1687801793.765142000,4,rover_s102_1x1_n1_1fps_1sp_bb.json,s102
1687801793.770750000,5,rover_s102_1x1_n1_1fps_1sp_bb.json,s102
1687801793.770752000,6,rover_s102_1x1_n1_1fps_1sp_bb.json,s102
1687801793.770909000,7,rover_s102_1x1_n1_1fps_1sp_bb.json,s102
1687801793.771015000,8,rover_s102_1x1_n1_1fps_1sp_bb.json,s102
1687801793.771600000,9,rover_s102_1x1_n1_1fps_1sp_bb.json,s102
1687801793.771601000,10,rover_s102_1x1_n1_1fps_1sp_bb.json,s102
1687801794.786991000,0,rover_s102_1x1_n1_1fps_1sp_bb.json,s102
1687801794.787391000,1,rover_s102_1x1_n1_1fps_1sp_bb.json,s102
1687801794.788825000,2,rover_s102_1x1_n1_1fps_1sp_bb.json,s102
1687801794.788827000,3,rover_s102_1x1_n1_1fps_1sp_bb.json,s102
1687801794.788959000,4,rover_s102_1x1_n1_1fps_1sp_bb.json,s102
1687801794.789081000,5,rover_s102_1x1_n1_1fps_1sp_bb.json,s102
1687801794.789187000,6,rover_s102_1x1_n1_1fps_1sp_bb.json,s102
1687801794.789272000,7,rover_s102_1x1_n1_1fps_1sp_bb.json,s102
1687801795.814091000,0,rover_s102_1x1_n1_1fps_1sp_bb.json,s102
1687801795.814297000,1,rover_s102_1x1_n1_1fps_1sp_bb.json,s102
1687801795.814384000,2,rover_s102_1x1_n1_1fps_1sp_bb.json,s102
1687801795.814852000,3,rover_s102_1x1_n1_1fps_1sp_bb.json,s102
1687801795.814961000,4,rover_s102_1x1_n1_1fps_1sp_bb.json,s102
1687801795.815049000,5,rover_s102_1x1_n1_1fps_1sp_bb.json,s102
1687801795.816054000,6,rover_s102_1x1_n1_1fps_1sp_bb.json,s102
1687801795.816056000,7,rover_s102_1x1_n1_1fps_1sp_bb.json,s102
1687801795.816182000,8,rover_s102_1x1_n1_1fps_1sp_bb.json,s102
1687801795.816296000,9,rover_s102_1x1_n1_1fps_1sp_bb.json,s102
1687801796.842770000,0,rover_s102_1x1_n1_1fps_1sp_bb.json,s102
1687801796.842975000,1,rover_s102_1x1_n1_1fps_1sp_bb.json,s102
1687801796.843096000,2,rover_s102_1x1_n1_1fps_1sp_bb.json,s102
1687801796.843196000,3,rover_s102_1x1_n1_1fps_1sp_bb.json,s102
1687801796.843914000,4,rover_s102_1x1_n1_1fps_1sp_bb.json,s102
1687801796.844033000,5,rover_s102_1x1_n1_1fps_1sp_bb.json,s102
1687801796.844035000,6,rover_s102_1x1_n1_1fps_1sp_bb.json,s102
1687801797.868668000,0,rover_s102_1x1_n1_1fps_1sp_bb.json,s102
1687801797.869061000,1,rover_s102_1x1_n1_1fps_1sp_bb.json,s102
1687801797.870385000,2,rover_s102_1x1_n1_1fps_1sp_bb.json,s102
1687801797.870386000,3,rover_s102_1x1_n1_1fps_1sp_bb.json,s102
1687801797.870590000,4,rover_s102_1x1_n1_1fps_1sp_bb.json,s102
1687801797.870707000,5,rover_s102_1x1_n1_1fps_1sp_bb.json,s102
1687801797.870835000,6,rover_s102_1x1_n1_1fps_1sp_bb.json,s102
1687801797.870931000,7,rover_s102_1x1_n1_1fps_1sp_bb.json,s102
1687801797.871369000,8,rover_s102_1x1_n1_1fps_1sp_bb.json,s102
1687801798.891257000,0,rover_s102_1x1_n1_1fps_1sp_bb.json,s102
1687801798.891464000,1,rover_s102_1x1_n1_1fps_1sp_bb.json,s102
1687801798.892463000,2,rover_s102_1x1_n1_1fps_1sp_bb.json,s102
1687801798.892465000,3,rover_s102_1x1_n1_1fps_1sp_bb.json,s102
1687801798.892596000,4,rover_s102_1x1_n1_1fps_1sp_bb.json,s102
1687801798.892700000,5,rover_s102_1x1_n1_1fps_1sp_bb.json,s102
1687801798.892810000,6,rover_s102_1x1_n1_1fps_1sp_bb.json,s102
1687801798.893588000,7,rover_s102_1x1_n1_1fps_1sp_bb.json,s102
1687801798.893688000,8,rover_s102_1x1_n1_1fps_1sp_bb.json,s102
1687801798.893774000,9,rover_s102_1x1_n1_1fps_1sp_bb.json,s102
1687801798.894053000,10,rover_s102_1x1_n1_1fps_1sp_bb.json,s102
1687801799.917462000,0,rover_s102_1x1_n1_1fps_1sp_bb.json,s102
1687801799.917677000,1,rover_s102_1x1_n1_1fps_1sp_bb.json,s102
1687801799.918699000,2,rover_s102_1x1_n1_1fps_1sp_bb.json,s102
1687801799.918701000,3,rover_s102_1x1_n1_1fps_1sp_bb.json,s102
1687801799.918840000,4,rover_s102_1x1_n1_1fps_1sp_bb.json,s102
1687801799.918936000,5,rover_s102_1x1_n1_1fps_1sp_bb.json,s102
1687801799.919503000,6,rover_s102_1x1_n1_1fps_1sp_bb.json,s102
1687801799.919628000,7,rover_s102_1x1_n1_1fps_1sp_bb.json,s102
1687801799.920385000,8,rover_s102_1x1_n1_1fps_1sp_bb.json,s102
1687801799.920539000,9,rover_s102_1x1_n1_1fps_1sp_bb.json,s102
1687801800.940199000,0,rover_s102_1x1_n1_1fps_1sp_bb.json,s102
1687801800.940648000,1,rover_s102_1x1_n1_1fps_1sp_bb.json,s102
1687801800.941434000,2,rover_s102_1x1_n1_1fps_1sp_bb.json,s102
1687801800.941560000,3,rover_s102_1x1_n1_1fps_1sp_bb.json,s102
1687801800.942682000,4,rover_s102_1x1_n1_1fps_1sp_bb.json,s102
1687801800.942773000,5,rover_s102_1x1_n1_1fps_1sp_bb.json,s102
1687801801.966021000,0,rover_s102_1x1_n1_1fps_1sp_bb.json,s102
1687801801.966645000,1,rover_s102_1x1_n1_1fps_1sp_bb.json,s102
1687801801.966739000,2,rover_s102_1x1_n1_1fps_1sp_bb.json,s102
1687801801.966825000,3,rover_s102_1x1_n1_1fps_1sp_bb.json,s102
1687801801.966827000,4,rover_s102_1x1_n1_1fps_1sp_bb.json,s102
1687801801.967809000,5,rover_s102_1x1_n1_1fps_1sp_bb.json,s102
1687801801.967810000,6,rover_s102_1x1_n1_1fps_1sp_bb.json,s102
1687801801.967950000,7,rover_s102_1x1_n1_1fps_1sp_bb.json,s102
1687801801.968391000,8,rover_s102_1x1_n1_1fps_1sp_bb.json,s102
1687801801.968491000,9,rover_s102_1x1_n1_1fps_1sp_bb.json,s102
1687801802.992850000,0,rover_s102_1x1_n1_1fps_1sp_bb.json,s102
1687801802.993054000,1,rover_s102_1x1_n1_1fps_1sp_bb.json,s102
1687801802.993600000,2,rover_s102_1x1_n1_1fps_1sp_bb.json,s102
1687801802.994865000,3,rover_s102_1x1_n1_1fps_1sp_bb.json,s102
1687801802.994866000,4,rover_s102_1x1_n1_1fps_1sp_bb.json,s102
1687801802.994995000,5,rover_s102_1x1_n1_1fps_1sp_bb.json,s102
1687801802.995091000,6,rover_s102_1x1_n1_1fps_1sp_bb.json,s102
1687801802.995206000,7,rover_s102_1x1_n1_1fps_1sp_bb.json,s102
1687801802.997528000,8,rover_s102_1x1_n1_1fps_1sp_bb.json,s102
1687801802.997652000,9,rover_s102_1x1_n1_1fps_1sp_bb.json,s102
1687801804.013866000,0,rover_s102_1x1_n1_1fps_1sp_bb.json,s102
1687801804.014222000,1,rover_s102_1x1_n1_1fps_1sp_bb.json,s102
1687801804.015073000,2,rover_s102_1x1_n1_1fps_1sp_bb.json,s102
1687801804.015176000,3,rover_s102_1x1_n1_1fps_1sp_bb.json,s102
1687801804.015280000,4,rover_s102_1x1_n1_1fps_1sp_bb.json,s102
1687801804.016643000,5,rover_s102_1x1_n1_1fps_1sp_bb.json,s102
1687801804.016753000,6,rover_s102_1x1_n1_1fps_1sp_bb.json,s102
1687801804.016846000,7,rover_s102_1x1_n1_1fps_1sp_bb.json,s102
1687801804.016848000,8,rover_s102_1x1_n1_1fps_1sp_bb.json,s102
1687801805.035674000,0,rover_s102_1x1_n1_1fps_1sp_bb.json,s102
1687801805.036919000,1,rover_s102_1x1_n1_1fps_1sp_bb.json,s102
1687801805.037043000,2,rover_s102_1x1_n1_1fps_1sp_bb.json,s102
1687801805.037664000,3,rover_s102_1x1_n1_1fps_1sp_bb.json,s102
1687801805.037666000,4,rover_s102_1x1_n1_1fps_1sp_bb.json,s102
1687801805.040282000,5,rover_s102_1x1_n1_1fps_1sp_bb.json,s102
1687801805.040417000,6,rover_s102_1x1_n1_1fps_1sp_bb.json,s102
1687801806.058482000,0,rover_s102_1x1_n1_1fps_1sp_bb.json,s102
1687801806.059237000,1,rover_s102_1x1_n1_1fps_1sp_bb.json,s102
1687801806.059488000,2,rover_s102_1x1_n1_1fps_1sp_bb.json,s102
1687801806.059573000,3,rover_s102_1x1_n1_1fps_1sp_bb.json,s102
1687801806.059675000,4,rover_s102_1x1_n1_1fps_1sp_bb.json,s102
1687801806.060442000,5,rover_s102_1x1_n1_1fps_1sp_bb.json,s102
1687801806.060610000,6,rover_s102_1x1_n1_1fps_1sp_bb.json,s102
1687801806.060699000,7,rover_s102_1x1_n1_1fps_1sp_bb.json,s102
1687801806.061520000,8,rover_s102_1x1_n1_1fps_1sp_bb.json,s102
1687801807.081132000,0,rover_s102_1x1_n1_1fps_1sp_bb.json,s102
1687801807.081541000,1,rover_s102_1x1_n1_1fps_1sp_bb.json,s102
1687801807.084116000,2,rover_s102_1x1_n1_1fps_1sp_bb.json,s102
1687801807.085236000,3,rover_s102_1x1_n1_1fps_1sp_bb.json,s102
1687801807.085319000,4,rover_s102_1x1_n1_1fps_1sp_bb.json,s102
1687801807.085321000,5,rover_s102_1x1_n1_1fps_1sp_bb.json,s102
1687801807.085437000,6,rover_s102_1x1_n1_1fps_1sp_bb.json,s102
1687801807.085536000,7,rover_s102_1x1_n1_1fps_1sp_bb.json,s102
1687801808.106205000,0,rover_s102_1x1_n1_1fps_1sp_bb.json,s102
1687801808.106417000,1,rover_s102_1x1_n1_1fps_1sp_bb.json,s102
1687801808.106529000,2,rover_s102_1x1_n1_1fps_1sp_bb.json,s102
1687801808.106647000,3,rover_s102_1x1_n1_1fps_1sp_bb.json,s102
1687801808.106649000,4,rover_s102_1x1_n1_1fps_1sp_bb.json,s102
1687801808.107075000,5,rover_s102_1x1_n1_1fps_1sp_bb.json,s102
1687801808.107162000,6,rover_s102_1x1_n1_1fps_1sp_bb.json,s102
1687801809.129566000,0,rover_s102_1x1_n1_1fps_1sp_bb.json,s102
1687801809.129772000,1,rover_s102_1x1_n1_1fps_1sp_bb.json,s102
1687801809.130224000,2,rover_s102_1x1_n1_1fps_1sp_bb.json,s102
1687801809.130226000,3,rover_s102_1x1_n1_1fps_1sp_bb.json,s102
1687801809.130347000,4,rover_s102_1x1_n1_1fps_1sp_bb.json,s102
1687801809.130437000,5,rover_s102_1x1_n1_1fps_1sp_bb.json,s102
1687801809.130799000,6,rover_s102_1x1_n1_1fps_1sp_bb.json,s102
1687801809.130901000,7,rover_s102_1x1_n1_1fps_1sp_bb.json,s102
1687801809.131509000,8,rover_s102_1x1_n1_1fps_1sp_bb.json,s102
1687801809.131616000,9,rover_s102_1x1_n1_1fps_1sp_bb.json,s102
1687801809.131980000,10,rover_s102_1x1_n1_1fps_1sp_bb.json,s102
1687801809.132097000,11,rover_s102_1x1_n1_1fps_1sp_bb.json,s102
1687801810.153045000,0,rover_s102_1x1_n1_1fps_1sp_bb.json,s102
1687801810.153421000,1,rover_s102_1x1_n1_1fps_1sp_bb.json,s102
1687801810.154855000,2,rover_s102_1x1_n1_1fps_1sp_bb.json,s102
1687801810.154857000,3,rover_s102_1x1_n1_1fps_1sp_bb.json,s102
1687801810.154985000,4,rover_s102_1x1_n1_1fps_1sp_bb.json,s102
1687801810.155121000,5,rover_s102_1x1_n1_1fps_1sp_bb.json,s102
1687801810.155242000,6,rover_s102_1x1_n1_1fps_1sp_bb.json,s102
1687801810.155317000,7,rover_s102_1x1_n1_1fps_1sp_bb.json,s102
1687801810.155924000,8,rover_s102_1x1_n1_1fps_1sp_bb.json,s102
1687801811.175414000,0,rover_s102_1x1_n1_1fps_1sp_bb.json,s102
1687801811.175622000,1,rover_s102_1x1_n1_1fps_1sp_bb.json,s102
1687801811.175714000,2,rover_s102_1x1_n1_1fps_1sp_bb.json,s102
1687801811.176098000,3,rover_s102_1x1_n1_1fps_1sp_bb.json,s102
1687801811.176196000,4,rover_s102_1x1_n1_1fps_1sp_bb.json,s102
1687801811.176842000,5,rover_s102_1x1_n1_1fps_1sp_bb.json,s102
1687801811.176844000,6,rover_s102_1x1_n1_1fps_1sp_bb.json,s102
1687801811.176959000,7,rover_s102_1x1_n1_1fps_1sp_bb.json,s102
1687801811.178245000,8,rover_s102_1x1_n1_1fps_1sp_bb.json,s102
1687801812.198147000,0,rover_s102_1x1_n1_1fps_1sp_bb.json,s102
1687801812.198348000,1,rover_s102_1x1_n1_1fps_1sp_bb.json,s102
1687801812.198446000,2,rover_s102_1x1_n1_1fps_1sp_bb.json,s102
1687801812.199695000,3,rover_s102_1x1_n1_1fps_1sp_bb.json,s102
1687801812.199803000,4,rover_s102_1x1_n1_1fps_1sp_bb.json,s102
1687801812.199805000,5,rover_s102_1x1_n1_1fps_1sp_bb.json,s102
1687801812.200107000,6,rover_s102_1x1_n1_1fps_1sp_bb.json,s102
1687801812.200109000,7,rover_s102_1x1_n1_1fps_1sp_bb.json,s102
1687801812.200797000,8,rover_s102_1x1_n1_1fps_1sp_bb.json,s102
1687801812.200799000,9,rover_s102_1x1_n1_1fps_1sp_bb.json,s102
1687801812.200965000,10,rover_s102_1x1_n1_1fps_1sp_bb.json,s102
1687801813.223917000,0,rover_s102_1x1_n1_1fps_1sp_bb.json,s102
1687801813.224277000,1,rover_s102_1x1_n1_1fps_1sp_bb.json,s102
1687801813.225511000,2,rover_s102_1x1_n1_1fps_1sp_bb.json,s102
1687801813.225512000,3,rover_s102_1x1_n1_1fps_1sp_bb.json,s102
1687801813.225632000,4,rover_s102_1x1_n1_1fps_1sp_bb.json,s102
1687801813.225751000,5,rover_s102_1x1_n1_1fps_1sp_bb.json,s102
1687801813.225868000,6,rover_s102_1x1_n1_1fps_1sp_bb.json,s102
1687801813.226565000,7,rover_s102_1x1_n1_1fps_1sp_bb.json,s102
1687801813.226678000,8,rover_s102_1x1_n1_1fps_1sp_bb.json,s102
1687801813.226680000,9,rover_s102_1x1_n1_1fps_1sp_bb.json,s102
1687801814.250675000,0,rover_s102_1x1_n1_1fps_1sp_bb.json,s102
1687801814.250876000,1,rover_s102_1x1_n1_1fps_1sp_bb.json,s102
1687801814.250964000,2,rover_s102_1x1_n1_1fps_1sp_bb.json,s102
1687801814.251338000,3,rover_s102_1x1_n1_1fps_1sp_bb.json,s102
1687801814.251438000,4,rover_s102_1x1_n1_1fps_1sp_bb.json,s102
1687801814.251526000,5,rover_s102_1x1_n1_1fps_1sp_bb.json,s102
1687801814.252206000,6,rover_s102_1x1_n1_1fps_1sp_bb.json,s102
1687801814.252328000,7,rover_s102_1x1_n1_1fps_1sp_bb.json,s102
1687801814.252654000,8,rover_s102_1x1_n1_1fps_1sp_bb.json,s102
1687801814.252749000,9,rover_s102_1x1_n1_1fps_1sp_bb.json,s102
1687801814.253742000,10,rover_s102_1x1_n1_1fps_1sp_bb.json,s102
1687801814.253852000,11,rover_s102_1x1_n1_1fps_1sp_bb.json,s102
1687801815.276857000,0,rover_s102_1x1_n1_1fps_1sp_bb.json,s102
1687801815.277060000,1,rover_s102_1x1_n1_1fps_1sp_bb.json,s102
1687801815.277152000,2,rover_s102_1x1_n1_1fps_1sp_bb.json,s102
1687801815.277596000,3,rover_s102_1x1_n1_1fps_1sp_bb.json,s102
1687801815.277694000,4,rover_s102_1x1_n1_1fps_1sp_bb.json,s102
1687801815.277773000,5,rover_s102_1x1_n1_1fps_1sp_bb.json,s102
1687801815.278367000,6,rover_s102_1x1_n1_1fps_1sp_bb.json,s102
1687801815.278476000,7,rover_s102_1x1_n1_1fps_1sp_bb.json,s102
1687801815.279208000,8,rover_s102_1x1_n1_1fps_1sp_bb.json,s102
1687801815.279210000,9,rover_s102_1x1_n1_1fps_1sp_bb.json,s102
1687801815.279348000,10,rover_s102_1x1_n1_1fps_1sp_bb.json,s102
1687801815.279847000,11,rover_s102_1x1_n1_1fps_1sp_bb.json,s102
1687801815.279941000,12,rover_s102_1x1_n1_1fps_1sp_bb.json,s102
1687801816.302253000,0,rover_s102_1x1_n1_1fps_1sp_bb.json,s102
1687801816.302653000,1,rover_s102_1x1_n1_1fps_1sp_bb.json,s102
1687801816.303807000,2,rover_s102_1x1_n1_1fps_1sp_bb.json,s102
1687801816.303809000,3,rover_s102_1x1_n1_1fps_1sp_bb.json,s102
1687801816.303934000,4,rover_s102_1x1_n1_1fps_1sp_bb.json,s102
1687801816.304072000,5,rover_s102_1x1_n1_1fps_1sp_bb.json,s102
1687801816.305142000,6,rover_s102_1x1_n1_1fps_1sp_bb.json,s102
1687801816.305253000,7,rover_s102_1x1_n1_1fps_1sp_bb.json,s102
1687801816.305255000,8,rover_s102_1x1_n1_1fps_1sp_bb.json,s102
1687801816.305388000,9,rover_s102_1x1_n1_1fps_1sp_bb.json,s102
1687801817.327006000,0,rover_s102_1x1_n1_1fps_1sp_bb.json,s102
1687801817.327712000,1,rover_s102_1x1_n1_1fps_1sp_bb.json,s102
1687801817.327808000,2,rover_s102_1x1_n1_1fps_1sp_bb.json,s102
1687801817.327909000,3,rover_s102_1x1_n1_1fps_1sp_bb.json,s102
1687801817.327910000,4,rover_s102_1x1_n1_1fps_1sp_bb.json,s102
1687801817.328834000,5,rover_s102_1x1_n1_1fps_1sp_bb.json,s102
1687801817.328952000,6,rover_s102_1x1_n1_1fps_1sp_bb.json,s102
1687801818.350267000,0,rover_s102_1x1_n1_1fps_1sp_bb.json,s102
1687801818.351025000,1,rover_s102_1x1_n1_1fps_1sp_bb.json,s102
1687801818.351118000,2,rover_s102_1x1_n1_1fps_1sp_bb.json,s102
1687801818.351120000,3,rover_s102_1x1_n1_1fps_1sp_bb.json,s102
1687801818.351245000,4,rover_s102_1x1_n1_1fps_1sp_bb.json,s102
1687801818.351334000,5,rover_s102_1x1_n1_1fps_1sp_bb.json,s102
1687801818.351418000,6,rover_s102_1x1_n1_1fps_1sp_bb.json,s102
1687801818.351801000,7,rover_s102_1x1_n1_1fps_1sp_bb.json,s102
1687801818.351912000,8,rover_s102_1x1_n1_1fps_1sp_bb.json,s102
1687801818.352505000,9,rover_s102_1x1_n1_1fps_1sp_bb.json,s102
1687801818.352594000,10,rover_s102_1x1_n1_1fps_1sp_bb.json,s102
1687801819.372277000,0,rover_s102_1x1_n1_1fps_1sp_bb.json,s102
1687801819.372659000,1,rover_s102_1x1_n1_1fps_1sp_bb.json,s102
1687801819.374001000,2,rover_s102_1x1_n1_1fps_1sp_bb.json,s102
1687801819.374003000,3,rover_s102_1x1_n1_1fps_1sp_bb.json,s102
1687801819.374154000,4,rover_s102_1x1_n1_1fps_1sp_bb.json,s102
1687801819.374272000,5,rover_s102_1x1_n1_1fps_1sp_bb.json,s102
1687801819.374383000,6,rover_s102_1x1_n1_1fps_1sp_bb.json,s102
1687801819.374476000,7,rover_s102_1x1_n1_1fps_1sp_bb.json,s102
1687801820.395376000,0,rover_s102_1x1_n1_1fps_1sp_bb.json,s102
1687801820.395575000,1,rover_s102_1x1_n1_1fps_1sp_bb.json,s102
1687801820.395668000,2,rover_s102_1x1_n1_1fps_1sp_bb.json,s102
1687801820.396088000,3,rover_s102_1x1_n1_1fps_1sp_bb.json,s102
1687801820.396181000,4,rover_s102_1x1_n1_1fps_1sp_bb.json,s102
1687801820.396285000,5,rover_s102_1x1_n1_1fps_1sp_bb.json,s102
1687801820.396368000,6,rover_s102_1x1_n1_1fps_1sp_bb.json,s102
1687801820.396848000,7,rover_s102_1x1_n1_1fps_1sp_bb.json,s102
1687801820.396949000,8,rover_s102_1x1_n1_1fps_1sp_bb.json,s102
1687801820.397300000,9,rover_s102_1x1_n1_1fps_1sp_bb.json,s102
1687801820.397396000,10,rover_s102_1x1_n1_1fps_1sp_bb.json,s102
1687801820.398106000,11,rover_s102_1x1_n1_1fps_1sp_bb.json,s102
1687801820.398225000,12,rover_s102_1x1_n1_1fps_1sp_bb.json,s102
1687801820.399115000,13,rover_s102_1x1_n1_1fps_1sp_bb.json,s102
1687801821.419336000,0,rover_s102_1x1_n1_1fps_1sp_bb.json,s102
1687801821.419549000,1,rover_s102_1x1_n1_1fps_1sp_bb.json,s102
1687801821.419652000,2,rover_s102_1x1_n1_1fps_1sp_bb.json,s102
1687801821.420024000,3,rover_s102_1x1_n1_1fps_1sp_bb.json,s102
1687801821.420140000,4,rover_s102_1x1_n1_1fps_1sp_bb.json,s102
1687801821.420232000,5,rover_s102_1x1_n1_1fps_1sp_bb.json,s102
1687801821.421057000,6,rover_s102_1x1_n1_1fps_1sp_bb.json,s102
1687801821.421164000,7,rover_s102_1x1_n1_1fps_1sp_bb.json,s102
1687801822.443044000,0,rover_s102_1x1_n1_1fps_1sp_bb.json,s102
1687801822.443414000,1,rover_s102_1x1_n1_1fps_1sp_bb.json,s102
1687801822.446276000,2,rover_s102_1x1_n1_1fps_1sp_bb.json,s102
1687801822.446415000,3,rover_s102_1x1_n1_1fps_1sp_bb.json,s102
1687801822.446518000,4,rover_s102_1x1_n1_1fps_1sp_bb.json,s102
1687801822.446641000,5,rover_s102_1x1_n1_1fps_1sp_bb.json,s102
1687801822.446738000,6,rover_s102_1x1_n1_1fps_1sp_bb.json,s102
1687801822.447206000,7,rover_s102_1x1_n1_1fps_1sp_bb.json,s102
1687801822.447293000,8,rover_s102_1x1_n1_1fps_1sp_bb.json,s102
1687801823.467058000,0,rover_s102_1x1_n1_1fps_1sp_bb.json,s102
1687801823.467273000,1,rover_s102_1x1_n1_1fps_1sp_bb.json,s102
1687801823.467363000,2,rover_s102_1x1_n1_1fps_1sp_bb.json,s102
1687801823.467728000,3,rover_s102_1x1_n1_1fps_1sp_bb.json,s102
1687801823.467837000,4,rover_s102_1x1_n1_1fps_1sp_bb.json,s102
1687801823.468269000,5,rover_s102_1x1_n1_1fps_1sp_bb.json,s102
1687801823.468379000,6,rover_s102_1x1_n1_1fps_1sp_bb.json,s102
1687801823.468812000,7,rover_s102_1x1_n1_1fps_1sp_bb.json,s102
1687801823.468813000,8,rover_s102_1x1_n1_1fps_1sp_bb.json,s102
1687801823.470009000,9,rover_s102_1x1_n1_1fps_1sp_bb.json,s102
1687801824.491703000,0,rover_s102_1x1_n1_1fps_1sp_bb.json,s102
1687801824.491900000,1,rover_s102_1x1_n1_1fps_1sp_bb.json,s102
1687801824.491996000,2,rover_s102_1x1_n1_1fps_1sp_bb.json,s102
1687801824.492390000,3,rover_s102_1x1_n1_1fps_1sp_bb.json,s102
1687801824.492488000,4,rover_s102_1x1_n1_1fps_1sp_bb.json,s102
1687801824.493147000,5,rover_s102_1x1_n1_1fps_1sp_bb.json,s102
1687801824.493512000,6,rover_s102_1x1_n1_1fps_1sp_bb.json,s102
1687801824.493602000,7,rover_s102_1x1_n1_1fps_1sp_bb.json,s102
1687801825.512624000,0,rover_s102_1x1_n1_1fps_1sp_bb.json,s102
1687801825.513017000,1,rover_s102_1x1_n1_1fps_1sp_bb.json,s102
1687801825.514276000,2,rover_s102_1x1_n1_1fps_1sp_bb.json,s102
1687801825.514278000,3,rover_s102_1x1_n1_1fps_1sp_bb.json,s102
1687801825.514408000,4,rover_s102_1x1_n1_1fps_1sp_bb.json,s102
1687801825.514536000,5,rover_s102_1x1_n1_1fps_1sp_bb.json,s102
1687801825.514649000,6,rover_s102_1x1_n1_1fps_1sp_bb.json,s102
1687801825.514757000,7,rover_s102_1x1_n1_1fps_1sp_bb.json,s102
1687801825.515239000,8,rover_s102_1x1_n1_1fps_1sp_bb.json,s102
1687801825.515350000,9,rover_s102_1x1_n1_1fps_1sp_bb.json,s102
1687801825.517735000,10,rover_s102_1x1_n1_1fps_1sp_bb.json,s102
1687801826.535970000,0,rover_s102_1x1_n1_1fps_1sp_bb.json,s102
1687801826.536176000,1,rover_s102_1x1_n1_1fps_1sp_bb.json,s102
1687801826.536289000,2,rover_s102_1x1_n1_1fps_1sp_bb.json,s102
1687801826.536684000,3,rover_s102_1x1_n1_1fps_1sp_bb.json,s102
1687801826.536783000,4,rover_s102_1x1_n1_1fps_1sp_bb.json,s102
1687801826.536884000,5,rover_s102_1x1_n1_1fps_1sp_bb.json,s102
1687801826.537366000,6,rover_s102_1x1_n1_1fps_1sp_bb.json,s102
1687801826.537470000,7,rover_s102_1x1_n1_1fps_1sp_bb.json,s102
1687801827.562483000,0,rover_s102_1x1_n1_1fps_1sp_bb.json,s102
1687801827.562691000,1,rover_s102_1x1_n1_1fps_1sp_bb.json,s102
1687801827.563214000,2,rover_s102_1x1_n1_1fps_1sp_bb.json,s102
1687801827.563311000,3,rover_s102_1x1_n1_1fps_1sp_bb.json,s102
1687801827.563398000,4,rover_s102_1x1_n1_1fps_1sp_bb.json,s102
1687801827.563885000,5,rover_s102_1x1_n1_1fps_1sp_bb.json,s102
1687801827.563994000,6,rover_s102_1x1_n1_1fps_1sp_bb.json,s102
1687801827.564248000,7,rover_s102_1x1_n1_1fps_1sp_bb.json,s102
1687801827.565695000,8,rover_s102_1x1_n1_1fps_1sp_bb.json,s102
1687801827.565802000,9,rover_s102_1x1_n1_1fps_1sp_bb.json,s102
1687801828.592868000,0,rover_s102_1x1_n1_1fps_1sp_bb.json,s102
1687801828.593248000,1,rover_s102_1x1_n1_1fps_1sp_bb.json,s102
1687801828.594569000,2,rover_s102_1x1_n1_1fps_1sp_bb.json,s102
1687801828.594571000,3,rover_s102_1x1_n1_1fps_1sp_bb.json,s102
1687801828.594693000,4,rover_s102_1x1_n1_1fps_1sp_bb.json,s102
1687801828.594819000,5,rover_s102_1x1_n1_1fps_1sp_bb.json,s102
1687801828.594939000,6,rover_s102_1x1_n1_1fps_1sp_bb.json,s102
1687801828.595016000,7,rover_s102_1x1_n1_1fps_1sp_bb.json,s102
1687801828.595394000,8,rover_s102_1x1_n1_1fps_1sp_bb.json,s102
1687801828.595494000,9,rover_s102_1x1_n1_1fps_1sp_bb.json,s102
