Timestamp,Packet,Scenario,Type
1687796600.346252000,0,rover_s102_2x2_n2_n1fps_1sp_bb.json,s102
1687796600.346676000,1,rover_s102_2x2_n2_n1fps_1sp_bb.json,s102
1687796600.348040000,2,rover_s102_2x2_n2_n1fps_1sp_bb.json,s102
1687796600.348042000,3,rover_s102_2x2_n2_n1fps_1sp_bb.json,s102
1687796600.348310000,4,rover_s102_2x2_n2_n1fps_1sp_bb.json,s102
1687796600.348558000,5,rover_s102_2x2_n2_n1fps_1sp_bb.json,s102
1687796600.348826000,6,rover_s102_2x2_n2_n1fps_1sp_bb.json,s102
1687796600.349377000,7,rover_s102_2x2_n2_n1fps_1sp_bb.json,s102
1687796601.368420000,0,rover_s102_2x2_n2_n1fps_1sp_bb.json,s102
1687796601.368782000,1,rover_s102_2x2_n2_n1fps_1sp_bb.json,s102
1687796601.368987000,2,rover_s102_2x2_n2_n1fps_1sp_bb.json,s102
1687796601.369693000,3,rover_s102_2x2_n2_n1fps_1sp_bb.json,s102
1687796601.369695000,4,rover_s102_2x2_n2_n1fps_1sp_bb.json,s102
1687796601.369943000,5,rover_s102_2x2_n2_n1fps_1sp_bb.json,s102
1687796601.370175000,6,rover_s102_2x2_n2_n1fps_1sp_bb.json,s102
1687796601.371223000,7,rover_s102_2x2_n2_n1fps_1sp_bb.json,s102
1687796601.371383000,8,rover_s102_2x2_n2_n1fps_1sp_bb.json,s102
1687796601.371594000,9,rover_s102_2x2_n2_n1fps_1sp_bb.json,s102
1687796601.371597000,10,rover_s102_2x2_n2_n1fps_1sp_bb.json,s102
1687796601.371856000,11,rover_s102_2x2_n2_n1fps_1sp_bb.json,s102
1687796601.372667000,12,rover_s102_2x2_n2_n1fps_1sp_bb.json,s102
1687796601.372670000,13,rover_s102_2x2_n2_n1fps_1sp_bb.json,s102
1687796602.391817000,0,rover_s102_2x2_n2_n1fps_1sp_bb.json,s102
1687796602.392205000,1,rover_s102_2x2_n2_n1fps_1sp_bb.json,s102
1687796602.393530000,2,rover_s102_2x2_n2_n1fps_1sp_bb.json,s102
1687796602.393532000,3,rover_s102_2x2_n2_n1fps_1sp_bb.json,s102
1687796602.393667000,4,rover_s102_2x2_n2_n1fps_1sp_bb.json,s102
1687796602.393771000,5,rover_s102_2x2_n2_n1fps_1sp_bb.json,s102
1687796602.393901000,6,rover_s102_2x2_n2_n1fps_1sp_bb.json,s102
1687796602.393991000,7,rover_s102_2x2_n2_n1fps_1sp_bb.json,s102
1687796602.394779000,8,rover_s102_2x2_n2_n1fps_1sp_bb.json,s102
1687796603.422575000,0,rover_s102_2x2_n2_n1fps_1sp_bb.json,s102
1687796603.422779000,1,rover_s102_2x2_n2_n1fps_1sp_bb.json,s102
1687796603.422893000,2,rover_s102_2x2_n2_n1fps_1sp_bb.json,s102
1687796603.423592000,3,rover_s102_2x2_n2_n1fps_1sp_bb.json,s102
1687796603.423714000,4,rover_s102_2x2_n2_n1fps_1sp_bb.json,s102
1687796603.423806000,5,rover_s102_2x2_n2_n1fps_1sp_bb.json,s102
1687796603.424379000,6,rover_s102_2x2_n2_n1fps_1sp_bb.json,s102
1687796603.424481000,7,rover_s102_2x2_n2_n1fps_1sp_bb.json,s102
1687796603.424578000,8,rover_s102_2x2_n2_n1fps_1sp_bb.json,s102
1687796603.425746000,9,rover_s102_2x2_n2_n1fps_1sp_bb.json,s102
1687796604.452294000,0,rover_s102_2x2_n2_n1fps_1sp_bb.json,s102
1687796604.452663000,1,rover_s102_2x2_n2_n1fps_1sp_bb.json,s102
1687796604.453872000,2,rover_s102_2x2_n2_n1fps_1sp_bb.json,s102
1687796604.453873000,3,rover_s102_2x2_n2_n1fps_1sp_bb.json,s102
1687796604.454013000,4,rover_s102_2x2_n2_n1fps_1sp_bb.json,s102
1687796604.454133000,5,rover_s102_2x2_n2_n1fps_1sp_bb.json,s102
1687796604.454259000,6,rover_s102_2x2_n2_n1fps_1sp_bb.json,s102
1687796604.454348000,7,rover_s102_2x2_n2_n1fps_1sp_bb.json,s102
1687796604.455172000,8,rover_s102_2x2_n2_n1fps_1sp_bb.json,s102
1687796604.455277000,9,rover_s102_2x2_n2_n1fps_1sp_bb.json,s102
1687796604.456099000,10,rover_s102_2x2_n2_n1fps_1sp_bb.json,s102
1687796605.476364000,0,rover_s102_2x2_n2_n1fps_1sp_bb.json,s102
1687796605.476582000,1,rover_s102_2x2_n2_n1fps_1sp_bb.json,s102
1687796605.476676000,2,rover_s102_2x2_n2_n1fps_1sp_bb.json,s102
1687796605.477367000,3,rover_s102_2x2_n2_n1fps_1sp_bb.json,s102
1687796605.477985000,4,rover_s102_2x2_n2_n1fps_1sp_bb.json,s102
1687796605.477986000,5,rover_s102_2x2_n2_n1fps_1sp_bb.json,s102
1687796605.478118000,6,rover_s102_2x2_n2_n1fps_1sp_bb.json,s102
1687796605.478234000,7,rover_s102_2x2_n2_n1fps_1sp_bb.json,s102
1687796606.503491000,0,rover_s102_2x2_n2_n1fps_1sp_bb.json,s102
1687796606.503856000,1,rover_s102_2x2_n2_n1fps_1sp_bb.json,s102
1687796606.505153000,2,rover_s102_2x2_n2_n1fps_1sp_bb.json,s102
1687796606.505155000,3,rover_s102_2x2_n2_n1fps_1sp_bb.json,s102
1687796606.505294000,4,rover_s102_2x2_n2_n1fps_1sp_bb.json,s102
1687796606.505398000,5,rover_s102_2x2_n2_n1fps_1sp_bb.json,s102
1687796606.505511000,6,rover_s102_2x2_n2_n1fps_1sp_bb.json,s102
1687796606.505617000,7,rover_s102_2x2_n2_n1fps_1sp_bb.json,s102
1687796606.506661000,8,rover_s102_2x2_n2_n1fps_1sp_bb.json,s102
1687796606.506788000,9,rover_s102_2x2_n2_n1fps_1sp_bb.json,s102
1687796606.507607000,10,rover_s102_2x2_n2_n1fps_1sp_bb.json,s102
1687796606.507725000,11,rover_s102_2x2_n2_n1fps_1sp_bb.json,s102
1687796606.508597000,12,rover_s102_2x2_n2_n1fps_1sp_bb.json,s102
1687796606.508714000,13,rover_s102_2x2_n2_n1fps_1sp_bb.json,s102
1687796606.508716000,14,rover_s102_2x2_n2_n1fps_1sp_bb.json,s102
1687796606.509316000,15,rover_s102_2x2_n2_n1fps_1sp_bb.json,s102
1687796606.509421000,16,rover_s102_2x2_n2_n1fps_1sp_bb.json,s102
1687796606.510428000,17,rover_s102_2x2_n2_n1fps_1sp_bb.json,s102
1687796606.510540000,18,rover_s102_2x2_n2_n1fps_1sp_bb.json,s102
1687796606.511424000,19,rover_s102_2x2_n2_n1fps_1sp_bb.json,s102
1687796606.511549000,20,rover_s102_2x2_n2_n1fps_1sp_bb.json,s102
1687796606.512325000,21,rover_s102_2x2_n2_n1fps_1sp_bb.json,s102
1687796607.530769000,0,rover_s102_2x2_n2_n1fps_1sp_bb.json,s102
1687796607.530983000,1,rover_s102_2x2_n2_n1fps_1sp_bb.json,s102
1687796607.531104000,2,rover_s102_2x2_n2_n1fps_1sp_bb.json,s102
1687796607.531517000,3,rover_s102_2x2_n2_n1fps_1sp_bb.json,s102
1687796607.531631000,4,rover_s102_2x2_n2_n1fps_1sp_bb.json,s102
1687796607.532201000,5,rover_s102_2x2_n2_n1fps_1sp_bb.json,s102
1687796607.532317000,6,rover_s102_2x2_n2_n1fps_1sp_bb.json,s102
1687796607.532647000,7,rover_s102_2x2_n2_n1fps_1sp_bb.json,s102
1687796607.532747000,8,rover_s102_2x2_n2_n1fps_1sp_bb.json,s102
1687796608.554938000,0,rover_s102_2x2_n2_n1fps_1sp_bb.json,s102
1687796608.556610000,1,rover_s102_2x2_n2_n1fps_1sp_bb.json,s102
1687796608.556753000,2,rover_s102_2x2_n2_n1fps_1sp_bb.json,s102
1687796608.557724000,3,rover_s102_2x2_n2_n1fps_1sp_bb.json,s102
1687796608.557800000,4,rover_s102_2x2_n2_n1fps_1sp_bb.json,s102
1687796608.557882000,5,rover_s102_2x2_n2_n1fps_1sp_bb.json,s102
1687796608.557883000,6,rover_s102_2x2_n2_n1fps_1sp_bb.json,s102
1687796608.557998000,7,rover_s102_2x2_n2_n1fps_1sp_bb.json,s102
1687796608.558095000,8,rover_s102_2x2_n2_n1fps_1sp_bb.json,s102
1687796609.577453000,0,rover_s102_2x2_n2_n1fps_1sp_bb.json,s102
1687796609.577663000,1,rover_s102_2x2_n2_n1fps_1sp_bb.json,s102
1687796609.577757000,2,rover_s102_2x2_n2_n1fps_1sp_bb.json,s102
1687796609.578157000,3,rover_s102_2x2_n2_n1fps_1sp_bb.json,s102
1687796609.578264000,4,rover_s102_2x2_n2_n1fps_1sp_bb.json,s102
1687796609.578365000,5,rover_s102_2x2_n2_n1fps_1sp_bb.json,s102
1687796609.578722000,6,rover_s102_2x2_n2_n1fps_1sp_bb.json,s102
1687796609.579630000,7,rover_s102_2x2_n2_n1fps_1sp_bb.json,s102
1687796609.579745000,8,rover_s102_2x2_n2_n1fps_1sp_bb.json,s102
1687796609.579747000,9,rover_s102_2x2_n2_n1fps_1sp_bb.json,s102
1687796609.579870000,10,rover_s102_2x2_n2_n1fps_1sp_bb.json,s102
1687796610.599848000,0,rover_s102_2x2_n2_n1fps_1sp_bb.json,s102
1687796610.601322000,1,rover_s102_2x2_n2_n1fps_1sp_bb.json,s102
1687796610.601447000,2,rover_s102_2x2_n2_n1fps_1sp_bb.json,s102
1687796610.601448000,3,rover_s102_2x2_n2_n1fps_1sp_bb.json,s102
1687796610.602186000,4,rover_s102_2x2_n2_n1fps_1sp_bb.json,s102
1687796610.602272000,5,rover_s102_2x2_n2_n1fps_1sp_bb.json,s102
1687796610.602371000,6,rover_s102_2x2_n2_n1fps_1sp_bb.json,s102
1687796610.602373000,7,rover_s102_2x2_n2_n1fps_1sp_bb.json,s102
1687796610.602491000,8,rover_s102_2x2_n2_n1fps_1sp_bb.json,s102
1687796610.603074000,9,rover_s102_2x2_n2_n1fps_1sp_bb.json,s102
1687796610.603180000,10,rover_s102_2x2_n2_n1fps_1sp_bb.json,s102
1687796610.604199000,11,rover_s102_2x2_n2_n1fps_1sp_bb.json,s102
1687796611.624922000,0,rover_s102_2x2_n2_n1fps_1sp_bb.json,s102
1687796611.625124000,1,rover_s102_2x2_n2_n1fps_1sp_bb.json,s102
1687796611.625216000,2,rover_s102_2x2_n2_n1fps_1sp_bb.json,s102
1687796611.625869000,3,rover_s102_2x2_n2_n1fps_1sp_bb.json,s102
1687796611.625962000,4,rover_s102_2x2_n2_n1fps_1sp_bb.json,s102
1687796611.626068000,5,rover_s102_2x2_n2_n1fps_1sp_bb.json,s102
1687796611.626174000,6,rover_s102_2x2_n2_n1fps_1sp_bb.json,s102
1687796611.627563000,7,rover_s102_2x2_n2_n1fps_1sp_bb.json,s102
1687796611.627565000,8,rover_s102_2x2_n2_n1fps_1sp_bb.json,s102
1687796611.627700000,9,rover_s102_2x2_n2_n1fps_1sp_bb.json,s102
1687796611.627804000,10,rover_s102_2x2_n2_n1fps_1sp_bb.json,s102
1687796612.649045000,0,rover_s102_2x2_n2_n1fps_1sp_bb.json,s102
1687796612.649426000,1,rover_s102_2x2_n2_n1fps_1sp_bb.json,s102
1687796612.650713000,2,rover_s102_2x2_n2_n1fps_1sp_bb.json,s102
1687796612.650715000,3,rover_s102_2x2_n2_n1fps_1sp_bb.json,s102
1687796612.650840000,4,rover_s102_2x2_n2_n1fps_1sp_bb.json,s102
1687796612.650958000,5,rover_s102_2x2_n2_n1fps_1sp_bb.json,s102
1687796612.651076000,6,rover_s102_2x2_n2_n1fps_1sp_bb.json,s102
1687796612.651843000,7,rover_s102_2x2_n2_n1fps_1sp_bb.json,s102
1687796612.651844000,8,rover_s102_2x2_n2_n1fps_1sp_bb.json,s102
1687796612.651978000,9,rover_s102_2x2_n2_n1fps_1sp_bb.json,s102
1687796612.652840000,10,rover_s102_2x2_n2_n1fps_1sp_bb.json,s102
1687796613.672293000,0,rover_s102_2x2_n2_n1fps_1sp_bb.json,s102
1687796613.672494000,1,rover_s102_2x2_n2_n1fps_1sp_bb.json,s102
1687796613.672585000,2,rover_s102_2x2_n2_n1fps_1sp_bb.json,s102
1687796613.673839000,3,rover_s102_2x2_n2_n1fps_1sp_bb.json,s102
1687796613.673841000,4,rover_s102_2x2_n2_n1fps_1sp_bb.json,s102
1687796613.673984000,5,rover_s102_2x2_n2_n1fps_1sp_bb.json,s102
1687796613.674124000,6,rover_s102_2x2_n2_n1fps_1sp_bb.json,s102
1687796613.674970000,7,rover_s102_2x2_n2_n1fps_1sp_bb.json,s102
1687796614.693088000,0,rover_s102_2x2_n2_n1fps_1sp_bb.json,s102
1687796614.693412000,1,rover_s102_2x2_n2_n1fps_1sp_bb.json,s102
1687796614.694435000,2,rover_s102_2x2_n2_n1fps_1sp_bb.json,s102
1687796614.694553000,3,rover_s102_2x2_n2_n1fps_1sp_bb.json,s102
1687796614.694651000,4,rover_s102_2x2_n2_n1fps_1sp_bb.json,s102
1687796614.695468000,5,rover_s102_2x2_n2_n1fps_1sp_bb.json,s102
1687796615.714669000,0,rover_s102_2x2_n2_n1fps_1sp_bb.json,s102
1687796615.714993000,1,rover_s102_2x2_n2_n1fps_1sp_bb.json,s102
1687796615.715805000,2,rover_s102_2x2_n2_n1fps_1sp_bb.json,s102
1687796615.715902000,3,rover_s102_2x2_n2_n1fps_1sp_bb.json,s102
1687796615.715903000,4,rover_s102_2x2_n2_n1fps_1sp_bb.json,s102
1687796615.716767000,5,rover_s102_2x2_n2_n1fps_1sp_bb.json,s102
1687796615.717872000,6,rover_s102_2x2_n2_n1fps_1sp_bb.json,s102
1687796615.717873000,7,rover_s102_2x2_n2_n1fps_1sp_bb.json,s102
1687796616.736548000,0,rover_s102_2x2_n2_n1fps_1sp_bb.json,s102
1687796616.736915000,1,rover_s102_2x2_n2_n1fps_1sp_bb.json,s102
1687796616.738685000,2,rover_s102_2x2_n2_n1fps_1sp_bb.json,s102
1687796616.738686000,3,rover_s102_2x2_n2_n1fps_1sp_bb.json,s102
1687796616.738824000,4,rover_s102_2x2_n2_n1fps_1sp_bb.json,s102
1687796616.738936000,5,rover_s102_2x2_n2_n1fps_1sp_bb.json,s102
1687796616.739041000,6,rover_s102_2x2_n2_n1fps_1sp_bb.json,s102
1687796617.755841000,0,rover_s102_2x2_n2_n1fps_1sp_bb.json,s102
1687796617.757098000,1,rover_s102_2x2_n2_n1fps_1sp_bb.json,s102
1687796617.757100000,2,rover_s102_2x2_n2_n1fps_1sp_bb.json,s102
1687796617.757237000,3,rover_s102_2x2_n2_n1fps_1sp_bb.json,s102
1687796617.757782000,4,rover_s102_2x2_n2_n1fps_1sp_bb.json,s102
1687796617.757883000,5,rover_s102_2x2_n2_n1fps_1sp_bb.json,s102
1687796617.758908000,6,rover_s102_2x2_n2_n1fps_1sp_bb.json,s102
1687796618.777627000,0,rover_s102_2x2_n2_n1fps_1sp_bb.json,s102
1687796618.778008000,1,rover_s102_2x2_n2_n1fps_1sp_bb.json,s102
1687796618.779348000,2,rover_s102_2x2_n2_n1fps_1sp_bb.json,s102
1687796618.779350000,3,rover_s102_2x2_n2_n1fps_1sp_bb.json,s102
1687796618.779495000,4,rover_s102_2x2_n2_n1fps_1sp_bb.json,s102
1687796618.779617000,5,rover_s102_2x2_n2_n1fps_1sp_bb.json,s102
1687796618.779742000,6,rover_s102_2x2_n2_n1fps_1sp_bb.json,s102
1687796618.779835000,7,rover_s102_2x2_n2_n1fps_1sp_bb.json,s102
1687796619.801922000,0,rover_s102_2x2_n2_n1fps_1sp_bb.json,s102
1687796619.802128000,1,rover_s102_2x2_n2_n1fps_1sp_bb.json,s102
1687796619.803545000,2,rover_s102_2x2_n2_n1fps_1sp_bb.json,s102
1687796619.803547000,3,rover_s102_2x2_n2_n1fps_1sp_bb.json,s102
1687796619.803681000,4,rover_s102_2x2_n2_n1fps_1sp_bb.json,s102
1687796619.803797000,5,rover_s102_2x2_n2_n1fps_1sp_bb.json,s102
1687796619.803916000,6,rover_s102_2x2_n2_n1fps_1sp_bb.json,s102
1687796619.804531000,7,rover_s102_2x2_n2_n1fps_1sp_bb.json,s102
1687796619.804632000,8,rover_s102_2x2_n2_n1fps_1sp_bb.json,s102
1687796619.804725000,9,rover_s102_2x2_n2_n1fps_1sp_bb.json,s102
1687796620.825198000,0,rover_s102_2x2_n2_n1fps_1sp_bb.json,s102
1687796620.825552000,1,rover_s102_2x2_n2_n1fps_1sp_bb.json,s102
1687796620.826734000,2,rover_s102_2x2_n2_n1fps_1sp_bb.json,s102
1687796620.826736000,3,rover_s102_2x2_n2_n1fps_1sp_bb.json,s102
1687796620.826871000,4,rover_s102_2x2_n2_n1fps_1sp_bb.json,s102
1687796620.826986000,5,rover_s102_2x2_n2_n1fps_1sp_bb.json,s102
1687796620.827095000,6,rover_s102_2x2_n2_n1fps_1sp_bb.json,s102
1687796620.827203000,7,rover_s102_2x2_n2_n1fps_1sp_bb.json,s102
1687796620.827703000,8,rover_s102_2x2_n2_n1fps_1sp_bb.json,s102
1687796620.827806000,9,rover_s102_2x2_n2_n1fps_1sp_bb.json,s102
1687796620.828511000,10,rover_s102_2x2_n2_n1fps_1sp_bb.json,s102
1687796621.848320000,0,rover_s102_2x2_n2_n1fps_1sp_bb.json,s102
1687796621.848546000,1,rover_s102_2x2_n2_n1fps_1sp_bb.json,s102
1687796621.848775000,2,rover_s102_2x2_n2_n1fps_1sp_bb.json,s102
1687796621.848874000,3,rover_s102_2x2_n2_n1fps_1sp_bb.json,s102
1687796621.849450000,4,rover_s102_2x2_n2_n1fps_1sp_bb.json,s102
1687796621.849557000,5,rover_s102_2x2_n2_n1fps_1sp_bb.json,s102
1687796621.850078000,6,rover_s102_2x2_n2_n1fps_1sp_bb.json,s102
1687796621.850179000,7,rover_s102_2x2_n2_n1fps_1sp_bb.json,s102
1687796621.851378000,8,rover_s102_2x2_n2_n1fps_1sp_bb.json,s102
1687796622.875948000,0,rover_s102_2x2_n2_n1fps_1sp_bb.json,s102
1687796622.877558000,1,rover_s102_2x2_n2_n1fps_1sp_bb.json,s102
1687796622.877679000,2,rover_s102_2x2_n2_n1fps_1sp_bb.json,s102
1687796622.877681000,3,rover_s102_2x2_n2_n1fps_1sp_bb.json,s102
1687796622.877795000,4,rover_s102_2x2_n2_n1fps_1sp_bb.json,s102
1687796622.877956000,5,rover_s102_2x2_n2_n1fps_1sp_bb.json,s102
1687796622.878489000,6,rover_s102_2x2_n2_n1fps_1sp_bb.json,s102
1687796622.878491000,7,rover_s102_2x2_n2_n1fps_1sp_bb.json,s102
1687796622.878619000,8,rover_s102_2x2_n2_n1fps_1sp_bb.json,s102
1687796623.900569000,0,rover_s102_2x2_n2_n1fps_1sp_bb.json,s102
1687796623.900780000,1,rover_s102_2x2_n2_n1fps_1sp_bb.json,s102
1687796623.900885000,2,rover_s102_2x2_n2_n1fps_1sp_bb.json,s102
1687796623.901259000,3,rover_s102_2x2_n2_n1fps_1sp_bb.json,s102
1687796623.902187000,4,rover_s102_2x2_n2_n1fps_1sp_bb.json,s102
1687796623.902292000,5,rover_s102_2x2_n2_n1fps_1sp_bb.json,s102
1687796623.902394000,6,rover_s102_2x2_n2_n1fps_1sp_bb.json,s102
1687796623.902495000,7,rover_s102_2x2_n2_n1fps_1sp_bb.json,s102
1687796623.903542000,8,rover_s102_2x2_n2_n1fps_1sp_bb.json,s102
1687796623.903654000,9,rover_s102_2x2_n2_n1fps_1sp_bb.json,s102
1687796623.903656000,10,rover_s102_2x2_n2_n1fps_1sp_bb.json,s102
1687796623.904467000,11,rover_s102_2x2_n2_n1fps_1sp_bb.json,s102
1687796624.921416000,0,rover_s102_2x2_n2_n1fps_1sp_bb.json,s102
1687796624.921801000,1,rover_s102_2x2_n2_n1fps_1sp_bb.json,s102
1687796624.923064000,2,rover_s102_2x2_n2_n1fps_1sp_bb.json,s102
1687796624.923066000,3,rover_s102_2x2_n2_n1fps_1sp_bb.json,s102
1687796624.923203000,4,rover_s102_2x2_n2_n1fps_1sp_bb.json,s102
1687796624.923307000,5,rover_s102_2x2_n2_n1fps_1sp_bb.json,s102
1687796624.923428000,6,rover_s102_2x2_n2_n1fps_1sp_bb.json,s102
1687796624.923803000,7,rover_s102_2x2_n2_n1fps_1sp_bb.json,s102
1687796624.923912000,8,rover_s102_2x2_n2_n1fps_1sp_bb.json,s102
1687796624.924460000,9,rover_s102_2x2_n2_n1fps_1sp_bb.json,s102
1687796625.943949000,0,rover_s102_2x2_n2_n1fps_1sp_bb.json,s102
1687796625.944154000,1,rover_s102_2x2_n2_n1fps_1sp_bb.json,s102
1687796625.944248000,2,rover_s102_2x2_n2_n1fps_1sp_bb.json,s102
1687796625.944642000,3,rover_s102_2x2_n2_n1fps_1sp_bb.json,s102
1687796625.944730000,4,rover_s102_2x2_n2_n1fps_1sp_bb.json,s102
1687796625.944833000,5,rover_s102_2x2_n2_n1fps_1sp_bb.json,s102
1687796625.945232000,6,rover_s102_2x2_n2_n1fps_1sp_bb.json,s102
1687796625.945344000,7,rover_s102_2x2_n2_n1fps_1sp_bb.json,s102
1687796625.945713000,8,rover_s102_2x2_n2_n1fps_1sp_bb.json,s102
1687796626.965678000,0,rover_s102_2x2_n2_n1fps_1sp_bb.json,s102
1687796626.966047000,1,rover_s102_2x2_n2_n1fps_1sp_bb.json,s102
1687796626.967281000,2,rover_s102_2x2_n2_n1fps_1sp_bb.json,s102
1687796626.967283000,3,rover_s102_2x2_n2_n1fps_1sp_bb.json,s102
1687796626.967409000,4,rover_s102_2x2_n2_n1fps_1sp_bb.json,s102
1687796626.967532000,5,rover_s102_2x2_n2_n1fps_1sp_bb.json,s102
1687796626.967651000,6,rover_s102_2x2_n2_n1fps_1sp_bb.json,s102
1687796626.968283000,7,rover_s102_2x2_n2_n1fps_1sp_bb.json,s102
1687796626.968284000,8,rover_s102_2x2_n2_n1fps_1sp_bb.json,s102
1687796626.968415000,9,rover_s102_2x2_n2_n1fps_1sp_bb.json,s102
1687796626.969682000,10,rover_s102_2x2_n2_n1fps_1sp_bb.json,s102
1687796627.987604000,0,rover_s102_2x2_n2_n1fps_1sp_bb.json,s102
1687796627.987810000,1,rover_s102_2x2_n2_n1fps_1sp_bb.json,s102
1687796627.987900000,2,rover_s102_2x2_n2_n1fps_1sp_bb.json,s102
1687796627.988239000,3,rover_s102_2x2_n2_n1fps_1sp_bb.json,s102
1687796627.988326000,4,rover_s102_2x2_n2_n1fps_1sp_bb.json,s102
1687796627.988422000,5,rover_s102_2x2_n2_n1fps_1sp_bb.json,s102
1687796627.989123000,6,rover_s102_2x2_n2_n1fps_1sp_bb.json,s102
1687796627.989256000,7,rover_s102_2x2_n2_n1fps_1sp_bb.json,s102
1687796627.989619000,8,rover_s102_2x2_n2_n1fps_1sp_bb.json,s102
1687796627.989712000,9,rover_s102_2x2_n2_n1fps_1sp_bb.json,s102
1687796627.989714000,10,rover_s102_2x2_n2_n1fps_1sp_bb.json,s102
1687796627.990376000,11,rover_s102_2x2_n2_n1fps_1sp_bb.json,s102
1687796627.990499000,12,rover_s102_2x2_n2_n1fps_1sp_bb.json,s102
1687796627.990967000,13,rover_s102_2x2_n2_n1fps_1sp_bb.json,s102
1687796627.991072000,14,rover_s102_2x2_n2_n1fps_1sp_bb.json,s102
1687796627.991074000,15,rover_s102_2x2_n2_n1fps_1sp_bb.json,s102
1687796627.991686000,16,rover_s102_2x2_n2_n1fps_1sp_bb.json,s102
1687796627.991796000,17,rover_s102_2x2_n2_n1fps_1sp_bb.json,s102
1687796627.992760000,18,rover_s102_2x2_n2_n1fps_1sp_bb.json,s102
1687796627.992876000,19,rover_s102_2x2_n2_n1fps_1sp_bb.json,s102
1687796627.993356000,20,rover_s102_2x2_n2_n1fps_1sp_bb.json,s102
1687796627.993456000,21,rover_s102_2x2_n2_n1fps_1sp_bb.json,s102
1687796627.993458000,22,rover_s102_2x2_n2_n1fps_1sp_bb.json,s102
1687796629.011787000,0,rover_s102_2x2_n2_n1fps_1sp_bb.json,s102
1687796629.012157000,1,rover_s102_2x2_n2_n1fps_1sp_bb.json,s102
1687796629.013430000,2,rover_s102_2x2_n2_n1fps_1sp_bb.json,s102
1687796629.013432000,3,rover_s102_2x2_n2_n1fps_1sp_bb.json,s102
1687796629.013557000,4,rover_s102_2x2_n2_n1fps_1sp_bb.json,s102
1687796629.013678000,5,rover_s102_2x2_n2_n1fps_1sp_bb.json,s102
1687796629.013795000,6,rover_s102_2x2_n2_n1fps_1sp_bb.json,s102
1687796629.013889000,7,rover_s102_2x2_n2_n1fps_1sp_bb.json,s102
1687796629.014447000,8,rover_s102_2x2_n2_n1fps_1sp_bb.json,s102
1687796629.014549000,9,rover_s102_2x2_n2_n1fps_1sp_bb.json,s102
1687796629.015497000,10,rover_s102_2x2_n2_n1fps_1sp_bb.json,s102
1687796630.034786000,0,rover_s102_2x2_n2_n1fps_1sp_bb.json,s102
1687796630.035005000,1,rover_s102_2x2_n2_n1fps_1sp_bb.json,s102
1687796630.035497000,2,rover_s102_2x2_n2_n1fps_1sp_bb.json,s102
1687796630.035622000,3,rover_s102_2x2_n2_n1fps_1sp_bb.json,s102
1687796630.035912000,4,rover_s102_2x2_n2_n1fps_1sp_bb.json,s102
1687796630.036011000,5,rover_s102_2x2_n2_n1fps_1sp_bb.json,s102
1687796630.036411000,6,rover_s102_2x2_n2_n1fps_1sp_bb.json,s102
1687796630.037370000,7,rover_s102_2x2_n2_n1fps_1sp_bb.json,s102
1687796630.037490000,8,rover_s102_2x2_n2_n1fps_1sp_bb.json,s102
1687796630.038674000,9,rover_s102_2x2_n2_n1fps_1sp_bb.json,s102
1687796631.065145000,0,rover_s102_2x2_n2_n1fps_1sp_bb.json,s102
1687796631.065526000,1,rover_s102_2x2_n2_n1fps_1sp_bb.json,s102
1687796631.067164000,2,rover_s102_2x2_n2_n1fps_1sp_bb.json,s102
1687796631.067166000,3,rover_s102_2x2_n2_n1fps_1sp_bb.json,s102
1687796631.067304000,4,rover_s102_2x2_n2_n1fps_1sp_bb.json,s102
1687796631.067427000,5,rover_s102_2x2_n2_n1fps_1sp_bb.json,s102
1687796631.067537000,6,rover_s102_2x2_n2_n1fps_1sp_bb.json,s102
1687796631.067903000,7,rover_s102_2x2_n2_n1fps_1sp_bb.json,s102
1687796631.067998000,8,rover_s102_2x2_n2_n1fps_1sp_bb.json,s102
1687796632.091516000,0,rover_s102_2x2_n2_n1fps_1sp_bb.json,s102
1687796632.091724000,1,rover_s102_2x2_n2_n1fps_1sp_bb.json,s102
1687796632.092000000,2,rover_s102_2x2_n2_n1fps_1sp_bb.json,s102
1687796632.092097000,3,rover_s102_2x2_n2_n1fps_1sp_bb.json,s102
1687796632.093046000,4,rover_s102_2x2_n2_n1fps_1sp_bb.json,s102
1687796632.093580000,5,rover_s102_2x2_n2_n1fps_1sp_bb.json,s102
1687796632.093582000,6,rover_s102_2x2_n2_n1fps_1sp_bb.json,s102
1687796633.115480000,0,rover_s102_2x2_n2_n1fps_1sp_bb.json,s102
1687796633.115845000,1,rover_s102_2x2_n2_n1fps_1sp_bb.json,s102
1687796633.117498000,2,rover_s102_2x2_n2_n1fps_1sp_bb.json,s102
1687796633.117499000,3,rover_s102_2x2_n2_n1fps_1sp_bb.json,s102
1687796633.117635000,4,rover_s102_2x2_n2_n1fps_1sp_bb.json,s102
1687796633.117753000,5,rover_s102_2x2_n2_n1fps_1sp_bb.json,s102
1687796633.117904000,6,rover_s102_2x2_n2_n1fps_1sp_bb.json,s102
1687796633.118312000,7,rover_s102_2x2_n2_n1fps_1sp_bb.json,s102
1687796633.118412000,8,rover_s102_2x2_n2_n1fps_1sp_bb.json,s102
1687796634.141584000,0,rover_s102_2x2_n2_n1fps_1sp_bb.json,s102
1687796634.141809000,1,rover_s102_2x2_n2_n1fps_1sp_bb.json,s102
1687796634.142174000,2,rover_s102_2x2_n2_n1fps_1sp_bb.json,s102
1687796634.142176000,3,rover_s102_2x2_n2_n1fps_1sp_bb.json,s102
1687796634.142300000,4,rover_s102_2x2_n2_n1fps_1sp_bb.json,s102
1687796634.143166000,5,rover_s102_2x2_n2_n1fps_1sp_bb.json,s102
1687796634.143292000,6,rover_s102_2x2_n2_n1fps_1sp_bb.json,s102
1687796634.144459000,7,rover_s102_2x2_n2_n1fps_1sp_bb.json,s102
1687796634.144460000,8,rover_s102_2x2_n2_n1fps_1sp_bb.json,s102
1687796635.162597000,0,rover_s102_2x2_n2_n1fps_1sp_bb.json,s102
1687796635.162973000,1,rover_s102_2x2_n2_n1fps_1sp_bb.json,s102
1687796635.164223000,2,rover_s102_2x2_n2_n1fps_1sp_bb.json,s102
1687796635.164225000,3,rover_s102_2x2_n2_n1fps_1sp_bb.json,s102
1687796635.164398000,4,rover_s102_2x2_n2_n1fps_1sp_bb.json,s102
1687796635.164532000,5,rover_s102_2x2_n2_n1fps_1sp_bb.json,s102
1687796635.164655000,6,rover_s102_2x2_n2_n1fps_1sp_bb.json,s102
1687796635.164735000,7,rover_s102_2x2_n2_n1fps_1sp_bb.json,s102
1687796635.165332000,8,rover_s102_2x2_n2_n1fps_1sp_bb.json,s102
1687796635.165438000,9,rover_s102_2x2_n2_n1fps_1sp_bb.json,s102
1687796635.166479000,10,rover_s102_2x2_n2_n1fps_1sp_bb.json,s102
1687796636.186973000,0,rover_s102_2x2_n2_n1fps_1sp_bb.json,s102
1687796636.187195000,1,rover_s102_2x2_n2_n1fps_1sp_bb.json,s102
1687796636.188047000,2,rover_s102_2x2_n2_n1fps_1sp_bb.json,s102
1687796636.188160000,3,rover_s102_2x2_n2_n1fps_1sp_bb.json,s102
1687796636.188161000,4,rover_s102_2x2_n2_n1fps_1sp_bb.json,s102
1687796636.189232000,5,rover_s102_2x2_n2_n1fps_1sp_bb.json,s102
1687796636.189349000,6,rover_s102_2x2_n2_n1fps_1sp_bb.json,s102
1687796636.189455000,7,rover_s102_2x2_n2_n1fps_1sp_bb.json,s102
1687796636.189536000,8,rover_s102_2x2_n2_n1fps_1sp_bb.json,s102
1687796636.190074000,9,rover_s102_2x2_n2_n1fps_1sp_bb.json,s102
1687796636.190178000,10,rover_s102_2x2_n2_n1fps_1sp_bb.json,s102
1687796637.208914000,0,rover_s102_2x2_n2_n1fps_1sp_bb.json,s102
1687796637.210279000,1,rover_s102_2x2_n2_n1fps_1sp_bb.json,s102
1687796637.211581000,2,rover_s102_2x2_n2_n1fps_1sp_bb.json,s102
1687796637.211582000,3,rover_s102_2x2_n2_n1fps_1sp_bb.json,s102
1687796637.211718000,4,rover_s102_2x2_n2_n1fps_1sp_bb.json,s102
1687796637.211840000,5,rover_s102_2x2_n2_n1fps_1sp_bb.json,s102
1687796637.211957000,6,rover_s102_2x2_n2_n1fps_1sp_bb.json,s102
1687796637.212053000,7,rover_s102_2x2_n2_n1fps_1sp_bb.json,s102
1687796637.213054000,8,rover_s102_2x2_n2_n1fps_1sp_bb.json,s102
1687796638.234501000,0,rover_s102_2x2_n2_n1fps_1sp_bb.json,s102
1687796638.234722000,1,rover_s102_2x2_n2_n1fps_1sp_bb.json,s102
1687796638.235216000,2,rover_s102_2x2_n2_n1fps_1sp_bb.json,s102
1687796638.235304000,3,rover_s102_2x2_n2_n1fps_1sp_bb.json,s102
1687796638.235306000,4,rover_s102_2x2_n2_n1fps_1sp_bb.json,s102
1687796638.235841000,5,rover_s102_2x2_n2_n1fps_1sp_bb.json,s102
1687796638.235942000,6,rover_s102_2x2_n2_n1fps_1sp_bb.json,s102
1687796638.236042000,7,rover_s102_2x2_n2_n1fps_1sp_bb.json,s102
1687796638.236731000,8,rover_s102_2x2_n2_n1fps_1sp_bb.json,s102
1687796638.237237000,9,rover_s102_2x2_n2_n1fps_1sp_bb.json,s102
1687796638.237239000,10,rover_s102_2x2_n2_n1fps_1sp_bb.json,s102
1687796638.237368000,11,rover_s102_2x2_n2_n1fps_1sp_bb.json,s102
1687796639.258425000,0,rover_s102_2x2_n2_n1fps_1sp_bb.json,s102
1687796639.258797000,1,rover_s102_2x2_n2_n1fps_1sp_bb.json,s102
1687796639.260146000,2,rover_s102_2x2_n2_n1fps_1sp_bb.json,s102
1687796639.260148000,3,rover_s102_2x2_n2_n1fps_1sp_bb.json,s102
1687796639.260274000,4,rover_s102_2x2_n2_n1fps_1sp_bb.json,s102
1687796639.260396000,5,rover_s102_2x2_n2_n1fps_1sp_bb.json,s102
1687796639.260519000,6,rover_s102_2x2_n2_n1fps_1sp_bb.json,s102
1687796639.260603000,7,rover_s102_2x2_n2_n1fps_1sp_bb.json,s102
1687796639.261420000,8,rover_s102_2x2_n2_n1fps_1sp_bb.json,s102
1687796640.282186000,0,rover_s102_2x2_n2_n1fps_1sp_bb.json,s102
1687796640.282387000,1,rover_s102_2x2_n2_n1fps_1sp_bb.json,s102
1687796640.282796000,2,rover_s102_2x2_n2_n1fps_1sp_bb.json,s102
1687796640.282798000,3,rover_s102_2x2_n2_n1fps_1sp_bb.json,s102
1687796640.282936000,4,rover_s102_2x2_n2_n1fps_1sp_bb.json,s102
1687796640.283651000,5,rover_s102_2x2_n2_n1fps_1sp_bb.json,s102
1687796640.283747000,6,rover_s102_2x2_n2_n1fps_1sp_bb.json,s102
1687796640.284205000,7,rover_s102_2x2_n2_n1fps_1sp_bb.json,s102
1687796640.284207000,8,rover_s102_2x2_n2_n1fps_1sp_bb.json,s102
1687796640.284361000,9,rover_s102_2x2_n2_n1fps_1sp_bb.json,s102
1687796640.285121000,10,rover_s102_2x2_n2_n1fps_1sp_bb.json,s102
1687796640.285233000,11,rover_s102_2x2_n2_n1fps_1sp_bb.json,s102
1687796640.285898000,12,rover_s102_2x2_n2_n1fps_1sp_bb.json,s102
1687796640.286002000,13,rover_s102_2x2_n2_n1fps_1sp_bb.json,s102
1687796640.286090000,14,rover_s102_2x2_n2_n1fps_1sp_bb.json,s102
1687796641.305441000,0,rover_s102_2x2_n2_n1fps_1sp_bb.json,s102
1687796641.305818000,1,rover_s102_2x2_n2_n1fps_1sp_bb.json,s102
1687796641.307106000,2,rover_s102_2x2_n2_n1fps_1sp_bb.json,s102
1687796641.307108000,3,rover_s102_2x2_n2_n1fps_1sp_bb.json,s102
1687796641.307229000,4,rover_s102_2x2_n2_n1fps_1sp_bb.json,s102
1687796641.307359000,5,rover_s102_2x2_n2_n1fps_1sp_bb.json,s102
1687796641.307482000,6,rover_s102_2x2_n2_n1fps_1sp_bb.json,s102
1687796641.307563000,7,rover_s102_2x2_n2_n1fps_1sp_bb.json,s102
1687796641.308163000,8,rover_s102_2x2_n2_n1fps_1sp_bb.json,s102
1687796641.308292000,9,rover_s102_2x2_n2_n1fps_1sp_bb.json,s102
1687796641.309148000,10,rover_s102_2x2_n2_n1fps_1sp_bb.json,s102
1687796642.330752000,0,rover_s102_2x2_n2_n1fps_1sp_bb.json,s102
1687796642.330938000,1,rover_s102_2x2_n2_n1fps_1sp_bb.json,s102
1687796642.330939000,2,rover_s102_2x2_n2_n1fps_1sp_bb.json,s102
1687796642.331061000,3,rover_s102_2x2_n2_n1fps_1sp_bb.json,s102
1687796642.331396000,4,rover_s102_2x2_n2_n1fps_1sp_bb.json,s102
1687796642.331492000,5,rover_s102_2x2_n2_n1fps_1sp_bb.json,s102
1687796642.332586000,6,rover_s102_2x2_n2_n1fps_1sp_bb.json,s102
1687796642.332709000,7,rover_s102_2x2_n2_n1fps_1sp_bb.json,s102
1687796642.334357000,8,rover_s102_2x2_n2_n1fps_1sp_bb.json,s102
1687796643.356038000,0,rover_s102_2x2_n2_n1fps_1sp_bb.json,s102
1687796643.356409000,1,rover_s102_2x2_n2_n1fps_1sp_bb.json,s102
1687796643.357628000,2,rover_s102_2x2_n2_n1fps_1sp_bb.json,s102
1687796643.357629000,3,rover_s102_2x2_n2_n1fps_1sp_bb.json,s102
1687796643.357759000,4,rover_s102_2x2_n2_n1fps_1sp_bb.json,s102
1687796643.357871000,5,rover_s102_2x2_n2_n1fps_1sp_bb.json,s102
1687796643.357993000,6,rover_s102_2x2_n2_n1fps_1sp_bb.json,s102
1687796643.358665000,7,rover_s102_2x2_n2_n1fps_1sp_bb.json,s102
1687796643.358771000,8,rover_s102_2x2_n2_n1fps_1sp_bb.json,s102
1687796643.358860000,9,rover_s102_2x2_n2_n1fps_1sp_bb.json,s102
1687796644.382034000,0,rover_s102_2x2_n2_n1fps_1sp_bb.json,s102
1687796644.382261000,1,rover_s102_2x2_n2_n1fps_1sp_bb.json,s102
1687796644.382595000,2,rover_s102_2x2_n2_n1fps_1sp_bb.json,s102
1687796644.382705000,3,rover_s102_2x2_n2_n1fps_1sp_bb.json,s102
1687796644.383342000,4,rover_s102_2x2_n2_n1fps_1sp_bb.json,s102
1687796644.383468000,5,rover_s102_2x2_n2_n1fps_1sp_bb.json,s102
1687796644.384970000,6,rover_s102_2x2_n2_n1fps_1sp_bb.json,s102
1687796645.406957000,0,rover_s102_2x2_n2_n1fps_1sp_bb.json,s102
1687796645.407321000,1,rover_s102_2x2_n2_n1fps_1sp_bb.json,s102
1687796645.408483000,2,rover_s102_2x2_n2_n1fps_1sp_bb.json,s102
1687796645.408485000,3,rover_s102_2x2_n2_n1fps_1sp_bb.json,s102
1687796645.408630000,4,rover_s102_2x2_n2_n1fps_1sp_bb.json,s102
1687796645.408729000,5,rover_s102_2x2_n2_n1fps_1sp_bb.json,s102
1687796645.408850000,6,rover_s102_2x2_n2_n1fps_1sp_bb.json,s102
1687796645.409572000,7,rover_s102_2x2_n2_n1fps_1sp_bb.json,s102
1687796645.409690000,8,rover_s102_2x2_n2_n1fps_1sp_bb.json,s102
1687796645.409780000,9,rover_s102_2x2_n2_n1fps_1sp_bb.json,s102
1687796646.434596000,0,rover_s102_2x2_n2_n1fps_1sp_bb.json,s102
1687796646.434809000,1,rover_s102_2x2_n2_n1fps_1sp_bb.json,s102
1687796646.435190000,2,rover_s102_2x2_n2_n1fps_1sp_bb.json,s102
1687796646.435192000,3,rover_s102_2x2_n2_n1fps_1sp_bb.json,s102
1687796646.435331000,4,rover_s102_2x2_n2_n1fps_1sp_bb.json,s102
1687796646.435891000,5,rover_s102_2x2_n2_n1fps_1sp_bb.json,s102
1687796646.435999000,6,rover_s102_2x2_n2_n1fps_1sp_bb.json,s102
1687796646.436595000,7,rover_s102_2x2_n2_n1fps_1sp_bb.json,s102
1687796646.437027000,8,rover_s102_2x2_n2_n1fps_1sp_bb.json,s102
1687796646.437029000,9,rover_s102_2x2_n2_n1fps_1sp_bb.json,s102
1687796646.437883000,10,rover_s102_2x2_n2_n1fps_1sp_bb.json,s102
1687796646.437990000,11,rover_s102_2x2_n2_n1fps_1sp_bb.json,s102
1687796646.438732000,12,rover_s102_2x2_n2_n1fps_1sp_bb.json,s102
1687796647.459168000,0,rover_s102_2x2_n2_n1fps_1sp_bb.json,s102
1687796647.459504000,1,rover_s102_2x2_n2_n1fps_1sp_bb.json,s102
1687796647.460716000,2,rover_s102_2x2_n2_n1fps_1sp_bb.json,s102
1687796647.460718000,3,rover_s102_2x2_n2_n1fps_1sp_bb.json,s102
1687796647.460854000,4,rover_s102_2x2_n2_n1fps_1sp_bb.json,s102
1687796647.460954000,5,rover_s102_2x2_n2_n1fps_1sp_bb.json,s102
1687796647.461069000,6,rover_s102_2x2_n2_n1fps_1sp_bb.json,s102
1687796647.461816000,7,rover_s102_2x2_n2_n1fps_1sp_bb.json,s102
1687796647.461922000,8,rover_s102_2x2_n2_n1fps_1sp_bb.json,s102
1687796647.462004000,9,rover_s102_2x2_n2_n1fps_1sp_bb.json,s102
1687796648.484331000,0,rover_s102_2x2_n2_n1fps_1sp_bb.json,s102
1687796648.484532000,1,rover_s102_2x2_n2_n1fps_1sp_bb.json,s102
1687796648.484644000,2,rover_s102_2x2_n2_n1fps_1sp_bb.json,s102
1687796648.485038000,3,rover_s102_2x2_n2_n1fps_1sp_bb.json,s102
1687796648.485139000,4,rover_s102_2x2_n2_n1fps_1sp_bb.json,s102
1687796648.485234000,5,rover_s102_2x2_n2_n1fps_1sp_bb.json,s102
1687796648.486007000,6,rover_s102_2x2_n2_n1fps_1sp_bb.json,s102
1687796648.486120000,7,rover_s102_2x2_n2_n1fps_1sp_bb.json,s102
1687796648.487322000,8,rover_s102_2x2_n2_n1fps_1sp_bb.json,s102
1687796648.487445000,9,rover_s102_2x2_n2_n1fps_1sp_bb.json,s102
1687796648.487537000,10,rover_s102_2x2_n2_n1fps_1sp_bb.json,s102
1687796648.488216000,11,rover_s102_2x2_n2_n1fps_1sp_bb.json,s102
1687796648.488326000,12,rover_s102_2x2_n2_n1fps_1sp_bb.json,s102
1687796648.488431000,13,rover_s102_2x2_n2_n1fps_1sp_bb.json,s102
1687796648.488521000,14,rover_s102_2x2_n2_n1fps_1sp_bb.json,s102
1687796648.489372000,15,rover_s102_2x2_n2_n1fps_1sp_bb.json,s102
1687796648.489546000,16,rover_s102_2x2_n2_n1fps_1sp_bb.json,s102
1687796648.490460000,17,rover_s102_2x2_n2_n1fps_1sp_bb.json,s102
1687796648.490565000,18,rover_s102_2x2_n2_n1fps_1sp_bb.json,s102
1687796649.511013000,0,rover_s102_2x2_n2_n1fps_1sp_bb.json,s102
1687796649.512199000,1,rover_s102_2x2_n2_n1fps_1sp_bb.json,s102
1687796649.512304000,2,rover_s102_2x2_n2_n1fps_1sp_bb.json,s102
1687796649.512413000,3,rover_s102_2x2_n2_n1fps_1sp_bb.json,s102
1687796649.512534000,4,rover_s102_2x2_n2_n1fps_1sp_bb.json,s102
1687796649.512536000,5,rover_s102_2x2_n2_n1fps_1sp_bb.json,s102
1687796649.513125000,6,rover_s102_2x2_n2_n1fps_1sp_bb.json,s102
1687796649.513214000,7,rover_s102_2x2_n2_n1fps_1sp_bb.json,s102
1687796650.534734000,0,rover_s102_2x2_n2_n1fps_1sp_bb.json,s102
1687796650.534960000,1,rover_s102_2x2_n2_n1fps_1sp_bb.json,s102
1687796650.535790000,2,rover_s102_2x2_n2_n1fps_1sp_bb.json,s102
1687796650.535895000,3,rover_s102_2x2_n2_n1fps_1sp_bb.json,s102
1687796650.536001000,4,rover_s102_2x2_n2_n1fps_1sp_bb.json,s102
1687796650.537087000,5,rover_s102_2x2_n2_n1fps_1sp_bb.json,s102
1687796650.537089000,6,rover_s102_2x2_n2_n1fps_1sp_bb.json,s102
1687796650.537221000,7,rover_s102_2x2_n2_n1fps_1sp_bb.json,s102
1687796650.537321000,8,rover_s102_2x2_n2_n1fps_1sp_bb.json,s102
1687796651.554896000,0,rover_s102_2x2_n2_n1fps_1sp_bb.json,s102
1687796651.555825000,1,rover_s102_2x2_n2_n1fps_1sp_bb.json,s102
1687796651.557076000,2,rover_s102_2x2_n2_n1fps_1sp_bb.json,s102
1687796651.557078000,3,rover_s102_2x2_n2_n1fps_1sp_bb.json,s102
1687796651.557229000,4,rover_s102_2x2_n2_n1fps_1sp_bb.json,s102
1687796651.557357000,5,rover_s102_2x2_n2_n1fps_1sp_bb.json,s102
1687796651.557481000,6,rover_s102_2x2_n2_n1fps_1sp_bb.json,s102
1687796651.557567000,7,rover_s102_2x2_n2_n1fps_1sp_bb.json,s102
1687796652.577972000,0,rover_s102_2x2_n2_n1fps_1sp_bb.json,s102
1687796652.578182000,1,rover_s102_2x2_n2_n1fps_1sp_bb.json,s102
1687796652.578278000,2,rover_s102_2x2_n2_n1fps_1sp_bb.json,s102
1687796652.578663000,3,rover_s102_2x2_n2_n1fps_1sp_bb.json,s102
1687796652.578760000,4,rover_s102_2x2_n2_n1fps_1sp_bb.json,s102
1687796652.578853000,5,rover_s102_2x2_n2_n1fps_1sp_bb.json,s102
1687796652.579681000,6,rover_s102_2x2_n2_n1fps_1sp_bb.json,s102
1687796652.579683000,7,rover_s102_2x2_n2_n1fps_1sp_bb.json,s102
1687796652.580166000,8,rover_s102_2x2_n2_n1fps_1sp_bb.json,s102
1687796652.580168000,9,rover_s102_2x2_n2_n1fps_1sp_bb.json,s102
1687796652.581591000,10,rover_s102_2x2_n2_n1fps_1sp_bb.json,s102
1687796652.581695000,11,rover_s102_2x2_n2_n1fps_1sp_bb.json,s102
1687796652.582084000,12,rover_s102_2x2_n2_n1fps_1sp_bb.json,s102
1687796653.605525000,0,rover_s102_2x2_n2_n1fps_1sp_bb.json,s102
1687796653.605905000,1,rover_s102_2x2_n2_n1fps_1sp_bb.json,s102
1687796653.607671000,2,rover_s102_2x2_n2_n1fps_1sp_bb.json,s102
1687796653.607673000,3,rover_s102_2x2_n2_n1fps_1sp_bb.json,s102
1687796653.607808000,4,rover_s102_2x2_n2_n1fps_1sp_bb.json,s102
1687796653.607916000,5,rover_s102_2x2_n2_n1fps_1sp_bb.json,s102
1687796653.608043000,6,rover_s102_2x2_n2_n1fps_1sp_bb.json,s102
1687796653.608136000,7,rover_s102_2x2_n2_n1fps_1sp_bb.json,s102
1687796653.608619000,8,rover_s102_2x2_n2_n1fps_1sp_bb.json,s102
1687796653.608722000,9,rover_s102_2x2_n2_n1fps_1sp_bb.json,s102
1687796654.628595000,0,rover_s102_2x2_n2_n1fps_1sp_bb.json,s102
1687796654.628816000,1,rover_s102_2x2_n2_n1fps_1sp_bb.json,s102
1687796654.629240000,2,rover_s102_2x2_n2_n1fps_1sp_bb.json,s102
1687796654.629372000,3,rover_s102_2x2_n2_n1fps_1sp_bb.json,s102
1687796654.629615000,4,rover_s102_2x2_n2_n1fps_1sp_bb.json,s102
1687796654.630278000,5,rover_s102_2x2_n2_n1fps_1sp_bb.json,s102
1687796654.630397000,6,rover_s102_2x2_n2_n1fps_1sp_bb.json,s102
1687796655.649446000,0,rover_s102_2x2_n2_n1fps_1sp_bb.json,s102
1687796655.649819000,1,rover_s102_2x2_n2_n1fps_1sp_bb.json,s102
1687796655.651022000,2,rover_s102_2x2_n2_n1fps_1sp_bb.json,s102
1687796655.651024000,3,rover_s102_2x2_n2_n1fps_1sp_bb.json,s102
1687796655.651168000,4,rover_s102_2x2_n2_n1fps_1sp_bb.json,s102
1687796655.651282000,5,rover_s102_2x2_n2_n1fps_1sp_bb.json,s102
1687796655.651396000,6,rover_s102_2x2_n2_n1fps_1sp_bb.json,s102
1687796655.652137000,7,rover_s102_2x2_n2_n1fps_1sp_bb.json,s102
1687796655.652278000,8,rover_s102_2x2_n2_n1fps_1sp_bb.json,s102
1687796655.652280000,9,rover_s102_2x2_n2_n1fps_1sp_bb.json,s102
1687796656.674418000,0,rover_s102_2x2_n2_n1fps_1sp_bb.json,s102
1687796656.674622000,1,rover_s102_2x2_n2_n1fps_1sp_bb.json,s102
1687796656.674716000,2,rover_s102_2x2_n2_n1fps_1sp_bb.json,s102
1687796656.675146000,3,rover_s102_2x2_n2_n1fps_1sp_bb.json,s102
1687796656.675239000,4,rover_s102_2x2_n2_n1fps_1sp_bb.json,s102
1687796656.675333000,5,rover_s102_2x2_n2_n1fps_1sp_bb.json,s102
1687796656.675899000,6,rover_s102_2x2_n2_n1fps_1sp_bb.json,s102
1687796656.676011000,7,rover_s102_2x2_n2_n1fps_1sp_bb.json,s102
1687796656.676114000,8,rover_s102_2x2_n2_n1fps_1sp_bb.json,s102
1687796656.676550000,9,rover_s102_2x2_n2_n1fps_1sp_bb.json,s102
1687796656.676650000,10,rover_s102_2x2_n2_n1fps_1sp_bb.json,s102
1687796656.677133000,11,rover_s102_2x2_n2_n1fps_1sp_bb.json,s102
1687796657.699568000,0,rover_s102_2x2_n2_n1fps_1sp_bb.json,s102
1687796657.699943000,1,rover_s102_2x2_n2_n1fps_1sp_bb.json,s102
1687796657.702619000,2,rover_s102_2x2_n2_n1fps_1sp_bb.json,s102
1687796657.702620000,3,rover_s102_2x2_n2_n1fps_1sp_bb.json,s102
1687796657.702765000,4,rover_s102_2x2_n2_n1fps_1sp_bb.json,s102
1687796657.702896000,5,rover_s102_2x2_n2_n1fps_1sp_bb.json,s102
1687796657.703028000,6,rover_s102_2x2_n2_n1fps_1sp_bb.json,s102
1687796657.703108000,7,rover_s102_2x2_n2_n1fps_1sp_bb.json,s102
1687796657.703787000,8,rover_s102_2x2_n2_n1fps_1sp_bb.json,s102
1687796657.703888000,9,rover_s102_2x2_n2_n1fps_1sp_bb.json,s102
1687796658.721775000,0,rover_s102_2x2_n2_n1fps_1sp_bb.json,s102
1687796658.721973000,1,rover_s102_2x2_n2_n1fps_1sp_bb.json,s102
1687796658.722064000,2,rover_s102_2x2_n2_n1fps_1sp_bb.json,s102
1687796658.722463000,3,rover_s102_2x2_n2_n1fps_1sp_bb.json,s102
1687796658.722557000,4,rover_s102_2x2_n2_n1fps_1sp_bb.json,s102
1687796658.722647000,5,rover_s102_2x2_n2_n1fps_1sp_bb.json,s102
1687796658.724088000,6,rover_s102_2x2_n2_n1fps_1sp_bb.json,s102
1687796658.724090000,7,rover_s102_2x2_n2_n1fps_1sp_bb.json,s102
1687796658.724251000,8,rover_s102_2x2_n2_n1fps_1sp_bb.json,s102
1687796658.724358000,9,rover_s102_2x2_n2_n1fps_1sp_bb.json,s102
1687796658.724452000,10,rover_s102_2x2_n2_n1fps_1sp_bb.json,s102
1687796659.743786000,0,rover_s102_2x2_n2_n1fps_1sp_bb.json,s102
1687796659.744150000,1,rover_s102_2x2_n2_n1fps_1sp_bb.json,s102
1687796659.746077000,2,rover_s102_2x2_n2_n1fps_1sp_bb.json,s102
1687796659.746078000,3,rover_s102_2x2_n2_n1fps_1sp_bb.json,s102
1687796659.746219000,4,rover_s102_2x2_n2_n1fps_1sp_bb.json,s102
1687796659.746344000,5,rover_s102_2x2_n2_n1fps_1sp_bb.json,s102
1687796659.746463000,6,rover_s102_2x2_n2_n1fps_1sp_bb.json,s102
1687796659.746548000,7,rover_s102_2x2_n2_n1fps_1sp_bb.json,s102
1687796659.747289000,8,rover_s102_2x2_n2_n1fps_1sp_bb.json,s102
1687796660.767742000,0,rover_s102_2x2_n2_n1fps_1sp_bb.json,s102
1687796660.767945000,1,rover_s102_2x2_n2_n1fps_1sp_bb.json,s102
1687796660.768038000,2,rover_s102_2x2_n2_n1fps_1sp_bb.json,s102
1687796660.768425000,3,rover_s102_2x2_n2_n1fps_1sp_bb.json,s102
1687796660.768526000,4,rover_s102_2x2_n2_n1fps_1sp_bb.json,s102
1687796660.768630000,5,rover_s102_2x2_n2_n1fps_1sp_bb.json,s102
1687796660.769236000,6,rover_s102_2x2_n2_n1fps_1sp_bb.json,s102
1687796660.769351000,7,rover_s102_2x2_n2_n1fps_1sp_bb.json,s102
1687796660.769445000,8,rover_s102_2x2_n2_n1fps_1sp_bb.json,s102
1687796660.770442000,9,rover_s102_2x2_n2_n1fps_1sp_bb.json,s102
1687796661.792257000,0,rover_s102_2x2_n2_n1fps_1sp_bb.json,s102
1687796661.792620000,1,rover_s102_2x2_n2_n1fps_1sp_bb.json,s102
1687796661.794173000,2,rover_s102_2x2_n2_n1fps_1sp_bb.json,s102
1687796661.794175000,3,rover_s102_2x2_n2_n1fps_1sp_bb.json,s102
1687796661.794343000,4,rover_s102_2x2_n2_n1fps_1sp_bb.json,s102
1687796661.794476000,5,rover_s102_2x2_n2_n1fps_1sp_bb.json,s102
1687796661.794592000,6,rover_s102_2x2_n2_n1fps_1sp_bb.json,s102
1687796661.794683000,7,rover_s102_2x2_n2_n1fps_1sp_bb.json,s102
1687796661.795195000,8,rover_s102_2x2_n2_n1fps_1sp_bb.json,s102
1687796661.795297000,9,rover_s102_2x2_n2_n1fps_1sp_bb.json,s102
1687796661.796285000,10,rover_s102_2x2_n2_n1fps_1sp_bb.json,s102
1687796662.816345000,0,rover_s102_2x2_n2_n1fps_1sp_bb.json,s102
1687796662.816559000,1,rover_s102_2x2_n2_n1fps_1sp_bb.json,s102
1687796662.816656000,2,rover_s102_2x2_n2_n1fps_1sp_bb.json,s102
1687796662.816968000,3,rover_s102_2x2_n2_n1fps_1sp_bb.json,s102
1687796662.817080000,4,rover_s102_2x2_n2_n1fps_1sp_bb.json,s102
1687796662.818330000,5,rover_s102_2x2_n2_n1fps_1sp_bb.json,s102
1687796662.818332000,6,rover_s102_2x2_n2_n1fps_1sp_bb.json,s102
1687796662.818479000,7,rover_s102_2x2_n2_n1fps_1sp_bb.json,s102
1687796663.848543000,0,rover_s102_2x2_n2_n1fps_1sp_bb.json,s102
1687796663.848885000,1,rover_s102_2x2_n2_n1fps_1sp_bb.json,s102
1687796663.856128000,2,rover_s102_2x2_n2_n1fps_1sp_bb.json,s102
1687796663.856130000,3,rover_s102_2x2_n2_n1fps_1sp_bb.json,s102
1687796663.856294000,4,rover_s102_2x2_n2_n1fps_1sp_bb.json,s102
1687796663.856412000,5,rover_s102_2x2_n2_n1fps_1sp_bb.json,s102
1687796663.856526000,6,rover_s102_2x2_n2_n1fps_1sp_bb.json,s102
1687796663.856619000,7,rover_s102_2x2_n2_n1fps_1sp_bb.json,s102
1687796663.856956000,8,rover_s102_2x2_n2_n1fps_1sp_bb.json,s102
1687796664.871295000,0,rover_s102_2x2_n2_n1fps_1sp_bb.json,s102
1687796664.873371000,1,rover_s102_2x2_n2_n1fps_1sp_bb.json,s102
1687796664.873483000,2,rover_s102_2x2_n2_n1fps_1sp_bb.json,s102
1687796664.873569000,3,rover_s102_2x2_n2_n1fps_1sp_bb.json,s102
1687796664.873571000,4,rover_s102_2x2_n2_n1fps_1sp_bb.json,s102
1687796664.874216000,5,rover_s102_2x2_n2_n1fps_1sp_bb.json,s102
1687796664.874313000,6,rover_s102_2x2_n2_n1fps_1sp_bb.json,s102
1687796664.874415000,7,rover_s102_2x2_n2_n1fps_1sp_bb.json,s102
1687796665.895328000,0,rover_s102_2x2_n2_n1fps_1sp_bb.json,s102
1687796665.895718000,1,rover_s102_2x2_n2_n1fps_1sp_bb.json,s102
1687796665.897559000,2,rover_s102_2x2_n2_n1fps_1sp_bb.json,s102
1687796665.898250000,3,rover_s102_2x2_n2_n1fps_1sp_bb.json,s102
1687796665.898326000,4,rover_s102_2x2_n2_n1fps_1sp_bb.json,s102
1687796665.898406000,5,rover_s102_2x2_n2_n1fps_1sp_bb.json,s102
1687796665.898408000,6,rover_s102_2x2_n2_n1fps_1sp_bb.json,s102
1687796665.898501000,7,rover_s102_2x2_n2_n1fps_1sp_bb.json,s102
1687796666.914472000,0,rover_s102_2x2_n2_n1fps_1sp_bb.json,s102
1687796666.915105000,1,rover_s102_2x2_n2_n1fps_1sp_bb.json,s102
1687796666.915768000,2,rover_s102_2x2_n2_n1fps_1sp_bb.json,s102
1687796666.915769000,3,rover_s102_2x2_n2_n1fps_1sp_bb.json,s102
1687796666.916457000,4,rover_s102_2x2_n2_n1fps_1sp_bb.json,s102
1687796666.916459000,5,rover_s102_2x2_n2_n1fps_1sp_bb.json,s102
1687796666.917556000,6,rover_s102_2x2_n2_n1fps_1sp_bb.json,s102
1687796667.941266000,0,rover_s102_2x2_n2_n1fps_1sp_bb.json,s102
1687796667.941638000,1,rover_s102_2x2_n2_n1fps_1sp_bb.json,s102
1687796667.943293000,2,rover_s102_2x2_n2_n1fps_1sp_bb.json,s102
1687796667.943295000,3,rover_s102_2x2_n2_n1fps_1sp_bb.json,s102
1687796667.943422000,4,rover_s102_2x2_n2_n1fps_1sp_bb.json,s102
1687796667.943547000,5,rover_s102_2x2_n2_n1fps_1sp_bb.json,s102
1687796667.943663000,6,rover_s102_2x2_n2_n1fps_1sp_bb.json,s102
1687796667.943754000,7,rover_s102_2x2_n2_n1fps_1sp_bb.json,s102
1687796667.944388000,8,rover_s102_2x2_n2_n1fps_1sp_bb.json,s102
1687796667.944506000,9,rover_s102_2x2_n2_n1fps_1sp_bb.json,s102
1687796667.946540000,10,rover_s102_2x2_n2_n1fps_1sp_bb.json,s102
1687796667.946923000,11,rover_s102_2x2_n2_n1fps_1sp_bb.json,s102
1687796667.947007000,12,rover_s102_2x2_n2_n1fps_1sp_bb.json,s102
1687796667.947990000,13,rover_s102_2x2_n2_n1fps_1sp_bb.json,s102
1687796667.948494000,14,rover_s102_2x2_n2_n1fps_1sp_bb.json,s102
1687796667.948496000,15,rover_s102_2x2_n2_n1fps_1sp_bb.json,s102
1687796667.948636000,16,rover_s102_2x2_n2_n1fps_1sp_bb.json,s102
1687796668.966998000,0,rover_s102_2x2_n2_n1fps_1sp_bb.json,s102
1687796668.967207000,1,rover_s102_2x2_n2_n1fps_1sp_bb.json,s102
1687796668.967301000,2,rover_s102_2x2_n2_n1fps_1sp_bb.json,s102
1687796668.967966000,3,rover_s102_2x2_n2_n1fps_1sp_bb.json,s102
1687796668.968061000,4,rover_s102_2x2_n2_n1fps_1sp_bb.json,s102
1687796668.968152000,5,rover_s102_2x2_n2_n1fps_1sp_bb.json,s102
1687796668.968689000,6,rover_s102_2x2_n2_n1fps_1sp_bb.json,s102
1687796668.968794000,7,rover_s102_2x2_n2_n1fps_1sp_bb.json,s102
1687796668.968895000,8,rover_s102_2x2_n2_n1fps_1sp_bb.json,s102
1687796668.969447000,9,rover_s102_2x2_n2_n1fps_1sp_bb.json,s102
1687796668.969557000,10,rover_s102_2x2_n2_n1fps_1sp_bb.json,s102
1687796668.970287000,11,rover_s102_2x2_n2_n1fps_1sp_bb.json,s102
1687796668.970289000,12,rover_s102_2x2_n2_n1fps_1sp_bb.json,s102
1687796669.988547000,0,rover_s102_2x2_n2_n1fps_1sp_bb.json,s102
1687796669.988917000,1,rover_s102_2x2_n2_n1fps_1sp_bb.json,s102
1687796669.990071000,2,rover_s102_2x2_n2_n1fps_1sp_bb.json,s102
1687796669.990073000,3,rover_s102_2x2_n2_n1fps_1sp_bb.json,s102
1687796669.990203000,4,rover_s102_2x2_n2_n1fps_1sp_bb.json,s102
1687796669.990306000,5,rover_s102_2x2_n2_n1fps_1sp_bb.json,s102
1687796669.990442000,6,rover_s102_2x2_n2_n1fps_1sp_bb.json,s102
1687796669.990539000,7,rover_s102_2x2_n2_n1fps_1sp_bb.json,s102
1687796669.991337000,8,rover_s102_2x2_n2_n1fps_1sp_bb.json,s102
1687796669.991444000,9,rover_s102_2x2_n2_n1fps_1sp_bb.json,s102
1687796671.015716000,0,rover_s102_2x2_n2_n1fps_1sp_bb.json,s102
1687796671.015933000,1,rover_s102_2x2_n2_n1fps_1sp_bb.json,s102
1687796671.016056000,2,rover_s102_2x2_n2_n1fps_1sp_bb.json,s102
1687796671.016407000,3,rover_s102_2x2_n2_n1fps_1sp_bb.json,s102
1687796671.016511000,4,rover_s102_2x2_n2_n1fps_1sp_bb.json,s102
1687796671.016626000,5,rover_s102_2x2_n2_n1fps_1sp_bb.json,s102
1687796671.017200000,6,rover_s102_2x2_n2_n1fps_1sp_bb.json,s102
1687796671.017320000,7,rover_s102_2x2_n2_n1fps_1sp_bb.json,s102
1687796671.018396000,8,rover_s102_2x2_n2_n1fps_1sp_bb.json,s102
1687796672.040710000,0,rover_s102_2x2_n2_n1fps_1sp_bb.json,s102
1687796672.041818000,1,rover_s102_2x2_n2_n1fps_1sp_bb.json,s102
1687796672.042841000,2,rover_s102_2x2_n2_n1fps_1sp_bb.json,s102
1687796672.042994000,3,rover_s102_2x2_n2_n1fps_1sp_bb.json,s102
1687796672.043115000,4,rover_s102_2x2_n2_n1fps_1sp_bb.json,s102
1687796672.043232000,5,rover_s102_2x2_n2_n1fps_1sp_bb.json,s102
1687796672.043233000,6,rover_s102_2x2_n2_n1fps_1sp_bb.json,s102
1687796673.110020000,0,rover_s102_2x2_n2_n1fps_1sp_bb.json,s102
1687796673.110232000,1,rover_s102_2x2_n2_n1fps_1sp_bb.json,s102
1687796673.111135000,2,rover_s102_2x2_n2_n1fps_1sp_bb.json,s102
1687796673.111251000,3,rover_s102_2x2_n2_n1fps_1sp_bb.json,s102
1687796673.111356000,4,rover_s102_2x2_n2_n1fps_1sp_bb.json,s102
1687796673.111981000,5,rover_s102_2x2_n2_n1fps_1sp_bb.json,s102
1687796673.112087000,6,rover_s102_2x2_n2_n1fps_1sp_bb.json,s102
1687796673.112175000,7,rover_s102_2x2_n2_n1fps_1sp_bb.json,s102
1687796673.112522000,8,rover_s102_2x2_n2_n1fps_1sp_bb.json,s102
1687796673.112621000,9,rover_s102_2x2_n2_n1fps_1sp_bb.json,s102
1687796674.147659000,0,rover_s102_2x2_n2_n1fps_1sp_bb.json,s102
1687796674.148104000,1,rover_s102_2x2_n2_n1fps_1sp_bb.json,s102
1687796674.149516000,2,rover_s102_2x2_n2_n1fps_1sp_bb.json,s102
1687796674.149518000,3,rover_s102_2x2_n2_n1fps_1sp_bb.json,s102
1687796674.149650000,4,rover_s102_2x2_n2_n1fps_1sp_bb.json,s102
1687796674.149774000,5,rover_s102_2x2_n2_n1fps_1sp_bb.json,s102
1687796674.149896000,6,rover_s102_2x2_n2_n1fps_1sp_bb.json,s102
1687796674.149990000,7,rover_s102_2x2_n2_n1fps_1sp_bb.json,s102
1687796674.150679000,8,rover_s102_2x2_n2_n1fps_1sp_bb.json,s102
1687796675.172202000,0,rover_s102_2x2_n2_n1fps_1sp_bb.json,s102
1687796675.172429000,1,rover_s102_2x2_n2_n1fps_1sp_bb.json,s102
1687796675.172750000,2,rover_s102_2x2_n2_n1fps_1sp_bb.json,s102
1687796675.172848000,3,rover_s102_2x2_n2_n1fps_1sp_bb.json,s102
1687796675.173336000,4,rover_s102_2x2_n2_n1fps_1sp_bb.json,s102
1687796675.173435000,5,rover_s102_2x2_n2_n1fps_1sp_bb.json,s102
1687796675.174051000,6,rover_s102_2x2_n2_n1fps_1sp_bb.json,s102
1687796675.174153000,7,rover_s102_2x2_n2_n1fps_1sp_bb.json,s102
1687796676.195906000,0,rover_s102_2x2_n2_n1fps_1sp_bb.json,s102
1687796676.196283000,1,rover_s102_2x2_n2_n1fps_1sp_bb.json,s102
1687796676.197516000,2,rover_s102_2x2_n2_n1fps_1sp_bb.json,s102
1687796676.197518000,3,rover_s102_2x2_n2_n1fps_1sp_bb.json,s102
1687796676.197652000,4,rover_s102_2x2_n2_n1fps_1sp_bb.json,s102
1687796676.197757000,5,rover_s102_2x2_n2_n1fps_1sp_bb.json,s102
1687796676.198401000,6,rover_s102_2x2_n2_n1fps_1sp_bb.json,s102
1687796676.198403000,7,rover_s102_2x2_n2_n1fps_1sp_bb.json,s102
1687796676.198538000,8,rover_s102_2x2_n2_n1fps_1sp_bb.json,s102
1687796676.199574000,9,rover_s102_2x2_n2_n1fps_1sp_bb.json,s102
1687796677.221753000,0,rover_s102_2x2_n2_n1fps_1sp_bb.json,s102
1687796677.221956000,1,rover_s102_2x2_n2_n1fps_1sp_bb.json,s102
1687796677.222382000,2,rover_s102_2x2_n2_n1fps_1sp_bb.json,s102
1687796677.222384000,3,rover_s102_2x2_n2_n1fps_1sp_bb.json,s102
1687796677.222521000,4,rover_s102_2x2_n2_n1fps_1sp_bb.json,s102
1687796677.223055000,5,rover_s102_2x2_n2_n1fps_1sp_bb.json,s102
1687796677.223157000,6,rover_s102_2x2_n2_n1fps_1sp_bb.json,s102
1687796677.223573000,7,rover_s102_2x2_n2_n1fps_1sp_bb.json,s102
1687796678.244147000,0,rover_s102_2x2_n2_n1fps_1sp_bb.json,s102
1687796678.244512000,1,rover_s102_2x2_n2_n1fps_1sp_bb.json,s102
1687796678.245704000,2,rover_s102_2x2_n2_n1fps_1sp_bb.json,s102
1687796678.245705000,3,rover_s102_2x2_n2_n1fps_1sp_bb.json,s102
1687796678.245842000,4,rover_s102_2x2_n2_n1fps_1sp_bb.json,s102
1687796678.245950000,5,rover_s102_2x2_n2_n1fps_1sp_bb.json,s102
1687796678.246065000,6,rover_s102_2x2_n2_n1fps_1sp_bb.json,s102
1687796678.246577000,7,rover_s102_2x2_n2_n1fps_1sp_bb.json,s102
1687796678.246694000,8,rover_s102_2x2_n2_n1fps_1sp_bb.json,s102
1687796678.247588000,9,rover_s102_2x2_n2_n1fps_1sp_bb.json,s102
1687796679.263596000,0,rover_s102_2x2_n2_n1fps_1sp_bb.json,s102
1687796679.263809000,1,rover_s102_2x2_n2_n1fps_1sp_bb.json,s102
1687796679.264135000,2,rover_s102_2x2_n2_n1fps_1sp_bb.json,s102
1687796679.264236000,3,rover_s102_2x2_n2_n1fps_1sp_bb.json,s102
1687796679.264748000,4,rover_s102_2x2_n2_n1fps_1sp_bb.json,s102
1687796679.264843000,5,rover_s102_2x2_n2_n1fps_1sp_bb.json,s102
1687796679.265342000,6,rover_s102_2x2_n2_n1fps_1sp_bb.json,s102
1687796680.289253000,0,rover_s102_2x2_n2_n1fps_1sp_bb.json,s102
1687796680.289624000,1,rover_s102_2x2_n2_n1fps_1sp_bb.json,s102
1687796680.290958000,2,rover_s102_2x2_n2_n1fps_1sp_bb.json,s102
1687796680.290959000,3,rover_s102_2x2_n2_n1fps_1sp_bb.json,s102
1687796680.291096000,4,rover_s102_2x2_n2_n1fps_1sp_bb.json,s102
1687796680.291216000,5,rover_s102_2x2_n2_n1fps_1sp_bb.json,s102
1687796680.291317000,6,rover_s102_2x2_n2_n1fps_1sp_bb.json,s102
1687796680.292212000,7,rover_s102_2x2_n2_n1fps_1sp_bb.json,s102
1687796681.311606000,0,rover_s102_2x2_n2_n1fps_1sp_bb.json,s102
1687796681.311818000,1,rover_s102_2x2_n2_n1fps_1sp_bb.json,s102
1687796681.311939000,2,rover_s102_2x2_n2_n1fps_1sp_bb.json,s102
1687796681.312020000,3,rover_s102_2x2_n2_n1fps_1sp_bb.json,s102
1687796681.312479000,4,rover_s102_2x2_n2_n1fps_1sp_bb.json,s102
1687796681.313166000,5,rover_s102_2x2_n2_n1fps_1sp_bb.json,s102
1687796681.313260000,6,rover_s102_2x2_n2_n1fps_1sp_bb.json,s102
1687796681.313356000,7,rover_s102_2x2_n2_n1fps_1sp_bb.json,s102
1687796681.313948000,8,rover_s102_2x2_n2_n1fps_1sp_bb.json,s102
1687796681.313949000,9,rover_s102_2x2_n2_n1fps_1sp_bb.json,s102
1687796681.316044000,10,rover_s102_2x2_n2_n1fps_1sp_bb.json,s102
1687796682.336777000,0,rover_s102_2x2_n2_n1fps_1sp_bb.json,s102
1687796682.337149000,1,rover_s102_2x2_n2_n1fps_1sp_bb.json,s102
1687796682.338491000,2,rover_s102_2x2_n2_n1fps_1sp_bb.json,s102
1687796682.338492000,3,rover_s102_2x2_n2_n1fps_1sp_bb.json,s102
1687796682.338633000,4,rover_s102_2x2_n2_n1fps_1sp_bb.json,s102
1687796682.338742000,5,rover_s102_2x2_n2_n1fps_1sp_bb.json,s102
1687796682.339381000,6,rover_s102_2x2_n2_n1fps_1sp_bb.json,s102
1687796683.361649000,0,rover_s102_2x2_n2_n1fps_1sp_bb.json,s102
1687796683.361866000,1,rover_s102_2x2_n2_n1fps_1sp_bb.json,s102
1687796683.362307000,2,rover_s102_2x2_n2_n1fps_1sp_bb.json,s102
1687796683.362404000,3,rover_s102_2x2_n2_n1fps_1sp_bb.json,s102
1687796683.362494000,4,rover_s102_2x2_n2_n1fps_1sp_bb.json,s102
1687796683.363052000,5,rover_s102_2x2_n2_n1fps_1sp_bb.json,s102
1687796683.363154000,6,rover_s102_2x2_n2_n1fps_1sp_bb.json,s102
1687796683.363732000,7,rover_s102_2x2_n2_n1fps_1sp_bb.json,s102
1687796683.363840000,8,rover_s102_2x2_n2_n1fps_1sp_bb.json,s102
1687796683.364185000,9,rover_s102_2x2_n2_n1fps_1sp_bb.json,s102
1687796683.364280000,10,rover_s102_2x2_n2_n1fps_1sp_bb.json,s102
1687796684.383330000,0,rover_s102_2x2_n2_n1fps_1sp_bb.json,s102
1687796684.383736000,1,rover_s102_2x2_n2_n1fps_1sp_bb.json,s102
1687796684.385102000,2,rover_s102_2x2_n2_n1fps_1sp_bb.json,s102
1687796684.385104000,3,rover_s102_2x2_n2_n1fps_1sp_bb.json,s102
1687796684.385256000,4,rover_s102_2x2_n2_n1fps_1sp_bb.json,s102
1687796684.385415000,5,rover_s102_2x2_n2_n1fps_1sp_bb.json,s102
1687796684.385527000,6,rover_s102_2x2_n2_n1fps_1sp_bb.json,s102
1687796684.385614000,7,rover_s102_2x2_n2_n1fps_1sp_bb.json,s102
1687796684.386208000,8,rover_s102_2x2_n2_n1fps_1sp_bb.json,s102
1687796685.406056000,0,rover_s102_2x2_n2_n1fps_1sp_bb.json,s102
1687796685.406272000,1,rover_s102_2x2_n2_n1fps_1sp_bb.json,s102
1687796685.406973000,2,rover_s102_2x2_n2_n1fps_1sp_bb.json,s102
1687796685.407085000,3,rover_s102_2x2_n2_n1fps_1sp_bb.json,s102
1687796685.407647000,4,rover_s102_2x2_n2_n1fps_1sp_bb.json,s102
1687796685.407649000,5,rover_s102_2x2_n2_n1fps_1sp_bb.json,s102
1687796685.407788000,6,rover_s102_2x2_n2_n1fps_1sp_bb.json,s102
1687796685.408256000,7,rover_s102_2x2_n2_n1fps_1sp_bb.json,s102
1687796685.408258000,8,rover_s102_2x2_n2_n1fps_1sp_bb.json,s102
1687796685.408401000,9,rover_s102_2x2_n2_n1fps_1sp_bb.json,s102
1687796685.409036000,10,rover_s102_2x2_n2_n1fps_1sp_bb.json,s102
1687796685.409209000,11,rover_s102_2x2_n2_n1fps_1sp_bb.json,s102
1687796686.431335000,0,rover_s102_2x2_n2_n1fps_1sp_bb.json,s102
1687796686.431706000,1,rover_s102_2x2_n2_n1fps_1sp_bb.json,s102
1687796686.433312000,2,rover_s102_2x2_n2_n1fps_1sp_bb.json,s102
1687796686.433313000,3,rover_s102_2x2_n2_n1fps_1sp_bb.json,s102
1687796686.433439000,4,rover_s102_2x2_n2_n1fps_1sp_bb.json,s102
1687796686.433559000,5,rover_s102_2x2_n2_n1fps_1sp_bb.json,s102
1687796686.433674000,6,rover_s102_2x2_n2_n1fps_1sp_bb.json,s102
1687796686.433769000,7,rover_s102_2x2_n2_n1fps_1sp_bb.json,s102
1687796686.434185000,8,rover_s102_2x2_n2_n1fps_1sp_bb.json,s102
1687796686.434284000,9,rover_s102_2x2_n2_n1fps_1sp_bb.json,s102
