Timestamp,Packet,Scenario,Type
1687800105.179617000,0,rover_s102_3x3_n2_1fps_1sp_aldrich.json,s102
1687800105.180410000,1,rover_s102_3x3_n2_1fps_1sp_aldrich.json,s102
1687800105.181336000,2,rover_s102_3x3_n2_1fps_1sp_aldrich.json,s102
1687800105.181446000,3,rover_s102_3x3_n2_1fps_1sp_aldrich.json,s102
1687800105.181571000,4,rover_s102_3x3_n2_1fps_1sp_aldrich.json,s102
1687800105.181688000,5,rover_s102_3x3_n2_1fps_1sp_aldrich.json,s102
1687800105.181690000,6,rover_s102_3x3_n2_1fps_1sp_aldrich.json,s102
1687800105.182235000,7,rover_s102_3x3_n2_1fps_1sp_aldrich.json,s102
1687800105.182333000,8,rover_s102_3x3_n2_1fps_1sp_aldrich.json,s102
1687800106.203153000,0,rover_s102_3x3_n2_1fps_1sp_aldrich.json,s102
1687800106.203379000,1,rover_s102_3x3_n2_1fps_1sp_aldrich.json,s102
1687800106.203489000,2,rover_s102_3x3_n2_1fps_1sp_aldrich.json,s102
1687800106.203977000,3,rover_s102_3x3_n2_1fps_1sp_aldrich.json,s102
1687800106.204076000,4,rover_s102_3x3_n2_1fps_1sp_aldrich.json,s102
1687800106.204078000,5,rover_s102_3x3_n2_1fps_1sp_aldrich.json,s102
1687800106.204198000,6,rover_s102_3x3_n2_1fps_1sp_aldrich.json,s102
1687800106.205789000,7,rover_s102_3x3_n2_1fps_1sp_aldrich.json,s102
1687800106.205923000,8,rover_s102_3x3_n2_1fps_1sp_aldrich.json,s102
1687800106.206547000,9,rover_s102_3x3_n2_1fps_1sp_aldrich.json,s102
1687800107.229193000,0,rover_s102_3x3_n2_1fps_1sp_aldrich.json,s102
1687800107.229400000,1,rover_s102_3x3_n2_1fps_1sp_aldrich.json,s102
1687800107.229487000,2,rover_s102_3x3_n2_1fps_1sp_aldrich.json,s102
1687800107.229933000,3,rover_s102_3x3_n2_1fps_1sp_aldrich.json,s102
1687800107.230044000,4,rover_s102_3x3_n2_1fps_1sp_aldrich.json,s102
1687800107.230149000,5,rover_s102_3x3_n2_1fps_1sp_aldrich.json,s102
1687800107.230237000,6,rover_s102_3x3_n2_1fps_1sp_aldrich.json,s102
1687800107.231126000,7,rover_s102_3x3_n2_1fps_1sp_aldrich.json,s102
1687800107.231243000,8,rover_s102_3x3_n2_1fps_1sp_aldrich.json,s102
1687800107.231844000,9,rover_s102_3x3_n2_1fps_1sp_aldrich.json,s102
1687800107.231939000,10,rover_s102_3x3_n2_1fps_1sp_aldrich.json,s102
1687800108.253748000,0,rover_s102_3x3_n2_1fps_1sp_aldrich.json,s102
1687800108.254128000,1,rover_s102_3x3_n2_1fps_1sp_aldrich.json,s102
1687800108.255343000,2,rover_s102_3x3_n2_1fps_1sp_aldrich.json,s102
1687800108.255345000,3,rover_s102_3x3_n2_1fps_1sp_aldrich.json,s102
1687800108.255475000,4,rover_s102_3x3_n2_1fps_1sp_aldrich.json,s102
1687800108.255606000,5,rover_s102_3x3_n2_1fps_1sp_aldrich.json,s102
1687800108.255744000,6,rover_s102_3x3_n2_1fps_1sp_aldrich.json,s102
1687800108.255841000,7,rover_s102_3x3_n2_1fps_1sp_aldrich.json,s102
1687800108.256535000,8,rover_s102_3x3_n2_1fps_1sp_aldrich.json,s102
1687800109.276378000,0,rover_s102_3x3_n2_1fps_1sp_aldrich.json,s102
1687800109.276582000,1,rover_s102_3x3_n2_1fps_1sp_aldrich.json,s102
1687800109.277106000,2,rover_s102_3x3_n2_1fps_1sp_aldrich.json,s102
1687800109.277204000,3,rover_s102_3x3_n2_1fps_1sp_aldrich.json,s102
1687800109.277289000,4,rover_s102_3x3_n2_1fps_1sp_aldrich.json,s102
1687800109.277872000,5,rover_s102_3x3_n2_1fps_1sp_aldrich.json,s102
1687800109.277978000,6,rover_s102_3x3_n2_1fps_1sp_aldrich.json,s102
1687800109.278071000,7,rover_s102_3x3_n2_1fps_1sp_aldrich.json,s102
1687800109.278560000,8,rover_s102_3x3_n2_1fps_1sp_aldrich.json,s102
1687800109.278663000,9,rover_s102_3x3_n2_1fps_1sp_aldrich.json,s102
1687800109.279222000,10,rover_s102_3x3_n2_1fps_1sp_aldrich.json,s102
1687800109.279334000,11,rover_s102_3x3_n2_1fps_1sp_aldrich.json,s102
1687800109.279782000,12,rover_s102_3x3_n2_1fps_1sp_aldrich.json,s102
1687800109.279894000,13,rover_s102_3x3_n2_1fps_1sp_aldrich.json,s102
1687800109.279896000,14,rover_s102_3x3_n2_1fps_1sp_aldrich.json,s102
1687800109.280602000,15,rover_s102_3x3_n2_1fps_1sp_aldrich.json,s102
1687800109.280715000,16,rover_s102_3x3_n2_1fps_1sp_aldrich.json,s102
1687800109.281055000,17,rover_s102_3x3_n2_1fps_1sp_aldrich.json,s102
1687800110.296346000,0,rover_s102_3x3_n2_1fps_1sp_aldrich.json,s102
1687800110.296571000,1,rover_s102_3x3_n2_1fps_1sp_aldrich.json,s102
1687800110.297084000,2,rover_s102_3x3_n2_1fps_1sp_aldrich.json,s102
1687800110.297086000,3,rover_s102_3x3_n2_1fps_1sp_aldrich.json,s102
1687800110.297208000,4,rover_s102_3x3_n2_1fps_1sp_aldrich.json,s102
1687800110.297305000,5,rover_s102_3x3_n2_1fps_1sp_aldrich.json,s102
1687800110.297644000,6,rover_s102_3x3_n2_1fps_1sp_aldrich.json,s102
1687800110.297750000,7,rover_s102_3x3_n2_1fps_1sp_aldrich.json,s102
1687800110.298370000,8,rover_s102_3x3_n2_1fps_1sp_aldrich.json,s102
1687800110.298545000,9,rover_s102_3x3_n2_1fps_1sp_aldrich.json,s102
1687800110.298825000,10,rover_s102_3x3_n2_1fps_1sp_aldrich.json,s102
1687800110.298919000,11,rover_s102_3x3_n2_1fps_1sp_aldrich.json,s102
1687800111.317596000,0,rover_s102_3x3_n2_1fps_1sp_aldrich.json,s102
1687800111.317971000,1,rover_s102_3x3_n2_1fps_1sp_aldrich.json,s102
1687800111.319307000,2,rover_s102_3x3_n2_1fps_1sp_aldrich.json,s102
1687800111.319308000,3,rover_s102_3x3_n2_1fps_1sp_aldrich.json,s102
1687800111.319436000,4,rover_s102_3x3_n2_1fps_1sp_aldrich.json,s102
1687800111.319552000,5,rover_s102_3x3_n2_1fps_1sp_aldrich.json,s102
1687800111.319672000,6,rover_s102_3x3_n2_1fps_1sp_aldrich.json,s102
1687800111.319762000,7,rover_s102_3x3_n2_1fps_1sp_aldrich.json,s102
1687800111.320628000,8,rover_s102_3x3_n2_1fps_1sp_aldrich.json,s102
1687800112.339252000,0,rover_s102_3x3_n2_1fps_1sp_aldrich.json,s102
1687800112.339452000,1,rover_s102_3x3_n2_1fps_1sp_aldrich.json,s102
1687800112.339542000,2,rover_s102_3x3_n2_1fps_1sp_aldrich.json,s102
1687800112.340061000,3,rover_s102_3x3_n2_1fps_1sp_aldrich.json,s102
1687800112.340151000,4,rover_s102_3x3_n2_1fps_1sp_aldrich.json,s102
1687800112.340247000,5,rover_s102_3x3_n2_1fps_1sp_aldrich.json,s102
1687800112.340945000,6,rover_s102_3x3_n2_1fps_1sp_aldrich.json,s102
1687800112.341042000,7,rover_s102_3x3_n2_1fps_1sp_aldrich.json,s102
1687800112.341044000,8,rover_s102_3x3_n2_1fps_1sp_aldrich.json,s102
1687800112.341504000,9,rover_s102_3x3_n2_1fps_1sp_aldrich.json,s102
1687800112.341608000,10,rover_s102_3x3_n2_1fps_1sp_aldrich.json,s102
1687800113.363837000,0,rover_s102_3x3_n2_1fps_1sp_aldrich.json,s102
1687800113.364058000,1,rover_s102_3x3_n2_1fps_1sp_aldrich.json,s102
1687800113.364691000,2,rover_s102_3x3_n2_1fps_1sp_aldrich.json,s102
1687800113.364791000,3,rover_s102_3x3_n2_1fps_1sp_aldrich.json,s102
1687800113.364911000,4,rover_s102_3x3_n2_1fps_1sp_aldrich.json,s102
1687800113.365518000,5,rover_s102_3x3_n2_1fps_1sp_aldrich.json,s102
1687800113.365658000,6,rover_s102_3x3_n2_1fps_1sp_aldrich.json,s102
1687800113.365660000,7,rover_s102_3x3_n2_1fps_1sp_aldrich.json,s102
1687800113.366693000,8,rover_s102_3x3_n2_1fps_1sp_aldrich.json,s102
1687800113.366808000,9,rover_s102_3x3_n2_1fps_1sp_aldrich.json,s102
1687800114.384567000,0,rover_s102_3x3_n2_1fps_1sp_aldrich.json,s102
1687800114.384941000,1,rover_s102_3x3_n2_1fps_1sp_aldrich.json,s102
1687800114.386229000,2,rover_s102_3x3_n2_1fps_1sp_aldrich.json,s102
1687800114.386231000,3,rover_s102_3x3_n2_1fps_1sp_aldrich.json,s102
1687800114.386357000,4,rover_s102_3x3_n2_1fps_1sp_aldrich.json,s102
1687800114.386484000,5,rover_s102_3x3_n2_1fps_1sp_aldrich.json,s102
1687800114.386606000,6,rover_s102_3x3_n2_1fps_1sp_aldrich.json,s102
1687800114.386696000,7,rover_s102_3x3_n2_1fps_1sp_aldrich.json,s102
1687800114.387227000,8,rover_s102_3x3_n2_1fps_1sp_aldrich.json,s102
1687800114.387328000,9,rover_s102_3x3_n2_1fps_1sp_aldrich.json,s102
1687800114.388305000,10,rover_s102_3x3_n2_1fps_1sp_aldrich.json,s102
1687800115.410830000,0,rover_s102_3x3_n2_1fps_1sp_aldrich.json,s102
1687800115.411032000,1,rover_s102_3x3_n2_1fps_1sp_aldrich.json,s102
1687800115.411129000,2,rover_s102_3x3_n2_1fps_1sp_aldrich.json,s102
1687800115.411555000,3,rover_s102_3x3_n2_1fps_1sp_aldrich.json,s102
1687800115.411656000,4,rover_s102_3x3_n2_1fps_1sp_aldrich.json,s102
1687800115.411754000,5,rover_s102_3x3_n2_1fps_1sp_aldrich.json,s102
1687800115.412655000,6,rover_s102_3x3_n2_1fps_1sp_aldrich.json,s102
1687800115.412766000,7,rover_s102_3x3_n2_1fps_1sp_aldrich.json,s102
1687800116.437903000,0,rover_s102_3x3_n2_1fps_1sp_aldrich.json,s102
1687800116.438107000,1,rover_s102_3x3_n2_1fps_1sp_aldrich.json,s102
1687800116.438672000,2,rover_s102_3x3_n2_1fps_1sp_aldrich.json,s102
1687800116.438770000,3,rover_s102_3x3_n2_1fps_1sp_aldrich.json,s102
1687800116.438874000,4,rover_s102_3x3_n2_1fps_1sp_aldrich.json,s102
1687800116.439547000,5,rover_s102_3x3_n2_1fps_1sp_aldrich.json,s102
1687800116.439653000,6,rover_s102_3x3_n2_1fps_1sp_aldrich.json,s102
1687800116.439743000,7,rover_s102_3x3_n2_1fps_1sp_aldrich.json,s102
1687800116.440646000,8,rover_s102_3x3_n2_1fps_1sp_aldrich.json,s102
1687800117.464826000,0,rover_s102_3x3_n2_1fps_1sp_aldrich.json,s102
1687800117.465196000,1,rover_s102_3x3_n2_1fps_1sp_aldrich.json,s102
1687800117.466400000,2,rover_s102_3x3_n2_1fps_1sp_aldrich.json,s102
1687800117.466401000,3,rover_s102_3x3_n2_1fps_1sp_aldrich.json,s102
1687800117.466531000,4,rover_s102_3x3_n2_1fps_1sp_aldrich.json,s102
1687800117.466654000,5,rover_s102_3x3_n2_1fps_1sp_aldrich.json,s102
1687800117.466773000,6,rover_s102_3x3_n2_1fps_1sp_aldrich.json,s102
1687800117.466873000,7,rover_s102_3x3_n2_1fps_1sp_aldrich.json,s102
1687800117.468119000,8,rover_s102_3x3_n2_1fps_1sp_aldrich.json,s102
1687800117.468236000,9,rover_s102_3x3_n2_1fps_1sp_aldrich.json,s102
1687800118.497565000,0,rover_s102_3x3_n2_1fps_1sp_aldrich.json,s102
1687800118.497790000,1,rover_s102_3x3_n2_1fps_1sp_aldrich.json,s102
1687800118.497879000,2,rover_s102_3x3_n2_1fps_1sp_aldrich.json,s102
1687800118.498236000,3,rover_s102_3x3_n2_1fps_1sp_aldrich.json,s102
1687800118.498328000,4,rover_s102_3x3_n2_1fps_1sp_aldrich.json,s102
1687800118.498417000,5,rover_s102_3x3_n2_1fps_1sp_aldrich.json,s102
1687800118.498964000,6,rover_s102_3x3_n2_1fps_1sp_aldrich.json,s102
1687800118.499085000,7,rover_s102_3x3_n2_1fps_1sp_aldrich.json,s102
1687800118.499546000,8,rover_s102_3x3_n2_1fps_1sp_aldrich.json,s102
1687800118.499666000,9,rover_s102_3x3_n2_1fps_1sp_aldrich.json,s102
1687800118.500288000,10,rover_s102_3x3_n2_1fps_1sp_aldrich.json,s102
1687800118.500290000,11,rover_s102_3x3_n2_1fps_1sp_aldrich.json,s102
1687800118.500425000,12,rover_s102_3x3_n2_1fps_1sp_aldrich.json,s102
1687800118.501193000,13,rover_s102_3x3_n2_1fps_1sp_aldrich.json,s102
1687800118.501306000,14,rover_s102_3x3_n2_1fps_1sp_aldrich.json,s102
1687800118.501954000,15,rover_s102_3x3_n2_1fps_1sp_aldrich.json,s102
1687800118.502076000,16,rover_s102_3x3_n2_1fps_1sp_aldrich.json,s102
1687800118.503137000,17,rover_s102_3x3_n2_1fps_1sp_aldrich.json,s102
1687800118.503139000,18,rover_s102_3x3_n2_1fps_1sp_aldrich.json,s102
1687800119.527296000,0,rover_s102_3x3_n2_1fps_1sp_aldrich.json,s102
1687800119.527509000,1,rover_s102_3x3_n2_1fps_1sp_aldrich.json,s102
1687800119.527601000,2,rover_s102_3x3_n2_1fps_1sp_aldrich.json,s102
1687800119.528026000,3,rover_s102_3x3_n2_1fps_1sp_aldrich.json,s102
1687800119.528127000,4,rover_s102_3x3_n2_1fps_1sp_aldrich.json,s102
1687800119.528231000,5,rover_s102_3x3_n2_1fps_1sp_aldrich.json,s102
1687800119.528718000,6,rover_s102_3x3_n2_1fps_1sp_aldrich.json,s102
1687800119.528823000,7,rover_s102_3x3_n2_1fps_1sp_aldrich.json,s102
1687800119.529286000,8,rover_s102_3x3_n2_1fps_1sp_aldrich.json,s102
1687800119.529386000,9,rover_s102_3x3_n2_1fps_1sp_aldrich.json,s102
1687800120.552995000,0,rover_s102_3x3_n2_1fps_1sp_aldrich.json,s102
1687800120.553380000,1,rover_s102_3x3_n2_1fps_1sp_aldrich.json,s102
1687800120.554831000,2,rover_s102_3x3_n2_1fps_1sp_aldrich.json,s102
1687800120.554832000,3,rover_s102_3x3_n2_1fps_1sp_aldrich.json,s102
1687800120.554957000,4,rover_s102_3x3_n2_1fps_1sp_aldrich.json,s102
1687800120.555084000,5,rover_s102_3x3_n2_1fps_1sp_aldrich.json,s102
1687800120.555206000,6,rover_s102_3x3_n2_1fps_1sp_aldrich.json,s102
1687800120.555288000,7,rover_s102_3x3_n2_1fps_1sp_aldrich.json,s102
1687800121.574934000,0,rover_s102_3x3_n2_1fps_1sp_aldrich.json,s102
1687800121.575108000,1,rover_s102_3x3_n2_1fps_1sp_aldrich.json,s102
1687800121.575674000,2,rover_s102_3x3_n2_1fps_1sp_aldrich.json,s102
1687800121.575774000,3,rover_s102_3x3_n2_1fps_1sp_aldrich.json,s102
1687800121.575875000,4,rover_s102_3x3_n2_1fps_1sp_aldrich.json,s102
1687800121.576306000,5,rover_s102_3x3_n2_1fps_1sp_aldrich.json,s102
1687800121.576405000,6,rover_s102_3x3_n2_1fps_1sp_aldrich.json,s102
1687800122.599541000,0,rover_s102_3x3_n2_1fps_1sp_aldrich.json,s102
1687800122.599756000,1,rover_s102_3x3_n2_1fps_1sp_aldrich.json,s102
1687800122.600220000,2,rover_s102_3x3_n2_1fps_1sp_aldrich.json,s102
1687800122.600329000,3,rover_s102_3x3_n2_1fps_1sp_aldrich.json,s102
1687800122.600776000,4,rover_s102_3x3_n2_1fps_1sp_aldrich.json,s102
1687800122.600882000,5,rover_s102_3x3_n2_1fps_1sp_aldrich.json,s102
1687800122.601380000,6,rover_s102_3x3_n2_1fps_1sp_aldrich.json,s102
1687800122.601382000,7,rover_s102_3x3_n2_1fps_1sp_aldrich.json,s102
1687800122.602388000,8,rover_s102_3x3_n2_1fps_1sp_aldrich.json,s102
1687800122.602526000,9,rover_s102_3x3_n2_1fps_1sp_aldrich.json,s102
1687800122.602823000,10,rover_s102_3x3_n2_1fps_1sp_aldrich.json,s102
1687800122.602920000,11,rover_s102_3x3_n2_1fps_1sp_aldrich.json,s102
1687800122.603643000,12,rover_s102_3x3_n2_1fps_1sp_aldrich.json,s102
1687800122.603760000,13,rover_s102_3x3_n2_1fps_1sp_aldrich.json,s102
1687800122.604481000,14,rover_s102_3x3_n2_1fps_1sp_aldrich.json,s102
1687800122.604615000,15,rover_s102_3x3_n2_1fps_1sp_aldrich.json,s102
1687800122.605247000,16,rover_s102_3x3_n2_1fps_1sp_aldrich.json,s102
1687800122.605354000,17,rover_s102_3x3_n2_1fps_1sp_aldrich.json,s102
1687800122.605685000,18,rover_s102_3x3_n2_1fps_1sp_aldrich.json,s102
1687800122.605687000,19,rover_s102_3x3_n2_1fps_1sp_aldrich.json,s102
1687800122.607145000,20,rover_s102_3x3_n2_1fps_1sp_aldrich.json,s102
1687800122.607261000,21,rover_s102_3x3_n2_1fps_1sp_aldrich.json,s102
1687800123.628308000,0,rover_s102_3x3_n2_1fps_1sp_aldrich.json,s102
1687800123.628662000,1,rover_s102_3x3_n2_1fps_1sp_aldrich.json,s102
1687800123.629357000,2,rover_s102_3x3_n2_1fps_1sp_aldrich.json,s102
1687800123.629476000,3,rover_s102_3x3_n2_1fps_1sp_aldrich.json,s102
1687800123.629478000,4,rover_s102_3x3_n2_1fps_1sp_aldrich.json,s102
1687800123.630128000,5,rover_s102_3x3_n2_1fps_1sp_aldrich.json,s102
1687800123.630258000,6,rover_s102_3x3_n2_1fps_1sp_aldrich.json,s102
1687800123.631338000,7,rover_s102_3x3_n2_1fps_1sp_aldrich.json,s102
1687800124.651322000,0,rover_s102_3x3_n2_1fps_1sp_aldrich.json,s102
1687800124.651522000,1,rover_s102_3x3_n2_1fps_1sp_aldrich.json,s102
1687800124.652079000,2,rover_s102_3x3_n2_1fps_1sp_aldrich.json,s102
1687800124.652173000,3,rover_s102_3x3_n2_1fps_1sp_aldrich.json,s102
1687800124.652278000,4,rover_s102_3x3_n2_1fps_1sp_aldrich.json,s102
1687800124.652771000,5,rover_s102_3x3_n2_1fps_1sp_aldrich.json,s102
1687800124.652883000,6,rover_s102_3x3_n2_1fps_1sp_aldrich.json,s102
1687800124.653222000,7,rover_s102_3x3_n2_1fps_1sp_aldrich.json,s102
1687800125.671390000,0,rover_s102_3x3_n2_1fps_1sp_aldrich.json,s102
1687800125.672021000,1,rover_s102_3x3_n2_1fps_1sp_aldrich.json,s102
1687800125.672121000,2,rover_s102_3x3_n2_1fps_1sp_aldrich.json,s102
1687800125.672473000,3,rover_s102_3x3_n2_1fps_1sp_aldrich.json,s102
1687800125.672567000,4,rover_s102_3x3_n2_1fps_1sp_aldrich.json,s102
1687800125.673172000,5,rover_s102_3x3_n2_1fps_1sp_aldrich.json,s102
1687800125.673276000,6,rover_s102_3x3_n2_1fps_1sp_aldrich.json,s102
1687800125.674093000,7,rover_s102_3x3_n2_1fps_1sp_aldrich.json,s102
1687800126.693774000,0,rover_s102_3x3_n2_1fps_1sp_aldrich.json,s102
1687800126.694616000,1,rover_s102_3x3_n2_1fps_1sp_aldrich.json,s102
1687800126.695611000,2,rover_s102_3x3_n2_1fps_1sp_aldrich.json,s102
1687800126.696396000,3,rover_s102_3x3_n2_1fps_1sp_aldrich.json,s102
1687800126.696505000,4,rover_s102_3x3_n2_1fps_1sp_aldrich.json,s102
1687800126.696595000,5,rover_s102_3x3_n2_1fps_1sp_aldrich.json,s102
1687800126.696596000,6,rover_s102_3x3_n2_1fps_1sp_aldrich.json,s102
1687800126.697344000,7,rover_s102_3x3_n2_1fps_1sp_aldrich.json,s102
1687800127.715600000,0,rover_s102_3x3_n2_1fps_1sp_aldrich.json,s102
1687800127.715815000,1,rover_s102_3x3_n2_1fps_1sp_aldrich.json,s102
1687800127.716891000,2,rover_s102_3x3_n2_1fps_1sp_aldrich.json,s102
1687800127.717464000,3,rover_s102_3x3_n2_1fps_1sp_aldrich.json,s102
1687800127.717539000,4,rover_s102_3x3_n2_1fps_1sp_aldrich.json,s102
1687800127.717541000,5,rover_s102_3x3_n2_1fps_1sp_aldrich.json,s102
1687800127.717662000,6,rover_s102_3x3_n2_1fps_1sp_aldrich.json,s102
1687800128.742383000,0,rover_s102_3x3_n2_1fps_1sp_aldrich.json,s102
1687800128.743164000,1,rover_s102_3x3_n2_1fps_1sp_aldrich.json,s102
1687800128.743166000,2,rover_s102_3x3_n2_1fps_1sp_aldrich.json,s102
1687800128.743304000,3,rover_s102_3x3_n2_1fps_1sp_aldrich.json,s102
1687800128.743420000,4,rover_s102_3x3_n2_1fps_1sp_aldrich.json,s102
1687800128.743540000,5,rover_s102_3x3_n2_1fps_1sp_aldrich.json,s102
1687800128.744683000,6,rover_s102_3x3_n2_1fps_1sp_aldrich.json,s102
1687800128.744685000,7,rover_s102_3x3_n2_1fps_1sp_aldrich.json,s102
1687800128.744838000,8,rover_s102_3x3_n2_1fps_1sp_aldrich.json,s102
1687800128.745466000,9,rover_s102_3x3_n2_1fps_1sp_aldrich.json,s102
1687800129.766506000,0,rover_s102_3x3_n2_1fps_1sp_aldrich.json,s102
1687800129.766891000,1,rover_s102_3x3_n2_1fps_1sp_aldrich.json,s102
1687800129.768232000,2,rover_s102_3x3_n2_1fps_1sp_aldrich.json,s102
1687800129.768233000,3,rover_s102_3x3_n2_1fps_1sp_aldrich.json,s102
1687800129.768371000,4,rover_s102_3x3_n2_1fps_1sp_aldrich.json,s102
1687800129.768548000,5,rover_s102_3x3_n2_1fps_1sp_aldrich.json,s102
1687800129.768701000,6,rover_s102_3x3_n2_1fps_1sp_aldrich.json,s102
1687800129.768778000,7,rover_s102_3x3_n2_1fps_1sp_aldrich.json,s102
1687800129.771595000,8,rover_s102_3x3_n2_1fps_1sp_aldrich.json,s102
1687800129.771727000,9,rover_s102_3x3_n2_1fps_1sp_aldrich.json,s102
1687800129.771729000,10,rover_s102_3x3_n2_1fps_1sp_aldrich.json,s102
1687800130.790201000,0,rover_s102_3x3_n2_1fps_1sp_aldrich.json,s102
1687800130.790400000,1,rover_s102_3x3_n2_1fps_1sp_aldrich.json,s102
1687800130.790484000,2,rover_s102_3x3_n2_1fps_1sp_aldrich.json,s102
1687800130.790486000,3,rover_s102_3x3_n2_1fps_1sp_aldrich.json,s102
1687800130.790971000,4,rover_s102_3x3_n2_1fps_1sp_aldrich.json,s102
1687800130.791095000,5,rover_s102_3x3_n2_1fps_1sp_aldrich.json,s102
1687800130.791744000,6,rover_s102_3x3_n2_1fps_1sp_aldrich.json,s102
1687800130.791861000,7,rover_s102_3x3_n2_1fps_1sp_aldrich.json,s102
1687800130.791863000,8,rover_s102_3x3_n2_1fps_1sp_aldrich.json,s102
1687800130.793176000,9,rover_s102_3x3_n2_1fps_1sp_aldrich.json,s102
1687800130.793178000,10,rover_s102_3x3_n2_1fps_1sp_aldrich.json,s102
1687800130.793282000,11,rover_s102_3x3_n2_1fps_1sp_aldrich.json,s102
1687800130.793840000,12,rover_s102_3x3_n2_1fps_1sp_aldrich.json,s102
1687800130.793842000,13,rover_s102_3x3_n2_1fps_1sp_aldrich.json,s102
1687800131.814257000,0,rover_s102_3x3_n2_1fps_1sp_aldrich.json,s102
1687800131.814463000,1,rover_s102_3x3_n2_1fps_1sp_aldrich.json,s102
1687800131.814578000,2,rover_s102_3x3_n2_1fps_1sp_aldrich.json,s102
1687800131.814692000,3,rover_s102_3x3_n2_1fps_1sp_aldrich.json,s102
1687800131.814780000,4,rover_s102_3x3_n2_1fps_1sp_aldrich.json,s102
1687800131.815592000,5,rover_s102_3x3_n2_1fps_1sp_aldrich.json,s102
1687800131.815696000,6,rover_s102_3x3_n2_1fps_1sp_aldrich.json,s102
1687800131.816106000,7,rover_s102_3x3_n2_1fps_1sp_aldrich.json,s102
1687800131.816220000,8,rover_s102_3x3_n2_1fps_1sp_aldrich.json,s102
1687800131.816552000,9,rover_s102_3x3_n2_1fps_1sp_aldrich.json,s102
1687800131.819099000,10,rover_s102_3x3_n2_1fps_1sp_aldrich.json,s102
1687800131.819231000,11,rover_s102_3x3_n2_1fps_1sp_aldrich.json,s102
1687800132.837398000,0,rover_s102_3x3_n2_1fps_1sp_aldrich.json,s102
1687800132.838317000,1,rover_s102_3x3_n2_1fps_1sp_aldrich.json,s102
1687800132.839285000,2,rover_s102_3x3_n2_1fps_1sp_aldrich.json,s102
1687800132.839402000,3,rover_s102_3x3_n2_1fps_1sp_aldrich.json,s102
1687800132.839507000,4,rover_s102_3x3_n2_1fps_1sp_aldrich.json,s102
1687800132.841212000,5,rover_s102_3x3_n2_1fps_1sp_aldrich.json,s102
1687800132.841321000,6,rover_s102_3x3_n2_1fps_1sp_aldrich.json,s102
1687800132.841323000,7,rover_s102_3x3_n2_1fps_1sp_aldrich.json,s102
1687800133.858981000,0,rover_s102_3x3_n2_1fps_1sp_aldrich.json,s102
1687800133.859178000,1,rover_s102_3x3_n2_1fps_1sp_aldrich.json,s102
1687800133.859272000,2,rover_s102_3x3_n2_1fps_1sp_aldrich.json,s102
1687800133.860396000,3,rover_s102_3x3_n2_1fps_1sp_aldrich.json,s102
1687800133.860397000,4,rover_s102_3x3_n2_1fps_1sp_aldrich.json,s102
1687800133.860504000,5,rover_s102_3x3_n2_1fps_1sp_aldrich.json,s102
1687800133.860614000,6,rover_s102_3x3_n2_1fps_1sp_aldrich.json,s102
1687800133.860700000,7,rover_s102_3x3_n2_1fps_1sp_aldrich.json,s102
1687800133.861062000,8,rover_s102_3x3_n2_1fps_1sp_aldrich.json,s102
1687800133.861171000,9,rover_s102_3x3_n2_1fps_1sp_aldrich.json,s102
1687800134.884307000,0,rover_s102_3x3_n2_1fps_1sp_aldrich.json,s102
1687800134.884309000,1,rover_s102_3x3_n2_1fps_1sp_aldrich.json,s102
1687800134.884542000,2,rover_s102_3x3_n2_1fps_1sp_aldrich.json,s102
1687800134.884641000,3,rover_s102_3x3_n2_1fps_1sp_aldrich.json,s102
1687800134.884809000,4,rover_s102_3x3_n2_1fps_1sp_aldrich.json,s102
1687800134.884811000,5,rover_s102_3x3_n2_1fps_1sp_aldrich.json,s102
1687800134.885312000,6,rover_s102_3x3_n2_1fps_1sp_aldrich.json,s102
1687800134.885455000,7,rover_s102_3x3_n2_1fps_1sp_aldrich.json,s102
1687800134.885572000,8,rover_s102_3x3_n2_1fps_1sp_aldrich.json,s102
1687800134.886512000,9,rover_s102_3x3_n2_1fps_1sp_aldrich.json,s102
1687800134.886625000,10,rover_s102_3x3_n2_1fps_1sp_aldrich.json,s102
1687800134.887451000,11,rover_s102_3x3_n2_1fps_1sp_aldrich.json,s102
1687800134.887582000,12,rover_s102_3x3_n2_1fps_1sp_aldrich.json,s102
1687800134.888098000,13,rover_s102_3x3_n2_1fps_1sp_aldrich.json,s102
1687800134.888211000,14,rover_s102_3x3_n2_1fps_1sp_aldrich.json,s102
1687800134.888825000,15,rover_s102_3x3_n2_1fps_1sp_aldrich.json,s102
1687800134.888928000,16,rover_s102_3x3_n2_1fps_1sp_aldrich.json,s102
1687800134.889251000,17,rover_s102_3x3_n2_1fps_1sp_aldrich.json,s102
1687800134.889343000,18,rover_s102_3x3_n2_1fps_1sp_aldrich.json,s102
1687800134.889784000,19,rover_s102_3x3_n2_1fps_1sp_aldrich.json,s102
1687800135.915962000,0,rover_s102_3x3_n2_1fps_1sp_aldrich.json,s102
1687800135.916701000,1,rover_s102_3x3_n2_1fps_1sp_aldrich.json,s102
1687800135.917756000,2,rover_s102_3x3_n2_1fps_1sp_aldrich.json,s102
1687800135.917872000,3,rover_s102_3x3_n2_1fps_1sp_aldrich.json,s102
1687800135.917976000,4,rover_s102_3x3_n2_1fps_1sp_aldrich.json,s102
1687800135.918093000,5,rover_s102_3x3_n2_1fps_1sp_aldrich.json,s102
1687800135.918094000,6,rover_s102_3x3_n2_1fps_1sp_aldrich.json,s102
1687800135.919429000,7,rover_s102_3x3_n2_1fps_1sp_aldrich.json,s102
1687800135.919546000,8,rover_s102_3x3_n2_1fps_1sp_aldrich.json,s102
1687800136.941018000,0,rover_s102_3x3_n2_1fps_1sp_aldrich.json,s102
1687800136.941244000,1,rover_s102_3x3_n2_1fps_1sp_aldrich.json,s102
1687800136.941338000,2,rover_s102_3x3_n2_1fps_1sp_aldrich.json,s102
1687800136.941711000,3,rover_s102_3x3_n2_1fps_1sp_aldrich.json,s102
1687800136.941849000,4,rover_s102_3x3_n2_1fps_1sp_aldrich.json,s102
1687800136.941954000,5,rover_s102_3x3_n2_1fps_1sp_aldrich.json,s102
1687800136.942437000,6,rover_s102_3x3_n2_1fps_1sp_aldrich.json,s102
1687800136.942552000,7,rover_s102_3x3_n2_1fps_1sp_aldrich.json,s102
1687800137.968786000,0,rover_s102_3x3_n2_1fps_1sp_aldrich.json,s102
1687800137.968961000,1,rover_s102_3x3_n2_1fps_1sp_aldrich.json,s102
1687800137.968962000,2,rover_s102_3x3_n2_1fps_1sp_aldrich.json,s102
1687800137.969050000,3,rover_s102_3x3_n2_1fps_1sp_aldrich.json,s102
1687800137.969112000,4,rover_s102_3x3_n2_1fps_1sp_aldrich.json,s102
1687800137.969188000,5,rover_s102_3x3_n2_1fps_1sp_aldrich.json,s102
1687800137.969190000,6,rover_s102_3x3_n2_1fps_1sp_aldrich.json,s102
1687800137.969294000,7,rover_s102_3x3_n2_1fps_1sp_aldrich.json,s102
1687800137.969393000,8,rover_s102_3x3_n2_1fps_1sp_aldrich.json,s102
1687800138.992275000,0,rover_s102_3x3_n2_1fps_1sp_aldrich.json,s102
1687800138.992640000,1,rover_s102_3x3_n2_1fps_1sp_aldrich.json,s102
1687800138.993985000,2,rover_s102_3x3_n2_1fps_1sp_aldrich.json,s102
1687800138.993987000,3,rover_s102_3x3_n2_1fps_1sp_aldrich.json,s102
1687800138.994112000,4,rover_s102_3x3_n2_1fps_1sp_aldrich.json,s102
1687800138.994234000,5,rover_s102_3x3_n2_1fps_1sp_aldrich.json,s102
1687800138.994354000,6,rover_s102_3x3_n2_1fps_1sp_aldrich.json,s102
1687800138.994441000,7,rover_s102_3x3_n2_1fps_1sp_aldrich.json,s102
1687800138.994981000,8,rover_s102_3x3_n2_1fps_1sp_aldrich.json,s102
1687800138.995084000,9,rover_s102_3x3_n2_1fps_1sp_aldrich.json,s102
1687800140.018347000,0,rover_s102_3x3_n2_1fps_1sp_aldrich.json,s102
1687800140.018591000,1,rover_s102_3x3_n2_1fps_1sp_aldrich.json,s102
1687800140.018592000,2,rover_s102_3x3_n2_1fps_1sp_aldrich.json,s102
1687800140.018689000,3,rover_s102_3x3_n2_1fps_1sp_aldrich.json,s102
1687800140.018766000,4,rover_s102_3x3_n2_1fps_1sp_aldrich.json,s102
1687800140.018866000,5,rover_s102_3x3_n2_1fps_1sp_aldrich.json,s102
1687800140.018868000,6,rover_s102_3x3_n2_1fps_1sp_aldrich.json,s102
1687800140.019520000,7,rover_s102_3x3_n2_1fps_1sp_aldrich.json,s102
1687800140.020644000,8,rover_s102_3x3_n2_1fps_1sp_aldrich.json,s102
1687800140.020775000,9,rover_s102_3x3_n2_1fps_1sp_aldrich.json,s102
1687800140.021476000,10,rover_s102_3x3_n2_1fps_1sp_aldrich.json,s102
1687800140.021478000,11,rover_s102_3x3_n2_1fps_1sp_aldrich.json,s102
1687800140.021605000,12,rover_s102_3x3_n2_1fps_1sp_aldrich.json,s102
1687800140.022350000,13,rover_s102_3x3_n2_1fps_1sp_aldrich.json,s102
1687800140.022352000,14,rover_s102_3x3_n2_1fps_1sp_aldrich.json,s102
1687800140.022490000,15,rover_s102_3x3_n2_1fps_1sp_aldrich.json,s102
1687800140.023204000,16,rover_s102_3x3_n2_1fps_1sp_aldrich.json,s102
1687800140.023322000,17,rover_s102_3x3_n2_1fps_1sp_aldrich.json,s102
1687800140.024173000,18,rover_s102_3x3_n2_1fps_1sp_aldrich.json,s102
1687800141.043553000,0,rover_s102_3x3_n2_1fps_1sp_aldrich.json,s102
1687800141.043783000,1,rover_s102_3x3_n2_1fps_1sp_aldrich.json,s102
1687800141.043880000,2,rover_s102_3x3_n2_1fps_1sp_aldrich.json,s102
1687800141.044289000,3,rover_s102_3x3_n2_1fps_1sp_aldrich.json,s102
1687800141.044391000,4,rover_s102_3x3_n2_1fps_1sp_aldrich.json,s102
1687800141.044393000,5,rover_s102_3x3_n2_1fps_1sp_aldrich.json,s102
1687800141.044526000,6,rover_s102_3x3_n2_1fps_1sp_aldrich.json,s102
1687800141.045399000,7,rover_s102_3x3_n2_1fps_1sp_aldrich.json,s102
1687800141.045558000,8,rover_s102_3x3_n2_1fps_1sp_aldrich.json,s102
1687800141.047455000,9,rover_s102_3x3_n2_1fps_1sp_aldrich.json,s102
1687800142.068238000,0,rover_s102_3x3_n2_1fps_1sp_aldrich.json,s102
1687800142.068626000,1,rover_s102_3x3_n2_1fps_1sp_aldrich.json,s102
1687800142.069981000,2,rover_s102_3x3_n2_1fps_1sp_aldrich.json,s102
1687800142.069983000,3,rover_s102_3x3_n2_1fps_1sp_aldrich.json,s102
1687800142.070105000,4,rover_s102_3x3_n2_1fps_1sp_aldrich.json,s102
1687800142.070218000,5,rover_s102_3x3_n2_1fps_1sp_aldrich.json,s102
1687800142.070337000,6,rover_s102_3x3_n2_1fps_1sp_aldrich.json,s102
1687800142.070427000,7,rover_s102_3x3_n2_1fps_1sp_aldrich.json,s102
1687800142.071791000,8,rover_s102_3x3_n2_1fps_1sp_aldrich.json,s102
1687800143.093652000,0,rover_s102_3x3_n2_1fps_1sp_aldrich.json,s102
1687800143.093856000,1,rover_s102_3x3_n2_1fps_1sp_aldrich.json,s102
1687800143.094531000,2,rover_s102_3x3_n2_1fps_1sp_aldrich.json,s102
1687800143.095177000,3,rover_s102_3x3_n2_1fps_1sp_aldrich.json,s102
1687800143.095179000,4,rover_s102_3x3_n2_1fps_1sp_aldrich.json,s102
1687800143.095288000,5,rover_s102_3x3_n2_1fps_1sp_aldrich.json,s102
1687800143.095379000,6,rover_s102_3x3_n2_1fps_1sp_aldrich.json,s102
1687800143.095787000,7,rover_s102_3x3_n2_1fps_1sp_aldrich.json,s102
1687800143.096581000,8,rover_s102_3x3_n2_1fps_1sp_aldrich.json,s102
1687800143.096695000,9,rover_s102_3x3_n2_1fps_1sp_aldrich.json,s102
1687800143.096697000,10,rover_s102_3x3_n2_1fps_1sp_aldrich.json,s102
1687800143.096849000,11,rover_s102_3x3_n2_1fps_1sp_aldrich.json,s102
1687800143.098146000,12,rover_s102_3x3_n2_1fps_1sp_aldrich.json,s102
1687800144.118422000,0,rover_s102_3x3_n2_1fps_1sp_aldrich.json,s102
1687800144.118716000,1,rover_s102_3x3_n2_1fps_1sp_aldrich.json,s102
1687800144.119190000,2,rover_s102_3x3_n2_1fps_1sp_aldrich.json,s102
1687800144.119192000,3,rover_s102_3x3_n2_1fps_1sp_aldrich.json,s102
1687800144.119329000,4,rover_s102_3x3_n2_1fps_1sp_aldrich.json,s102
1687800144.119434000,5,rover_s102_3x3_n2_1fps_1sp_aldrich.json,s102
1687800144.120000000,6,rover_s102_3x3_n2_1fps_1sp_aldrich.json,s102
1687800144.120150000,7,rover_s102_3x3_n2_1fps_1sp_aldrich.json,s102
1687800144.120238000,8,rover_s102_3x3_n2_1fps_1sp_aldrich.json,s102
1687800144.120738000,9,rover_s102_3x3_n2_1fps_1sp_aldrich.json,s102
1687800144.120846000,10,rover_s102_3x3_n2_1fps_1sp_aldrich.json,s102
1687800144.121254000,11,rover_s102_3x3_n2_1fps_1sp_aldrich.json,s102
1687800144.121256000,12,rover_s102_3x3_n2_1fps_1sp_aldrich.json,s102
1687800145.141841000,0,rover_s102_3x3_n2_1fps_1sp_aldrich.json,s102
1687800145.142219000,1,rover_s102_3x3_n2_1fps_1sp_aldrich.json,s102
1687800145.143649000,2,rover_s102_3x3_n2_1fps_1sp_aldrich.json,s102
1687800145.143650000,3,rover_s102_3x3_n2_1fps_1sp_aldrich.json,s102
1687800145.143792000,4,rover_s102_3x3_n2_1fps_1sp_aldrich.json,s102
1687800145.143908000,5,rover_s102_3x3_n2_1fps_1sp_aldrich.json,s102
1687800145.144445000,6,rover_s102_3x3_n2_1fps_1sp_aldrich.json,s102
1687800145.144545000,7,rover_s102_3x3_n2_1fps_1sp_aldrich.json,s102
1687800145.145477000,8,rover_s102_3x3_n2_1fps_1sp_aldrich.json,s102
1687800146.163208000,0,rover_s102_3x3_n2_1fps_1sp_aldrich.json,s102
1687800146.163415000,1,rover_s102_3x3_n2_1fps_1sp_aldrich.json,s102
1687800146.163914000,2,rover_s102_3x3_n2_1fps_1sp_aldrich.json,s102
1687800146.164729000,3,rover_s102_3x3_n2_1fps_1sp_aldrich.json,s102
1687800146.164810000,4,rover_s102_3x3_n2_1fps_1sp_aldrich.json,s102
1687800146.164896000,5,rover_s102_3x3_n2_1fps_1sp_aldrich.json,s102
1687800146.164897000,6,rover_s102_3x3_n2_1fps_1sp_aldrich.json,s102
1687800146.165042000,7,rover_s102_3x3_n2_1fps_1sp_aldrich.json,s102
1687800146.167060000,8,rover_s102_3x3_n2_1fps_1sp_aldrich.json,s102
1687800146.167171000,9,rover_s102_3x3_n2_1fps_1sp_aldrich.json,s102
1687800147.185414000,0,rover_s102_3x3_n2_1fps_1sp_aldrich.json,s102
1687800147.185626000,1,rover_s102_3x3_n2_1fps_1sp_aldrich.json,s102
1687800147.185749000,2,rover_s102_3x3_n2_1fps_1sp_aldrich.json,s102
1687800147.185830000,3,rover_s102_3x3_n2_1fps_1sp_aldrich.json,s102
1687800147.186347000,4,rover_s102_3x3_n2_1fps_1sp_aldrich.json,s102
1687800147.186447000,5,rover_s102_3x3_n2_1fps_1sp_aldrich.json,s102
1687800147.186549000,6,rover_s102_3x3_n2_1fps_1sp_aldrich.json,s102
1687800147.187051000,7,rover_s102_3x3_n2_1fps_1sp_aldrich.json,s102
1687800147.187161000,8,rover_s102_3x3_n2_1fps_1sp_aldrich.json,s102
1687800147.188382000,9,rover_s102_3x3_n2_1fps_1sp_aldrich.json,s102
1687800147.188555000,10,rover_s102_3x3_n2_1fps_1sp_aldrich.json,s102
1687800148.208537000,0,rover_s102_3x3_n2_1fps_1sp_aldrich.json,s102
1687800148.208861000,1,rover_s102_3x3_n2_1fps_1sp_aldrich.json,s102
1687800148.210170000,2,rover_s102_3x3_n2_1fps_1sp_aldrich.json,s102
1687800148.210172000,3,rover_s102_3x3_n2_1fps_1sp_aldrich.json,s102
1687800148.210343000,4,rover_s102_3x3_n2_1fps_1sp_aldrich.json,s102
1687800148.210468000,5,rover_s102_3x3_n2_1fps_1sp_aldrich.json,s102
1687800148.210574000,6,rover_s102_3x3_n2_1fps_1sp_aldrich.json,s102
1687800148.210848000,7,rover_s102_3x3_n2_1fps_1sp_aldrich.json,s102
1687800149.236161000,0,rover_s102_3x3_n2_1fps_1sp_aldrich.json,s102
1687800149.236730000,1,rover_s102_3x3_n2_1fps_1sp_aldrich.json,s102
1687800149.236836000,2,rover_s102_3x3_n2_1fps_1sp_aldrich.json,s102
1687800149.237334000,3,rover_s102_3x3_n2_1fps_1sp_aldrich.json,s102
1687800149.237434000,4,rover_s102_3x3_n2_1fps_1sp_aldrich.json,s102
1687800149.237996000,5,rover_s102_3x3_n2_1fps_1sp_aldrich.json,s102
1687800149.238098000,6,rover_s102_3x3_n2_1fps_1sp_aldrich.json,s102
1687800149.239318000,7,rover_s102_3x3_n2_1fps_1sp_aldrich.json,s102
1687800150.261268000,0,rover_s102_3x3_n2_1fps_1sp_aldrich.json,s102
1687800150.261960000,1,rover_s102_3x3_n2_1fps_1sp_aldrich.json,s102
1687800150.262057000,2,rover_s102_3x3_n2_1fps_1sp_aldrich.json,s102
1687800150.262151000,3,rover_s102_3x3_n2_1fps_1sp_aldrich.json,s102
1687800150.262496000,4,rover_s102_3x3_n2_1fps_1sp_aldrich.json,s102
1687800150.262608000,5,rover_s102_3x3_n2_1fps_1sp_aldrich.json,s102
1687800150.263248000,6,rover_s102_3x3_n2_1fps_1sp_aldrich.json,s102
1687800150.263381000,7,rover_s102_3x3_n2_1fps_1sp_aldrich.json,s102
1687800150.263939000,8,rover_s102_3x3_n2_1fps_1sp_aldrich.json,s102
1687800150.264058000,9,rover_s102_3x3_n2_1fps_1sp_aldrich.json,s102
1687800150.264378000,10,rover_s102_3x3_n2_1fps_1sp_aldrich.json,s102
1687800150.264477000,11,rover_s102_3x3_n2_1fps_1sp_aldrich.json,s102
1687800151.284189000,0,rover_s102_3x3_n2_1fps_1sp_aldrich.json,s102
1687800151.284531000,1,rover_s102_3x3_n2_1fps_1sp_aldrich.json,s102
1687800151.285387000,2,rover_s102_3x3_n2_1fps_1sp_aldrich.json,s102
1687800151.285489000,3,rover_s102_3x3_n2_1fps_1sp_aldrich.json,s102
1687800151.285592000,4,rover_s102_3x3_n2_1fps_1sp_aldrich.json,s102
1687800151.285718000,5,rover_s102_3x3_n2_1fps_1sp_aldrich.json,s102
1687800151.285822000,6,rover_s102_3x3_n2_1fps_1sp_aldrich.json,s102
1687800151.286467000,7,rover_s102_3x3_n2_1fps_1sp_aldrich.json,s102
1687800151.286557000,8,rover_s102_3x3_n2_1fps_1sp_aldrich.json,s102
1687800151.287539000,9,rover_s102_3x3_n2_1fps_1sp_aldrich.json,s102
1687800152.308255000,0,rover_s102_3x3_n2_1fps_1sp_aldrich.json,s102
1687800152.309097000,1,rover_s102_3x3_n2_1fps_1sp_aldrich.json,s102
1687800152.309192000,2,rover_s102_3x3_n2_1fps_1sp_aldrich.json,s102
1687800152.309283000,3,rover_s102_3x3_n2_1fps_1sp_aldrich.json,s102
1687800152.309284000,4,rover_s102_3x3_n2_1fps_1sp_aldrich.json,s102
1687800152.309749000,5,rover_s102_3x3_n2_1fps_1sp_aldrich.json,s102
1687800152.309855000,6,rover_s102_3x3_n2_1fps_1sp_aldrich.json,s102
1687800152.309857000,7,rover_s102_3x3_n2_1fps_1sp_aldrich.json,s102
1687800152.310484000,8,rover_s102_3x3_n2_1fps_1sp_aldrich.json,s102
1687800152.310589000,9,rover_s102_3x3_n2_1fps_1sp_aldrich.json,s102
1687800152.311932000,10,rover_s102_3x3_n2_1fps_1sp_aldrich.json,s102
1687800153.332408000,0,rover_s102_3x3_n2_1fps_1sp_aldrich.json,s102
1687800153.332617000,1,rover_s102_3x3_n2_1fps_1sp_aldrich.json,s102
1687800153.332728000,2,rover_s102_3x3_n2_1fps_1sp_aldrich.json,s102
1687800153.333173000,3,rover_s102_3x3_n2_1fps_1sp_aldrich.json,s102
1687800153.333175000,4,rover_s102_3x3_n2_1fps_1sp_aldrich.json,s102
1687800153.333293000,5,rover_s102_3x3_n2_1fps_1sp_aldrich.json,s102
1687800153.333419000,6,rover_s102_3x3_n2_1fps_1sp_aldrich.json,s102
1687800153.334658000,7,rover_s102_3x3_n2_1fps_1sp_aldrich.json,s102
1687800153.335446000,8,rover_s102_3x3_n2_1fps_1sp_aldrich.json,s102
1687800154.353152000,0,rover_s102_3x3_n2_1fps_1sp_aldrich.json,s102
1687800154.353556000,1,rover_s102_3x3_n2_1fps_1sp_aldrich.json,s102
1687800154.354964000,2,rover_s102_3x3_n2_1fps_1sp_aldrich.json,s102
1687800154.354966000,3,rover_s102_3x3_n2_1fps_1sp_aldrich.json,s102
1687800154.355130000,4,rover_s102_3x3_n2_1fps_1sp_aldrich.json,s102
1687800154.355252000,5,rover_s102_3x3_n2_1fps_1sp_aldrich.json,s102
1687800154.355368000,6,rover_s102_3x3_n2_1fps_1sp_aldrich.json,s102
1687800154.355444000,7,rover_s102_3x3_n2_1fps_1sp_aldrich.json,s102
1687800154.355665000,8,rover_s102_3x3_n2_1fps_1sp_aldrich.json,s102
1687800155.376389000,0,rover_s102_3x3_n2_1fps_1sp_aldrich.json,s102
1687800155.376592000,1,rover_s102_3x3_n2_1fps_1sp_aldrich.json,s102
1687800155.376685000,2,rover_s102_3x3_n2_1fps_1sp_aldrich.json,s102
1687800155.377115000,3,rover_s102_3x3_n2_1fps_1sp_aldrich.json,s102
1687800155.377211000,4,rover_s102_3x3_n2_1fps_1sp_aldrich.json,s102
1687800155.377339000,5,rover_s102_3x3_n2_1fps_1sp_aldrich.json,s102
1687800155.377340000,6,rover_s102_3x3_n2_1fps_1sp_aldrich.json,s102
1687800155.377799000,7,rover_s102_3x3_n2_1fps_1sp_aldrich.json,s102
1687800155.377896000,8,rover_s102_3x3_n2_1fps_1sp_aldrich.json,s102
1687800155.378360000,9,rover_s102_3x3_n2_1fps_1sp_aldrich.json,s102
1687800155.378531000,10,rover_s102_3x3_n2_1fps_1sp_aldrich.json,s102
1687800156.402728000,0,rover_s102_3x3_n2_1fps_1sp_aldrich.json,s102
1687800156.402946000,1,rover_s102_3x3_n2_1fps_1sp_aldrich.json,s102
1687800156.403437000,2,rover_s102_3x3_n2_1fps_1sp_aldrich.json,s102
1687800156.403558000,3,rover_s102_3x3_n2_1fps_1sp_aldrich.json,s102
1687800156.403659000,4,rover_s102_3x3_n2_1fps_1sp_aldrich.json,s102
1687800156.404151000,5,rover_s102_3x3_n2_1fps_1sp_aldrich.json,s102
1687800156.404288000,6,rover_s102_3x3_n2_1fps_1sp_aldrich.json,s102
1687800156.404394000,7,rover_s102_3x3_n2_1fps_1sp_aldrich.json,s102
1687800156.404890000,8,rover_s102_3x3_n2_1fps_1sp_aldrich.json,s102
1687800156.405009000,9,rover_s102_3x3_n2_1fps_1sp_aldrich.json,s102
1687800156.406112000,10,rover_s102_3x3_n2_1fps_1sp_aldrich.json,s102
1687800157.422598000,0,rover_s102_3x3_n2_1fps_1sp_aldrich.json,s102
1687800157.422962000,1,rover_s102_3x3_n2_1fps_1sp_aldrich.json,s102
1687800157.424256000,2,rover_s102_3x3_n2_1fps_1sp_aldrich.json,s102
1687800157.424257000,3,rover_s102_3x3_n2_1fps_1sp_aldrich.json,s102
1687800157.424402000,4,rover_s102_3x3_n2_1fps_1sp_aldrich.json,s102
1687800157.424524000,5,rover_s102_3x3_n2_1fps_1sp_aldrich.json,s102
1687800157.424640000,6,rover_s102_3x3_n2_1fps_1sp_aldrich.json,s102
1687800157.424837000,7,rover_s102_3x3_n2_1fps_1sp_aldrich.json,s102
1687800158.447003000,0,rover_s102_3x3_n2_1fps_1sp_aldrich.json,s102
1687800158.447211000,1,rover_s102_3x3_n2_1fps_1sp_aldrich.json,s102
1687800158.447655000,2,rover_s102_3x3_n2_1fps_1sp_aldrich.json,s102
1687800158.447657000,3,rover_s102_3x3_n2_1fps_1sp_aldrich.json,s102
1687800158.447772000,4,rover_s102_3x3_n2_1fps_1sp_aldrich.json,s102
1687800158.448186000,5,rover_s102_3x3_n2_1fps_1sp_aldrich.json,s102
1687800158.448188000,6,rover_s102_3x3_n2_1fps_1sp_aldrich.json,s102
1687800158.448800000,7,rover_s102_3x3_n2_1fps_1sp_aldrich.json,s102
1687800158.448802000,8,rover_s102_3x3_n2_1fps_1sp_aldrich.json,s102
1687800159.471289000,0,rover_s102_3x3_n2_1fps_1sp_aldrich.json,s102
1687800159.471518000,1,rover_s102_3x3_n2_1fps_1sp_aldrich.json,s102
1687800159.471950000,2,rover_s102_3x3_n2_1fps_1sp_aldrich.json,s102
1687800159.472060000,3,rover_s102_3x3_n2_1fps_1sp_aldrich.json,s102
1687800159.472522000,4,rover_s102_3x3_n2_1fps_1sp_aldrich.json,s102
1687800159.472652000,5,rover_s102_3x3_n2_1fps_1sp_aldrich.json,s102
1687800159.473325000,6,rover_s102_3x3_n2_1fps_1sp_aldrich.json,s102
1687800159.473326000,7,rover_s102_3x3_n2_1fps_1sp_aldrich.json,s102
1687800159.474577000,8,rover_s102_3x3_n2_1fps_1sp_aldrich.json,s102
1687800160.494013000,0,rover_s102_3x3_n2_1fps_1sp_aldrich.json,s102
1687800160.494388000,1,rover_s102_3x3_n2_1fps_1sp_aldrich.json,s102
1687800160.495570000,2,rover_s102_3x3_n2_1fps_1sp_aldrich.json,s102
1687800160.495572000,3,rover_s102_3x3_n2_1fps_1sp_aldrich.json,s102
1687800160.495704000,4,rover_s102_3x3_n2_1fps_1sp_aldrich.json,s102
1687800160.495839000,5,rover_s102_3x3_n2_1fps_1sp_aldrich.json,s102
1687800160.495975000,6,rover_s102_3x3_n2_1fps_1sp_aldrich.json,s102
1687800160.496080000,7,rover_s102_3x3_n2_1fps_1sp_aldrich.json,s102
1687800160.496590000,8,rover_s102_3x3_n2_1fps_1sp_aldrich.json,s102
1687800160.496700000,9,rover_s102_3x3_n2_1fps_1sp_aldrich.json,s102
1687800161.514156000,0,rover_s102_3x3_n2_1fps_1sp_aldrich.json,s102
1687800161.514365000,1,rover_s102_3x3_n2_1fps_1sp_aldrich.json,s102
1687800161.514897000,2,rover_s102_3x3_n2_1fps_1sp_aldrich.json,s102
1687800161.514899000,3,rover_s102_3x3_n2_1fps_1sp_aldrich.json,s102
1687800161.515025000,4,rover_s102_3x3_n2_1fps_1sp_aldrich.json,s102
1687800161.515131000,5,rover_s102_3x3_n2_1fps_1sp_aldrich.json,s102
1687800161.515745000,6,rover_s102_3x3_n2_1fps_1sp_aldrich.json,s102
1687800161.515848000,7,rover_s102_3x3_n2_1fps_1sp_aldrich.json,s102
1687800162.540074000,0,rover_s102_3x3_n2_1fps_1sp_aldrich.json,s102
1687800162.540076000,1,rover_s102_3x3_n2_1fps_1sp_aldrich.json,s102
1687800162.540271000,2,rover_s102_3x3_n2_1fps_1sp_aldrich.json,s102
1687800162.540368000,3,rover_s102_3x3_n2_1fps_1sp_aldrich.json,s102
1687800162.540456000,4,rover_s102_3x3_n2_1fps_1sp_aldrich.json,s102
1687800162.540458000,5,rover_s102_3x3_n2_1fps_1sp_aldrich.json,s102
1687800162.540833000,6,rover_s102_3x3_n2_1fps_1sp_aldrich.json,s102
1687800162.540931000,7,rover_s102_3x3_n2_1fps_1sp_aldrich.json,s102
1687800162.541819000,8,rover_s102_3x3_n2_1fps_1sp_aldrich.json,s102
1687800162.541966000,9,rover_s102_3x3_n2_1fps_1sp_aldrich.json,s102
1687800162.542350000,10,rover_s102_3x3_n2_1fps_1sp_aldrich.json,s102
1687800162.542471000,11,rover_s102_3x3_n2_1fps_1sp_aldrich.json,s102
1687800162.543233000,12,rover_s102_3x3_n2_1fps_1sp_aldrich.json,s102
1687800162.543235000,13,rover_s102_3x3_n2_1fps_1sp_aldrich.json,s102
1687800162.543379000,14,rover_s102_3x3_n2_1fps_1sp_aldrich.json,s102
1687800163.564042000,0,rover_s102_3x3_n2_1fps_1sp_aldrich.json,s102
1687800163.564409000,1,rover_s102_3x3_n2_1fps_1sp_aldrich.json,s102
1687800163.565776000,2,rover_s102_3x3_n2_1fps_1sp_aldrich.json,s102
1687800163.565777000,3,rover_s102_3x3_n2_1fps_1sp_aldrich.json,s102
1687800163.565899000,4,rover_s102_3x3_n2_1fps_1sp_aldrich.json,s102
1687800163.566014000,5,rover_s102_3x3_n2_1fps_1sp_aldrich.json,s102
1687800163.566133000,6,rover_s102_3x3_n2_1fps_1sp_aldrich.json,s102
1687800163.566227000,7,rover_s102_3x3_n2_1fps_1sp_aldrich.json,s102
1687800163.566694000,8,rover_s102_3x3_n2_1fps_1sp_aldrich.json,s102
1687800164.587101000,0,rover_s102_3x3_n2_1fps_1sp_aldrich.json,s102
1687800164.587308000,1,rover_s102_3x3_n2_1fps_1sp_aldrich.json,s102
1687800164.587426000,2,rover_s102_3x3_n2_1fps_1sp_aldrich.json,s102
1687800164.587549000,3,rover_s102_3x3_n2_1fps_1sp_aldrich.json,s102
1687800164.587551000,4,rover_s102_3x3_n2_1fps_1sp_aldrich.json,s102
1687800164.588186000,5,rover_s102_3x3_n2_1fps_1sp_aldrich.json,s102
1687800164.588298000,6,rover_s102_3x3_n2_1fps_1sp_aldrich.json,s102
1687800164.589424000,7,rover_s102_3x3_n2_1fps_1sp_aldrich.json,s102
1687800164.590285000,8,rover_s102_3x3_n2_1fps_1sp_aldrich.json,s102
1687800165.608964000,0,rover_s102_3x3_n2_1fps_1sp_aldrich.json,s102
1687800165.609749000,1,rover_s102_3x3_n2_1fps_1sp_aldrich.json,s102
1687800165.609906000,2,rover_s102_3x3_n2_1fps_1sp_aldrich.json,s102
1687800165.610439000,3,rover_s102_3x3_n2_1fps_1sp_aldrich.json,s102
1687800165.610508000,4,rover_s102_3x3_n2_1fps_1sp_aldrich.json,s102
1687800165.610597000,5,rover_s102_3x3_n2_1fps_1sp_aldrich.json,s102
1687800165.610599000,6,rover_s102_3x3_n2_1fps_1sp_aldrich.json,s102
1687800165.610720000,7,rover_s102_3x3_n2_1fps_1sp_aldrich.json,s102
1687800165.611402000,8,rover_s102_3x3_n2_1fps_1sp_aldrich.json,s102
1687800165.611545000,9,rover_s102_3x3_n2_1fps_1sp_aldrich.json,s102
1687800165.611805000,10,rover_s102_3x3_n2_1fps_1sp_aldrich.json,s102
1687800165.611901000,11,rover_s102_3x3_n2_1fps_1sp_aldrich.json,s102
1687800165.613072000,12,rover_s102_3x3_n2_1fps_1sp_aldrich.json,s102
1687800165.613184000,13,rover_s102_3x3_n2_1fps_1sp_aldrich.json,s102
1687800166.632827000,0,rover_s102_3x3_n2_1fps_1sp_aldrich.json,s102
1687800166.633201000,1,rover_s102_3x3_n2_1fps_1sp_aldrich.json,s102
1687800166.636572000,2,rover_s102_3x3_n2_1fps_1sp_aldrich.json,s102
1687800166.636574000,3,rover_s102_3x3_n2_1fps_1sp_aldrich.json,s102
1687800166.636689000,4,rover_s102_3x3_n2_1fps_1sp_aldrich.json,s102
1687800166.636757000,5,rover_s102_3x3_n2_1fps_1sp_aldrich.json,s102
1687800166.636821000,6,rover_s102_3x3_n2_1fps_1sp_aldrich.json,s102
1687800166.636823000,7,rover_s102_3x3_n2_1fps_1sp_aldrich.json,s102
1687800166.636941000,8,rover_s102_3x3_n2_1fps_1sp_aldrich.json,s102
1687800167.655525000,0,rover_s102_3x3_n2_1fps_1sp_aldrich.json,s102
1687800167.655729000,1,rover_s102_3x3_n2_1fps_1sp_aldrich.json,s102
1687800167.656273000,2,rover_s102_3x3_n2_1fps_1sp_aldrich.json,s102
1687800167.656374000,3,rover_s102_3x3_n2_1fps_1sp_aldrich.json,s102
1687800167.656463000,4,rover_s102_3x3_n2_1fps_1sp_aldrich.json,s102
1687800167.657007000,5,rover_s102_3x3_n2_1fps_1sp_aldrich.json,s102
1687800167.657580000,6,rover_s102_3x3_n2_1fps_1sp_aldrich.json,s102
1687800167.657582000,7,rover_s102_3x3_n2_1fps_1sp_aldrich.json,s102
1687800167.657716000,8,rover_s102_3x3_n2_1fps_1sp_aldrich.json,s102
1687800167.658678000,9,rover_s102_3x3_n2_1fps_1sp_aldrich.json,s102
1687800167.658793000,10,rover_s102_3x3_n2_1fps_1sp_aldrich.json,s102
1687800168.680794000,0,rover_s102_3x3_n2_1fps_1sp_aldrich.json,s102
1687800168.680997000,1,rover_s102_3x3_n2_1fps_1sp_aldrich.json,s102
1687800168.681093000,2,rover_s102_3x3_n2_1fps_1sp_aldrich.json,s102
1687800168.681563000,3,rover_s102_3x3_n2_1fps_1sp_aldrich.json,s102
1687800168.681650000,4,rover_s102_3x3_n2_1fps_1sp_aldrich.json,s102
1687800168.681736000,5,rover_s102_3x3_n2_1fps_1sp_aldrich.json,s102
1687800168.682214000,6,rover_s102_3x3_n2_1fps_1sp_aldrich.json,s102
1687800168.682316000,7,rover_s102_3x3_n2_1fps_1sp_aldrich.json,s102
1687800168.682699000,8,rover_s102_3x3_n2_1fps_1sp_aldrich.json,s102
1687800168.682823000,9,rover_s102_3x3_n2_1fps_1sp_aldrich.json,s102
1687800168.687539000,10,rover_s102_3x3_n2_1fps_1sp_aldrich.json,s102
1687800168.687681000,11,rover_s102_3x3_n2_1fps_1sp_aldrich.json,s102
1687800169.704669000,0,rover_s102_3x3_n2_1fps_1sp_aldrich.json,s102
1687800169.705235000,1,rover_s102_3x3_n2_1fps_1sp_aldrich.json,s102
1687800169.706108000,2,rover_s102_3x3_n2_1fps_1sp_aldrich.json,s102
1687800169.706206000,3,rover_s102_3x3_n2_1fps_1sp_aldrich.json,s102
1687800169.706298000,4,rover_s102_3x3_n2_1fps_1sp_aldrich.json,s102
1687800169.706479000,5,rover_s102_3x3_n2_1fps_1sp_aldrich.json,s102
1687800169.706575000,6,rover_s102_3x3_n2_1fps_1sp_aldrich.json,s102
1687800169.708166000,7,rover_s102_3x3_n2_1fps_1sp_aldrich.json,s102
1687800169.708281000,8,rover_s102_3x3_n2_1fps_1sp_aldrich.json,s102
1687800170.729752000,0,rover_s102_3x3_n2_1fps_1sp_aldrich.json,s102
1687800170.729958000,1,rover_s102_3x3_n2_1fps_1sp_aldrich.json,s102
1687800170.730066000,2,rover_s102_3x3_n2_1fps_1sp_aldrich.json,s102
1687800170.730179000,3,rover_s102_3x3_n2_1fps_1sp_aldrich.json,s102
1687800170.730268000,4,rover_s102_3x3_n2_1fps_1sp_aldrich.json,s102
1687800170.731902000,5,rover_s102_3x3_n2_1fps_1sp_aldrich.json,s102
1687800170.732032000,6,rover_s102_3x3_n2_1fps_1sp_aldrich.json,s102
1687800170.732131000,7,rover_s102_3x3_n2_1fps_1sp_aldrich.json,s102
1687800170.732235000,8,rover_s102_3x3_n2_1fps_1sp_aldrich.json,s102
1687800170.733195000,9,rover_s102_3x3_n2_1fps_1sp_aldrich.json,s102
1687800170.733301000,10,rover_s102_3x3_n2_1fps_1sp_aldrich.json,s102
1687800170.733392000,11,rover_s102_3x3_n2_1fps_1sp_aldrich.json,s102
1687800170.734647000,12,rover_s102_3x3_n2_1fps_1sp_aldrich.json,s102
1687800171.755475000,0,rover_s102_3x3_n2_1fps_1sp_aldrich.json,s102
1687800171.755477000,1,rover_s102_3x3_n2_1fps_1sp_aldrich.json,s102
1687800171.755676000,2,rover_s102_3x3_n2_1fps_1sp_aldrich.json,s102
1687800171.756616000,3,rover_s102_3x3_n2_1fps_1sp_aldrich.json,s102
1687800171.756718000,4,rover_s102_3x3_n2_1fps_1sp_aldrich.json,s102
1687800171.756720000,5,rover_s102_3x3_n2_1fps_1sp_aldrich.json,s102
1687800171.756868000,6,rover_s102_3x3_n2_1fps_1sp_aldrich.json,s102
1687800171.757833000,7,rover_s102_3x3_n2_1fps_1sp_aldrich.json,s102
1687800171.757953000,8,rover_s102_3x3_n2_1fps_1sp_aldrich.json,s102
1687800171.758052000,9,rover_s102_3x3_n2_1fps_1sp_aldrich.json,s102
1687800171.758143000,10,rover_s102_3x3_n2_1fps_1sp_aldrich.json,s102
1687800172.777565000,0,rover_s102_3x3_n2_1fps_1sp_aldrich.json,s102
1687800172.777931000,1,rover_s102_3x3_n2_1fps_1sp_aldrich.json,s102
1687800172.781717000,2,rover_s102_3x3_n2_1fps_1sp_aldrich.json,s102
1687800172.781719000,3,rover_s102_3x3_n2_1fps_1sp_aldrich.json,s102
1687800172.781842000,4,rover_s102_3x3_n2_1fps_1sp_aldrich.json,s102
1687800172.781926000,5,rover_s102_3x3_n2_1fps_1sp_aldrich.json,s102
1687800172.781988000,6,rover_s102_3x3_n2_1fps_1sp_aldrich.json,s102
1687800172.781989000,7,rover_s102_3x3_n2_1fps_1sp_aldrich.json,s102
1687800172.782131000,8,rover_s102_3x3_n2_1fps_1sp_aldrich.json,s102
1687800173.800796000,0,rover_s102_3x3_n2_1fps_1sp_aldrich.json,s102
1687800173.800996000,1,rover_s102_3x3_n2_1fps_1sp_aldrich.json,s102
1687800173.801092000,2,rover_s102_3x3_n2_1fps_1sp_aldrich.json,s102
1687800173.801679000,3,rover_s102_3x3_n2_1fps_1sp_aldrich.json,s102
1687800173.801773000,4,rover_s102_3x3_n2_1fps_1sp_aldrich.json,s102
1687800173.801878000,5,rover_s102_3x3_n2_1fps_1sp_aldrich.json,s102
1687800173.801969000,6,rover_s102_3x3_n2_1fps_1sp_aldrich.json,s102
1687800173.802756000,7,rover_s102_3x3_n2_1fps_1sp_aldrich.json,s102
1687800173.802861000,8,rover_s102_3x3_n2_1fps_1sp_aldrich.json,s102
1687800173.803663000,9,rover_s102_3x3_n2_1fps_1sp_aldrich.json,s102
1687800173.803665000,10,rover_s102_3x3_n2_1fps_1sp_aldrich.json,s102
1687800173.803848000,11,rover_s102_3x3_n2_1fps_1sp_aldrich.json,s102
1687800173.805573000,12,rover_s102_3x3_n2_1fps_1sp_aldrich.json,s102
1687800174.828928000,0,rover_s102_3x3_n2_1fps_1sp_aldrich.json,s102
1687800174.829126000,1,rover_s102_3x3_n2_1fps_1sp_aldrich.json,s102
1687800174.829229000,2,rover_s102_3x3_n2_1fps_1sp_aldrich.json,s102
1687800174.829812000,3,rover_s102_3x3_n2_1fps_1sp_aldrich.json,s102
1687800174.829912000,4,rover_s102_3x3_n2_1fps_1sp_aldrich.json,s102
1687800174.829913000,5,rover_s102_3x3_n2_1fps_1sp_aldrich.json,s102
1687800174.830092000,6,rover_s102_3x3_n2_1fps_1sp_aldrich.json,s102
1687800174.831655000,7,rover_s102_3x3_n2_1fps_1sp_aldrich.json,s102
1687800174.831656000,8,rover_s102_3x3_n2_1fps_1sp_aldrich.json,s102
1687800174.831816000,9,rover_s102_3x3_n2_1fps_1sp_aldrich.json,s102
1687800174.832366000,10,rover_s102_3x3_n2_1fps_1sp_aldrich.json,s102
1687800174.832457000,11,rover_s102_3x3_n2_1fps_1sp_aldrich.json,s102
1687800175.860329000,0,rover_s102_3x3_n2_1fps_1sp_aldrich.json,s102
1687800175.860754000,1,rover_s102_3x3_n2_1fps_1sp_aldrich.json,s102
1687800175.861771000,2,rover_s102_3x3_n2_1fps_1sp_aldrich.json,s102
1687800175.861880000,3,rover_s102_3x3_n2_1fps_1sp_aldrich.json,s102
1687800175.861881000,4,rover_s102_3x3_n2_1fps_1sp_aldrich.json,s102
1687800175.862040000,5,rover_s102_3x3_n2_1fps_1sp_aldrich.json,s102
1687800175.862190000,6,rover_s102_3x3_n2_1fps_1sp_aldrich.json,s102
1687800175.863074000,7,rover_s102_3x3_n2_1fps_1sp_aldrich.json,s102
1687800175.863212000,8,rover_s102_3x3_n2_1fps_1sp_aldrich.json,s102
1687800175.863214000,9,rover_s102_3x3_n2_1fps_1sp_aldrich.json,s102
1687800175.864736000,10,rover_s102_3x3_n2_1fps_1sp_aldrich.json,s102
1687800175.864738000,11,rover_s102_3x3_n2_1fps_1sp_aldrich.json,s102
1687800175.864875000,12,rover_s102_3x3_n2_1fps_1sp_aldrich.json,s102
1687800175.865947000,13,rover_s102_3x3_n2_1fps_1sp_aldrich.json,s102
1687800176.886632000,0,rover_s102_3x3_n2_1fps_1sp_aldrich.json,s102
1687800176.886855000,1,rover_s102_3x3_n2_1fps_1sp_aldrich.json,s102
1687800176.886960000,2,rover_s102_3x3_n2_1fps_1sp_aldrich.json,s102
1687800176.887665000,3,rover_s102_3x3_n2_1fps_1sp_aldrich.json,s102
1687800176.887779000,4,rover_s102_3x3_n2_1fps_1sp_aldrich.json,s102
1687800176.887879000,5,rover_s102_3x3_n2_1fps_1sp_aldrich.json,s102
1687800176.887975000,6,rover_s102_3x3_n2_1fps_1sp_aldrich.json,s102
1687800176.890217000,7,rover_s102_3x3_n2_1fps_1sp_aldrich.json,s102
1687800177.913119000,0,rover_s102_3x3_n2_1fps_1sp_aldrich.json,s102
1687800177.913120000,1,rover_s102_3x3_n2_1fps_1sp_aldrich.json,s102
1687800177.913345000,2,rover_s102_3x3_n2_1fps_1sp_aldrich.json,s102
1687800177.913464000,3,rover_s102_3x3_n2_1fps_1sp_aldrich.json,s102
1687800177.913579000,4,rover_s102_3x3_n2_1fps_1sp_aldrich.json,s102
1687800177.913672000,5,rover_s102_3x3_n2_1fps_1sp_aldrich.json,s102
1687800177.914124000,6,rover_s102_3x3_n2_1fps_1sp_aldrich.json,s102
1687800177.914226000,7,rover_s102_3x3_n2_1fps_1sp_aldrich.json,s102
1687800177.914815000,8,rover_s102_3x3_n2_1fps_1sp_aldrich.json,s102
1687800177.915414000,9,rover_s102_3x3_n2_1fps_1sp_aldrich.json,s102
1687800177.915416000,10,rover_s102_3x3_n2_1fps_1sp_aldrich.json,s102
1687800177.915547000,11,rover_s102_3x3_n2_1fps_1sp_aldrich.json,s102
1687800177.915876000,12,rover_s102_3x3_n2_1fps_1sp_aldrich.json,s102
1687800177.915978000,13,rover_s102_3x3_n2_1fps_1sp_aldrich.json,s102
1687800177.916561000,14,rover_s102_3x3_n2_1fps_1sp_aldrich.json,s102
1687800177.917110000,15,rover_s102_3x3_n2_1fps_1sp_aldrich.json,s102
1687800177.917112000,16,rover_s102_3x3_n2_1fps_1sp_aldrich.json,s102
1687800177.917251000,17,rover_s102_3x3_n2_1fps_1sp_aldrich.json,s102
1687800177.917947000,18,rover_s102_3x3_n2_1fps_1sp_aldrich.json,s102
1687800177.918062000,19,rover_s102_3x3_n2_1fps_1sp_aldrich.json,s102
1687800177.918733000,20,rover_s102_3x3_n2_1fps_1sp_aldrich.json,s102
1687800178.941568000,0,rover_s102_3x3_n2_1fps_1sp_aldrich.json,s102
1687800178.942312000,1,rover_s102_3x3_n2_1fps_1sp_aldrich.json,s102
1687800178.943268000,2,rover_s102_3x3_n2_1fps_1sp_aldrich.json,s102
1687800178.943374000,3,rover_s102_3x3_n2_1fps_1sp_aldrich.json,s102
1687800178.943472000,4,rover_s102_3x3_n2_1fps_1sp_aldrich.json,s102
1687800178.943605000,5,rover_s102_3x3_n2_1fps_1sp_aldrich.json,s102
1687800178.944140000,6,rover_s102_3x3_n2_1fps_1sp_aldrich.json,s102
1687800178.944142000,7,rover_s102_3x3_n2_1fps_1sp_aldrich.json,s102
1687800178.945390000,8,rover_s102_3x3_n2_1fps_1sp_aldrich.json,s102
1687800179.968662000,0,rover_s102_3x3_n2_1fps_1sp_aldrich.json,s102
1687800179.968845000,1,rover_s102_3x3_n2_1fps_1sp_aldrich.json,s102
1687800179.968929000,2,rover_s102_3x3_n2_1fps_1sp_aldrich.json,s102
1687800179.968930000,3,rover_s102_3x3_n2_1fps_1sp_aldrich.json,s102
1687800179.969400000,4,rover_s102_3x3_n2_1fps_1sp_aldrich.json,s102
1687800179.969487000,5,rover_s102_3x3_n2_1fps_1sp_aldrich.json,s102
1687800179.969488000,6,rover_s102_3x3_n2_1fps_1sp_aldrich.json,s102
1687800179.970377000,7,rover_s102_3x3_n2_1fps_1sp_aldrich.json,s102
1687800179.970517000,8,rover_s102_3x3_n2_1fps_1sp_aldrich.json,s102
1687800179.972397000,9,rover_s102_3x3_n2_1fps_1sp_aldrich.json,s102
1687800179.972486000,10,rover_s102_3x3_n2_1fps_1sp_aldrich.json,s102
1687800179.972488000,11,rover_s102_3x3_n2_1fps_1sp_aldrich.json,s102
1687800179.972599000,12,rover_s102_3x3_n2_1fps_1sp_aldrich.json,s102
1687800179.972690000,13,rover_s102_3x3_n2_1fps_1sp_aldrich.json,s102
1687800179.972780000,14,rover_s102_3x3_n2_1fps_1sp_aldrich.json,s102
1687800179.972872000,15,rover_s102_3x3_n2_1fps_1sp_aldrich.json,s102
1687800180.992228000,0,rover_s102_3x3_n2_1fps_1sp_aldrich.json,s102
1687800180.992431000,1,rover_s102_3x3_n2_1fps_1sp_aldrich.json,s102
1687800180.992522000,2,rover_s102_3x3_n2_1fps_1sp_aldrich.json,s102
1687800180.993008000,3,rover_s102_3x3_n2_1fps_1sp_aldrich.json,s102
1687800180.993106000,4,rover_s102_3x3_n2_1fps_1sp_aldrich.json,s102
1687800180.993205000,5,rover_s102_3x3_n2_1fps_1sp_aldrich.json,s102
1687800180.994104000,6,rover_s102_3x3_n2_1fps_1sp_aldrich.json,s102
1687800180.994517000,7,rover_s102_3x3_n2_1fps_1sp_aldrich.json,s102
1687800180.994600000,8,rover_s102_3x3_n2_1fps_1sp_aldrich.json,s102
1687800182.016907000,0,rover_s102_3x3_n2_1fps_1sp_aldrich.json,s102
1687800182.017317000,1,rover_s102_3x3_n2_1fps_1sp_aldrich.json,s102
1687800182.019535000,2,rover_s102_3x3_n2_1fps_1sp_aldrich.json,s102
1687800182.019537000,3,rover_s102_3x3_n2_1fps_1sp_aldrich.json,s102
1687800182.019689000,4,rover_s102_3x3_n2_1fps_1sp_aldrich.json,s102
1687800182.019798000,5,rover_s102_3x3_n2_1fps_1sp_aldrich.json,s102
1687800182.019913000,6,rover_s102_3x3_n2_1fps_1sp_aldrich.json,s102
1687800182.019992000,7,rover_s102_3x3_n2_1fps_1sp_aldrich.json,s102
1687800182.022063000,8,rover_s102_3x3_n2_1fps_1sp_aldrich.json,s102
1687800183.045363000,0,rover_s102_3x3_n2_1fps_1sp_aldrich.json,s102
1687800183.045539000,1,rover_s102_3x3_n2_1fps_1sp_aldrich.json,s102
1687800183.045631000,2,rover_s102_3x3_n2_1fps_1sp_aldrich.json,s102
1687800183.045633000,3,rover_s102_3x3_n2_1fps_1sp_aldrich.json,s102
1687800183.045768000,4,rover_s102_3x3_n2_1fps_1sp_aldrich.json,s102
1687800183.045894000,5,rover_s102_3x3_n2_1fps_1sp_aldrich.json,s102
1687800183.047224000,6,rover_s102_3x3_n2_1fps_1sp_aldrich.json,s102
1687800183.047326000,7,rover_s102_3x3_n2_1fps_1sp_aldrich.json,s102
1687800183.048600000,8,rover_s102_3x3_n2_1fps_1sp_aldrich.json,s102
1687800184.068700000,0,rover_s102_3x3_n2_1fps_1sp_aldrich.json,s102
1687800184.068903000,1,rover_s102_3x3_n2_1fps_1sp_aldrich.json,s102
1687800184.068995000,2,rover_s102_3x3_n2_1fps_1sp_aldrich.json,s102
1687800184.069532000,3,rover_s102_3x3_n2_1fps_1sp_aldrich.json,s102
1687800184.069646000,4,rover_s102_3x3_n2_1fps_1sp_aldrich.json,s102
1687800184.069743000,5,rover_s102_3x3_n2_1fps_1sp_aldrich.json,s102
1687800184.069846000,6,rover_s102_3x3_n2_1fps_1sp_aldrich.json,s102
1687800185.094275000,0,rover_s102_3x3_n2_1fps_1sp_aldrich.json,s102
1687800185.094650000,1,rover_s102_3x3_n2_1fps_1sp_aldrich.json,s102
1687800185.095906000,2,rover_s102_3x3_n2_1fps_1sp_aldrich.json,s102
1687800185.095908000,3,rover_s102_3x3_n2_1fps_1sp_aldrich.json,s102
1687800185.096038000,4,rover_s102_3x3_n2_1fps_1sp_aldrich.json,s102
1687800185.096139000,5,rover_s102_3x3_n2_1fps_1sp_aldrich.json,s102
1687800185.096268000,6,rover_s102_3x3_n2_1fps_1sp_aldrich.json,s102
1687800185.096365000,7,rover_s102_3x3_n2_1fps_1sp_aldrich.json,s102
1687800185.097023000,8,rover_s102_3x3_n2_1fps_1sp_aldrich.json,s102
1687800185.097133000,9,rover_s102_3x3_n2_1fps_1sp_aldrich.json,s102
1687800186.119074000,0,rover_s102_3x3_n2_1fps_1sp_aldrich.json,s102
1687800186.119835000,1,rover_s102_3x3_n2_1fps_1sp_aldrich.json,s102
1687800186.119983000,2,rover_s102_3x3_n2_1fps_1sp_aldrich.json,s102
1687800186.122829000,3,rover_s102_3x3_n2_1fps_1sp_aldrich.json,s102
1687800186.122931000,4,rover_s102_3x3_n2_1fps_1sp_aldrich.json,s102
1687800186.122933000,5,rover_s102_3x3_n2_1fps_1sp_aldrich.json,s102
1687800186.123038000,6,rover_s102_3x3_n2_1fps_1sp_aldrich.json,s102
1687800186.123127000,7,rover_s102_3x3_n2_1fps_1sp_aldrich.json,s102
1687800186.123226000,8,rover_s102_3x3_n2_1fps_1sp_aldrich.json,s102
1687800186.123489000,9,rover_s102_3x3_n2_1fps_1sp_aldrich.json,s102
1687800187.148610000,0,rover_s102_3x3_n2_1fps_1sp_aldrich.json,s102
1687800187.149357000,1,rover_s102_3x3_n2_1fps_1sp_aldrich.json,s102
1687800187.149358000,2,rover_s102_3x3_n2_1fps_1sp_aldrich.json,s102
1687800187.149474000,3,rover_s102_3x3_n2_1fps_1sp_aldrich.json,s102
1687800187.149699000,4,rover_s102_3x3_n2_1fps_1sp_aldrich.json,s102
1687800187.150690000,5,rover_s102_3x3_n2_1fps_1sp_aldrich.json,s102
1687800187.150815000,6,rover_s102_3x3_n2_1fps_1sp_aldrich.json,s102
1687800187.150817000,7,rover_s102_3x3_n2_1fps_1sp_aldrich.json,s102
1687800187.152577000,8,rover_s102_3x3_n2_1fps_1sp_aldrich.json,s102
1687800188.172603000,0,rover_s102_3x3_n2_1fps_1sp_aldrich.json,s102
1687800188.173026000,1,rover_s102_3x3_n2_1fps_1sp_aldrich.json,s102
1687800188.174316000,2,rover_s102_3x3_n2_1fps_1sp_aldrich.json,s102
1687800188.174318000,3,rover_s102_3x3_n2_1fps_1sp_aldrich.json,s102
1687800188.174446000,4,rover_s102_3x3_n2_1fps_1sp_aldrich.json,s102
1687800188.174551000,5,rover_s102_3x3_n2_1fps_1sp_aldrich.json,s102
1687800188.174689000,6,rover_s102_3x3_n2_1fps_1sp_aldrich.json,s102
1687800188.174796000,7,rover_s102_3x3_n2_1fps_1sp_aldrich.json,s102
1687800188.175455000,8,rover_s102_3x3_n2_1fps_1sp_aldrich.json,s102
1687800188.175605000,9,rover_s102_3x3_n2_1fps_1sp_aldrich.json,s102
1687800189.195137000,0,rover_s102_3x3_n2_1fps_1sp_aldrich.json,s102
1687800189.195356000,1,rover_s102_3x3_n2_1fps_1sp_aldrich.json,s102
1687800189.195776000,2,rover_s102_3x3_n2_1fps_1sp_aldrich.json,s102
1687800189.195868000,3,rover_s102_3x3_n2_1fps_1sp_aldrich.json,s102
1687800189.195870000,4,rover_s102_3x3_n2_1fps_1sp_aldrich.json,s102
1687800189.198411000,5,rover_s102_3x3_n2_1fps_1sp_aldrich.json,s102
1687800189.198412000,6,rover_s102_3x3_n2_1fps_1sp_aldrich.json,s102
1687800189.198616000,7,rover_s102_3x3_n2_1fps_1sp_aldrich.json,s102
1687800190.220421000,0,rover_s102_3x3_n2_1fps_1sp_aldrich.json,s102
1687800190.220630000,1,rover_s102_3x3_n2_1fps_1sp_aldrich.json,s102
1687800190.220755000,2,rover_s102_3x3_n2_1fps_1sp_aldrich.json,s102
1687800190.223898000,3,rover_s102_3x3_n2_1fps_1sp_aldrich.json,s102
1687800190.227031000,4,rover_s102_3x3_n2_1fps_1sp_aldrich.json,s102
1687800190.227156000,5,rover_s102_3x3_n2_1fps_1sp_aldrich.json,s102
1687800190.227158000,6,rover_s102_3x3_n2_1fps_1sp_aldrich.json,s102
1687800190.227295000,7,rover_s102_3x3_n2_1fps_1sp_aldrich.json,s102
1687800190.227418000,8,rover_s102_3x3_n2_1fps_1sp_aldrich.json,s102
1687800190.228267000,9,rover_s102_3x3_n2_1fps_1sp_aldrich.json,s102
1687800190.228269000,10,rover_s102_3x3_n2_1fps_1sp_aldrich.json,s102
1687800191.252354000,0,rover_s102_3x3_n2_1fps_1sp_aldrich.json,s102
1687800191.253900000,1,rover_s102_3x3_n2_1fps_1sp_aldrich.json,s102
1687800191.255281000,2,rover_s102_3x3_n2_1fps_1sp_aldrich.json,s102
1687800191.255283000,3,rover_s102_3x3_n2_1fps_1sp_aldrich.json,s102
1687800191.255418000,4,rover_s102_3x3_n2_1fps_1sp_aldrich.json,s102
1687800191.255520000,5,rover_s102_3x3_n2_1fps_1sp_aldrich.json,s102
1687800191.255652000,6,rover_s102_3x3_n2_1fps_1sp_aldrich.json,s102
1687800191.255740000,7,rover_s102_3x3_n2_1fps_1sp_aldrich.json,s102
1687800191.256753000,8,rover_s102_3x3_n2_1fps_1sp_aldrich.json,s102
1687800191.256861000,9,rover_s102_3x3_n2_1fps_1sp_aldrich.json,s102
1687800192.286366000,0,rover_s102_3x3_n2_1fps_1sp_aldrich.json,s102
1687800192.286582000,1,rover_s102_3x3_n2_1fps_1sp_aldrich.json,s102
1687800192.286686000,2,rover_s102_3x3_n2_1fps_1sp_aldrich.json,s102
1687800192.287608000,3,rover_s102_3x3_n2_1fps_1sp_aldrich.json,s102
1687800192.287610000,4,rover_s102_3x3_n2_1fps_1sp_aldrich.json,s102
1687800192.287730000,5,rover_s102_3x3_n2_1fps_1sp_aldrich.json,s102
1687800192.287833000,6,rover_s102_3x3_n2_1fps_1sp_aldrich.json,s102
1687800192.288407000,7,rover_s102_3x3_n2_1fps_1sp_aldrich.json,s102
1687800192.288584000,8,rover_s102_3x3_n2_1fps_1sp_aldrich.json,s102
1687800192.288585000,9,rover_s102_3x3_n2_1fps_1sp_aldrich.json,s102
1687800192.289244000,10,rover_s102_3x3_n2_1fps_1sp_aldrich.json,s102
1687800192.289366000,11,rover_s102_3x3_n2_1fps_1sp_aldrich.json,s102
1687800192.289368000,12,rover_s102_3x3_n2_1fps_1sp_aldrich.json,s102
1687800192.294078000,13,rover_s102_3x3_n2_1fps_1sp_aldrich.json,s102
1687800193.323620000,0,rover_s102_3x3_n2_1fps_1sp_aldrich.json,s102
1687800193.323831000,1,rover_s102_3x3_n2_1fps_1sp_aldrich.json,s102
1687800193.325064000,2,rover_s102_3x3_n2_1fps_1sp_aldrich.json,s102
1687800193.325066000,3,rover_s102_3x3_n2_1fps_1sp_aldrich.json,s102
1687800193.325200000,4,rover_s102_3x3_n2_1fps_1sp_aldrich.json,s102
1687800193.325304000,5,rover_s102_3x3_n2_1fps_1sp_aldrich.json,s102
1687800193.325411000,6,rover_s102_3x3_n2_1fps_1sp_aldrich.json,s102
1687800193.326240000,7,rover_s102_3x3_n2_1fps_1sp_aldrich.json,s102
1687800193.326346000,8,rover_s102_3x3_n2_1fps_1sp_aldrich.json,s102
1687800193.326437000,9,rover_s102_3x3_n2_1fps_1sp_aldrich.json,s102
1687800193.327392000,10,rover_s102_3x3_n2_1fps_1sp_aldrich.json,s102
1687800194.358796000,0,rover_s102_3x3_n2_1fps_1sp_aldrich.json,s102
1687800194.359136000,1,rover_s102_3x3_n2_1fps_1sp_aldrich.json,s102
1687800194.360219000,2,rover_s102_3x3_n2_1fps_1sp_aldrich.json,s102
1687800194.360323000,3,rover_s102_3x3_n2_1fps_1sp_aldrich.json,s102
1687800194.360422000,4,rover_s102_3x3_n2_1fps_1sp_aldrich.json,s102
1687800194.360549000,5,rover_s102_3x3_n2_1fps_1sp_aldrich.json,s102
1687800194.360642000,6,rover_s102_3x3_n2_1fps_1sp_aldrich.json,s102
1687800194.361349000,7,rover_s102_3x3_n2_1fps_1sp_aldrich.json,s102
1687800194.361473000,8,rover_s102_3x3_n2_1fps_1sp_aldrich.json,s102
1687800195.382488000,0,rover_s102_3x3_n2_1fps_1sp_aldrich.json,s102
1687800195.382695000,1,rover_s102_3x3_n2_1fps_1sp_aldrich.json,s102
1687800195.382789000,2,rover_s102_3x3_n2_1fps_1sp_aldrich.json,s102
1687800195.383246000,3,rover_s102_3x3_n2_1fps_1sp_aldrich.json,s102
1687800195.383339000,4,rover_s102_3x3_n2_1fps_1sp_aldrich.json,s102
1687800195.383450000,5,rover_s102_3x3_n2_1fps_1sp_aldrich.json,s102
1687800195.383539000,6,rover_s102_3x3_n2_1fps_1sp_aldrich.json,s102
1687800195.384249000,7,rover_s102_3x3_n2_1fps_1sp_aldrich.json,s102
1687800195.384367000,8,rover_s102_3x3_n2_1fps_1sp_aldrich.json,s102
1687800195.384785000,9,rover_s102_3x3_n2_1fps_1sp_aldrich.json,s102
1687800195.384897000,10,rover_s102_3x3_n2_1fps_1sp_aldrich.json,s102
1687800195.385810000,11,rover_s102_3x3_n2_1fps_1sp_aldrich.json,s102
1687800195.385936000,12,rover_s102_3x3_n2_1fps_1sp_aldrich.json,s102
1687800195.385938000,13,rover_s102_3x3_n2_1fps_1sp_aldrich.json,s102
1687800196.408900000,0,rover_s102_3x3_n2_1fps_1sp_aldrich.json,s102
1687800196.409112000,1,rover_s102_3x3_n2_1fps_1sp_aldrich.json,s102
1687800196.409224000,2,rover_s102_3x3_n2_1fps_1sp_aldrich.json,s102
1687800196.409329000,3,rover_s102_3x3_n2_1fps_1sp_aldrich.json,s102
1687800196.409691000,4,rover_s102_3x3_n2_1fps_1sp_aldrich.json,s102
1687800196.409803000,5,rover_s102_3x3_n2_1fps_1sp_aldrich.json,s102
1687800196.409805000,6,rover_s102_3x3_n2_1fps_1sp_aldrich.json,s102
1687800196.411306000,7,rover_s102_3x3_n2_1fps_1sp_aldrich.json,s102
1687800196.411446000,8,rover_s102_3x3_n2_1fps_1sp_aldrich.json,s102
1687800196.411799000,9,rover_s102_3x3_n2_1fps_1sp_aldrich.json,s102
1687800197.433141000,0,rover_s102_3x3_n2_1fps_1sp_aldrich.json,s102
1687800197.433518000,1,rover_s102_3x3_n2_1fps_1sp_aldrich.json,s102
1687800197.434777000,2,rover_s102_3x3_n2_1fps_1sp_aldrich.json,s102
1687800197.434779000,3,rover_s102_3x3_n2_1fps_1sp_aldrich.json,s102
1687800197.434905000,4,rover_s102_3x3_n2_1fps_1sp_aldrich.json,s102
1687800197.435027000,5,rover_s102_3x3_n2_1fps_1sp_aldrich.json,s102
1687800197.435146000,6,rover_s102_3x3_n2_1fps_1sp_aldrich.json,s102
1687800197.435229000,7,rover_s102_3x3_n2_1fps_1sp_aldrich.json,s102
1687800197.435627000,8,rover_s102_3x3_n2_1fps_1sp_aldrich.json,s102
1687800197.435728000,9,rover_s102_3x3_n2_1fps_1sp_aldrich.json,s102
1687800197.437729000,10,rover_s102_3x3_n2_1fps_1sp_aldrich.json,s102
1687800197.437856000,11,rover_s102_3x3_n2_1fps_1sp_aldrich.json,s102
1687800198.457201000,0,rover_s102_3x3_n2_1fps_1sp_aldrich.json,s102
1687800198.457404000,1,rover_s102_3x3_n2_1fps_1sp_aldrich.json,s102
1687800198.457504000,2,rover_s102_3x3_n2_1fps_1sp_aldrich.json,s102
1687800198.457595000,3,rover_s102_3x3_n2_1fps_1sp_aldrich.json,s102
1687800198.458042000,4,rover_s102_3x3_n2_1fps_1sp_aldrich.json,s102
1687800198.458142000,5,rover_s102_3x3_n2_1fps_1sp_aldrich.json,s102
1687800198.458253000,6,rover_s102_3x3_n2_1fps_1sp_aldrich.json,s102
1687800198.458859000,7,rover_s102_3x3_n2_1fps_1sp_aldrich.json,s102
1687800198.458975000,8,rover_s102_3x3_n2_1fps_1sp_aldrich.json,s102
1687800198.459313000,9,rover_s102_3x3_n2_1fps_1sp_aldrich.json,s102
1687800198.459444000,10,rover_s102_3x3_n2_1fps_1sp_aldrich.json,s102
1687800198.460078000,11,rover_s102_3x3_n2_1fps_1sp_aldrich.json,s102
1687800198.460210000,12,rover_s102_3x3_n2_1fps_1sp_aldrich.json,s102
1687800198.461259000,13,rover_s102_3x3_n2_1fps_1sp_aldrich.json,s102
1687800198.461261000,14,rover_s102_3x3_n2_1fps_1sp_aldrich.json,s102
1687800199.481124000,0,rover_s102_3x3_n2_1fps_1sp_aldrich.json,s102
1687800199.481333000,1,rover_s102_3x3_n2_1fps_1sp_aldrich.json,s102
1687800199.481432000,2,rover_s102_3x3_n2_1fps_1sp_aldrich.json,s102
1687800199.481782000,3,rover_s102_3x3_n2_1fps_1sp_aldrich.json,s102
1687800199.481873000,4,rover_s102_3x3_n2_1fps_1sp_aldrich.json,s102
1687800199.481980000,5,rover_s102_3x3_n2_1fps_1sp_aldrich.json,s102
1687800199.483620000,6,rover_s102_3x3_n2_1fps_1sp_aldrich.json,s102
1687800199.483747000,7,rover_s102_3x3_n2_1fps_1sp_aldrich.json,s102
1687800199.484902000,8,rover_s102_3x3_n2_1fps_1sp_aldrich.json,s102
1687800200.502153000,0,rover_s102_3x3_n2_1fps_1sp_aldrich.json,s102
1687800200.502524000,1,rover_s102_3x3_n2_1fps_1sp_aldrich.json,s102
1687800200.504172000,2,rover_s102_3x3_n2_1fps_1sp_aldrich.json,s102
1687800200.504174000,3,rover_s102_3x3_n2_1fps_1sp_aldrich.json,s102
1687800200.504309000,4,rover_s102_3x3_n2_1fps_1sp_aldrich.json,s102
1687800200.504431000,5,rover_s102_3x3_n2_1fps_1sp_aldrich.json,s102
1687800200.504550000,6,rover_s102_3x3_n2_1fps_1sp_aldrich.json,s102
1687800200.504637000,7,rover_s102_3x3_n2_1fps_1sp_aldrich.json,s102
1687800200.505094000,8,rover_s102_3x3_n2_1fps_1sp_aldrich.json,s102
1687800200.505195000,9,rover_s102_3x3_n2_1fps_1sp_aldrich.json,s102
1687800201.528818000,0,rover_s102_3x3_n2_1fps_1sp_aldrich.json,s102
1687800201.529428000,1,rover_s102_3x3_n2_1fps_1sp_aldrich.json,s102
1687800201.529538000,2,rover_s102_3x3_n2_1fps_1sp_aldrich.json,s102
1687800201.530141000,3,rover_s102_3x3_n2_1fps_1sp_aldrich.json,s102
1687800201.530248000,4,rover_s102_3x3_n2_1fps_1sp_aldrich.json,s102
1687800201.530561000,5,rover_s102_3x3_n2_1fps_1sp_aldrich.json,s102
1687800201.530649000,6,rover_s102_3x3_n2_1fps_1sp_aldrich.json,s102
1687800201.531458000,7,rover_s102_3x3_n2_1fps_1sp_aldrich.json,s102
1687800202.554213000,0,rover_s102_3x3_n2_1fps_1sp_aldrich.json,s102
1687800202.554432000,1,rover_s102_3x3_n2_1fps_1sp_aldrich.json,s102
1687800202.554804000,2,rover_s102_3x3_n2_1fps_1sp_aldrich.json,s102
1687800202.554896000,3,rover_s102_3x3_n2_1fps_1sp_aldrich.json,s102
1687800202.554898000,4,rover_s102_3x3_n2_1fps_1sp_aldrich.json,s102
1687800202.555460000,5,rover_s102_3x3_n2_1fps_1sp_aldrich.json,s102
1687800202.555579000,6,rover_s102_3x3_n2_1fps_1sp_aldrich.json,s102
1687800202.556012000,7,rover_s102_3x3_n2_1fps_1sp_aldrich.json,s102
1687800202.556116000,8,rover_s102_3x3_n2_1fps_1sp_aldrich.json,s102
1687800202.557874000,9,rover_s102_3x3_n2_1fps_1sp_aldrich.json,s102
1687800203.578540000,0,rover_s102_3x3_n2_1fps_1sp_aldrich.json,s102
1687800203.578844000,1,rover_s102_3x3_n2_1fps_1sp_aldrich.json,s102
1687800203.580177000,2,rover_s102_3x3_n2_1fps_1sp_aldrich.json,s102
1687800203.580179000,3,rover_s102_3x3_n2_1fps_1sp_aldrich.json,s102
1687800203.580310000,4,rover_s102_3x3_n2_1fps_1sp_aldrich.json,s102
1687800203.580429000,5,rover_s102_3x3_n2_1fps_1sp_aldrich.json,s102
1687800203.580544000,6,rover_s102_3x3_n2_1fps_1sp_aldrich.json,s102
1687800203.580643000,7,rover_s102_3x3_n2_1fps_1sp_aldrich.json,s102
1687800203.581036000,8,rover_s102_3x3_n2_1fps_1sp_aldrich.json,s102
1687800203.581134000,9,rover_s102_3x3_n2_1fps_1sp_aldrich.json,s102
1687800204.600881000,0,rover_s102_3x3_n2_1fps_1sp_aldrich.json,s102
1687800204.601090000,1,rover_s102_3x3_n2_1fps_1sp_aldrich.json,s102
1687800204.601207000,2,rover_s102_3x3_n2_1fps_1sp_aldrich.json,s102
1687800204.601612000,3,rover_s102_3x3_n2_1fps_1sp_aldrich.json,s102
1687800204.601707000,4,rover_s102_3x3_n2_1fps_1sp_aldrich.json,s102
1687800204.601793000,5,rover_s102_3x3_n2_1fps_1sp_aldrich.json,s102
1687800204.602265000,6,rover_s102_3x3_n2_1fps_1sp_aldrich.json,s102
1687800204.602396000,7,rover_s102_3x3_n2_1fps_1sp_aldrich.json,s102
1687800204.603273000,8,rover_s102_3x3_n2_1fps_1sp_aldrich.json,s102
1687800204.603537000,9,rover_s102_3x3_n2_1fps_1sp_aldrich.json,s102
1687800204.603620000,10,rover_s102_3x3_n2_1fps_1sp_aldrich.json,s102
1687800204.604743000,11,rover_s102_3x3_n2_1fps_1sp_aldrich.json,s102
1687800204.604860000,12,rover_s102_3x3_n2_1fps_1sp_aldrich.json,s102
1687800205.624636000,0,rover_s102_3x3_n2_1fps_1sp_aldrich.json,s102
1687800205.624847000,1,rover_s102_3x3_n2_1fps_1sp_aldrich.json,s102
1687800205.624954000,2,rover_s102_3x3_n2_1fps_1sp_aldrich.json,s102
1687800205.625807000,3,rover_s102_3x3_n2_1fps_1sp_aldrich.json,s102
1687800205.625808000,4,rover_s102_3x3_n2_1fps_1sp_aldrich.json,s102
1687800205.625935000,5,rover_s102_3x3_n2_1fps_1sp_aldrich.json,s102
1687800205.626038000,6,rover_s102_3x3_n2_1fps_1sp_aldrich.json,s102
1687800205.626835000,7,rover_s102_3x3_n2_1fps_1sp_aldrich.json,s102
1687800205.626946000,8,rover_s102_3x3_n2_1fps_1sp_aldrich.json,s102
1687800205.627044000,9,rover_s102_3x3_n2_1fps_1sp_aldrich.json,s102
1687800205.627818000,10,rover_s102_3x3_n2_1fps_1sp_aldrich.json,s102
1687800206.651473000,0,rover_s102_3x3_n2_1fps_1sp_aldrich.json,s102
1687800206.651852000,1,rover_s102_3x3_n2_1fps_1sp_aldrich.json,s102
1687800206.653147000,2,rover_s102_3x3_n2_1fps_1sp_aldrich.json,s102
1687800206.653148000,3,rover_s102_3x3_n2_1fps_1sp_aldrich.json,s102
1687800206.653274000,4,rover_s102_3x3_n2_1fps_1sp_aldrich.json,s102
1687800206.653389000,5,rover_s102_3x3_n2_1fps_1sp_aldrich.json,s102
1687800206.653507000,6,rover_s102_3x3_n2_1fps_1sp_aldrich.json,s102
1687800206.653603000,7,rover_s102_3x3_n2_1fps_1sp_aldrich.json,s102
1687800206.653953000,8,rover_s102_3x3_n2_1fps_1sp_aldrich.json,s102
1687800207.678934000,0,rover_s102_3x3_n2_1fps_1sp_aldrich.json,s102
1687800207.679136000,1,rover_s102_3x3_n2_1fps_1sp_aldrich.json,s102
1687800207.679572000,2,rover_s102_3x3_n2_1fps_1sp_aldrich.json,s102
1687800207.679668000,3,rover_s102_3x3_n2_1fps_1sp_aldrich.json,s102
1687800207.680855000,4,rover_s102_3x3_n2_1fps_1sp_aldrich.json,s102
1687800208.711295000,0,rover_s102_3x3_n2_1fps_1sp_aldrich.json,s102
1687800208.711498000,1,rover_s102_3x3_n2_1fps_1sp_aldrich.json,s102
1687800208.711601000,2,rover_s102_3x3_n2_1fps_1sp_aldrich.json,s102
1687800208.711692000,3,rover_s102_3x3_n2_1fps_1sp_aldrich.json,s102
1687800208.711949000,4,rover_s102_3x3_n2_1fps_1sp_aldrich.json,s102
1687800208.712039000,5,rover_s102_3x3_n2_1fps_1sp_aldrich.json,s102
1687800208.712676000,6,rover_s102_3x3_n2_1fps_1sp_aldrich.json,s102
1687800208.712783000,7,rover_s102_3x3_n2_1fps_1sp_aldrich.json,s102
1687800209.743182000,0,rover_s102_3x3_n2_1fps_1sp_aldrich.json,s102
1687800209.743576000,1,rover_s102_3x3_n2_1fps_1sp_aldrich.json,s102
1687800209.746092000,2,rover_s102_3x3_n2_1fps_1sp_aldrich.json,s102
1687800209.746094000,3,rover_s102_3x3_n2_1fps_1sp_aldrich.json,s102
1687800209.746272000,4,rover_s102_3x3_n2_1fps_1sp_aldrich.json,s102
