Timestamp,Packet,Scenario,Type
1687251421.477099000,0,rover_ap_3x3_n1_1fps_1sp_aldrich.json,ap
1687251421.477396000,1,rover_ap_3x3_n1_1fps_1sp_aldrich.json,ap
1687251421.477665000,2,rover_ap_3x3_n1_1fps_1sp_aldrich.json,ap
1687251421.477942000,3,rover_ap_3x3_n1_1fps_1sp_aldrich.json,ap
1687251421.478211000,4,rover_ap_3x3_n1_1fps_1sp_aldrich.json,ap
1687251421.478479000,5,rover_ap_3x3_n1_1fps_1sp_aldrich.json,ap
1687251421.478760000,6,rover_ap_3x3_n1_1fps_1sp_aldrich.json,ap
1687251421.479168000,7,rover_ap_3x3_n1_1fps_1sp_aldrich.json,ap
1687251421.479454000,8,rover_ap_3x3_n1_1fps_1sp_aldrich.json,ap
1687251421.479722000,9,rover_ap_3x3_n1_1fps_1sp_aldrich.json,ap
1687251422.502248000,0,rover_ap_3x3_n1_1fps_1sp_aldrich.json,ap
1687251422.502557000,1,rover_ap_3x3_n1_1fps_1sp_aldrich.json,ap
1687251422.502856000,2,rover_ap_3x3_n1_1fps_1sp_aldrich.json,ap
1687251422.503153000,3,rover_ap_3x3_n1_1fps_1sp_aldrich.json,ap
1687251422.503455000,4,rover_ap_3x3_n1_1fps_1sp_aldrich.json,ap
1687251422.503853000,5,rover_ap_3x3_n1_1fps_1sp_aldrich.json,ap
1687251422.504219000,6,rover_ap_3x3_n1_1fps_1sp_aldrich.json,ap
1687251422.504672000,7,rover_ap_3x3_n1_1fps_1sp_aldrich.json,ap
1687251422.505051000,8,rover_ap_3x3_n1_1fps_1sp_aldrich.json,ap
1687251422.505356000,9,rover_ap_3x3_n1_1fps_1sp_aldrich.json,ap
1687251423.527320000,0,rover_ap_3x3_n1_1fps_1sp_aldrich.json,ap
1687251423.527627000,1,rover_ap_3x3_n1_1fps_1sp_aldrich.json,ap
1687251423.527900000,2,rover_ap_3x3_n1_1fps_1sp_aldrich.json,ap
1687251423.528181000,3,rover_ap_3x3_n1_1fps_1sp_aldrich.json,ap
1687251423.528471000,4,rover_ap_3x3_n1_1fps_1sp_aldrich.json,ap
1687251423.528749000,5,rover_ap_3x3_n1_1fps_1sp_aldrich.json,ap
1687251423.529031000,6,rover_ap_3x3_n1_1fps_1sp_aldrich.json,ap
1687251424.558124000,0,rover_ap_3x3_n1_1fps_1sp_aldrich.json,ap
1687251424.558442000,1,rover_ap_3x3_n1_1fps_1sp_aldrich.json,ap
1687251424.558711000,2,rover_ap_3x3_n1_1fps_1sp_aldrich.json,ap
1687251424.559022000,3,rover_ap_3x3_n1_1fps_1sp_aldrich.json,ap
1687251424.559288000,4,rover_ap_3x3_n1_1fps_1sp_aldrich.json,ap
1687251424.559599000,5,rover_ap_3x3_n1_1fps_1sp_aldrich.json,ap
1687251424.559883000,6,rover_ap_3x3_n1_1fps_1sp_aldrich.json,ap
1687251424.560382000,7,rover_ap_3x3_n1_1fps_1sp_aldrich.json,ap
1687251424.560832000,8,rover_ap_3x3_n1_1fps_1sp_aldrich.json,ap
1687251425.585059000,0,rover_ap_3x3_n1_1fps_1sp_aldrich.json,ap
1687251425.585353000,1,rover_ap_3x3_n1_1fps_1sp_aldrich.json,ap
1687251425.585629000,2,rover_ap_3x3_n1_1fps_1sp_aldrich.json,ap
1687251425.585920000,3,rover_ap_3x3_n1_1fps_1sp_aldrich.json,ap
1687251425.586188000,4,rover_ap_3x3_n1_1fps_1sp_aldrich.json,ap
1687251425.586453000,5,rover_ap_3x3_n1_1fps_1sp_aldrich.json,ap
1687251425.586730000,6,rover_ap_3x3_n1_1fps_1sp_aldrich.json,ap
1687251425.587003000,7,rover_ap_3x3_n1_1fps_1sp_aldrich.json,ap
1687251425.587304000,8,rover_ap_3x3_n1_1fps_1sp_aldrich.json,ap
1687251425.587759000,9,rover_ap_3x3_n1_1fps_1sp_aldrich.json,ap
1687251426.609644000,0,rover_ap_3x3_n1_1fps_1sp_aldrich.json,ap
1687251426.609918000,1,rover_ap_3x3_n1_1fps_1sp_aldrich.json,ap
1687251426.610187000,2,rover_ap_3x3_n1_1fps_1sp_aldrich.json,ap
1687251426.610446000,3,rover_ap_3x3_n1_1fps_1sp_aldrich.json,ap
1687251426.610712000,4,rover_ap_3x3_n1_1fps_1sp_aldrich.json,ap
1687251426.610979000,5,rover_ap_3x3_n1_1fps_1sp_aldrich.json,ap
1687251426.611244000,6,rover_ap_3x3_n1_1fps_1sp_aldrich.json,ap
1687251426.611954000,7,rover_ap_3x3_n1_1fps_1sp_aldrich.json,ap
1687251426.612258000,8,rover_ap_3x3_n1_1fps_1sp_aldrich.json,ap
1687251426.612534000,9,rover_ap_3x3_n1_1fps_1sp_aldrich.json,ap
1687251426.612815000,10,rover_ap_3x3_n1_1fps_1sp_aldrich.json,ap
1687251427.633569000,0,rover_ap_3x3_n1_1fps_1sp_aldrich.json,ap
1687251427.633829000,1,rover_ap_3x3_n1_1fps_1sp_aldrich.json,ap
1687251427.634106000,2,rover_ap_3x3_n1_1fps_1sp_aldrich.json,ap
1687251427.634374000,3,rover_ap_3x3_n1_1fps_1sp_aldrich.json,ap
1687251427.634640000,4,rover_ap_3x3_n1_1fps_1sp_aldrich.json,ap
1687251427.634908000,5,rover_ap_3x3_n1_1fps_1sp_aldrich.json,ap
1687251427.635174000,6,rover_ap_3x3_n1_1fps_1sp_aldrich.json,ap
1687251427.635434000,7,rover_ap_3x3_n1_1fps_1sp_aldrich.json,ap
1687251427.635856000,8,rover_ap_3x3_n1_1fps_1sp_aldrich.json,ap
1687251427.636130000,9,rover_ap_3x3_n1_1fps_1sp_aldrich.json,ap
1687251427.636408000,10,rover_ap_3x3_n1_1fps_1sp_aldrich.json,ap
1687251427.636701000,11,rover_ap_3x3_n1_1fps_1sp_aldrich.json,ap
1687251427.636976000,12,rover_ap_3x3_n1_1fps_1sp_aldrich.json,ap
1687251428.656610000,0,rover_ap_3x3_n1_1fps_1sp_aldrich.json,ap
1687251428.657416000,1,rover_ap_3x3_n1_1fps_1sp_aldrich.json,ap
1687251428.657698000,2,rover_ap_3x3_n1_1fps_1sp_aldrich.json,ap
1687251428.657985000,3,rover_ap_3x3_n1_1fps_1sp_aldrich.json,ap
1687251428.658269000,4,rover_ap_3x3_n1_1fps_1sp_aldrich.json,ap
1687251428.658543000,5,rover_ap_3x3_n1_1fps_1sp_aldrich.json,ap
1687251428.658828000,6,rover_ap_3x3_n1_1fps_1sp_aldrich.json,ap
1687251428.659107000,7,rover_ap_3x3_n1_1fps_1sp_aldrich.json,ap
1687251429.678921000,0,rover_ap_3x3_n1_1fps_1sp_aldrich.json,ap
1687251429.679199000,1,rover_ap_3x3_n1_1fps_1sp_aldrich.json,ap
1687251429.679467000,2,rover_ap_3x3_n1_1fps_1sp_aldrich.json,ap
1687251429.679738000,3,rover_ap_3x3_n1_1fps_1sp_aldrich.json,ap
1687251429.680005000,4,rover_ap_3x3_n1_1fps_1sp_aldrich.json,ap
1687251429.680279000,5,rover_ap_3x3_n1_1fps_1sp_aldrich.json,ap
1687251429.680559000,6,rover_ap_3x3_n1_1fps_1sp_aldrich.json,ap
1687251429.684694000,7,rover_ap_3x3_n1_1fps_1sp_aldrich.json,ap
1687251430.704678000,0,rover_ap_3x3_n1_1fps_1sp_aldrich.json,ap
1687251430.704969000,1,rover_ap_3x3_n1_1fps_1sp_aldrich.json,ap
1687251430.705248000,2,rover_ap_3x3_n1_1fps_1sp_aldrich.json,ap
1687251430.705511000,3,rover_ap_3x3_n1_1fps_1sp_aldrich.json,ap
1687251430.705778000,4,rover_ap_3x3_n1_1fps_1sp_aldrich.json,ap
1687251430.706042000,5,rover_ap_3x3_n1_1fps_1sp_aldrich.json,ap
1687251430.706310000,6,rover_ap_3x3_n1_1fps_1sp_aldrich.json,ap
1687251430.706969000,7,rover_ap_3x3_n1_1fps_1sp_aldrich.json,ap
1687251430.707275000,8,rover_ap_3x3_n1_1fps_1sp_aldrich.json,ap
1687251430.707566000,9,rover_ap_3x3_n1_1fps_1sp_aldrich.json,ap
1687251430.707846000,10,rover_ap_3x3_n1_1fps_1sp_aldrich.json,ap
1687251430.708116000,11,rover_ap_3x3_n1_1fps_1sp_aldrich.json,ap
1687251430.708389000,12,rover_ap_3x3_n1_1fps_1sp_aldrich.json,ap
1687251430.708669000,13,rover_ap_3x3_n1_1fps_1sp_aldrich.json,ap
1687251430.708948000,14,rover_ap_3x3_n1_1fps_1sp_aldrich.json,ap
1687251431.728179000,0,rover_ap_3x3_n1_1fps_1sp_aldrich.json,ap
1687251431.728451000,1,rover_ap_3x3_n1_1fps_1sp_aldrich.json,ap
1687251431.729060000,2,rover_ap_3x3_n1_1fps_1sp_aldrich.json,ap
1687251431.729363000,3,rover_ap_3x3_n1_1fps_1sp_aldrich.json,ap
1687251431.729648000,4,rover_ap_3x3_n1_1fps_1sp_aldrich.json,ap
1687251431.729924000,5,rover_ap_3x3_n1_1fps_1sp_aldrich.json,ap
1687251431.730211000,6,rover_ap_3x3_n1_1fps_1sp_aldrich.json,ap
1687251431.730478000,7,rover_ap_3x3_n1_1fps_1sp_aldrich.json,ap
1687251431.730760000,8,rover_ap_3x3_n1_1fps_1sp_aldrich.json,ap
1687251431.731386000,9,rover_ap_3x3_n1_1fps_1sp_aldrich.json,ap
1687251432.751881000,0,rover_ap_3x3_n1_1fps_1sp_aldrich.json,ap
1687251432.752164000,1,rover_ap_3x3_n1_1fps_1sp_aldrich.json,ap
1687251432.752438000,2,rover_ap_3x3_n1_1fps_1sp_aldrich.json,ap
1687251432.752706000,3,rover_ap_3x3_n1_1fps_1sp_aldrich.json,ap
1687251432.752969000,4,rover_ap_3x3_n1_1fps_1sp_aldrich.json,ap
1687251432.753308000,5,rover_ap_3x3_n1_1fps_1sp_aldrich.json,ap
1687251432.753578000,6,rover_ap_3x3_n1_1fps_1sp_aldrich.json,ap
1687251432.754224000,7,rover_ap_3x3_n1_1fps_1sp_aldrich.json,ap
1687251432.754528000,8,rover_ap_3x3_n1_1fps_1sp_aldrich.json,ap
1687251432.754933000,9,rover_ap_3x3_n1_1fps_1sp_aldrich.json,ap
1687251432.755222000,10,rover_ap_3x3_n1_1fps_1sp_aldrich.json,ap
1687251433.780624000,0,rover_ap_3x3_n1_1fps_1sp_aldrich.json,ap
1687251433.780906000,1,rover_ap_3x3_n1_1fps_1sp_aldrich.json,ap
1687251433.781202000,2,rover_ap_3x3_n1_1fps_1sp_aldrich.json,ap
1687251433.781588000,3,rover_ap_3x3_n1_1fps_1sp_aldrich.json,ap
1687251433.782134000,4,rover_ap_3x3_n1_1fps_1sp_aldrich.json,ap
1687251433.782414000,5,rover_ap_3x3_n1_1fps_1sp_aldrich.json,ap
1687251433.782694000,6,rover_ap_3x3_n1_1fps_1sp_aldrich.json,ap
1687251433.782972000,7,rover_ap_3x3_n1_1fps_1sp_aldrich.json,ap
1687251433.783236000,8,rover_ap_3x3_n1_1fps_1sp_aldrich.json,ap
1687251433.783519000,9,rover_ap_3x3_n1_1fps_1sp_aldrich.json,ap
1687251433.783790000,10,rover_ap_3x3_n1_1fps_1sp_aldrich.json,ap
1687251434.802567000,0,rover_ap_3x3_n1_1fps_1sp_aldrich.json,ap
1687251434.802863000,1,rover_ap_3x3_n1_1fps_1sp_aldrich.json,ap
1687251434.803150000,2,rover_ap_3x3_n1_1fps_1sp_aldrich.json,ap
1687251434.803426000,3,rover_ap_3x3_n1_1fps_1sp_aldrich.json,ap
1687251434.803705000,4,rover_ap_3x3_n1_1fps_1sp_aldrich.json,ap
1687251434.803994000,5,rover_ap_3x3_n1_1fps_1sp_aldrich.json,ap
1687251434.804266000,6,rover_ap_3x3_n1_1fps_1sp_aldrich.json,ap
1687251434.804540000,7,rover_ap_3x3_n1_1fps_1sp_aldrich.json,ap
1687251434.804967000,8,rover_ap_3x3_n1_1fps_1sp_aldrich.json,ap
1687251434.806624000,9,rover_ap_3x3_n1_1fps_1sp_aldrich.json,ap
1687251434.807076000,10,rover_ap_3x3_n1_1fps_1sp_aldrich.json,ap
1687251434.807373000,11,rover_ap_3x3_n1_1fps_1sp_aldrich.json,ap
1687251434.807668000,12,rover_ap_3x3_n1_1fps_1sp_aldrich.json,ap
1687251434.807960000,13,rover_ap_3x3_n1_1fps_1sp_aldrich.json,ap
1687251434.808253000,14,rover_ap_3x3_n1_1fps_1sp_aldrich.json,ap
1687251434.808579000,15,rover_ap_3x3_n1_1fps_1sp_aldrich.json,ap
1687251434.808876000,16,rover_ap_3x3_n1_1fps_1sp_aldrich.json,ap
1687251435.829496000,0,rover_ap_3x3_n1_1fps_1sp_aldrich.json,ap
1687251435.829778000,1,rover_ap_3x3_n1_1fps_1sp_aldrich.json,ap
1687251435.830049000,2,rover_ap_3x3_n1_1fps_1sp_aldrich.json,ap
1687251435.830333000,3,rover_ap_3x3_n1_1fps_1sp_aldrich.json,ap
1687251435.830615000,4,rover_ap_3x3_n1_1fps_1sp_aldrich.json,ap
1687251435.830889000,5,rover_ap_3x3_n1_1fps_1sp_aldrich.json,ap
1687251435.831173000,6,rover_ap_3x3_n1_1fps_1sp_aldrich.json,ap
1687251435.833064000,7,rover_ap_3x3_n1_1fps_1sp_aldrich.json,ap
1687251435.833362000,8,rover_ap_3x3_n1_1fps_1sp_aldrich.json,ap
1687251435.833692000,9,rover_ap_3x3_n1_1fps_1sp_aldrich.json,ap
1687251435.833972000,10,rover_ap_3x3_n1_1fps_1sp_aldrich.json,ap
1687251435.834301000,11,rover_ap_3x3_n1_1fps_1sp_aldrich.json,ap
1687251435.834655000,12,rover_ap_3x3_n1_1fps_1sp_aldrich.json,ap
1687251435.835036000,13,rover_ap_3x3_n1_1fps_1sp_aldrich.json,ap
1687251435.835421000,14,rover_ap_3x3_n1_1fps_1sp_aldrich.json,ap
1687251435.835693000,15,rover_ap_3x3_n1_1fps_1sp_aldrich.json,ap
1687251435.835973000,16,rover_ap_3x3_n1_1fps_1sp_aldrich.json,ap
1687251435.836249000,17,rover_ap_3x3_n1_1fps_1sp_aldrich.json,ap
1687251435.836629000,18,rover_ap_3x3_n1_1fps_1sp_aldrich.json,ap
1687251435.836902000,19,rover_ap_3x3_n1_1fps_1sp_aldrich.json,ap
1687251435.837591000,20,rover_ap_3x3_n1_1fps_1sp_aldrich.json,ap
1687251435.837880000,21,rover_ap_3x3_n1_1fps_1sp_aldrich.json,ap
1687251435.838168000,22,rover_ap_3x3_n1_1fps_1sp_aldrich.json,ap
1687251435.838661000,23,rover_ap_3x3_n1_1fps_1sp_aldrich.json,ap
1687251435.838971000,24,rover_ap_3x3_n1_1fps_1sp_aldrich.json,ap
1687251436.859815000,0,rover_ap_3x3_n1_1fps_1sp_aldrich.json,ap
1687251436.860096000,1,rover_ap_3x3_n1_1fps_1sp_aldrich.json,ap
1687251436.860380000,2,rover_ap_3x3_n1_1fps_1sp_aldrich.json,ap
1687251436.860643000,3,rover_ap_3x3_n1_1fps_1sp_aldrich.json,ap
1687251436.860916000,4,rover_ap_3x3_n1_1fps_1sp_aldrich.json,ap
1687251436.861182000,5,rover_ap_3x3_n1_1fps_1sp_aldrich.json,ap
1687251436.861590000,6,rover_ap_3x3_n1_1fps_1sp_aldrich.json,ap
1687251436.862211000,7,rover_ap_3x3_n1_1fps_1sp_aldrich.json,ap
1687251436.862511000,8,rover_ap_3x3_n1_1fps_1sp_aldrich.json,ap
1687251436.862786000,9,rover_ap_3x3_n1_1fps_1sp_aldrich.json,ap
1687251437.883502000,0,rover_ap_3x3_n1_1fps_1sp_aldrich.json,ap
1687251437.883777000,1,rover_ap_3x3_n1_1fps_1sp_aldrich.json,ap
1687251437.884041000,2,rover_ap_3x3_n1_1fps_1sp_aldrich.json,ap
1687251437.884317000,3,rover_ap_3x3_n1_1fps_1sp_aldrich.json,ap
1687251437.884593000,4,rover_ap_3x3_n1_1fps_1sp_aldrich.json,ap
1687251437.884871000,5,rover_ap_3x3_n1_1fps_1sp_aldrich.json,ap
1687251437.885148000,6,rover_ap_3x3_n1_1fps_1sp_aldrich.json,ap
1687251437.885424000,7,rover_ap_3x3_n1_1fps_1sp_aldrich.json,ap
1687251437.885840000,8,rover_ap_3x3_n1_1fps_1sp_aldrich.json,ap
1687251437.886120000,9,rover_ap_3x3_n1_1fps_1sp_aldrich.json,ap
1687251437.887070000,10,rover_ap_3x3_n1_1fps_1sp_aldrich.json,ap
1687251438.906703000,0,rover_ap_3x3_n1_1fps_1sp_aldrich.json,ap
1687251438.906979000,1,rover_ap_3x3_n1_1fps_1sp_aldrich.json,ap
1687251438.907267000,2,rover_ap_3x3_n1_1fps_1sp_aldrich.json,ap
1687251438.907537000,3,rover_ap_3x3_n1_1fps_1sp_aldrich.json,ap
1687251438.907793000,4,rover_ap_3x3_n1_1fps_1sp_aldrich.json,ap
1687251438.908071000,5,rover_ap_3x3_n1_1fps_1sp_aldrich.json,ap
1687251438.908343000,6,rover_ap_3x3_n1_1fps_1sp_aldrich.json,ap
1687251438.908802000,7,rover_ap_3x3_n1_1fps_1sp_aldrich.json,ap
1687251438.909080000,8,rover_ap_3x3_n1_1fps_1sp_aldrich.json,ap
1687251438.909341000,9,rover_ap_3x3_n1_1fps_1sp_aldrich.json,ap
1687251438.909883000,10,rover_ap_3x3_n1_1fps_1sp_aldrich.json,ap
1687251439.934558000,0,rover_ap_3x3_n1_1fps_1sp_aldrich.json,ap
1687251439.934832000,1,rover_ap_3x3_n1_1fps_1sp_aldrich.json,ap
1687251439.935106000,2,rover_ap_3x3_n1_1fps_1sp_aldrich.json,ap
1687251439.935469000,3,rover_ap_3x3_n1_1fps_1sp_aldrich.json,ap
1687251439.935814000,4,rover_ap_3x3_n1_1fps_1sp_aldrich.json,ap
1687251439.936162000,5,rover_ap_3x3_n1_1fps_1sp_aldrich.json,ap
1687251439.936453000,6,rover_ap_3x3_n1_1fps_1sp_aldrich.json,ap
1687251439.936813000,7,rover_ap_3x3_n1_1fps_1sp_aldrich.json,ap
1687251439.937355000,8,rover_ap_3x3_n1_1fps_1sp_aldrich.json,ap
1687251439.937655000,9,rover_ap_3x3_n1_1fps_1sp_aldrich.json,ap
1687251439.938016000,10,rover_ap_3x3_n1_1fps_1sp_aldrich.json,ap
1687251439.938313000,11,rover_ap_3x3_n1_1fps_1sp_aldrich.json,ap
1687251439.938671000,12,rover_ap_3x3_n1_1fps_1sp_aldrich.json,ap
1687251439.939068000,13,rover_ap_3x3_n1_1fps_1sp_aldrich.json,ap
1687251439.939376000,14,rover_ap_3x3_n1_1fps_1sp_aldrich.json,ap
1687251440.959212000,0,rover_ap_3x3_n1_1fps_1sp_aldrich.json,ap
1687251440.959520000,1,rover_ap_3x3_n1_1fps_1sp_aldrich.json,ap
1687251440.959789000,2,rover_ap_3x3_n1_1fps_1sp_aldrich.json,ap
1687251440.960069000,3,rover_ap_3x3_n1_1fps_1sp_aldrich.json,ap
1687251440.960416000,4,rover_ap_3x3_n1_1fps_1sp_aldrich.json,ap
1687251440.960787000,5,rover_ap_3x3_n1_1fps_1sp_aldrich.json,ap
1687251440.961124000,6,rover_ap_3x3_n1_1fps_1sp_aldrich.json,ap
1687251440.961577000,7,rover_ap_3x3_n1_1fps_1sp_aldrich.json,ap
1687251441.981882000,0,rover_ap_3x3_n1_1fps_1sp_aldrich.json,ap
1687251441.982189000,1,rover_ap_3x3_n1_1fps_1sp_aldrich.json,ap
1687251441.982491000,2,rover_ap_3x3_n1_1fps_1sp_aldrich.json,ap
1687251441.982789000,3,rover_ap_3x3_n1_1fps_1sp_aldrich.json,ap
1687251441.983089000,4,rover_ap_3x3_n1_1fps_1sp_aldrich.json,ap
1687251441.983388000,5,rover_ap_3x3_n1_1fps_1sp_aldrich.json,ap
1687251441.983688000,6,rover_ap_3x3_n1_1fps_1sp_aldrich.json,ap
1687251443.004055000,0,rover_ap_3x3_n1_1fps_1sp_aldrich.json,ap
1687251443.004322000,1,rover_ap_3x3_n1_1fps_1sp_aldrich.json,ap
1687251443.004586000,2,rover_ap_3x3_n1_1fps_1sp_aldrich.json,ap
1687251443.004847000,3,rover_ap_3x3_n1_1fps_1sp_aldrich.json,ap
1687251443.005112000,4,rover_ap_3x3_n1_1fps_1sp_aldrich.json,ap
1687251443.005387000,5,rover_ap_3x3_n1_1fps_1sp_aldrich.json,ap
1687251443.005861000,6,rover_ap_3x3_n1_1fps_1sp_aldrich.json,ap
1687251443.006138000,7,rover_ap_3x3_n1_1fps_1sp_aldrich.json,ap
1687251443.006591000,8,rover_ap_3x3_n1_1fps_1sp_aldrich.json,ap
1687251443.006868000,9,rover_ap_3x3_n1_1fps_1sp_aldrich.json,ap
1687251444.027481000,0,rover_ap_3x3_n1_1fps_1sp_aldrich.json,ap
1687251444.027880000,1,rover_ap_3x3_n1_1fps_1sp_aldrich.json,ap
1687251444.028215000,2,rover_ap_3x3_n1_1fps_1sp_aldrich.json,ap
1687251444.028489000,3,rover_ap_3x3_n1_1fps_1sp_aldrich.json,ap
1687251444.028859000,4,rover_ap_3x3_n1_1fps_1sp_aldrich.json,ap
1687251444.029195000,5,rover_ap_3x3_n1_1fps_1sp_aldrich.json,ap
1687251444.029457000,6,rover_ap_3x3_n1_1fps_1sp_aldrich.json,ap
1687251444.029778000,7,rover_ap_3x3_n1_1fps_1sp_aldrich.json,ap
1687251444.030339000,8,rover_ap_3x3_n1_1fps_1sp_aldrich.json,ap
1687251445.054440000,0,rover_ap_3x3_n1_1fps_1sp_aldrich.json,ap
1687251445.054718000,1,rover_ap_3x3_n1_1fps_1sp_aldrich.json,ap
1687251445.054981000,2,rover_ap_3x3_n1_1fps_1sp_aldrich.json,ap
1687251445.055252000,3,rover_ap_3x3_n1_1fps_1sp_aldrich.json,ap
1687251445.055512000,4,rover_ap_3x3_n1_1fps_1sp_aldrich.json,ap
1687251445.055774000,5,rover_ap_3x3_n1_1fps_1sp_aldrich.json,ap
1687251445.056033000,6,rover_ap_3x3_n1_1fps_1sp_aldrich.json,ap
1687251445.056309000,7,rover_ap_3x3_n1_1fps_1sp_aldrich.json,ap
1687251445.056771000,8,rover_ap_3x3_n1_1fps_1sp_aldrich.json,ap
1687251445.057043000,9,rover_ap_3x3_n1_1fps_1sp_aldrich.json,ap
1687251445.057319000,10,rover_ap_3x3_n1_1fps_1sp_aldrich.json,ap
1687251445.057599000,11,rover_ap_3x3_n1_1fps_1sp_aldrich.json,ap
1687251445.057875000,12,rover_ap_3x3_n1_1fps_1sp_aldrich.json,ap
1687251445.058153000,13,rover_ap_3x3_n1_1fps_1sp_aldrich.json,ap
1687251445.058421000,14,rover_ap_3x3_n1_1fps_1sp_aldrich.json,ap
1687251445.058710000,15,rover_ap_3x3_n1_1fps_1sp_aldrich.json,ap
1687251446.080880000,0,rover_ap_3x3_n1_1fps_1sp_aldrich.json,ap
1687251446.081163000,1,rover_ap_3x3_n1_1fps_1sp_aldrich.json,ap
1687251446.081447000,2,rover_ap_3x3_n1_1fps_1sp_aldrich.json,ap
1687251446.081896000,3,rover_ap_3x3_n1_1fps_1sp_aldrich.json,ap
1687251446.082174000,4,rover_ap_3x3_n1_1fps_1sp_aldrich.json,ap
1687251446.082464000,5,rover_ap_3x3_n1_1fps_1sp_aldrich.json,ap
1687251447.105179000,0,rover_ap_3x3_n1_1fps_1sp_aldrich.json,ap
1687251447.105452000,1,rover_ap_3x3_n1_1fps_1sp_aldrich.json,ap
1687251447.105722000,2,rover_ap_3x3_n1_1fps_1sp_aldrich.json,ap
1687251447.105982000,3,rover_ap_3x3_n1_1fps_1sp_aldrich.json,ap
1687251447.106265000,4,rover_ap_3x3_n1_1fps_1sp_aldrich.json,ap
1687251447.106538000,5,rover_ap_3x3_n1_1fps_1sp_aldrich.json,ap
1687251447.106811000,6,rover_ap_3x3_n1_1fps_1sp_aldrich.json,ap
1687251447.107079000,7,rover_ap_3x3_n1_1fps_1sp_aldrich.json,ap
1687251447.107490000,8,rover_ap_3x3_n1_1fps_1sp_aldrich.json,ap
1687251447.107840000,9,rover_ap_3x3_n1_1fps_1sp_aldrich.json,ap
1687251447.109180000,10,rover_ap_3x3_n1_1fps_1sp_aldrich.json,ap
1687251447.109452000,11,rover_ap_3x3_n1_1fps_1sp_aldrich.json,ap
1687251447.109721000,12,rover_ap_3x3_n1_1fps_1sp_aldrich.json,ap
1687251447.109989000,13,rover_ap_3x3_n1_1fps_1sp_aldrich.json,ap
1687251447.110252000,14,rover_ap_3x3_n1_1fps_1sp_aldrich.json,ap
1687251447.110520000,15,rover_ap_3x3_n1_1fps_1sp_aldrich.json,ap
1687251447.110816000,16,rover_ap_3x3_n1_1fps_1sp_aldrich.json,ap
1687251447.111112000,17,rover_ap_3x3_n1_1fps_1sp_aldrich.json,ap
1687251447.111403000,18,rover_ap_3x3_n1_1fps_1sp_aldrich.json,ap
1687251447.111967000,19,rover_ap_3x3_n1_1fps_1sp_aldrich.json,ap
1687251447.112283000,20,rover_ap_3x3_n1_1fps_1sp_aldrich.json,ap
1687251447.112598000,21,rover_ap_3x3_n1_1fps_1sp_aldrich.json,ap
1687251447.112898000,22,rover_ap_3x3_n1_1fps_1sp_aldrich.json,ap
1687251447.113234000,23,rover_ap_3x3_n1_1fps_1sp_aldrich.json,ap
1687251447.113565000,24,rover_ap_3x3_n1_1fps_1sp_aldrich.json,ap
1687251447.113896000,25,rover_ap_3x3_n1_1fps_1sp_aldrich.json,ap
1687251447.114213000,26,rover_ap_3x3_n1_1fps_1sp_aldrich.json,ap
1687251447.114523000,27,rover_ap_3x3_n1_1fps_1sp_aldrich.json,ap
1687251447.114839000,28,rover_ap_3x3_n1_1fps_1sp_aldrich.json,ap
1687251447.115173000,29,rover_ap_3x3_n1_1fps_1sp_aldrich.json,ap
1687251447.119477000,30,rover_ap_3x3_n1_1fps_1sp_aldrich.json,ap
1687251447.119904000,31,rover_ap_3x3_n1_1fps_1sp_aldrich.json,ap
1687251447.120482000,32,rover_ap_3x3_n1_1fps_1sp_aldrich.json,ap
1687251447.120762000,33,rover_ap_3x3_n1_1fps_1sp_aldrich.json,ap
1687251447.121042000,34,rover_ap_3x3_n1_1fps_1sp_aldrich.json,ap
1687251447.121320000,35,rover_ap_3x3_n1_1fps_1sp_aldrich.json,ap
1687251447.121671000,36,rover_ap_3x3_n1_1fps_1sp_aldrich.json,ap
1687251447.121987000,37,rover_ap_3x3_n1_1fps_1sp_aldrich.json,ap
1687251447.122264000,38,rover_ap_3x3_n1_1fps_1sp_aldrich.json,ap
1687251447.122552000,39,rover_ap_3x3_n1_1fps_1sp_aldrich.json,ap
1687251447.122852000,40,rover_ap_3x3_n1_1fps_1sp_aldrich.json,ap
1687251448.140613000,0,rover_ap_3x3_n1_1fps_1sp_aldrich.json,ap
1687251448.141047000,1,rover_ap_3x3_n1_1fps_1sp_aldrich.json,ap
1687251448.141321000,2,rover_ap_3x3_n1_1fps_1sp_aldrich.json,ap
1687251448.141683000,3,rover_ap_3x3_n1_1fps_1sp_aldrich.json,ap
1687251448.141982000,4,rover_ap_3x3_n1_1fps_1sp_aldrich.json,ap
1687251448.142252000,5,rover_ap_3x3_n1_1fps_1sp_aldrich.json,ap
1687251448.142543000,6,rover_ap_3x3_n1_1fps_1sp_aldrich.json,ap
1687251448.143015000,7,rover_ap_3x3_n1_1fps_1sp_aldrich.json,ap
1687251448.143307000,8,rover_ap_3x3_n1_1fps_1sp_aldrich.json,ap
1687251448.143582000,9,rover_ap_3x3_n1_1fps_1sp_aldrich.json,ap
1687251448.144213000,10,rover_ap_3x3_n1_1fps_1sp_aldrich.json,ap
1687251448.144527000,11,rover_ap_3x3_n1_1fps_1sp_aldrich.json,ap
1687251448.144799000,12,rover_ap_3x3_n1_1fps_1sp_aldrich.json,ap
1687251448.145080000,13,rover_ap_3x3_n1_1fps_1sp_aldrich.json,ap
1687251448.145360000,14,rover_ap_3x3_n1_1fps_1sp_aldrich.json,ap
1687251448.146740000,15,rover_ap_3x3_n1_1fps_1sp_aldrich.json,ap
1687251448.147035000,16,rover_ap_3x3_n1_1fps_1sp_aldrich.json,ap
1687251448.147304000,17,rover_ap_3x3_n1_1fps_1sp_aldrich.json,ap
1687251448.147570000,18,rover_ap_3x3_n1_1fps_1sp_aldrich.json,ap
1687251448.147839000,19,rover_ap_3x3_n1_1fps_1sp_aldrich.json,ap
1687251448.148108000,20,rover_ap_3x3_n1_1fps_1sp_aldrich.json,ap
1687251448.148367000,21,rover_ap_3x3_n1_1fps_1sp_aldrich.json,ap
1687251448.148636000,22,rover_ap_3x3_n1_1fps_1sp_aldrich.json,ap
1687251448.148900000,23,rover_ap_3x3_n1_1fps_1sp_aldrich.json,ap
1687251448.149355000,24,rover_ap_3x3_n1_1fps_1sp_aldrich.json,ap
1687251448.149653000,25,rover_ap_3x3_n1_1fps_1sp_aldrich.json,ap
1687251448.149949000,26,rover_ap_3x3_n1_1fps_1sp_aldrich.json,ap
1687251448.150246000,27,rover_ap_3x3_n1_1fps_1sp_aldrich.json,ap
1687251448.150539000,28,rover_ap_3x3_n1_1fps_1sp_aldrich.json,ap
1687251448.150852000,29,rover_ap_3x3_n1_1fps_1sp_aldrich.json,ap
1687251449.177648000,0,rover_ap_3x3_n1_1fps_1sp_aldrich.json,ap
1687251449.177967000,1,rover_ap_3x3_n1_1fps_1sp_aldrich.json,ap
1687251449.178280000,2,rover_ap_3x3_n1_1fps_1sp_aldrich.json,ap
1687251449.178582000,3,rover_ap_3x3_n1_1fps_1sp_aldrich.json,ap
1687251449.178951000,4,rover_ap_3x3_n1_1fps_1sp_aldrich.json,ap
1687251449.179252000,5,rover_ap_3x3_n1_1fps_1sp_aldrich.json,ap
1687251449.179605000,6,rover_ap_3x3_n1_1fps_1sp_aldrich.json,ap
1687251449.181757000,7,rover_ap_3x3_n1_1fps_1sp_aldrich.json,ap
1687251449.182062000,8,rover_ap_3x3_n1_1fps_1sp_aldrich.json,ap
1687251449.182333000,9,rover_ap_3x3_n1_1fps_1sp_aldrich.json,ap
1687251449.182617000,10,rover_ap_3x3_n1_1fps_1sp_aldrich.json,ap
1687251449.183147000,11,rover_ap_3x3_n1_1fps_1sp_aldrich.json,ap
1687251449.183715000,12,rover_ap_3x3_n1_1fps_1sp_aldrich.json,ap
1687251449.184000000,13,rover_ap_3x3_n1_1fps_1sp_aldrich.json,ap
1687251449.184284000,14,rover_ap_3x3_n1_1fps_1sp_aldrich.json,ap
1687251449.184568000,15,rover_ap_3x3_n1_1fps_1sp_aldrich.json,ap
1687251449.184854000,16,rover_ap_3x3_n1_1fps_1sp_aldrich.json,ap
1687251449.185132000,17,rover_ap_3x3_n1_1fps_1sp_aldrich.json,ap
1687251449.186592000,18,rover_ap_3x3_n1_1fps_1sp_aldrich.json,ap
1687251450.207631000,0,rover_ap_3x3_n1_1fps_1sp_aldrich.json,ap
1687251450.207981000,1,rover_ap_3x3_n1_1fps_1sp_aldrich.json,ap
1687251450.208288000,2,rover_ap_3x3_n1_1fps_1sp_aldrich.json,ap
1687251450.208592000,3,rover_ap_3x3_n1_1fps_1sp_aldrich.json,ap
1687251450.208909000,4,rover_ap_3x3_n1_1fps_1sp_aldrich.json,ap
1687251450.209337000,5,rover_ap_3x3_n1_1fps_1sp_aldrich.json,ap
1687251450.209704000,6,rover_ap_3x3_n1_1fps_1sp_aldrich.json,ap
1687251450.210084000,7,rover_ap_3x3_n1_1fps_1sp_aldrich.json,ap
1687251451.237516000,0,rover_ap_3x3_n1_1fps_1sp_aldrich.json,ap
1687251451.237793000,1,rover_ap_3x3_n1_1fps_1sp_aldrich.json,ap
1687251451.238060000,2,rover_ap_3x3_n1_1fps_1sp_aldrich.json,ap
1687251451.238332000,3,rover_ap_3x3_n1_1fps_1sp_aldrich.json,ap
1687251451.238605000,4,rover_ap_3x3_n1_1fps_1sp_aldrich.json,ap
1687251451.238885000,5,rover_ap_3x3_n1_1fps_1sp_aldrich.json,ap
1687251451.239213000,6,rover_ap_3x3_n1_1fps_1sp_aldrich.json,ap
1687251452.261380000,0,rover_ap_3x3_n1_1fps_1sp_aldrich.json,ap
1687251452.261824000,1,rover_ap_3x3_n1_1fps_1sp_aldrich.json,ap
1687251452.262130000,2,rover_ap_3x3_n1_1fps_1sp_aldrich.json,ap
1687251452.262389000,3,rover_ap_3x3_n1_1fps_1sp_aldrich.json,ap
1687251452.262729000,4,rover_ap_3x3_n1_1fps_1sp_aldrich.json,ap
1687251452.263028000,5,rover_ap_3x3_n1_1fps_1sp_aldrich.json,ap
1687251452.263394000,6,rover_ap_3x3_n1_1fps_1sp_aldrich.json,ap
1687251452.263740000,7,rover_ap_3x3_n1_1fps_1sp_aldrich.json,ap
1687251452.264172000,8,rover_ap_3x3_n1_1fps_1sp_aldrich.json,ap
1687251452.264691000,9,rover_ap_3x3_n1_1fps_1sp_aldrich.json,ap
1687251453.296739000,0,rover_ap_3x3_n1_1fps_1sp_aldrich.json,ap
1687251453.297053000,1,rover_ap_3x3_n1_1fps_1sp_aldrich.json,ap
1687251453.297329000,2,rover_ap_3x3_n1_1fps_1sp_aldrich.json,ap
1687251453.297607000,3,rover_ap_3x3_n1_1fps_1sp_aldrich.json,ap
1687251453.297992000,4,rover_ap_3x3_n1_1fps_1sp_aldrich.json,ap
1687251453.298430000,5,rover_ap_3x3_n1_1fps_1sp_aldrich.json,ap
1687251453.298958000,6,rover_ap_3x3_n1_1fps_1sp_aldrich.json,ap
1687251453.299272000,7,rover_ap_3x3_n1_1fps_1sp_aldrich.json,ap
1687251453.299533000,8,rover_ap_3x3_n1_1fps_1sp_aldrich.json,ap
1687251453.300003000,9,rover_ap_3x3_n1_1fps_1sp_aldrich.json,ap
1687251454.323834000,0,rover_ap_3x3_n1_1fps_1sp_aldrich.json,ap
1687251454.324189000,1,rover_ap_3x3_n1_1fps_1sp_aldrich.json,ap
1687251454.324493000,2,rover_ap_3x3_n1_1fps_1sp_aldrich.json,ap
1687251454.324796000,3,rover_ap_3x3_n1_1fps_1sp_aldrich.json,ap
1687251454.325100000,4,rover_ap_3x3_n1_1fps_1sp_aldrich.json,ap
1687251454.325494000,5,rover_ap_3x3_n1_1fps_1sp_aldrich.json,ap
1687251454.325794000,6,rover_ap_3x3_n1_1fps_1sp_aldrich.json,ap
1687251454.326213000,7,rover_ap_3x3_n1_1fps_1sp_aldrich.json,ap
1687251454.326518000,8,rover_ap_3x3_n1_1fps_1sp_aldrich.json,ap
1687251454.326810000,9,rover_ap_3x3_n1_1fps_1sp_aldrich.json,ap
1687251455.349560000,0,rover_ap_3x3_n1_1fps_1sp_aldrich.json,ap
1687251455.349838000,1,rover_ap_3x3_n1_1fps_1sp_aldrich.json,ap
1687251455.350099000,2,rover_ap_3x3_n1_1fps_1sp_aldrich.json,ap
1687251455.350411000,3,rover_ap_3x3_n1_1fps_1sp_aldrich.json,ap
1687251455.350679000,4,rover_ap_3x3_n1_1fps_1sp_aldrich.json,ap
1687251455.350997000,5,rover_ap_3x3_n1_1fps_1sp_aldrich.json,ap
1687251455.351258000,6,rover_ap_3x3_n1_1fps_1sp_aldrich.json,ap
1687251455.351966000,7,rover_ap_3x3_n1_1fps_1sp_aldrich.json,ap
1687251455.352266000,8,rover_ap_3x3_n1_1fps_1sp_aldrich.json,ap
1687251455.352533000,9,rover_ap_3x3_n1_1fps_1sp_aldrich.json,ap
1687251455.352911000,10,rover_ap_3x3_n1_1fps_1sp_aldrich.json,ap
1687251455.353355000,11,rover_ap_3x3_n1_1fps_1sp_aldrich.json,ap
1687251456.373355000,0,rover_ap_3x3_n1_1fps_1sp_aldrich.json,ap
1687251456.373625000,1,rover_ap_3x3_n1_1fps_1sp_aldrich.json,ap
1687251456.373885000,2,rover_ap_3x3_n1_1fps_1sp_aldrich.json,ap
1687251456.374142000,3,rover_ap_3x3_n1_1fps_1sp_aldrich.json,ap
1687251456.374410000,4,rover_ap_3x3_n1_1fps_1sp_aldrich.json,ap
1687251456.374772000,5,rover_ap_3x3_n1_1fps_1sp_aldrich.json,ap
1687251456.375086000,6,rover_ap_3x3_n1_1fps_1sp_aldrich.json,ap
1687251456.375402000,7,rover_ap_3x3_n1_1fps_1sp_aldrich.json,ap
1687251456.375923000,8,rover_ap_3x3_n1_1fps_1sp_aldrich.json,ap
1687251456.376440000,9,rover_ap_3x3_n1_1fps_1sp_aldrich.json,ap
1687251456.377833000,10,rover_ap_3x3_n1_1fps_1sp_aldrich.json,ap
1687251456.378129000,11,rover_ap_3x3_n1_1fps_1sp_aldrich.json,ap
1687251456.378403000,12,rover_ap_3x3_n1_1fps_1sp_aldrich.json,ap
1687251456.378664000,13,rover_ap_3x3_n1_1fps_1sp_aldrich.json,ap
1687251456.378930000,14,rover_ap_3x3_n1_1fps_1sp_aldrich.json,ap
1687251457.400151000,0,rover_ap_3x3_n1_1fps_1sp_aldrich.json,ap
1687251457.400426000,1,rover_ap_3x3_n1_1fps_1sp_aldrich.json,ap
1687251457.400701000,2,rover_ap_3x3_n1_1fps_1sp_aldrich.json,ap
1687251457.401075000,3,rover_ap_3x3_n1_1fps_1sp_aldrich.json,ap
1687251457.401425000,4,rover_ap_3x3_n1_1fps_1sp_aldrich.json,ap
1687251457.401983000,5,rover_ap_3x3_n1_1fps_1sp_aldrich.json,ap
1687251457.402416000,6,rover_ap_3x3_n1_1fps_1sp_aldrich.json,ap
1687251457.402687000,7,rover_ap_3x3_n1_1fps_1sp_aldrich.json,ap
1687251457.402958000,8,rover_ap_3x3_n1_1fps_1sp_aldrich.json,ap
1687251457.403315000,9,rover_ap_3x3_n1_1fps_1sp_aldrich.json,ap
1687251457.403593000,10,rover_ap_3x3_n1_1fps_1sp_aldrich.json,ap
1687251457.404046000,11,rover_ap_3x3_n1_1fps_1sp_aldrich.json,ap
1687251458.425219000,0,rover_ap_3x3_n1_1fps_1sp_aldrich.json,ap
1687251458.425496000,1,rover_ap_3x3_n1_1fps_1sp_aldrich.json,ap
1687251458.425771000,2,rover_ap_3x3_n1_1fps_1sp_aldrich.json,ap
1687251458.426036000,3,rover_ap_3x3_n1_1fps_1sp_aldrich.json,ap
1687251458.426370000,4,rover_ap_3x3_n1_1fps_1sp_aldrich.json,ap
1687251458.426639000,5,rover_ap_3x3_n1_1fps_1sp_aldrich.json,ap
1687251458.426905000,6,rover_ap_3x3_n1_1fps_1sp_aldrich.json,ap
1687251458.427596000,7,rover_ap_3x3_n1_1fps_1sp_aldrich.json,ap
1687251459.447876000,0,rover_ap_3x3_n1_1fps_1sp_aldrich.json,ap
1687251459.448268000,1,rover_ap_3x3_n1_1fps_1sp_aldrich.json,ap
1687251459.448545000,2,rover_ap_3x3_n1_1fps_1sp_aldrich.json,ap
1687251459.448823000,3,rover_ap_3x3_n1_1fps_1sp_aldrich.json,ap
1687251459.449102000,4,rover_ap_3x3_n1_1fps_1sp_aldrich.json,ap
1687251459.449370000,5,rover_ap_3x3_n1_1fps_1sp_aldrich.json,ap
1687251459.449642000,6,rover_ap_3x3_n1_1fps_1sp_aldrich.json,ap
1687251459.449907000,7,rover_ap_3x3_n1_1fps_1sp_aldrich.json,ap
1687251459.450332000,8,rover_ap_3x3_n1_1fps_1sp_aldrich.json,ap
1687251460.468788000,0,rover_ap_3x3_n1_1fps_1sp_aldrich.json,ap
1687251460.469256000,1,rover_ap_3x3_n1_1fps_1sp_aldrich.json,ap
1687251460.469691000,2,rover_ap_3x3_n1_1fps_1sp_aldrich.json,ap
1687251460.470077000,3,rover_ap_3x3_n1_1fps_1sp_aldrich.json,ap
1687251460.470500000,4,rover_ap_3x3_n1_1fps_1sp_aldrich.json,ap
1687251461.493490000,0,rover_ap_3x3_n1_1fps_1sp_aldrich.json,ap
1687251461.493782000,1,rover_ap_3x3_n1_1fps_1sp_aldrich.json,ap
1687251461.494072000,2,rover_ap_3x3_n1_1fps_1sp_aldrich.json,ap
1687251461.494357000,3,rover_ap_3x3_n1_1fps_1sp_aldrich.json,ap
1687251461.494639000,4,rover_ap_3x3_n1_1fps_1sp_aldrich.json,ap
1687251461.494923000,5,rover_ap_3x3_n1_1fps_1sp_aldrich.json,ap
1687251461.495198000,6,rover_ap_3x3_n1_1fps_1sp_aldrich.json,ap
1687251461.495467000,7,rover_ap_3x3_n1_1fps_1sp_aldrich.json,ap
1687251461.495750000,8,rover_ap_3x3_n1_1fps_1sp_aldrich.json,ap
1687251461.496408000,9,rover_ap_3x3_n1_1fps_1sp_aldrich.json,ap
1687251461.496703000,10,rover_ap_3x3_n1_1fps_1sp_aldrich.json,ap
1687251461.496975000,11,rover_ap_3x3_n1_1fps_1sp_aldrich.json,ap
1687251461.497269000,12,rover_ap_3x3_n1_1fps_1sp_aldrich.json,ap
1687251461.497552000,13,rover_ap_3x3_n1_1fps_1sp_aldrich.json,ap
1687251461.498694000,14,rover_ap_3x3_n1_1fps_1sp_aldrich.json,ap
1687251462.518255000,0,rover_ap_3x3_n1_1fps_1sp_aldrich.json,ap
1687251462.518521000,1,rover_ap_3x3_n1_1fps_1sp_aldrich.json,ap
1687251462.518793000,2,rover_ap_3x3_n1_1fps_1sp_aldrich.json,ap
1687251462.519047000,3,rover_ap_3x3_n1_1fps_1sp_aldrich.json,ap
1687251462.519316000,4,rover_ap_3x3_n1_1fps_1sp_aldrich.json,ap
1687251462.519613000,5,rover_ap_3x3_n1_1fps_1sp_aldrich.json,ap
1687251462.519921000,6,rover_ap_3x3_n1_1fps_1sp_aldrich.json,ap
1687251462.520197000,7,rover_ap_3x3_n1_1fps_1sp_aldrich.json,ap
1687251462.521035000,8,rover_ap_3x3_n1_1fps_1sp_aldrich.json,ap
1687251462.522205000,9,rover_ap_3x3_n1_1fps_1sp_aldrich.json,ap
1687251463.543859000,0,rover_ap_3x3_n1_1fps_1sp_aldrich.json,ap
1687251463.544213000,1,rover_ap_3x3_n1_1fps_1sp_aldrich.json,ap
1687251463.544518000,2,rover_ap_3x3_n1_1fps_1sp_aldrich.json,ap
1687251463.544897000,3,rover_ap_3x3_n1_1fps_1sp_aldrich.json,ap
1687251463.545208000,4,rover_ap_3x3_n1_1fps_1sp_aldrich.json,ap
1687251463.545599000,5,rover_ap_3x3_n1_1fps_1sp_aldrich.json,ap
1687251463.546011000,6,rover_ap_3x3_n1_1fps_1sp_aldrich.json,ap
1687251463.546346000,7,rover_ap_3x3_n1_1fps_1sp_aldrich.json,ap
1687251463.546719000,8,rover_ap_3x3_n1_1fps_1sp_aldrich.json,ap
1687251463.547027000,9,rover_ap_3x3_n1_1fps_1sp_aldrich.json,ap
1687251464.566771000,0,rover_ap_3x3_n1_1fps_1sp_aldrich.json,ap
1687251464.567842000,1,rover_ap_3x3_n1_1fps_1sp_aldrich.json,ap
1687251464.568200000,2,rover_ap_3x3_n1_1fps_1sp_aldrich.json,ap
1687251464.568545000,3,rover_ap_3x3_n1_1fps_1sp_aldrich.json,ap
1687251464.568859000,4,rover_ap_3x3_n1_1fps_1sp_aldrich.json,ap
1687251464.569243000,5,rover_ap_3x3_n1_1fps_1sp_aldrich.json,ap
1687251464.569549000,6,rover_ap_3x3_n1_1fps_1sp_aldrich.json,ap
1687251464.570395000,7,rover_ap_3x3_n1_1fps_1sp_aldrich.json,ap
1687251465.589374000,0,rover_ap_3x3_n1_1fps_1sp_aldrich.json,ap
1687251465.589672000,1,rover_ap_3x3_n1_1fps_1sp_aldrich.json,ap
1687251465.589947000,2,rover_ap_3x3_n1_1fps_1sp_aldrich.json,ap
1687251465.590221000,3,rover_ap_3x3_n1_1fps_1sp_aldrich.json,ap
1687251465.590509000,4,rover_ap_3x3_n1_1fps_1sp_aldrich.json,ap
1687251465.590783000,5,rover_ap_3x3_n1_1fps_1sp_aldrich.json,ap
1687251465.591051000,6,rover_ap_3x3_n1_1fps_1sp_aldrich.json,ap
1687251465.591328000,7,rover_ap_3x3_n1_1fps_1sp_aldrich.json,ap
1687251466.612803000,0,rover_ap_3x3_n1_1fps_1sp_aldrich.json,ap
1687251466.613075000,1,rover_ap_3x3_n1_1fps_1sp_aldrich.json,ap
1687251466.613342000,2,rover_ap_3x3_n1_1fps_1sp_aldrich.json,ap
1687251466.613632000,3,rover_ap_3x3_n1_1fps_1sp_aldrich.json,ap
1687251466.613899000,4,rover_ap_3x3_n1_1fps_1sp_aldrich.json,ap
1687251466.614176000,5,rover_ap_3x3_n1_1fps_1sp_aldrich.json,ap
1687251466.614459000,6,rover_ap_3x3_n1_1fps_1sp_aldrich.json,ap
1687251466.614725000,7,rover_ap_3x3_n1_1fps_1sp_aldrich.json,ap
1687251466.615153000,8,rover_ap_3x3_n1_1fps_1sp_aldrich.json,ap
1687251466.615424000,9,rover_ap_3x3_n1_1fps_1sp_aldrich.json,ap
1687251467.634177000,0,rover_ap_3x3_n1_1fps_1sp_aldrich.json,ap
1687251467.634505000,1,rover_ap_3x3_n1_1fps_1sp_aldrich.json,ap
1687251467.634768000,2,rover_ap_3x3_n1_1fps_1sp_aldrich.json,ap
1687251467.635044000,3,rover_ap_3x3_n1_1fps_1sp_aldrich.json,ap
1687251467.635311000,4,rover_ap_3x3_n1_1fps_1sp_aldrich.json,ap
1687251467.635656000,5,rover_ap_3x3_n1_1fps_1sp_aldrich.json,ap
1687251467.635932000,6,rover_ap_3x3_n1_1fps_1sp_aldrich.json,ap
1687251467.636454000,7,rover_ap_3x3_n1_1fps_1sp_aldrich.json,ap
1687251467.636746000,8,rover_ap_3x3_n1_1fps_1sp_aldrich.json,ap
1687251468.660962000,0,rover_ap_3x3_n1_1fps_1sp_aldrich.json,ap
1687251468.661223000,1,rover_ap_3x3_n1_1fps_1sp_aldrich.json,ap
1687251468.661636000,2,rover_ap_3x3_n1_1fps_1sp_aldrich.json,ap
1687251468.661916000,3,rover_ap_3x3_n1_1fps_1sp_aldrich.json,ap
1687251468.662183000,4,rover_ap_3x3_n1_1fps_1sp_aldrich.json,ap
1687251468.662595000,5,rover_ap_3x3_n1_1fps_1sp_aldrich.json,ap
1687251468.662868000,6,rover_ap_3x3_n1_1fps_1sp_aldrich.json,ap
1687251468.663191000,7,rover_ap_3x3_n1_1fps_1sp_aldrich.json,ap
1687251468.663793000,8,rover_ap_3x3_n1_1fps_1sp_aldrich.json,ap
1687251469.682428000,0,rover_ap_3x3_n1_1fps_1sp_aldrich.json,ap
1687251469.682757000,1,rover_ap_3x3_n1_1fps_1sp_aldrich.json,ap
1687251469.683030000,2,rover_ap_3x3_n1_1fps_1sp_aldrich.json,ap
1687251469.683292000,3,rover_ap_3x3_n1_1fps_1sp_aldrich.json,ap
1687251469.683564000,4,rover_ap_3x3_n1_1fps_1sp_aldrich.json,ap
1687251469.683876000,5,rover_ap_3x3_n1_1fps_1sp_aldrich.json,ap
1687251469.684149000,6,rover_ap_3x3_n1_1fps_1sp_aldrich.json,ap
1687251469.684724000,7,rover_ap_3x3_n1_1fps_1sp_aldrich.json,ap
1687251469.685005000,8,rover_ap_3x3_n1_1fps_1sp_aldrich.json,ap
1687251470.708878000,0,rover_ap_3x3_n1_1fps_1sp_aldrich.json,ap
1687251470.709167000,1,rover_ap_3x3_n1_1fps_1sp_aldrich.json,ap
1687251470.709427000,2,rover_ap_3x3_n1_1fps_1sp_aldrich.json,ap
1687251470.709706000,3,rover_ap_3x3_n1_1fps_1sp_aldrich.json,ap
1687251470.709978000,4,rover_ap_3x3_n1_1fps_1sp_aldrich.json,ap
1687251470.710252000,5,rover_ap_3x3_n1_1fps_1sp_aldrich.json,ap
1687251470.710530000,6,rover_ap_3x3_n1_1fps_1sp_aldrich.json,ap
1687251470.710952000,7,rover_ap_3x3_n1_1fps_1sp_aldrich.json,ap
1687251470.711268000,8,rover_ap_3x3_n1_1fps_1sp_aldrich.json,ap
1687251470.711627000,9,rover_ap_3x3_n1_1fps_1sp_aldrich.json,ap
1687251471.734544000,0,rover_ap_3x3_n1_1fps_1sp_aldrich.json,ap
1687251471.734824000,1,rover_ap_3x3_n1_1fps_1sp_aldrich.json,ap
1687251471.735094000,2,rover_ap_3x3_n1_1fps_1sp_aldrich.json,ap
1687251471.735383000,3,rover_ap_3x3_n1_1fps_1sp_aldrich.json,ap
1687251471.735656000,4,rover_ap_3x3_n1_1fps_1sp_aldrich.json,ap
1687251471.735933000,5,rover_ap_3x3_n1_1fps_1sp_aldrich.json,ap
1687251471.736212000,6,rover_ap_3x3_n1_1fps_1sp_aldrich.json,ap
1687251471.739081000,7,rover_ap_3x3_n1_1fps_1sp_aldrich.json,ap
1687251471.739401000,8,rover_ap_3x3_n1_1fps_1sp_aldrich.json,ap
1687251471.739696000,9,rover_ap_3x3_n1_1fps_1sp_aldrich.json,ap
1687251471.740086000,10,rover_ap_3x3_n1_1fps_1sp_aldrich.json,ap
1687251472.757552000,0,rover_ap_3x3_n1_1fps_1sp_aldrich.json,ap
1687251472.757826000,1,rover_ap_3x3_n1_1fps_1sp_aldrich.json,ap
1687251472.758094000,2,rover_ap_3x3_n1_1fps_1sp_aldrich.json,ap
1687251472.758352000,3,rover_ap_3x3_n1_1fps_1sp_aldrich.json,ap
1687251472.758604000,4,rover_ap_3x3_n1_1fps_1sp_aldrich.json,ap
1687251472.758887000,5,rover_ap_3x3_n1_1fps_1sp_aldrich.json,ap
1687251472.759162000,6,rover_ap_3x3_n1_1fps_1sp_aldrich.json,ap
1687251472.759569000,7,rover_ap_3x3_n1_1fps_1sp_aldrich.json,ap
1687251472.759860000,8,rover_ap_3x3_n1_1fps_1sp_aldrich.json,ap
1687251472.760132000,9,rover_ap_3x3_n1_1fps_1sp_aldrich.json,ap
1687251472.760404000,10,rover_ap_3x3_n1_1fps_1sp_aldrich.json,ap
1687251472.760667000,11,rover_ap_3x3_n1_1fps_1sp_aldrich.json,ap
1687251472.761211000,12,rover_ap_3x3_n1_1fps_1sp_aldrich.json,ap
1687251473.796255000,0,rover_ap_3x3_n1_1fps_1sp_aldrich.json,ap
1687251473.796534000,1,rover_ap_3x3_n1_1fps_1sp_aldrich.json,ap
1687251473.796805000,2,rover_ap_3x3_n1_1fps_1sp_aldrich.json,ap
1687251473.797074000,3,rover_ap_3x3_n1_1fps_1sp_aldrich.json,ap
1687251473.797366000,4,rover_ap_3x3_n1_1fps_1sp_aldrich.json,ap
1687251473.797631000,5,rover_ap_3x3_n1_1fps_1sp_aldrich.json,ap
1687251473.797902000,6,rover_ap_3x3_n1_1fps_1sp_aldrich.json,ap
1687251473.798177000,7,rover_ap_3x3_n1_1fps_1sp_aldrich.json,ap
1687251473.798594000,8,rover_ap_3x3_n1_1fps_1sp_aldrich.json,ap
1687251473.798853000,9,rover_ap_3x3_n1_1fps_1sp_aldrich.json,ap
1687251474.819935000,0,rover_ap_3x3_n1_1fps_1sp_aldrich.json,ap
1687251474.820214000,1,rover_ap_3x3_n1_1fps_1sp_aldrich.json,ap
1687251474.820483000,2,rover_ap_3x3_n1_1fps_1sp_aldrich.json,ap
1687251474.821061000,3,rover_ap_3x3_n1_1fps_1sp_aldrich.json,ap
1687251474.821343000,4,rover_ap_3x3_n1_1fps_1sp_aldrich.json,ap
1687251474.821835000,5,rover_ap_3x3_n1_1fps_1sp_aldrich.json,ap
1687251474.822137000,6,rover_ap_3x3_n1_1fps_1sp_aldrich.json,ap
1687251474.822427000,7,rover_ap_3x3_n1_1fps_1sp_aldrich.json,ap
1687251474.824100000,8,rover_ap_3x3_n1_1fps_1sp_aldrich.json,ap
1687251474.824406000,9,rover_ap_3x3_n1_1fps_1sp_aldrich.json,ap
1687251474.824684000,10,rover_ap_3x3_n1_1fps_1sp_aldrich.json,ap
1687251474.824954000,11,rover_ap_3x3_n1_1fps_1sp_aldrich.json,ap
1687251474.825231000,12,rover_ap_3x3_n1_1fps_1sp_aldrich.json,ap
1687251474.825937000,13,rover_ap_3x3_n1_1fps_1sp_aldrich.json,ap
1687251475.846814000,0,rover_ap_3x3_n1_1fps_1sp_aldrich.json,ap
1687251475.847275000,1,rover_ap_3x3_n1_1fps_1sp_aldrich.json,ap
1687251475.847655000,2,rover_ap_3x3_n1_1fps_1sp_aldrich.json,ap
1687251475.848012000,3,rover_ap_3x3_n1_1fps_1sp_aldrich.json,ap
1687251475.848337000,4,rover_ap_3x3_n1_1fps_1sp_aldrich.json,ap
1687251475.848693000,5,rover_ap_3x3_n1_1fps_1sp_aldrich.json,ap
1687251475.849109000,6,rover_ap_3x3_n1_1fps_1sp_aldrich.json,ap
1687251475.849451000,7,rover_ap_3x3_n1_1fps_1sp_aldrich.json,ap
1687251475.849847000,8,rover_ap_3x3_n1_1fps_1sp_aldrich.json,ap
1687251475.850263000,9,rover_ap_3x3_n1_1fps_1sp_aldrich.json,ap
1687251475.850585000,10,rover_ap_3x3_n1_1fps_1sp_aldrich.json,ap
1687251475.851031000,11,rover_ap_3x3_n1_1fps_1sp_aldrich.json,ap
1687251475.851337000,12,rover_ap_3x3_n1_1fps_1sp_aldrich.json,ap
1687251475.851784000,13,rover_ap_3x3_n1_1fps_1sp_aldrich.json,ap
1687251475.852096000,14,rover_ap_3x3_n1_1fps_1sp_aldrich.json,ap
1687251475.852645000,15,rover_ap_3x3_n1_1fps_1sp_aldrich.json,ap
1687251476.874154000,0,rover_ap_3x3_n1_1fps_1sp_aldrich.json,ap
1687251476.874536000,1,rover_ap_3x3_n1_1fps_1sp_aldrich.json,ap
1687251476.874871000,2,rover_ap_3x3_n1_1fps_1sp_aldrich.json,ap
1687251476.875158000,3,rover_ap_3x3_n1_1fps_1sp_aldrich.json,ap
1687251476.875434000,4,rover_ap_3x3_n1_1fps_1sp_aldrich.json,ap
1687251476.875697000,5,rover_ap_3x3_n1_1fps_1sp_aldrich.json,ap
1687251476.875969000,6,rover_ap_3x3_n1_1fps_1sp_aldrich.json,ap
1687251476.876847000,7,rover_ap_3x3_n1_1fps_1sp_aldrich.json,ap
1687251476.877302000,8,rover_ap_3x3_n1_1fps_1sp_aldrich.json,ap
1687251477.905206000,0,rover_ap_3x3_n1_1fps_1sp_aldrich.json,ap
1687251477.905483000,1,rover_ap_3x3_n1_1fps_1sp_aldrich.json,ap
1687251477.905756000,2,rover_ap_3x3_n1_1fps_1sp_aldrich.json,ap
1687251477.906032000,3,rover_ap_3x3_n1_1fps_1sp_aldrich.json,ap
1687251477.906318000,4,rover_ap_3x3_n1_1fps_1sp_aldrich.json,ap
1687251477.906591000,5,rover_ap_3x3_n1_1fps_1sp_aldrich.json,ap
1687251477.906868000,6,rover_ap_3x3_n1_1fps_1sp_aldrich.json,ap
1687251477.907296000,7,rover_ap_3x3_n1_1fps_1sp_aldrich.json,ap
1687251477.908654000,8,rover_ap_3x3_n1_1fps_1sp_aldrich.json,ap
1687251478.930002000,0,rover_ap_3x3_n1_1fps_1sp_aldrich.json,ap
1687251478.930291000,1,rover_ap_3x3_n1_1fps_1sp_aldrich.json,ap
1687251478.930567000,2,rover_ap_3x3_n1_1fps_1sp_aldrich.json,ap
1687251478.930848000,3,rover_ap_3x3_n1_1fps_1sp_aldrich.json,ap
1687251478.931137000,4,rover_ap_3x3_n1_1fps_1sp_aldrich.json,ap
1687251478.931501000,5,rover_ap_3x3_n1_1fps_1sp_aldrich.json,ap
1687251478.931983000,6,rover_ap_3x3_n1_1fps_1sp_aldrich.json,ap
1687251478.932319000,7,rover_ap_3x3_n1_1fps_1sp_aldrich.json,ap
1687251478.932615000,8,rover_ap_3x3_n1_1fps_1sp_aldrich.json,ap
1687251478.933079000,9,rover_ap_3x3_n1_1fps_1sp_aldrich.json,ap
1687251478.933395000,10,rover_ap_3x3_n1_1fps_1sp_aldrich.json,ap
1687251478.933716000,11,rover_ap_3x3_n1_1fps_1sp_aldrich.json,ap
1687251479.952136000,0,rover_ap_3x3_n1_1fps_1sp_aldrich.json,ap
1687251479.952484000,1,rover_ap_3x3_n1_1fps_1sp_aldrich.json,ap
1687251479.952781000,2,rover_ap_3x3_n1_1fps_1sp_aldrich.json,ap
1687251479.953133000,3,rover_ap_3x3_n1_1fps_1sp_aldrich.json,ap
1687251479.953443000,4,rover_ap_3x3_n1_1fps_1sp_aldrich.json,ap
1687251479.953861000,5,rover_ap_3x3_n1_1fps_1sp_aldrich.json,ap
1687251479.954182000,6,rover_ap_3x3_n1_1fps_1sp_aldrich.json,ap
1687251479.954740000,7,rover_ap_3x3_n1_1fps_1sp_aldrich.json,ap
1687251480.974546000,0,rover_ap_3x3_n1_1fps_1sp_aldrich.json,ap
1687251480.974816000,1,rover_ap_3x3_n1_1fps_1sp_aldrich.json,ap
1687251480.975089000,2,rover_ap_3x3_n1_1fps_1sp_aldrich.json,ap
1687251480.975373000,3,rover_ap_3x3_n1_1fps_1sp_aldrich.json,ap
1687251480.975643000,4,rover_ap_3x3_n1_1fps_1sp_aldrich.json,ap
1687251480.975917000,5,rover_ap_3x3_n1_1fps_1sp_aldrich.json,ap
1687251480.976200000,6,rover_ap_3x3_n1_1fps_1sp_aldrich.json,ap
1687251480.976481000,7,rover_ap_3x3_n1_1fps_1sp_aldrich.json,ap
1687251480.977064000,8,rover_ap_3x3_n1_1fps_1sp_aldrich.json,ap
1687251481.996261000,0,rover_ap_3x3_n1_1fps_1sp_aldrich.json,ap
1687251481.996525000,1,rover_ap_3x3_n1_1fps_1sp_aldrich.json,ap
1687251481.996795000,2,rover_ap_3x3_n1_1fps_1sp_aldrich.json,ap
1687251481.997059000,3,rover_ap_3x3_n1_1fps_1sp_aldrich.json,ap
1687251481.997332000,4,rover_ap_3x3_n1_1fps_1sp_aldrich.json,ap
1687251481.997599000,5,rover_ap_3x3_n1_1fps_1sp_aldrich.json,ap
1687251481.997870000,6,rover_ap_3x3_n1_1fps_1sp_aldrich.json,ap
1687251481.998352000,7,rover_ap_3x3_n1_1fps_1sp_aldrich.json,ap
1687251481.998634000,8,rover_ap_3x3_n1_1fps_1sp_aldrich.json,ap
1687251481.998903000,9,rover_ap_3x3_n1_1fps_1sp_aldrich.json,ap
1687251481.999164000,10,rover_ap_3x3_n1_1fps_1sp_aldrich.json,ap
1687251481.999799000,11,rover_ap_3x3_n1_1fps_1sp_aldrich.json,ap
1687251483.024099000,0,rover_ap_3x3_n1_1fps_1sp_aldrich.json,ap
1687251483.024469000,1,rover_ap_3x3_n1_1fps_1sp_aldrich.json,ap
1687251483.024731000,2,rover_ap_3x3_n1_1fps_1sp_aldrich.json,ap
1687251483.024990000,3,rover_ap_3x3_n1_1fps_1sp_aldrich.json,ap
1687251483.025275000,4,rover_ap_3x3_n1_1fps_1sp_aldrich.json,ap
1687251483.025539000,5,rover_ap_3x3_n1_1fps_1sp_aldrich.json,ap
1687251483.025815000,6,rover_ap_3x3_n1_1fps_1sp_aldrich.json,ap
1687251483.026337000,7,rover_ap_3x3_n1_1fps_1sp_aldrich.json,ap
1687251483.026628000,8,rover_ap_3x3_n1_1fps_1sp_aldrich.json,ap
1687251483.026897000,9,rover_ap_3x3_n1_1fps_1sp_aldrich.json,ap
1687251484.055102000,0,rover_ap_3x3_n1_1fps_1sp_aldrich.json,ap
1687251484.055391000,1,rover_ap_3x3_n1_1fps_1sp_aldrich.json,ap
1687251484.055673000,2,rover_ap_3x3_n1_1fps_1sp_aldrich.json,ap
1687251484.055946000,3,rover_ap_3x3_n1_1fps_1sp_aldrich.json,ap
1687251484.056230000,4,rover_ap_3x3_n1_1fps_1sp_aldrich.json,ap
1687251484.056494000,5,rover_ap_3x3_n1_1fps_1sp_aldrich.json,ap
1687251484.056774000,6,rover_ap_3x3_n1_1fps_1sp_aldrich.json,ap
1687251484.057046000,7,rover_ap_3x3_n1_1fps_1sp_aldrich.json,ap
1687251484.057450000,8,rover_ap_3x3_n1_1fps_1sp_aldrich.json,ap
1687251484.058352000,9,rover_ap_3x3_n1_1fps_1sp_aldrich.json,ap
1687251484.059596000,10,rover_ap_3x3_n1_1fps_1sp_aldrich.json,ap
1687251485.087628000,0,rover_ap_3x3_n1_1fps_1sp_aldrich.json,ap
1687251485.087906000,1,rover_ap_3x3_n1_1fps_1sp_aldrich.json,ap
1687251485.088174000,2,rover_ap_3x3_n1_1fps_1sp_aldrich.json,ap
1687251485.088430000,3,rover_ap_3x3_n1_1fps_1sp_aldrich.json,ap
1687251485.088693000,4,rover_ap_3x3_n1_1fps_1sp_aldrich.json,ap
1687251485.088961000,5,rover_ap_3x3_n1_1fps_1sp_aldrich.json,ap
1687251485.089233000,6,rover_ap_3x3_n1_1fps_1sp_aldrich.json,ap
1687251485.089626000,7,rover_ap_3x3_n1_1fps_1sp_aldrich.json,ap
1687251485.090068000,8,rover_ap_3x3_n1_1fps_1sp_aldrich.json,ap
1687251485.090354000,9,rover_ap_3x3_n1_1fps_1sp_aldrich.json,ap
1687251485.090782000,10,rover_ap_3x3_n1_1fps_1sp_aldrich.json,ap
1687251486.109488000,0,rover_ap_3x3_n1_1fps_1sp_aldrich.json,ap
1687251486.109790000,1,rover_ap_3x3_n1_1fps_1sp_aldrich.json,ap
1687251486.110077000,2,rover_ap_3x3_n1_1fps_1sp_aldrich.json,ap
1687251486.110353000,3,rover_ap_3x3_n1_1fps_1sp_aldrich.json,ap
1687251486.110640000,4,rover_ap_3x3_n1_1fps_1sp_aldrich.json,ap
1687251486.110913000,5,rover_ap_3x3_n1_1fps_1sp_aldrich.json,ap
1687251486.111188000,6,rover_ap_3x3_n1_1fps_1sp_aldrich.json,ap
1687251486.111462000,7,rover_ap_3x3_n1_1fps_1sp_aldrich.json,ap
1687251486.112027000,8,rover_ap_3x3_n1_1fps_1sp_aldrich.json,ap
1687251486.112297000,9,rover_ap_3x3_n1_1fps_1sp_aldrich.json,ap
1687251486.112566000,10,rover_ap_3x3_n1_1fps_1sp_aldrich.json,ap
1687251486.113433000,11,rover_ap_3x3_n1_1fps_1sp_aldrich.json,ap
1687251486.113754000,12,rover_ap_3x3_n1_1fps_1sp_aldrich.json,ap
1687251487.133048000,0,rover_ap_3x3_n1_1fps_1sp_aldrich.json,ap
1687251487.133322000,1,rover_ap_3x3_n1_1fps_1sp_aldrich.json,ap
1687251487.133584000,2,rover_ap_3x3_n1_1fps_1sp_aldrich.json,ap
1687251487.133858000,3,rover_ap_3x3_n1_1fps_1sp_aldrich.json,ap
1687251487.134128000,4,rover_ap_3x3_n1_1fps_1sp_aldrich.json,ap
1687251487.134390000,5,rover_ap_3x3_n1_1fps_1sp_aldrich.json,ap
1687251487.134672000,6,rover_ap_3x3_n1_1fps_1sp_aldrich.json,ap
1687251487.134944000,7,rover_ap_3x3_n1_1fps_1sp_aldrich.json,ap
1687251487.135366000,8,rover_ap_3x3_n1_1fps_1sp_aldrich.json,ap
1687251487.135898000,9,rover_ap_3x3_n1_1fps_1sp_aldrich.json,ap
1687251488.152651000,0,rover_ap_3x3_n1_1fps_1sp_aldrich.json,ap
1687251488.152942000,1,rover_ap_3x3_n1_1fps_1sp_aldrich.json,ap
1687251488.153224000,2,rover_ap_3x3_n1_1fps_1sp_aldrich.json,ap
1687251488.153494000,3,rover_ap_3x3_n1_1fps_1sp_aldrich.json,ap
1687251488.153779000,4,rover_ap_3x3_n1_1fps_1sp_aldrich.json,ap
1687251488.154049000,5,rover_ap_3x3_n1_1fps_1sp_aldrich.json,ap
1687251488.154313000,6,rover_ap_3x3_n1_1fps_1sp_aldrich.json,ap
1687251488.155757000,7,rover_ap_3x3_n1_1fps_1sp_aldrich.json,ap
1687251489.180536000,0,rover_ap_3x3_n1_1fps_1sp_aldrich.json,ap
1687251489.180808000,1,rover_ap_3x3_n1_1fps_1sp_aldrich.json,ap
1687251489.181078000,2,rover_ap_3x3_n1_1fps_1sp_aldrich.json,ap
1687251489.181349000,3,rover_ap_3x3_n1_1fps_1sp_aldrich.json,ap
1687251489.181823000,4,rover_ap_3x3_n1_1fps_1sp_aldrich.json,ap
1687251489.182147000,5,rover_ap_3x3_n1_1fps_1sp_aldrich.json,ap
1687251489.182427000,6,rover_ap_3x3_n1_1fps_1sp_aldrich.json,ap
1687251489.182705000,7,rover_ap_3x3_n1_1fps_1sp_aldrich.json,ap
1687251489.182987000,8,rover_ap_3x3_n1_1fps_1sp_aldrich.json,ap
1687251489.183273000,9,rover_ap_3x3_n1_1fps_1sp_aldrich.json,ap
1687251490.205110000,0,rover_ap_3x3_n1_1fps_1sp_aldrich.json,ap
1687251490.205388000,1,rover_ap_3x3_n1_1fps_1sp_aldrich.json,ap
1687251490.205662000,2,rover_ap_3x3_n1_1fps_1sp_aldrich.json,ap
1687251490.205928000,3,rover_ap_3x3_n1_1fps_1sp_aldrich.json,ap
1687251490.206210000,4,rover_ap_3x3_n1_1fps_1sp_aldrich.json,ap
1687251490.206490000,5,rover_ap_3x3_n1_1fps_1sp_aldrich.json,ap
1687251490.206765000,6,rover_ap_3x3_n1_1fps_1sp_aldrich.json,ap
1687251490.207042000,7,rover_ap_3x3_n1_1fps_1sp_aldrich.json,ap
1687251490.207523000,8,rover_ap_3x3_n1_1fps_1sp_aldrich.json,ap
1687251490.208333000,9,rover_ap_3x3_n1_1fps_1sp_aldrich.json,ap
1687251490.208725000,10,rover_ap_3x3_n1_1fps_1sp_aldrich.json,ap
1687251491.229324000,0,rover_ap_3x3_n1_1fps_1sp_aldrich.json,ap
1687251491.229606000,1,rover_ap_3x3_n1_1fps_1sp_aldrich.json,ap
1687251491.229865000,2,rover_ap_3x3_n1_1fps_1sp_aldrich.json,ap
1687251491.230137000,3,rover_ap_3x3_n1_1fps_1sp_aldrich.json,ap
1687251491.230411000,4,rover_ap_3x3_n1_1fps_1sp_aldrich.json,ap
1687251491.230653000,5,rover_ap_3x3_n1_1fps_1sp_aldrich.json,ap
1687251491.230925000,6,rover_ap_3x3_n1_1fps_1sp_aldrich.json,ap
1687251491.231900000,7,rover_ap_3x3_n1_1fps_1sp_aldrich.json,ap
1687251491.232382000,8,rover_ap_3x3_n1_1fps_1sp_aldrich.json,ap
1687251492.252605000,0,rover_ap_3x3_n1_1fps_1sp_aldrich.json,ap
1687251492.252874000,1,rover_ap_3x3_n1_1fps_1sp_aldrich.json,ap
1687251492.253138000,2,rover_ap_3x3_n1_1fps_1sp_aldrich.json,ap
1687251492.253400000,3,rover_ap_3x3_n1_1fps_1sp_aldrich.json,ap
1687251492.253661000,4,rover_ap_3x3_n1_1fps_1sp_aldrich.json,ap
1687251492.253925000,5,rover_ap_3x3_n1_1fps_1sp_aldrich.json,ap
1687251492.254188000,6,rover_ap_3x3_n1_1fps_1sp_aldrich.json,ap
1687251492.255770000,7,rover_ap_3x3_n1_1fps_1sp_aldrich.json,ap
1687251492.256054000,8,rover_ap_3x3_n1_1fps_1sp_aldrich.json,ap
1687251492.256318000,9,rover_ap_3x3_n1_1fps_1sp_aldrich.json,ap
1687251492.256583000,10,rover_ap_3x3_n1_1fps_1sp_aldrich.json,ap
1687251492.256843000,11,rover_ap_3x3_n1_1fps_1sp_aldrich.json,ap
1687251492.257121000,12,rover_ap_3x3_n1_1fps_1sp_aldrich.json,ap
1687251492.257420000,13,rover_ap_3x3_n1_1fps_1sp_aldrich.json,ap
1687251492.257696000,14,rover_ap_3x3_n1_1fps_1sp_aldrich.json,ap
1687251493.279732000,0,rover_ap_3x3_n1_1fps_1sp_aldrich.json,ap
1687251493.280006000,1,rover_ap_3x3_n1_1fps_1sp_aldrich.json,ap
1687251493.280277000,2,rover_ap_3x3_n1_1fps_1sp_aldrich.json,ap
1687251493.280552000,3,rover_ap_3x3_n1_1fps_1sp_aldrich.json,ap
1687251493.280834000,4,rover_ap_3x3_n1_1fps_1sp_aldrich.json,ap
1687251493.281129000,5,rover_ap_3x3_n1_1fps_1sp_aldrich.json,ap
1687251493.281420000,6,rover_ap_3x3_n1_1fps_1sp_aldrich.json,ap
1687251493.281900000,7,rover_ap_3x3_n1_1fps_1sp_aldrich.json,ap
1687251493.282190000,8,rover_ap_3x3_n1_1fps_1sp_aldrich.json,ap
1687251494.306410000,0,rover_ap_3x3_n1_1fps_1sp_aldrich.json,ap
1687251494.306693000,1,rover_ap_3x3_n1_1fps_1sp_aldrich.json,ap
1687251494.306969000,2,rover_ap_3x3_n1_1fps_1sp_aldrich.json,ap
1687251494.307228000,3,rover_ap_3x3_n1_1fps_1sp_aldrich.json,ap
1687251494.307505000,4,rover_ap_3x3_n1_1fps_1sp_aldrich.json,ap
1687251494.307780000,5,rover_ap_3x3_n1_1fps_1sp_aldrich.json,ap
1687251494.308047000,6,rover_ap_3x3_n1_1fps_1sp_aldrich.json,ap
1687251494.308317000,7,rover_ap_3x3_n1_1fps_1sp_aldrich.json,ap
1687251494.308728000,8,rover_ap_3x3_n1_1fps_1sp_aldrich.json,ap
1687251495.328807000,0,rover_ap_3x3_n1_1fps_1sp_aldrich.json,ap
1687251495.329099000,1,rover_ap_3x3_n1_1fps_1sp_aldrich.json,ap
1687251495.329368000,2,rover_ap_3x3_n1_1fps_1sp_aldrich.json,ap
1687251495.329649000,3,rover_ap_3x3_n1_1fps_1sp_aldrich.json,ap
1687251495.329922000,4,rover_ap_3x3_n1_1fps_1sp_aldrich.json,ap
1687251495.330192000,5,rover_ap_3x3_n1_1fps_1sp_aldrich.json,ap
1687251495.330464000,6,rover_ap_3x3_n1_1fps_1sp_aldrich.json,ap
1687251495.330747000,7,rover_ap_3x3_n1_1fps_1sp_aldrich.json,ap
1687251495.331178000,8,rover_ap_3x3_n1_1fps_1sp_aldrich.json,ap
1687251496.355234000,0,rover_ap_3x3_n1_1fps_1sp_aldrich.json,ap
1687251496.355510000,1,rover_ap_3x3_n1_1fps_1sp_aldrich.json,ap
1687251496.355777000,2,rover_ap_3x3_n1_1fps_1sp_aldrich.json,ap
1687251496.356039000,3,rover_ap_3x3_n1_1fps_1sp_aldrich.json,ap
1687251496.356297000,4,rover_ap_3x3_n1_1fps_1sp_aldrich.json,ap
1687251496.356559000,5,rover_ap_3x3_n1_1fps_1sp_aldrich.json,ap
1687251496.356821000,6,rover_ap_3x3_n1_1fps_1sp_aldrich.json,ap
1687251496.357100000,7,rover_ap_3x3_n1_1fps_1sp_aldrich.json,ap
1687251496.357519000,8,rover_ap_3x3_n1_1fps_1sp_aldrich.json,ap
1687251496.357889000,9,rover_ap_3x3_n1_1fps_1sp_aldrich.json,ap
1687251497.377924000,0,rover_ap_3x3_n1_1fps_1sp_aldrich.json,ap
1687251497.378195000,1,rover_ap_3x3_n1_1fps_1sp_aldrich.json,ap
1687251497.378454000,2,rover_ap_3x3_n1_1fps_1sp_aldrich.json,ap
1687251497.378713000,3,rover_ap_3x3_n1_1fps_1sp_aldrich.json,ap
1687251497.378974000,4,rover_ap_3x3_n1_1fps_1sp_aldrich.json,ap
1687251497.379245000,5,rover_ap_3x3_n1_1fps_1sp_aldrich.json,ap
1687251497.379506000,6,rover_ap_3x3_n1_1fps_1sp_aldrich.json,ap
1687251497.379764000,7,rover_ap_3x3_n1_1fps_1sp_aldrich.json,ap
1687251497.380152000,8,rover_ap_3x3_n1_1fps_1sp_aldrich.json,ap
1687251497.380428000,9,rover_ap_3x3_n1_1fps_1sp_aldrich.json,ap
1687251497.380727000,10,rover_ap_3x3_n1_1fps_1sp_aldrich.json,ap
1687251497.380998000,11,rover_ap_3x3_n1_1fps_1sp_aldrich.json,ap
1687251497.381281000,12,rover_ap_3x3_n1_1fps_1sp_aldrich.json,ap
1687251497.381626000,13,rover_ap_3x3_n1_1fps_1sp_aldrich.json,ap
1687251498.400510000,0,rover_ap_3x3_n1_1fps_1sp_aldrich.json,ap
1687251498.400790000,1,rover_ap_3x3_n1_1fps_1sp_aldrich.json,ap
1687251498.401094000,2,rover_ap_3x3_n1_1fps_1sp_aldrich.json,ap
1687251498.401366000,3,rover_ap_3x3_n1_1fps_1sp_aldrich.json,ap
1687251498.401942000,4,rover_ap_3x3_n1_1fps_1sp_aldrich.json,ap
1687251498.402254000,5,rover_ap_3x3_n1_1fps_1sp_aldrich.json,ap
1687251498.402559000,6,rover_ap_3x3_n1_1fps_1sp_aldrich.json,ap
1687251498.402889000,7,rover_ap_3x3_n1_1fps_1sp_aldrich.json,ap
1687251498.403216000,8,rover_ap_3x3_n1_1fps_1sp_aldrich.json,ap
1687251498.403537000,9,rover_ap_3x3_n1_1fps_1sp_aldrich.json,ap
1687251499.424451000,0,rover_ap_3x3_n1_1fps_1sp_aldrich.json,ap
1687251499.424733000,1,rover_ap_3x3_n1_1fps_1sp_aldrich.json,ap
1687251499.425007000,2,rover_ap_3x3_n1_1fps_1sp_aldrich.json,ap
1687251499.425273000,3,rover_ap_3x3_n1_1fps_1sp_aldrich.json,ap
1687251499.425548000,4,rover_ap_3x3_n1_1fps_1sp_aldrich.json,ap
1687251499.425823000,5,rover_ap_3x3_n1_1fps_1sp_aldrich.json,ap
1687251499.426091000,6,rover_ap_3x3_n1_1fps_1sp_aldrich.json,ap
1687251499.426350000,7,rover_ap_3x3_n1_1fps_1sp_aldrich.json,ap
1687251500.447712000,0,rover_ap_3x3_n1_1fps_1sp_aldrich.json,ap
1687251500.447998000,1,rover_ap_3x3_n1_1fps_1sp_aldrich.json,ap
1687251500.448264000,2,rover_ap_3x3_n1_1fps_1sp_aldrich.json,ap
1687251500.448536000,3,rover_ap_3x3_n1_1fps_1sp_aldrich.json,ap
1687251500.448817000,4,rover_ap_3x3_n1_1fps_1sp_aldrich.json,ap
1687251500.449093000,5,rover_ap_3x3_n1_1fps_1sp_aldrich.json,ap
1687251500.449365000,6,rover_ap_3x3_n1_1fps_1sp_aldrich.json,ap
1687251500.449820000,7,rover_ap_3x3_n1_1fps_1sp_aldrich.json,ap
1687251500.450117000,8,rover_ap_3x3_n1_1fps_1sp_aldrich.json,ap
1687251500.450602000,9,rover_ap_3x3_n1_1fps_1sp_aldrich.json,ap
1687251501.471408000,0,rover_ap_3x3_n1_1fps_1sp_aldrich.json,ap
1687251501.471966000,1,rover_ap_3x3_n1_1fps_1sp_aldrich.json,ap
1687251501.472242000,2,rover_ap_3x3_n1_1fps_1sp_aldrich.json,ap
1687251501.472520000,3,rover_ap_3x3_n1_1fps_1sp_aldrich.json,ap
1687251501.472792000,4,rover_ap_3x3_n1_1fps_1sp_aldrich.json,ap
1687251501.473068000,5,rover_ap_3x3_n1_1fps_1sp_aldrich.json,ap
1687251501.473346000,6,rover_ap_3x3_n1_1fps_1sp_aldrich.json,ap
1687251501.473640000,7,rover_ap_3x3_n1_1fps_1sp_aldrich.json,ap
1687251501.474092000,8,rover_ap_3x3_n1_1fps_1sp_aldrich.json,ap
1687251502.491860000,0,rover_ap_3x3_n1_1fps_1sp_aldrich.json,ap
1687251502.492129000,1,rover_ap_3x3_n1_1fps_1sp_aldrich.json,ap
1687251502.492394000,2,rover_ap_3x3_n1_1fps_1sp_aldrich.json,ap
1687251502.492660000,3,rover_ap_3x3_n1_1fps_1sp_aldrich.json,ap
1687251502.492924000,4,rover_ap_3x3_n1_1fps_1sp_aldrich.json,ap
1687251502.493200000,5,rover_ap_3x3_n1_1fps_1sp_aldrich.json,ap
1687251502.493485000,6,rover_ap_3x3_n1_1fps_1sp_aldrich.json,ap
1687251502.493759000,7,rover_ap_3x3_n1_1fps_1sp_aldrich.json,ap
1687251502.494216000,8,rover_ap_3x3_n1_1fps_1sp_aldrich.json,ap
1687251502.494927000,9,rover_ap_3x3_n1_1fps_1sp_aldrich.json,ap
1687251502.496054000,10,rover_ap_3x3_n1_1fps_1sp_aldrich.json,ap
1687251503.516012000,0,rover_ap_3x3_n1_1fps_1sp_aldrich.json,ap
1687251503.516285000,1,rover_ap_3x3_n1_1fps_1sp_aldrich.json,ap
1687251503.516549000,2,rover_ap_3x3_n1_1fps_1sp_aldrich.json,ap
1687251503.516810000,3,rover_ap_3x3_n1_1fps_1sp_aldrich.json,ap
1687251503.517092000,4,rover_ap_3x3_n1_1fps_1sp_aldrich.json,ap
1687251503.517388000,5,rover_ap_3x3_n1_1fps_1sp_aldrich.json,ap
1687251503.517673000,6,rover_ap_3x3_n1_1fps_1sp_aldrich.json,ap
1687251503.518140000,7,rover_ap_3x3_n1_1fps_1sp_aldrich.json,ap
1687251503.518442000,8,rover_ap_3x3_n1_1fps_1sp_aldrich.json,ap
1687251503.518709000,9,rover_ap_3x3_n1_1fps_1sp_aldrich.json,ap
1687251503.518983000,10,rover_ap_3x3_n1_1fps_1sp_aldrich.json,ap
1687251504.544751000,0,rover_ap_3x3_n1_1fps_1sp_aldrich.json,ap
1687251504.545030000,1,rover_ap_3x3_n1_1fps_1sp_aldrich.json,ap
1687251504.545309000,2,rover_ap_3x3_n1_1fps_1sp_aldrich.json,ap
1687251504.545571000,3,rover_ap_3x3_n1_1fps_1sp_aldrich.json,ap
1687251504.545836000,4,rover_ap_3x3_n1_1fps_1sp_aldrich.json,ap
1687251504.546111000,5,rover_ap_3x3_n1_1fps_1sp_aldrich.json,ap
1687251504.546380000,6,rover_ap_3x3_n1_1fps_1sp_aldrich.json,ap
1687251504.546796000,7,rover_ap_3x3_n1_1fps_1sp_aldrich.json,ap
1687251504.547079000,8,rover_ap_3x3_n1_1fps_1sp_aldrich.json,ap
1687251504.547347000,9,rover_ap_3x3_n1_1fps_1sp_aldrich.json,ap
1687251504.547610000,10,rover_ap_3x3_n1_1fps_1sp_aldrich.json,ap
1687251505.567896000,0,rover_ap_3x3_n1_1fps_1sp_aldrich.json,ap
1687251505.568178000,1,rover_ap_3x3_n1_1fps_1sp_aldrich.json,ap
1687251505.568443000,2,rover_ap_3x3_n1_1fps_1sp_aldrich.json,ap
1687251505.568706000,3,rover_ap_3x3_n1_1fps_1sp_aldrich.json,ap
1687251505.568970000,4,rover_ap_3x3_n1_1fps_1sp_aldrich.json,ap
1687251505.569236000,5,rover_ap_3x3_n1_1fps_1sp_aldrich.json,ap
1687251505.569502000,6,rover_ap_3x3_n1_1fps_1sp_aldrich.json,ap
1687251505.569774000,7,rover_ap_3x3_n1_1fps_1sp_aldrich.json,ap
1687251505.570197000,8,rover_ap_3x3_n1_1fps_1sp_aldrich.json,ap
1687251505.570756000,9,rover_ap_3x3_n1_1fps_1sp_aldrich.json,ap
1687251506.592501000,0,rover_ap_3x3_n1_1fps_1sp_aldrich.json,ap
1687251506.592772000,1,rover_ap_3x3_n1_1fps_1sp_aldrich.json,ap
1687251506.593033000,2,rover_ap_3x3_n1_1fps_1sp_aldrich.json,ap
1687251506.593290000,3,rover_ap_3x3_n1_1fps_1sp_aldrich.json,ap
1687251506.593553000,4,rover_ap_3x3_n1_1fps_1sp_aldrich.json,ap
1687251506.593813000,5,rover_ap_3x3_n1_1fps_1sp_aldrich.json,ap
1687251506.594080000,6,rover_ap_3x3_n1_1fps_1sp_aldrich.json,ap
1687251506.594594000,7,rover_ap_3x3_n1_1fps_1sp_aldrich.json,ap
1687251506.594880000,8,rover_ap_3x3_n1_1fps_1sp_aldrich.json,ap
1687251506.595148000,9,rover_ap_3x3_n1_1fps_1sp_aldrich.json,ap
1687251506.595406000,10,rover_ap_3x3_n1_1fps_1sp_aldrich.json,ap
1687251507.613984000,0,rover_ap_3x3_n1_1fps_1sp_aldrich.json,ap
1687251507.614266000,1,rover_ap_3x3_n1_1fps_1sp_aldrich.json,ap
1687251507.614565000,2,rover_ap_3x3_n1_1fps_1sp_aldrich.json,ap
1687251507.614846000,3,rover_ap_3x3_n1_1fps_1sp_aldrich.json,ap
1687251507.615131000,4,rover_ap_3x3_n1_1fps_1sp_aldrich.json,ap
1687251507.615413000,5,rover_ap_3x3_n1_1fps_1sp_aldrich.json,ap
1687251507.615689000,6,rover_ap_3x3_n1_1fps_1sp_aldrich.json,ap
1687251507.615959000,7,rover_ap_3x3_n1_1fps_1sp_aldrich.json,ap
1687251507.616380000,8,rover_ap_3x3_n1_1fps_1sp_aldrich.json,ap
1687251507.616673000,9,rover_ap_3x3_n1_1fps_1sp_aldrich.json,ap
