Timestamp,Packet,Scenario,Type
1687794974.323890000,0,rover_s102_1x1_n2_1fps_1sp_bb.json,s102
1687794974.324111000,1,rover_s102_1x1_n2_1fps_1sp_bb.json,s102
1687794974.326291000,2,rover_s102_1x1_n2_1fps_1sp_bb.json,s102
1687794974.326482000,3,rover_s102_1x1_n2_1fps_1sp_bb.json,s102
1687794974.329401000,4,rover_s102_1x1_n2_1fps_1sp_bb.json,s102
1687794974.331950000,5,rover_s102_1x1_n2_1fps_1sp_bb.json,s102
1687794974.331952000,6,rover_s102_1x1_n2_1fps_1sp_bb.json,s102
1687794974.335055000,7,rover_s102_1x1_n2_1fps_1sp_bb.json,s102
1687794974.335186000,8,rover_s102_1x1_n2_1fps_1sp_bb.json,s102
1687794974.338257000,9,rover_s102_1x1_n2_1fps_1sp_bb.json,s102
1687794974.338402000,10,rover_s102_1x1_n2_1fps_1sp_bb.json,s102
1687794974.340404000,11,rover_s102_1x1_n2_1fps_1sp_bb.json,s102
1687794975.357854000,0,rover_s102_1x1_n2_1fps_1sp_bb.json,s102
1687794975.358810000,1,rover_s102_1x1_n2_1fps_1sp_bb.json,s102
1687794975.361111000,2,rover_s102_1x1_n2_1fps_1sp_bb.json,s102
1687794975.361257000,3,rover_s102_1x1_n2_1fps_1sp_bb.json,s102
1687794975.361258000,4,rover_s102_1x1_n2_1fps_1sp_bb.json,s102
1687794975.363724000,5,rover_s102_1x1_n2_1fps_1sp_bb.json,s102
1687794975.363856000,6,rover_s102_1x1_n2_1fps_1sp_bb.json,s102
1687794975.364887000,7,rover_s102_1x1_n2_1fps_1sp_bb.json,s102
1687794975.364889000,8,rover_s102_1x1_n2_1fps_1sp_bb.json,s102
1687794976.383563000,0,rover_s102_1x1_n2_1fps_1sp_bb.json,s102
1687794976.383782000,1,rover_s102_1x1_n2_1fps_1sp_bb.json,s102
1687794976.386680000,2,rover_s102_1x1_n2_1fps_1sp_bb.json,s102
1687794976.386681000,3,rover_s102_1x1_n2_1fps_1sp_bb.json,s102
1687794976.386828000,4,rover_s102_1x1_n2_1fps_1sp_bb.json,s102
1687794976.386936000,5,rover_s102_1x1_n2_1fps_1sp_bb.json,s102
1687794976.388311000,6,rover_s102_1x1_n2_1fps_1sp_bb.json,s102
1687794976.388426000,7,rover_s102_1x1_n2_1fps_1sp_bb.json,s102
1687794976.388428000,8,rover_s102_1x1_n2_1fps_1sp_bb.json,s102
1687794977.402144000,0,rover_s102_1x1_n2_1fps_1sp_bb.json,s102
1687794977.404757000,1,rover_s102_1x1_n2_1fps_1sp_bb.json,s102
1687794977.404759000,2,rover_s102_1x1_n2_1fps_1sp_bb.json,s102
1687794977.404917000,3,rover_s102_1x1_n2_1fps_1sp_bb.json,s102
1687794977.405049000,4,rover_s102_1x1_n2_1fps_1sp_bb.json,s102
1687794977.405418000,5,rover_s102_1x1_n2_1fps_1sp_bb.json,s102
1687794978.425992000,0,rover_s102_1x1_n2_1fps_1sp_bb.json,s102
1687794978.426218000,1,rover_s102_1x1_n2_1fps_1sp_bb.json,s102
1687794978.427225000,2,rover_s102_1x1_n2_1fps_1sp_bb.json,s102
1687794978.427329000,3,rover_s102_1x1_n2_1fps_1sp_bb.json,s102
1687794978.427331000,4,rover_s102_1x1_n2_1fps_1sp_bb.json,s102
1687794978.427583000,5,rover_s102_1x1_n2_1fps_1sp_bb.json,s102
1687794978.428111000,6,rover_s102_1x1_n2_1fps_1sp_bb.json,s102
1687794978.429118000,7,rover_s102_1x1_n2_1fps_1sp_bb.json,s102
1687794978.429248000,8,rover_s102_1x1_n2_1fps_1sp_bb.json,s102
1687794978.429250000,9,rover_s102_1x1_n2_1fps_1sp_bb.json,s102
1687794979.448026000,0,rover_s102_1x1_n2_1fps_1sp_bb.json,s102
1687794979.448243000,1,rover_s102_1x1_n2_1fps_1sp_bb.json,s102
1687794979.449497000,2,rover_s102_1x1_n2_1fps_1sp_bb.json,s102
1687794979.449499000,3,rover_s102_1x1_n2_1fps_1sp_bb.json,s102
1687794979.449624000,4,rover_s102_1x1_n2_1fps_1sp_bb.json,s102
1687794979.450658000,5,rover_s102_1x1_n2_1fps_1sp_bb.json,s102
1687794979.450660000,6,rover_s102_1x1_n2_1fps_1sp_bb.json,s102
1687794979.450798000,7,rover_s102_1x1_n2_1fps_1sp_bb.json,s102
1687794979.450903000,8,rover_s102_1x1_n2_1fps_1sp_bb.json,s102
1687794979.451803000,9,rover_s102_1x1_n2_1fps_1sp_bb.json,s102
1687794979.451921000,10,rover_s102_1x1_n2_1fps_1sp_bb.json,s102
1687794979.452015000,11,rover_s102_1x1_n2_1fps_1sp_bb.json,s102
1687794979.452681000,12,rover_s102_1x1_n2_1fps_1sp_bb.json,s102
1687794980.475278000,0,rover_s102_1x1_n2_1fps_1sp_bb.json,s102
1687794980.475509000,1,rover_s102_1x1_n2_1fps_1sp_bb.json,s102
1687794980.476758000,2,rover_s102_1x1_n2_1fps_1sp_bb.json,s102
1687794980.476760000,3,rover_s102_1x1_n2_1fps_1sp_bb.json,s102
1687794980.476896000,4,rover_s102_1x1_n2_1fps_1sp_bb.json,s102
1687794980.477002000,5,rover_s102_1x1_n2_1fps_1sp_bb.json,s102
1687794980.478142000,6,rover_s102_1x1_n2_1fps_1sp_bb.json,s102
1687794981.497803000,0,rover_s102_1x1_n2_1fps_1sp_bb.json,s102
1687794981.498030000,1,rover_s102_1x1_n2_1fps_1sp_bb.json,s102
1687794981.499057000,2,rover_s102_1x1_n2_1fps_1sp_bb.json,s102
1687794981.499058000,3,rover_s102_1x1_n2_1fps_1sp_bb.json,s102
1687794981.499196000,4,rover_s102_1x1_n2_1fps_1sp_bb.json,s102
1687794981.499808000,5,rover_s102_1x1_n2_1fps_1sp_bb.json,s102
1687794982.521100000,0,rover_s102_1x1_n2_1fps_1sp_bb.json,s102
1687794982.521310000,1,rover_s102_1x1_n2_1fps_1sp_bb.json,s102
1687794982.523475000,2,rover_s102_1x1_n2_1fps_1sp_bb.json,s102
1687794982.523606000,3,rover_s102_1x1_n2_1fps_1sp_bb.json,s102
1687794982.524942000,4,rover_s102_1x1_n2_1fps_1sp_bb.json,s102
1687794982.527011000,5,rover_s102_1x1_n2_1fps_1sp_bb.json,s102
1687794982.529528000,6,rover_s102_1x1_n2_1fps_1sp_bb.json,s102
1687794982.529655000,7,rover_s102_1x1_n2_1fps_1sp_bb.json,s102
1687794982.529759000,8,rover_s102_1x1_n2_1fps_1sp_bb.json,s102
1687794982.529761000,9,rover_s102_1x1_n2_1fps_1sp_bb.json,s102
1687794983.543766000,0,rover_s102_1x1_n2_1fps_1sp_bb.json,s102
1687794983.544444000,1,rover_s102_1x1_n2_1fps_1sp_bb.json,s102
1687794983.544446000,2,rover_s102_1x1_n2_1fps_1sp_bb.json,s102
1687794983.544601000,3,rover_s102_1x1_n2_1fps_1sp_bb.json,s102
1687794983.545142000,4,rover_s102_1x1_n2_1fps_1sp_bb.json,s102
1687794983.545272000,5,rover_s102_1x1_n2_1fps_1sp_bb.json,s102
1687794983.545818000,6,rover_s102_1x1_n2_1fps_1sp_bb.json,s102
1687794983.545941000,7,rover_s102_1x1_n2_1fps_1sp_bb.json,s102
1687794983.546620000,8,rover_s102_1x1_n2_1fps_1sp_bb.json,s102
1687794983.546758000,9,rover_s102_1x1_n2_1fps_1sp_bb.json,s102
1687794983.546759000,10,rover_s102_1x1_n2_1fps_1sp_bb.json,s102
1687794983.548154000,11,rover_s102_1x1_n2_1fps_1sp_bb.json,s102
1687794983.548156000,12,rover_s102_1x1_n2_1fps_1sp_bb.json,s102
1687794983.548291000,13,rover_s102_1x1_n2_1fps_1sp_bb.json,s102
1687794983.548384000,14,rover_s102_1x1_n2_1fps_1sp_bb.json,s102
1687794984.565353000,0,rover_s102_1x1_n2_1fps_1sp_bb.json,s102
1687794984.565566000,1,rover_s102_1x1_n2_1fps_1sp_bb.json,s102
1687794984.566495000,2,rover_s102_1x1_n2_1fps_1sp_bb.json,s102
1687794984.566497000,3,rover_s102_1x1_n2_1fps_1sp_bb.json,s102
1687794984.566631000,4,rover_s102_1x1_n2_1fps_1sp_bb.json,s102
1687794984.567648000,5,rover_s102_1x1_n2_1fps_1sp_bb.json,s102
1687794984.567761000,6,rover_s102_1x1_n2_1fps_1sp_bb.json,s102
1687794984.567851000,7,rover_s102_1x1_n2_1fps_1sp_bb.json,s102
1687794985.584856000,0,rover_s102_1x1_n2_1fps_1sp_bb.json,s102
1687794985.586217000,1,rover_s102_1x1_n2_1fps_1sp_bb.json,s102
1687794985.586219000,2,rover_s102_1x1_n2_1fps_1sp_bb.json,s102
1687794985.586353000,3,rover_s102_1x1_n2_1fps_1sp_bb.json,s102
1687794985.586941000,4,rover_s102_1x1_n2_1fps_1sp_bb.json,s102
1687794985.587084000,5,rover_s102_1x1_n2_1fps_1sp_bb.json,s102
1687794986.610445000,0,rover_s102_1x1_n2_1fps_1sp_bb.json,s102
1687794986.610724000,1,rover_s102_1x1_n2_1fps_1sp_bb.json,s102
1687794986.611537000,2,rover_s102_1x1_n2_1fps_1sp_bb.json,s102
1687794986.611539000,3,rover_s102_1x1_n2_1fps_1sp_bb.json,s102
1687794986.611673000,4,rover_s102_1x1_n2_1fps_1sp_bb.json,s102
1687794986.612378000,5,rover_s102_1x1_n2_1fps_1sp_bb.json,s102
1687794986.612488000,6,rover_s102_1x1_n2_1fps_1sp_bb.json,s102
1687794986.613052000,7,rover_s102_1x1_n2_1fps_1sp_bb.json,s102
1687794986.613167000,8,rover_s102_1x1_n2_1fps_1sp_bb.json,s102
1687794987.636158000,0,rover_s102_1x1_n2_1fps_1sp_bb.json,s102
1687794987.637369000,1,rover_s102_1x1_n2_1fps_1sp_bb.json,s102
1687794987.637371000,2,rover_s102_1x1_n2_1fps_1sp_bb.json,s102
1687794987.637511000,3,rover_s102_1x1_n2_1fps_1sp_bb.json,s102
1687794987.638117000,4,rover_s102_1x1_n2_1fps_1sp_bb.json,s102
1687794987.638258000,5,rover_s102_1x1_n2_1fps_1sp_bb.json,s102
1687794987.638587000,6,rover_s102_1x1_n2_1fps_1sp_bb.json,s102
1687794988.662204000,0,rover_s102_1x1_n2_1fps_1sp_bb.json,s102
1687794988.662725000,1,rover_s102_1x1_n2_1fps_1sp_bb.json,s102
1687794988.662726000,2,rover_s102_1x1_n2_1fps_1sp_bb.json,s102
1687794988.663128000,3,rover_s102_1x1_n2_1fps_1sp_bb.json,s102
1687794988.663983000,4,rover_s102_1x1_n2_1fps_1sp_bb.json,s102
1687794988.664092000,5,rover_s102_1x1_n2_1fps_1sp_bb.json,s102
1687794988.664093000,6,rover_s102_1x1_n2_1fps_1sp_bb.json,s102
1687794989.684016000,0,rover_s102_1x1_n2_1fps_1sp_bb.json,s102
1687794989.684584000,1,rover_s102_1x1_n2_1fps_1sp_bb.json,s102
1687794989.684586000,2,rover_s102_1x1_n2_1fps_1sp_bb.json,s102
1687794989.684940000,3,rover_s102_1x1_n2_1fps_1sp_bb.json,s102
1687794989.685727000,4,rover_s102_1x1_n2_1fps_1sp_bb.json,s102
1687794989.685832000,5,rover_s102_1x1_n2_1fps_1sp_bb.json,s102
1687794989.686111000,6,rover_s102_1x1_n2_1fps_1sp_bb.json,s102
1687794990.703833000,0,rover_s102_1x1_n2_1fps_1sp_bb.json,s102
1687794990.705642000,1,rover_s102_1x1_n2_1fps_1sp_bb.json,s102
1687794990.705644000,2,rover_s102_1x1_n2_1fps_1sp_bb.json,s102
1687794990.706055000,3,rover_s102_1x1_n2_1fps_1sp_bb.json,s102
1687794990.706057000,4,rover_s102_1x1_n2_1fps_1sp_bb.json,s102
1687794991.729510000,0,rover_s102_1x1_n2_1fps_1sp_bb.json,s102
1687794991.729717000,1,rover_s102_1x1_n2_1fps_1sp_bb.json,s102
1687794991.729801000,2,rover_s102_1x1_n2_1fps_1sp_bb.json,s102
1687794991.730076000,3,rover_s102_1x1_n2_1fps_1sp_bb.json,s102
1687794991.730444000,4,rover_s102_1x1_n2_1fps_1sp_bb.json,s102
1687794991.730446000,5,rover_s102_1x1_n2_1fps_1sp_bb.json,s102
1687794991.731078000,6,rover_s102_1x1_n2_1fps_1sp_bb.json,s102
1687794991.731322000,7,rover_s102_1x1_n2_1fps_1sp_bb.json,s102
1687794992.754837000,0,rover_s102_1x1_n2_1fps_1sp_bb.json,s102
1687794992.755040000,1,rover_s102_1x1_n2_1fps_1sp_bb.json,s102
1687794992.755156000,2,rover_s102_1x1_n2_1fps_1sp_bb.json,s102
1687794992.756752000,3,rover_s102_1x1_n2_1fps_1sp_bb.json,s102
1687794992.756828000,4,rover_s102_1x1_n2_1fps_1sp_bb.json,s102
1687794992.756830000,5,rover_s102_1x1_n2_1fps_1sp_bb.json,s102
1687794992.756931000,6,rover_s102_1x1_n2_1fps_1sp_bb.json,s102
1687794992.757021000,7,rover_s102_1x1_n2_1fps_1sp_bb.json,s102
1687794992.757106000,8,rover_s102_1x1_n2_1fps_1sp_bb.json,s102
1687794992.757513000,9,rover_s102_1x1_n2_1fps_1sp_bb.json,s102
1687794992.758403000,10,rover_s102_1x1_n2_1fps_1sp_bb.json,s102
1687794992.763398000,11,rover_s102_1x1_n2_1fps_1sp_bb.json,s102
1687794992.763515000,12,rover_s102_1x1_n2_1fps_1sp_bb.json,s102
1687794992.763652000,13,rover_s102_1x1_n2_1fps_1sp_bb.json,s102
1687794992.764737000,14,rover_s102_1x1_n2_1fps_1sp_bb.json,s102
1687794992.764846000,15,rover_s102_1x1_n2_1fps_1sp_bb.json,s102
1687794992.764848000,16,rover_s102_1x1_n2_1fps_1sp_bb.json,s102
1687794992.764984000,17,rover_s102_1x1_n2_1fps_1sp_bb.json,s102
1687794992.765101000,18,rover_s102_1x1_n2_1fps_1sp_bb.json,s102
1687794993.781659000,0,rover_s102_1x1_n2_1fps_1sp_bb.json,s102
1687794993.782298000,1,rover_s102_1x1_n2_1fps_1sp_bb.json,s102
1687794993.782300000,2,rover_s102_1x1_n2_1fps_1sp_bb.json,s102
1687794993.782426000,3,rover_s102_1x1_n2_1fps_1sp_bb.json,s102
1687794993.783253000,4,rover_s102_1x1_n2_1fps_1sp_bb.json,s102
1687794993.783361000,5,rover_s102_1x1_n2_1fps_1sp_bb.json,s102
1687794993.784865000,6,rover_s102_1x1_n2_1fps_1sp_bb.json,s102
1687794994.803932000,0,rover_s102_1x1_n2_1fps_1sp_bb.json,s102
1687794994.804589000,1,rover_s102_1x1_n2_1fps_1sp_bb.json,s102
1687794994.804590000,2,rover_s102_1x1_n2_1fps_1sp_bb.json,s102
1687794994.804718000,3,rover_s102_1x1_n2_1fps_1sp_bb.json,s102
1687794994.806046000,4,rover_s102_1x1_n2_1fps_1sp_bb.json,s102
1687794994.806048000,5,rover_s102_1x1_n2_1fps_1sp_bb.json,s102
1687794994.806190000,6,rover_s102_1x1_n2_1fps_1sp_bb.json,s102
1687794994.806290000,7,rover_s102_1x1_n2_1fps_1sp_bb.json,s102
1687794995.828482000,0,rover_s102_1x1_n2_1fps_1sp_bb.json,s102
1687794995.829096000,1,rover_s102_1x1_n2_1fps_1sp_bb.json,s102
1687794995.829098000,2,rover_s102_1x1_n2_1fps_1sp_bb.json,s102
1687794995.829245000,3,rover_s102_1x1_n2_1fps_1sp_bb.json,s102
1687794995.830693000,4,rover_s102_1x1_n2_1fps_1sp_bb.json,s102
1687794995.830695000,5,rover_s102_1x1_n2_1fps_1sp_bb.json,s102
1687794995.830864000,6,rover_s102_1x1_n2_1fps_1sp_bb.json,s102
1687794995.831471000,7,rover_s102_1x1_n2_1fps_1sp_bb.json,s102
1687794995.831588000,8,rover_s102_1x1_n2_1fps_1sp_bb.json,s102
1687794996.851315000,0,rover_s102_1x1_n2_1fps_1sp_bb.json,s102
1687794996.851490000,1,rover_s102_1x1_n2_1fps_1sp_bb.json,s102
1687794996.852477000,2,rover_s102_1x1_n2_1fps_1sp_bb.json,s102
1687794996.852479000,3,rover_s102_1x1_n2_1fps_1sp_bb.json,s102
1687794996.852652000,4,rover_s102_1x1_n2_1fps_1sp_bb.json,s102
1687794996.853486000,5,rover_s102_1x1_n2_1fps_1sp_bb.json,s102
1687794996.853590000,6,rover_s102_1x1_n2_1fps_1sp_bb.json,s102
1687794996.853677000,7,rover_s102_1x1_n2_1fps_1sp_bb.json,s102
1687794997.875432000,0,rover_s102_1x1_n2_1fps_1sp_bb.json,s102
1687794997.875827000,1,rover_s102_1x1_n2_1fps_1sp_bb.json,s102
1687794997.877497000,2,rover_s102_1x1_n2_1fps_1sp_bb.json,s102
1687794997.877619000,3,rover_s102_1x1_n2_1fps_1sp_bb.json,s102
1687794997.877621000,4,rover_s102_1x1_n2_1fps_1sp_bb.json,s102
1687794997.877798000,5,rover_s102_1x1_n2_1fps_1sp_bb.json,s102
1687794997.878581000,6,rover_s102_1x1_n2_1fps_1sp_bb.json,s102
1687794997.878692000,7,rover_s102_1x1_n2_1fps_1sp_bb.json,s102
1687794997.878694000,8,rover_s102_1x1_n2_1fps_1sp_bb.json,s102
1687794997.879536000,9,rover_s102_1x1_n2_1fps_1sp_bb.json,s102
1687794998.901212000,0,rover_s102_1x1_n2_1fps_1sp_bb.json,s102
1687794998.901214000,1,rover_s102_1x1_n2_1fps_1sp_bb.json,s102
1687794998.901439000,2,rover_s102_1x1_n2_1fps_1sp_bb.json,s102
1687794998.901537000,3,rover_s102_1x1_n2_1fps_1sp_bb.json,s102
1687794998.902112000,4,rover_s102_1x1_n2_1fps_1sp_bb.json,s102
1687794998.902223000,5,rover_s102_1x1_n2_1fps_1sp_bb.json,s102
1687794998.902346000,6,rover_s102_1x1_n2_1fps_1sp_bb.json,s102
1687794998.902462000,7,rover_s102_1x1_n2_1fps_1sp_bb.json,s102
1687794998.903042000,8,rover_s102_1x1_n2_1fps_1sp_bb.json,s102
1687794998.903140000,9,rover_s102_1x1_n2_1fps_1sp_bb.json,s102
1687794998.903228000,10,rover_s102_1x1_n2_1fps_1sp_bb.json,s102
1687794998.903668000,11,rover_s102_1x1_n2_1fps_1sp_bb.json,s102
1687794999.924666000,0,rover_s102_1x1_n2_1fps_1sp_bb.json,s102
1687794999.924896000,1,rover_s102_1x1_n2_1fps_1sp_bb.json,s102
1687794999.925242000,2,rover_s102_1x1_n2_1fps_1sp_bb.json,s102
1687794999.925360000,3,rover_s102_1x1_n2_1fps_1sp_bb.json,s102
1687794999.925361000,4,rover_s102_1x1_n2_1fps_1sp_bb.json,s102
1687794999.926334000,5,rover_s102_1x1_n2_1fps_1sp_bb.json,s102
1687794999.926335000,6,rover_s102_1x1_n2_1fps_1sp_bb.json,s102
1687794999.926467000,7,rover_s102_1x1_n2_1fps_1sp_bb.json,s102
1687795000.945581000,0,rover_s102_1x1_n2_1fps_1sp_bb.json,s102
1687795000.945813000,1,rover_s102_1x1_n2_1fps_1sp_bb.json,s102
1687795000.946196000,2,rover_s102_1x1_n2_1fps_1sp_bb.json,s102
1687795000.946288000,3,rover_s102_1x1_n2_1fps_1sp_bb.json,s102
1687795000.946289000,4,rover_s102_1x1_n2_1fps_1sp_bb.json,s102
1687795000.947554000,5,rover_s102_1x1_n2_1fps_1sp_bb.json,s102
1687795000.947556000,6,rover_s102_1x1_n2_1fps_1sp_bb.json,s102
1687795000.947698000,7,rover_s102_1x1_n2_1fps_1sp_bb.json,s102
1687795000.948495000,8,rover_s102_1x1_n2_1fps_1sp_bb.json,s102
1687795001.964550000,0,rover_s102_1x1_n2_1fps_1sp_bb.json,s102
1687795001.966078000,1,rover_s102_1x1_n2_1fps_1sp_bb.json,s102
1687795001.966206000,2,rover_s102_1x1_n2_1fps_1sp_bb.json,s102
1687795001.966841000,3,rover_s102_1x1_n2_1fps_1sp_bb.json,s102
1687795001.966843000,4,rover_s102_1x1_n2_1fps_1sp_bb.json,s102
1687795001.966974000,5,rover_s102_1x1_n2_1fps_1sp_bb.json,s102
1687795001.969218000,6,rover_s102_1x1_n2_1fps_1sp_bb.json,s102
1687795002.989319000,0,rover_s102_1x1_n2_1fps_1sp_bb.json,s102
1687795002.989514000,1,rover_s102_1x1_n2_1fps_1sp_bb.json,s102
1687795002.990275000,2,rover_s102_1x1_n2_1fps_1sp_bb.json,s102
1687795002.990660000,3,rover_s102_1x1_n2_1fps_1sp_bb.json,s102
1687795002.990662000,4,rover_s102_1x1_n2_1fps_1sp_bb.json,s102
1687795002.994308000,5,rover_s102_1x1_n2_1fps_1sp_bb.json,s102
1687795002.994416000,6,rover_s102_1x1_n2_1fps_1sp_bb.json,s102
1687795004.014126000,0,rover_s102_1x1_n2_1fps_1sp_bb.json,s102
1687795004.014584000,1,rover_s102_1x1_n2_1fps_1sp_bb.json,s102
1687795004.014690000,2,rover_s102_1x1_n2_1fps_1sp_bb.json,s102
1687795004.015140000,3,rover_s102_1x1_n2_1fps_1sp_bb.json,s102
1687795004.015631000,4,rover_s102_1x1_n2_1fps_1sp_bb.json,s102
1687795004.015632000,5,rover_s102_1x1_n2_1fps_1sp_bb.json,s102
1687795004.016080000,6,rover_s102_1x1_n2_1fps_1sp_bb.json,s102
1687795004.016191000,7,rover_s102_1x1_n2_1fps_1sp_bb.json,s102
1687795004.016383000,8,rover_s102_1x1_n2_1fps_1sp_bb.json,s102
1687795004.016862000,9,rover_s102_1x1_n2_1fps_1sp_bb.json,s102
1687795004.017327000,10,rover_s102_1x1_n2_1fps_1sp_bb.json,s102
1687795004.018108000,11,rover_s102_1x1_n2_1fps_1sp_bb.json,s102
1687795004.018207000,12,rover_s102_1x1_n2_1fps_1sp_bb.json,s102
1687795004.018294000,13,rover_s102_1x1_n2_1fps_1sp_bb.json,s102
1687795005.040446000,0,rover_s102_1x1_n2_1fps_1sp_bb.json,s102
1687795005.040858000,1,rover_s102_1x1_n2_1fps_1sp_bb.json,s102
1687795005.040949000,2,rover_s102_1x1_n2_1fps_1sp_bb.json,s102
1687795005.042003000,3,rover_s102_1x1_n2_1fps_1sp_bb.json,s102
1687795005.042129000,4,rover_s102_1x1_n2_1fps_1sp_bb.json,s102
1687795005.042605000,5,rover_s102_1x1_n2_1fps_1sp_bb.json,s102
1687795005.042714000,6,rover_s102_1x1_n2_1fps_1sp_bb.json,s102
1687795005.042715000,7,rover_s102_1x1_n2_1fps_1sp_bb.json,s102
1687795005.043421000,8,rover_s102_1x1_n2_1fps_1sp_bb.json,s102
1687795005.043798000,9,rover_s102_1x1_n2_1fps_1sp_bb.json,s102
1687795005.043800000,10,rover_s102_1x1_n2_1fps_1sp_bb.json,s102
1687795006.066284000,0,rover_s102_1x1_n2_1fps_1sp_bb.json,s102
1687795006.067299000,1,rover_s102_1x1_n2_1fps_1sp_bb.json,s102
1687795006.067300000,2,rover_s102_1x1_n2_1fps_1sp_bb.json,s102
1687795006.067437000,3,rover_s102_1x1_n2_1fps_1sp_bb.json,s102
1687795006.067876000,4,rover_s102_1x1_n2_1fps_1sp_bb.json,s102
1687795006.067978000,5,rover_s102_1x1_n2_1fps_1sp_bb.json,s102
1687795006.068574000,6,rover_s102_1x1_n2_1fps_1sp_bb.json,s102
1687795006.069598000,7,rover_s102_1x1_n2_1fps_1sp_bb.json,s102
1687795007.088682000,0,rover_s102_1x1_n2_1fps_1sp_bb.json,s102
1687795007.089118000,1,rover_s102_1x1_n2_1fps_1sp_bb.json,s102
1687795007.089202000,2,rover_s102_1x1_n2_1fps_1sp_bb.json,s102
1687795007.090097000,3,rover_s102_1x1_n2_1fps_1sp_bb.json,s102
1687795007.090099000,4,rover_s102_1x1_n2_1fps_1sp_bb.json,s102
1687795007.090616000,5,rover_s102_1x1_n2_1fps_1sp_bb.json,s102
1687795007.090618000,6,rover_s102_1x1_n2_1fps_1sp_bb.json,s102
1687795007.091218000,7,rover_s102_1x1_n2_1fps_1sp_bb.json,s102
1687795007.091220000,8,rover_s102_1x1_n2_1fps_1sp_bb.json,s102
1687795007.092424000,9,rover_s102_1x1_n2_1fps_1sp_bb.json,s102
1687795008.112492000,0,rover_s102_1x1_n2_1fps_1sp_bb.json,s102
1687795008.113416000,1,rover_s102_1x1_n2_1fps_1sp_bb.json,s102
1687795008.113418000,2,rover_s102_1x1_n2_1fps_1sp_bb.json,s102
1687795008.113878000,3,rover_s102_1x1_n2_1fps_1sp_bb.json,s102
1687795008.113964000,4,rover_s102_1x1_n2_1fps_1sp_bb.json,s102
1687795008.114425000,5,rover_s102_1x1_n2_1fps_1sp_bb.json,s102
1687795008.115422000,6,rover_s102_1x1_n2_1fps_1sp_bb.json,s102
1687795009.135000000,0,rover_s102_1x1_n2_1fps_1sp_bb.json,s102
1687795009.136998000,1,rover_s102_1x1_n2_1fps_1sp_bb.json,s102
1687795009.137118000,2,rover_s102_1x1_n2_1fps_1sp_bb.json,s102
1687795009.137120000,3,rover_s102_1x1_n2_1fps_1sp_bb.json,s102
1687795009.137332000,4,rover_s102_1x1_n2_1fps_1sp_bb.json,s102
1687795009.137333000,5,rover_s102_1x1_n2_1fps_1sp_bb.json,s102
1687795009.138147000,6,rover_s102_1x1_n2_1fps_1sp_bb.json,s102
1687795010.155614000,0,rover_s102_1x1_n2_1fps_1sp_bb.json,s102
1687795010.156024000,1,rover_s102_1x1_n2_1fps_1sp_bb.json,s102
1687795010.156117000,2,rover_s102_1x1_n2_1fps_1sp_bb.json,s102
1687795010.156540000,3,rover_s102_1x1_n2_1fps_1sp_bb.json,s102
1687795010.156638000,4,rover_s102_1x1_n2_1fps_1sp_bb.json,s102
1687795010.157727000,5,rover_s102_1x1_n2_1fps_1sp_bb.json,s102
1687795010.157729000,6,rover_s102_1x1_n2_1fps_1sp_bb.json,s102
1687795010.157885000,7,rover_s102_1x1_n2_1fps_1sp_bb.json,s102
1687795011.174697000,0,rover_s102_1x1_n2_1fps_1sp_bb.json,s102
1687795011.175095000,1,rover_s102_1x1_n2_1fps_1sp_bb.json,s102
1687795011.175178000,2,rover_s102_1x1_n2_1fps_1sp_bb.json,s102
1687795011.176208000,3,rover_s102_1x1_n2_1fps_1sp_bb.json,s102
1687795011.176210000,4,rover_s102_1x1_n2_1fps_1sp_bb.json,s102
1687795011.176343000,5,rover_s102_1x1_n2_1fps_1sp_bb.json,s102
1687795011.176799000,6,rover_s102_1x1_n2_1fps_1sp_bb.json,s102
1687795011.176901000,7,rover_s102_1x1_n2_1fps_1sp_bb.json,s102
1687795011.177775000,8,rover_s102_1x1_n2_1fps_1sp_bb.json,s102
1687795011.177944000,9,rover_s102_1x1_n2_1fps_1sp_bb.json,s102
1687795011.178230000,10,rover_s102_1x1_n2_1fps_1sp_bb.json,s102
1687795011.178318000,11,rover_s102_1x1_n2_1fps_1sp_bb.json,s102
1687795012.195485000,0,rover_s102_1x1_n2_1fps_1sp_bb.json,s102
1687795012.195829000,1,rover_s102_1x1_n2_1fps_1sp_bb.json,s102
1687795012.195831000,2,rover_s102_1x1_n2_1fps_1sp_bb.json,s102
1687795012.196876000,3,rover_s102_1x1_n2_1fps_1sp_bb.json,s102
1687795012.196878000,4,rover_s102_1x1_n2_1fps_1sp_bb.json,s102
1687795012.197014000,5,rover_s102_1x1_n2_1fps_1sp_bb.json,s102
1687795012.197647000,6,rover_s102_1x1_n2_1fps_1sp_bb.json,s102
1687795012.197748000,7,rover_s102_1x1_n2_1fps_1sp_bb.json,s102
1687795012.198265000,8,rover_s102_1x1_n2_1fps_1sp_bb.json,s102
1687795012.198367000,9,rover_s102_1x1_n2_1fps_1sp_bb.json,s102
1687795013.216090000,0,rover_s102_1x1_n2_1fps_1sp_bb.json,s102
1687795013.217143000,1,rover_s102_1x1_n2_1fps_1sp_bb.json,s102
1687795013.217145000,2,rover_s102_1x1_n2_1fps_1sp_bb.json,s102
1687795013.217708000,3,rover_s102_1x1_n2_1fps_1sp_bb.json,s102
1687795013.217710000,4,rover_s102_1x1_n2_1fps_1sp_bb.json,s102
1687795013.217850000,5,rover_s102_1x1_n2_1fps_1sp_bb.json,s102
1687795013.218351000,6,rover_s102_1x1_n2_1fps_1sp_bb.json,s102
1687795013.219619000,7,rover_s102_1x1_n2_1fps_1sp_bb.json,s102
1687795014.234061000,0,rover_s102_1x1_n2_1fps_1sp_bb.json,s102
1687795014.234465000,1,rover_s102_1x1_n2_1fps_1sp_bb.json,s102
1687795014.234553000,2,rover_s102_1x1_n2_1fps_1sp_bb.json,s102
1687795014.235520000,3,rover_s102_1x1_n2_1fps_1sp_bb.json,s102
1687795014.235522000,4,rover_s102_1x1_n2_1fps_1sp_bb.json,s102
1687795014.235657000,5,rover_s102_1x1_n2_1fps_1sp_bb.json,s102
1687795014.236108000,6,rover_s102_1x1_n2_1fps_1sp_bb.json,s102
1687795015.256178000,0,rover_s102_1x1_n2_1fps_1sp_bb.json,s102
1687795015.257191000,1,rover_s102_1x1_n2_1fps_1sp_bb.json,s102
1687795015.257192000,2,rover_s102_1x1_n2_1fps_1sp_bb.json,s102
1687795015.257342000,3,rover_s102_1x1_n2_1fps_1sp_bb.json,s102
1687795015.257938000,4,rover_s102_1x1_n2_1fps_1sp_bb.json,s102
1687795015.258040000,5,rover_s102_1x1_n2_1fps_1sp_bb.json,s102
1687795015.258562000,6,rover_s102_1x1_n2_1fps_1sp_bb.json,s102
1687795016.276794000,0,rover_s102_1x1_n2_1fps_1sp_bb.json,s102
1687795016.277187000,1,rover_s102_1x1_n2_1fps_1sp_bb.json,s102
1687795016.277268000,2,rover_s102_1x1_n2_1fps_1sp_bb.json,s102
1687795016.278189000,3,rover_s102_1x1_n2_1fps_1sp_bb.json,s102
1687795016.278301000,4,rover_s102_1x1_n2_1fps_1sp_bb.json,s102
1687795016.278946000,5,rover_s102_1x1_n2_1fps_1sp_bb.json,s102
1687795016.279050000,6,rover_s102_1x1_n2_1fps_1sp_bb.json,s102
1687795016.280136000,7,rover_s102_1x1_n2_1fps_1sp_bb.json,s102
1687795017.302865000,0,rover_s102_1x1_n2_1fps_1sp_bb.json,s102
1687795017.303270000,1,rover_s102_1x1_n2_1fps_1sp_bb.json,s102
1687795017.303351000,2,rover_s102_1x1_n2_1fps_1sp_bb.json,s102
1687795017.304503000,3,rover_s102_1x1_n2_1fps_1sp_bb.json,s102
1687795017.304603000,4,rover_s102_1x1_n2_1fps_1sp_bb.json,s102
1687795017.304702000,5,rover_s102_1x1_n2_1fps_1sp_bb.json,s102
1687795017.305424000,6,rover_s102_1x1_n2_1fps_1sp_bb.json,s102
1687795017.305532000,7,rover_s102_1x1_n2_1fps_1sp_bb.json,s102
1687795017.305617000,8,rover_s102_1x1_n2_1fps_1sp_bb.json,s102
1687795017.306532000,9,rover_s102_1x1_n2_1fps_1sp_bb.json,s102
1687795018.326376000,0,rover_s102_1x1_n2_1fps_1sp_bb.json,s102
1687795018.326848000,1,rover_s102_1x1_n2_1fps_1sp_bb.json,s102
1687795018.326850000,2,rover_s102_1x1_n2_1fps_1sp_bb.json,s102
1687795018.328201000,3,rover_s102_1x1_n2_1fps_1sp_bb.json,s102
1687795018.329215000,4,rover_s102_1x1_n2_1fps_1sp_bb.json,s102
1687795018.329216000,5,rover_s102_1x1_n2_1fps_1sp_bb.json,s102
1687795018.329349000,6,rover_s102_1x1_n2_1fps_1sp_bb.json,s102
1687795018.329444000,7,rover_s102_1x1_n2_1fps_1sp_bb.json,s102
1687795018.329538000,8,rover_s102_1x1_n2_1fps_1sp_bb.json,s102
1687795018.329787000,9,rover_s102_1x1_n2_1fps_1sp_bb.json,s102
1687795018.329887000,10,rover_s102_1x1_n2_1fps_1sp_bb.json,s102
1687795019.346902000,0,rover_s102_1x1_n2_1fps_1sp_bb.json,s102
1687795019.347638000,1,rover_s102_1x1_n2_1fps_1sp_bb.json,s102
1687795019.347738000,2,rover_s102_1x1_n2_1fps_1sp_bb.json,s102
1687795019.348324000,3,rover_s102_1x1_n2_1fps_1sp_bb.json,s102
1687795019.349190000,4,rover_s102_1x1_n2_1fps_1sp_bb.json,s102
1687795020.375240000,0,rover_s102_1x1_n2_1fps_1sp_bb.json,s102
1687795020.375581000,1,rover_s102_1x1_n2_1fps_1sp_bb.json,s102
1687795020.376213000,2,rover_s102_1x1_n2_1fps_1sp_bb.json,s102
1687795020.376307000,3,rover_s102_1x1_n2_1fps_1sp_bb.json,s102
1687795020.376703000,4,rover_s102_1x1_n2_1fps_1sp_bb.json,s102
1687795020.376803000,5,rover_s102_1x1_n2_1fps_1sp_bb.json,s102
1687795020.377512000,6,rover_s102_1x1_n2_1fps_1sp_bb.json,s102
1687795020.378355000,7,rover_s102_1x1_n2_1fps_1sp_bb.json,s102
1687795021.399337000,0,rover_s102_1x1_n2_1fps_1sp_bb.json,s102
1687795021.399734000,1,rover_s102_1x1_n2_1fps_1sp_bb.json,s102
1687795021.399736000,2,rover_s102_1x1_n2_1fps_1sp_bb.json,s102
1687795021.400884000,3,rover_s102_1x1_n2_1fps_1sp_bb.json,s102
1687795021.400991000,4,rover_s102_1x1_n2_1fps_1sp_bb.json,s102
1687795021.401082000,5,rover_s102_1x1_n2_1fps_1sp_bb.json,s102
1687795021.402194000,6,rover_s102_1x1_n2_1fps_1sp_bb.json,s102
1687795022.424171000,0,rover_s102_1x1_n2_1fps_1sp_bb.json,s102
1687795022.424381000,1,rover_s102_1x1_n2_1fps_1sp_bb.json,s102
1687795022.424383000,2,rover_s102_1x1_n2_1fps_1sp_bb.json,s102
1687795022.424633000,3,rover_s102_1x1_n2_1fps_1sp_bb.json,s102
1687795022.424634000,4,rover_s102_1x1_n2_1fps_1sp_bb.json,s102
1687795022.425479000,5,rover_s102_1x1_n2_1fps_1sp_bb.json,s102
1687795022.425594000,6,rover_s102_1x1_n2_1fps_1sp_bb.json,s102
1687795022.425688000,7,rover_s102_1x1_n2_1fps_1sp_bb.json,s102
1687795022.426403000,8,rover_s102_1x1_n2_1fps_1sp_bb.json,s102
1687795022.426527000,9,rover_s102_1x1_n2_1fps_1sp_bb.json,s102
1687795022.427031000,10,rover_s102_1x1_n2_1fps_1sp_bb.json,s102
1687795022.427124000,11,rover_s102_1x1_n2_1fps_1sp_bb.json,s102
1687795023.445506000,0,rover_s102_1x1_n2_1fps_1sp_bb.json,s102
1687795023.445722000,1,rover_s102_1x1_n2_1fps_1sp_bb.json,s102
1687795023.446749000,2,rover_s102_1x1_n2_1fps_1sp_bb.json,s102
1687795023.446751000,3,rover_s102_1x1_n2_1fps_1sp_bb.json,s102
1687795023.446873000,4,rover_s102_1x1_n2_1fps_1sp_bb.json,s102
1687795023.447663000,5,rover_s102_1x1_n2_1fps_1sp_bb.json,s102
1687795023.447782000,6,rover_s102_1x1_n2_1fps_1sp_bb.json,s102
1687795023.447784000,7,rover_s102_1x1_n2_1fps_1sp_bb.json,s102
1687795023.448341000,8,rover_s102_1x1_n2_1fps_1sp_bb.json,s102
1687795023.448445000,9,rover_s102_1x1_n2_1fps_1sp_bb.json,s102
1687795024.465596000,0,rover_s102_1x1_n2_1fps_1sp_bb.json,s102
1687795024.465817000,1,rover_s102_1x1_n2_1fps_1sp_bb.json,s102
1687795024.467065000,2,rover_s102_1x1_n2_1fps_1sp_bb.json,s102
1687795024.467172000,3,rover_s102_1x1_n2_1fps_1sp_bb.json,s102
1687795024.467173000,4,rover_s102_1x1_n2_1fps_1sp_bb.json,s102
1687795024.467484000,5,rover_s102_1x1_n2_1fps_1sp_bb.json,s102
1687795024.467570000,6,rover_s102_1x1_n2_1fps_1sp_bb.json,s102
1687795025.484310000,0,rover_s102_1x1_n2_1fps_1sp_bb.json,s102
1687795025.484655000,1,rover_s102_1x1_n2_1fps_1sp_bb.json,s102
1687795025.486542000,2,rover_s102_1x1_n2_1fps_1sp_bb.json,s102
1687795025.486544000,3,rover_s102_1x1_n2_1fps_1sp_bb.json,s102
1687795026.511710000,0,rover_s102_1x1_n2_1fps_1sp_bb.json,s102
1687795026.512135000,1,rover_s102_1x1_n2_1fps_1sp_bb.json,s102
1687795026.512238000,2,rover_s102_1x1_n2_1fps_1sp_bb.json,s102
1687795026.513376000,3,rover_s102_1x1_n2_1fps_1sp_bb.json,s102
1687795026.513378000,4,rover_s102_1x1_n2_1fps_1sp_bb.json,s102
1687795026.513515000,5,rover_s102_1x1_n2_1fps_1sp_bb.json,s102
1687795026.514064000,6,rover_s102_1x1_n2_1fps_1sp_bb.json,s102
1687795026.514171000,7,rover_s102_1x1_n2_1fps_1sp_bb.json,s102
1687795027.535566000,0,rover_s102_1x1_n2_1fps_1sp_bb.json,s102
1687795027.535744000,1,rover_s102_1x1_n2_1fps_1sp_bb.json,s102
1687795027.536713000,2,rover_s102_1x1_n2_1fps_1sp_bb.json,s102
1687795027.536715000,3,rover_s102_1x1_n2_1fps_1sp_bb.json,s102
1687795027.536863000,4,rover_s102_1x1_n2_1fps_1sp_bb.json,s102
1687795027.537785000,5,rover_s102_1x1_n2_1fps_1sp_bb.json,s102
1687795027.537893000,6,rover_s102_1x1_n2_1fps_1sp_bb.json,s102
1687795027.537985000,7,rover_s102_1x1_n2_1fps_1sp_bb.json,s102
1687795027.538884000,8,rover_s102_1x1_n2_1fps_1sp_bb.json,s102
1687795028.556361000,0,rover_s102_1x1_n2_1fps_1sp_bb.json,s102
1687795028.556882000,1,rover_s102_1x1_n2_1fps_1sp_bb.json,s102
1687795028.556968000,2,rover_s102_1x1_n2_1fps_1sp_bb.json,s102
1687795028.558269000,3,rover_s102_1x1_n2_1fps_1sp_bb.json,s102
1687795028.558271000,4,rover_s102_1x1_n2_1fps_1sp_bb.json,s102
1687795028.558390000,5,rover_s102_1x1_n2_1fps_1sp_bb.json,s102
1687795028.558484000,6,rover_s102_1x1_n2_1fps_1sp_bb.json,s102
1687795028.559086000,7,rover_s102_1x1_n2_1fps_1sp_bb.json,s102
1687795028.559479000,8,rover_s102_1x1_n2_1fps_1sp_bb.json,s102
1687795028.559481000,9,rover_s102_1x1_n2_1fps_1sp_bb.json,s102
1687795029.578970000,0,rover_s102_1x1_n2_1fps_1sp_bb.json,s102
1687795029.580124000,1,rover_s102_1x1_n2_1fps_1sp_bb.json,s102
1687795029.580125000,2,rover_s102_1x1_n2_1fps_1sp_bb.json,s102
1687795029.580637000,3,rover_s102_1x1_n2_1fps_1sp_bb.json,s102
1687795029.580639000,4,rover_s102_1x1_n2_1fps_1sp_bb.json,s102
1687795029.581268000,5,rover_s102_1x1_n2_1fps_1sp_bb.json,s102
1687795029.581373000,6,rover_s102_1x1_n2_1fps_1sp_bb.json,s102
1687795029.582427000,7,rover_s102_1x1_n2_1fps_1sp_bb.json,s102
1687795030.602795000,0,rover_s102_1x1_n2_1fps_1sp_bb.json,s102
1687795030.603913000,1,rover_s102_1x1_n2_1fps_1sp_bb.json,s102
1687795030.603915000,2,rover_s102_1x1_n2_1fps_1sp_bb.json,s102
1687795030.604366000,3,rover_s102_1x1_n2_1fps_1sp_bb.json,s102
1687795030.604453000,4,rover_s102_1x1_n2_1fps_1sp_bb.json,s102
1687795030.605856000,5,rover_s102_1x1_n2_1fps_1sp_bb.json,s102
1687795030.605978000,6,rover_s102_1x1_n2_1fps_1sp_bb.json,s102
1687795030.606088000,7,rover_s102_1x1_n2_1fps_1sp_bb.json,s102
1687795031.627648000,0,rover_s102_1x1_n2_1fps_1sp_bb.json,s102
1687795031.628015000,1,rover_s102_1x1_n2_1fps_1sp_bb.json,s102
1687795031.628474000,2,rover_s102_1x1_n2_1fps_1sp_bb.json,s102
1687795031.628476000,3,rover_s102_1x1_n2_1fps_1sp_bb.json,s102
1687795031.629091000,4,rover_s102_1x1_n2_1fps_1sp_bb.json,s102
1687795031.629545000,5,rover_s102_1x1_n2_1fps_1sp_bb.json,s102
1687795031.629640000,6,rover_s102_1x1_n2_1fps_1sp_bb.json,s102
1687795032.650310000,0,rover_s102_1x1_n2_1fps_1sp_bb.json,s102
1687795032.650870000,1,rover_s102_1x1_n2_1fps_1sp_bb.json,s102
1687795032.651269000,2,rover_s102_1x1_n2_1fps_1sp_bb.json,s102
1687795032.651358000,3,rover_s102_1x1_n2_1fps_1sp_bb.json,s102
1687795032.652202000,4,rover_s102_1x1_n2_1fps_1sp_bb.json,s102
1687795032.652204000,5,rover_s102_1x1_n2_1fps_1sp_bb.json,s102
1687795033.670221000,0,rover_s102_1x1_n2_1fps_1sp_bb.json,s102
1687795033.670782000,1,rover_s102_1x1_n2_1fps_1sp_bb.json,s102
1687795033.670892000,2,rover_s102_1x1_n2_1fps_1sp_bb.json,s102
1687795033.672095000,3,rover_s102_1x1_n2_1fps_1sp_bb.json,s102
1687795033.672097000,4,rover_s102_1x1_n2_1fps_1sp_bb.json,s102
1687795033.672256000,5,rover_s102_1x1_n2_1fps_1sp_bb.json,s102
1687795033.673005000,6,rover_s102_1x1_n2_1fps_1sp_bb.json,s102
1687795033.673119000,7,rover_s102_1x1_n2_1fps_1sp_bb.json,s102
1687795033.673224000,8,rover_s102_1x1_n2_1fps_1sp_bb.json,s102
1687795033.673399000,9,rover_s102_1x1_n2_1fps_1sp_bb.json,s102
1687795034.697143000,0,rover_s102_1x1_n2_1fps_1sp_bb.json,s102
1687795034.697581000,1,rover_s102_1x1_n2_1fps_1sp_bb.json,s102
1687795034.697668000,2,rover_s102_1x1_n2_1fps_1sp_bb.json,s102
1687795034.698937000,3,rover_s102_1x1_n2_1fps_1sp_bb.json,s102
1687795034.698939000,4,rover_s102_1x1_n2_1fps_1sp_bb.json,s102
1687795034.699073000,5,rover_s102_1x1_n2_1fps_1sp_bb.json,s102
1687795034.699598000,6,rover_s102_1x1_n2_1fps_1sp_bb.json,s102
1687795034.699702000,7,rover_s102_1x1_n2_1fps_1sp_bb.json,s102
1687795034.700720000,8,rover_s102_1x1_n2_1fps_1sp_bb.json,s102
1687795035.718176000,0,rover_s102_1x1_n2_1fps_1sp_bb.json,s102
1687795035.718720000,1,rover_s102_1x1_n2_1fps_1sp_bb.json,s102
1687795035.718808000,2,rover_s102_1x1_n2_1fps_1sp_bb.json,s102
1687795035.719321000,3,rover_s102_1x1_n2_1fps_1sp_bb.json,s102
1687795035.719425000,4,rover_s102_1x1_n2_1fps_1sp_bb.json,s102
1687795035.720356000,5,rover_s102_1x1_n2_1fps_1sp_bb.json,s102
1687795035.720469000,6,rover_s102_1x1_n2_1fps_1sp_bb.json,s102
1687795035.721104000,7,rover_s102_1x1_n2_1fps_1sp_bb.json,s102
1687795036.744212000,0,rover_s102_1x1_n2_1fps_1sp_bb.json,s102
1687795036.745010000,1,rover_s102_1x1_n2_1fps_1sp_bb.json,s102
1687795036.745124000,2,rover_s102_1x1_n2_1fps_1sp_bb.json,s102
1687795036.745125000,3,rover_s102_1x1_n2_1fps_1sp_bb.json,s102
1687795036.745259000,4,rover_s102_1x1_n2_1fps_1sp_bb.json,s102
1687795036.745546000,5,rover_s102_1x1_n2_1fps_1sp_bb.json,s102
1687795036.746868000,6,rover_s102_1x1_n2_1fps_1sp_bb.json,s102
1687795036.746987000,7,rover_s102_1x1_n2_1fps_1sp_bb.json,s102
1687795036.746989000,8,rover_s102_1x1_n2_1fps_1sp_bb.json,s102
1687795036.747617000,9,rover_s102_1x1_n2_1fps_1sp_bb.json,s102
1687795037.765535000,0,rover_s102_1x1_n2_1fps_1sp_bb.json,s102
1687795037.765761000,1,rover_s102_1x1_n2_1fps_1sp_bb.json,s102
1687795037.766558000,2,rover_s102_1x1_n2_1fps_1sp_bb.json,s102
1687795037.766560000,3,rover_s102_1x1_n2_1fps_1sp_bb.json,s102
1687795037.766691000,4,rover_s102_1x1_n2_1fps_1sp_bb.json,s102
1687795037.767149000,5,rover_s102_1x1_n2_1fps_1sp_bb.json,s102
1687795037.767262000,6,rover_s102_1x1_n2_1fps_1sp_bb.json,s102
1687795037.768819000,7,rover_s102_1x1_n2_1fps_1sp_bb.json,s102
1687795037.769230000,8,rover_s102_1x1_n2_1fps_1sp_bb.json,s102
1687795038.791173000,0,rover_s102_1x1_n2_1fps_1sp_bb.json,s102
1687795038.791670000,1,rover_s102_1x1_n2_1fps_1sp_bb.json,s102
1687795038.791875000,2,rover_s102_1x1_n2_1fps_1sp_bb.json,s102
1687795038.792817000,3,rover_s102_1x1_n2_1fps_1sp_bb.json,s102
1687795038.792819000,4,rover_s102_1x1_n2_1fps_1sp_bb.json,s102
1687795038.793088000,5,rover_s102_1x1_n2_1fps_1sp_bb.json,s102
1687795039.814420000,0,rover_s102_1x1_n2_1fps_1sp_bb.json,s102
1687795039.814798000,1,rover_s102_1x1_n2_1fps_1sp_bb.json,s102
1687795039.814886000,2,rover_s102_1x1_n2_1fps_1sp_bb.json,s102
1687795039.815351000,3,rover_s102_1x1_n2_1fps_1sp_bb.json,s102
1687795039.815800000,4,rover_s102_1x1_n2_1fps_1sp_bb.json,s102
1687795039.815913000,5,rover_s102_1x1_n2_1fps_1sp_bb.json,s102
1687795039.816611000,6,rover_s102_1x1_n2_1fps_1sp_bb.json,s102
1687795039.818260000,7,rover_s102_1x1_n2_1fps_1sp_bb.json,s102
1687795040.836686000,0,rover_s102_1x1_n2_1fps_1sp_bb.json,s102
1687795040.837465000,1,rover_s102_1x1_n2_1fps_1sp_bb.json,s102
1687795040.837467000,2,rover_s102_1x1_n2_1fps_1sp_bb.json,s102
1687795040.838138000,3,rover_s102_1x1_n2_1fps_1sp_bb.json,s102
1687795040.838694000,4,rover_s102_1x1_n2_1fps_1sp_bb.json,s102
1687795041.856281000,0,rover_s102_1x1_n2_1fps_1sp_bb.json,s102
1687795041.856665000,1,rover_s102_1x1_n2_1fps_1sp_bb.json,s102
1687795041.857037000,2,rover_s102_1x1_n2_1fps_1sp_bb.json,s102
1687795041.857569000,3,rover_s102_1x1_n2_1fps_1sp_bb.json,s102
1687795041.858620000,4,rover_s102_1x1_n2_1fps_1sp_bb.json,s102
1687795042.877237000,0,rover_s102_1x1_n2_1fps_1sp_bb.json,s102
1687795042.877239000,1,rover_s102_1x1_n2_1fps_1sp_bb.json,s102
1687795042.877928000,2,rover_s102_1x1_n2_1fps_1sp_bb.json,s102
1687795042.878464000,3,rover_s102_1x1_n2_1fps_1sp_bb.json,s102
1687795042.878814000,4,rover_s102_1x1_n2_1fps_1sp_bb.json,s102
1687795042.878815000,5,rover_s102_1x1_n2_1fps_1sp_bb.json,s102
1687795042.879347000,6,rover_s102_1x1_n2_1fps_1sp_bb.json,s102
1687795042.879936000,7,rover_s102_1x1_n2_1fps_1sp_bb.json,s102
1687795042.880043000,8,rover_s102_1x1_n2_1fps_1sp_bb.json,s102
1687795043.905073000,0,rover_s102_1x1_n2_1fps_1sp_bb.json,s102
1687795043.906226000,1,rover_s102_1x1_n2_1fps_1sp_bb.json,s102
1687795043.906228000,2,rover_s102_1x1_n2_1fps_1sp_bb.json,s102
1687795043.907888000,3,rover_s102_1x1_n2_1fps_1sp_bb.json,s102
1687795043.907890000,4,rover_s102_1x1_n2_1fps_1sp_bb.json,s102
1687795043.909276000,5,rover_s102_1x1_n2_1fps_1sp_bb.json,s102
1687795043.909277000,6,rover_s102_1x1_n2_1fps_1sp_bb.json,s102
1687795043.910113000,7,rover_s102_1x1_n2_1fps_1sp_bb.json,s102
1687795043.910227000,8,rover_s102_1x1_n2_1fps_1sp_bb.json,s102
1687795043.910229000,9,rover_s102_1x1_n2_1fps_1sp_bb.json,s102
1687795043.910394000,10,rover_s102_1x1_n2_1fps_1sp_bb.json,s102
1687795044.929582000,0,rover_s102_1x1_n2_1fps_1sp_bb.json,s102
1687795044.929948000,1,rover_s102_1x1_n2_1fps_1sp_bb.json,s102
1687795044.929950000,2,rover_s102_1x1_n2_1fps_1sp_bb.json,s102
1687795044.930274000,3,rover_s102_1x1_n2_1fps_1sp_bb.json,s102
1687795044.931519000,4,rover_s102_1x1_n2_1fps_1sp_bb.json,s102
1687795044.931521000,5,rover_s102_1x1_n2_1fps_1sp_bb.json,s102
1687795044.932630000,6,rover_s102_1x1_n2_1fps_1sp_bb.json,s102
1687795044.932632000,7,rover_s102_1x1_n2_1fps_1sp_bb.json,s102
1687795045.952887000,0,rover_s102_1x1_n2_1fps_1sp_bb.json,s102
1687795045.953244000,1,rover_s102_1x1_n2_1fps_1sp_bb.json,s102
1687795045.953246000,2,rover_s102_1x1_n2_1fps_1sp_bb.json,s102
1687795045.953589000,3,rover_s102_1x1_n2_1fps_1sp_bb.json,s102
1687795045.955138000,4,rover_s102_1x1_n2_1fps_1sp_bb.json,s102
1687795045.955140000,5,rover_s102_1x1_n2_1fps_1sp_bb.json,s102
1687795045.955292000,6,rover_s102_1x1_n2_1fps_1sp_bb.json,s102
1687795046.976382000,0,rover_s102_1x1_n2_1fps_1sp_bb.json,s102
1687795046.976793000,1,rover_s102_1x1_n2_1fps_1sp_bb.json,s102
1687795046.976873000,2,rover_s102_1x1_n2_1fps_1sp_bb.json,s102
1687795046.977946000,3,rover_s102_1x1_n2_1fps_1sp_bb.json,s102
1687795046.977948000,4,rover_s102_1x1_n2_1fps_1sp_bb.json,s102
1687795046.978090000,5,rover_s102_1x1_n2_1fps_1sp_bb.json,s102
1687795046.978526000,6,rover_s102_1x1_n2_1fps_1sp_bb.json,s102
1687795046.978628000,7,rover_s102_1x1_n2_1fps_1sp_bb.json,s102
1687795047.995003000,0,rover_s102_1x1_n2_1fps_1sp_bb.json,s102
1687795047.996263000,1,rover_s102_1x1_n2_1fps_1sp_bb.json,s102
1687795047.996265000,2,rover_s102_1x1_n2_1fps_1sp_bb.json,s102
1687795047.997195000,3,rover_s102_1x1_n2_1fps_1sp_bb.json,s102
1687795047.997196000,4,rover_s102_1x1_n2_1fps_1sp_bb.json,s102
1687795049.017739000,0,rover_s102_1x1_n2_1fps_1sp_bb.json,s102
1687795049.018139000,1,rover_s102_1x1_n2_1fps_1sp_bb.json,s102
1687795049.018221000,2,rover_s102_1x1_n2_1fps_1sp_bb.json,s102
1687795049.019163000,3,rover_s102_1x1_n2_1fps_1sp_bb.json,s102
1687795049.019164000,4,rover_s102_1x1_n2_1fps_1sp_bb.json,s102
1687795049.019315000,5,rover_s102_1x1_n2_1fps_1sp_bb.json,s102
1687795049.019885000,6,rover_s102_1x1_n2_1fps_1sp_bb.json,s102
1687795049.019990000,7,rover_s102_1x1_n2_1fps_1sp_bb.json,s102
1687795049.020889000,8,rover_s102_1x1_n2_1fps_1sp_bb.json,s102
1687795050.035564000,0,rover_s102_1x1_n2_1fps_1sp_bb.json,s102
1687795050.036527000,1,rover_s102_1x1_n2_1fps_1sp_bb.json,s102
1687795050.036529000,2,rover_s102_1x1_n2_1fps_1sp_bb.json,s102
1687795050.036665000,3,rover_s102_1x1_n2_1fps_1sp_bb.json,s102
1687795050.037100000,4,rover_s102_1x1_n2_1fps_1sp_bb.json,s102
1687795050.037257000,5,rover_s102_1x1_n2_1fps_1sp_bb.json,s102
1687795050.037728000,6,rover_s102_1x1_n2_1fps_1sp_bb.json,s102
1687795050.037851000,7,rover_s102_1x1_n2_1fps_1sp_bb.json,s102
1687795050.038159000,8,rover_s102_1x1_n2_1fps_1sp_bb.json,s102
1687795051.060123000,0,rover_s102_1x1_n2_1fps_1sp_bb.json,s102
1687795051.060553000,1,rover_s102_1x1_n2_1fps_1sp_bb.json,s102
1687795051.060638000,2,rover_s102_1x1_n2_1fps_1sp_bb.json,s102
1687795051.061006000,3,rover_s102_1x1_n2_1fps_1sp_bb.json,s102
1687795051.061444000,4,rover_s102_1x1_n2_1fps_1sp_bb.json,s102
1687795051.061536000,5,rover_s102_1x1_n2_1fps_1sp_bb.json,s102
1687795051.061964000,6,rover_s102_1x1_n2_1fps_1sp_bb.json,s102
1687795051.062353000,7,rover_s102_1x1_n2_1fps_1sp_bb.json,s102
1687795052.084700000,0,rover_s102_1x1_n2_1fps_1sp_bb.json,s102
1687795052.084702000,1,rover_s102_1x1_n2_1fps_1sp_bb.json,s102
1687795052.085299000,2,rover_s102_1x1_n2_1fps_1sp_bb.json,s102
1687795052.085764000,3,rover_s102_1x1_n2_1fps_1sp_bb.json,s102
1687795052.085856000,4,rover_s102_1x1_n2_1fps_1sp_bb.json,s102
1687795052.086360000,5,rover_s102_1x1_n2_1fps_1sp_bb.json,s102
1687795052.086645000,6,rover_s102_1x1_n2_1fps_1sp_bb.json,s102
1687795053.109032000,0,rover_s102_1x1_n2_1fps_1sp_bb.json,s102
1687795053.109421000,1,rover_s102_1x1_n2_1fps_1sp_bb.json,s102
1687795053.109970000,2,rover_s102_1x1_n2_1fps_1sp_bb.json,s102
1687795053.110361000,3,rover_s102_1x1_n2_1fps_1sp_bb.json,s102
1687795054.130614000,0,rover_s102_1x1_n2_1fps_1sp_bb.json,s102
1687795054.130958000,1,rover_s102_1x1_n2_1fps_1sp_bb.json,s102
1687795054.131681000,2,rover_s102_1x1_n2_1fps_1sp_bb.json,s102
1687795054.132078000,3,rover_s102_1x1_n2_1fps_1sp_bb.json,s102
1687795054.132165000,4,rover_s102_1x1_n2_1fps_1sp_bb.json,s102
1687795055.152027000,0,rover_s102_1x1_n2_1fps_1sp_bb.json,s102
1687795055.152028000,1,rover_s102_1x1_n2_1fps_1sp_bb.json,s102
1687795055.152515000,2,rover_s102_1x1_n2_1fps_1sp_bb.json,s102
1687795055.153092000,3,rover_s102_1x1_n2_1fps_1sp_bb.json,s102
1687795055.153200000,4,rover_s102_1x1_n2_1fps_1sp_bb.json,s102
1687795055.153461000,5,rover_s102_1x1_n2_1fps_1sp_bb.json,s102
1687795056.171268000,0,rover_s102_1x1_n2_1fps_1sp_bb.json,s102
1687795056.171629000,1,rover_s102_1x1_n2_1fps_1sp_bb.json,s102
1687795056.172028000,2,rover_s102_1x1_n2_1fps_1sp_bb.json,s102
1687795056.172707000,3,rover_s102_1x1_n2_1fps_1sp_bb.json,s102
1687795056.172806000,4,rover_s102_1x1_n2_1fps_1sp_bb.json,s102
1687795056.173113000,5,rover_s102_1x1_n2_1fps_1sp_bb.json,s102
1687795057.191420000,0,rover_s102_1x1_n2_1fps_1sp_bb.json,s102
1687795057.191842000,1,rover_s102_1x1_n2_1fps_1sp_bb.json,s102
1687795057.192298000,2,rover_s102_1x1_n2_1fps_1sp_bb.json,s102
1687795057.192870000,3,rover_s102_1x1_n2_1fps_1sp_bb.json,s102
1687795057.192978000,4,rover_s102_1x1_n2_1fps_1sp_bb.json,s102
