Timestamp,Packet,Scenario,Type
1687805295.878522000,0,rover_s102_2x2_n1_1fps_1sp_aldrich.json,s102
1687805295.878902000,1,rover_s102_2x2_n1_1fps_1sp_aldrich.json,s102
1687805295.879114000,2,rover_s102_2x2_n1_1fps_1sp_aldrich.json,s102
1687805295.879740000,3,rover_s102_2x2_n1_1fps_1sp_aldrich.json,s102
1687805295.879742000,4,rover_s102_2x2_n1_1fps_1sp_aldrich.json,s102
1687805295.879986000,5,rover_s102_2x2_n1_1fps_1sp_aldrich.json,s102
1687805295.880213000,6,rover_s102_2x2_n1_1fps_1sp_aldrich.json,s102
1687805295.880504000,7,rover_s102_2x2_n1_1fps_1sp_aldrich.json,s102
1687805295.880778000,8,rover_s102_2x2_n1_1fps_1sp_aldrich.json,s102
1687805295.881349000,9,rover_s102_2x2_n1_1fps_1sp_aldrich.json,s102
1687805295.881569000,10,rover_s102_2x2_n1_1fps_1sp_aldrich.json,s102
1687805295.882279000,11,rover_s102_2x2_n1_1fps_1sp_aldrich.json,s102
1687805296.902301000,0,rover_s102_2x2_n1_1fps_1sp_aldrich.json,s102
1687805296.902787000,1,rover_s102_2x2_n1_1fps_1sp_aldrich.json,s102
1687805296.904216000,2,rover_s102_2x2_n1_1fps_1sp_aldrich.json,s102
1687805296.904219000,3,rover_s102_2x2_n1_1fps_1sp_aldrich.json,s102
1687805296.904482000,4,rover_s102_2x2_n1_1fps_1sp_aldrich.json,s102
1687805296.904733000,5,rover_s102_2x2_n1_1fps_1sp_aldrich.json,s102
1687805296.904956000,6,rover_s102_2x2_n1_1fps_1sp_aldrich.json,s102
1687805297.924195000,0,rover_s102_2x2_n1_1fps_1sp_aldrich.json,s102
1687805297.924533000,1,rover_s102_2x2_n1_1fps_1sp_aldrich.json,s102
1687805297.924876000,2,rover_s102_2x2_n1_1fps_1sp_aldrich.json,s102
1687805297.924878000,3,rover_s102_2x2_n1_1fps_1sp_aldrich.json,s102
1687805297.925314000,4,rover_s102_2x2_n1_1fps_1sp_aldrich.json,s102
1687805297.925523000,5,rover_s102_2x2_n1_1fps_1sp_aldrich.json,s102
1687805297.926111000,6,rover_s102_2x2_n1_1fps_1sp_aldrich.json,s102
1687805297.926329000,7,rover_s102_2x2_n1_1fps_1sp_aldrich.json,s102
1687805298.952485000,0,rover_s102_2x2_n1_1fps_1sp_aldrich.json,s102
1687805298.952833000,1,rover_s102_2x2_n1_1fps_1sp_aldrich.json,s102
1687805298.953770000,2,rover_s102_2x2_n1_1fps_1sp_aldrich.json,s102
1687805298.953866000,3,rover_s102_2x2_n1_1fps_1sp_aldrich.json,s102
1687805298.953980000,4,rover_s102_2x2_n1_1fps_1sp_aldrich.json,s102
1687805298.954103000,5,rover_s102_2x2_n1_1fps_1sp_aldrich.json,s102
1687805298.954104000,6,rover_s102_2x2_n1_1fps_1sp_aldrich.json,s102
1687805298.955138000,7,rover_s102_2x2_n1_1fps_1sp_aldrich.json,s102
1687805298.955241000,8,rover_s102_2x2_n1_1fps_1sp_aldrich.json,s102
1687805298.956744000,9,rover_s102_2x2_n1_1fps_1sp_aldrich.json,s102
1687805298.956885000,10,rover_s102_2x2_n1_1fps_1sp_aldrich.json,s102
1687805299.976542000,0,rover_s102_2x2_n1_1fps_1sp_aldrich.json,s102
1687805299.976742000,1,rover_s102_2x2_n1_1fps_1sp_aldrich.json,s102
1687805299.976840000,2,rover_s102_2x2_n1_1fps_1sp_aldrich.json,s102
1687805299.977132000,3,rover_s102_2x2_n1_1fps_1sp_aldrich.json,s102
1687805299.977234000,4,rover_s102_2x2_n1_1fps_1sp_aldrich.json,s102
1687805299.978063000,5,rover_s102_2x2_n1_1fps_1sp_aldrich.json,s102
1687805299.978064000,6,rover_s102_2x2_n1_1fps_1sp_aldrich.json,s102
1687805299.979224000,7,rover_s102_2x2_n1_1fps_1sp_aldrich.json,s102
1687805301.005047000,0,rover_s102_2x2_n1_1fps_1sp_aldrich.json,s102
1687805301.005420000,1,rover_s102_2x2_n1_1fps_1sp_aldrich.json,s102
1687805301.006695000,2,rover_s102_2x2_n1_1fps_1sp_aldrich.json,s102
1687805301.006804000,3,rover_s102_2x2_n1_1fps_1sp_aldrich.json,s102
1687805301.006919000,4,rover_s102_2x2_n1_1fps_1sp_aldrich.json,s102
1687805301.007039000,5,rover_s102_2x2_n1_1fps_1sp_aldrich.json,s102
1687805301.007041000,6,rover_s102_2x2_n1_1fps_1sp_aldrich.json,s102
1687805301.008031000,7,rover_s102_2x2_n1_1fps_1sp_aldrich.json,s102
1687805301.008135000,8,rover_s102_2x2_n1_1fps_1sp_aldrich.json,s102
1687805301.009320000,9,rover_s102_2x2_n1_1fps_1sp_aldrich.json,s102
1687805302.029028000,0,rover_s102_2x2_n1_1fps_1sp_aldrich.json,s102
1687805302.029247000,1,rover_s102_2x2_n1_1fps_1sp_aldrich.json,s102
1687805302.029658000,2,rover_s102_2x2_n1_1fps_1sp_aldrich.json,s102
1687805302.029775000,3,rover_s102_2x2_n1_1fps_1sp_aldrich.json,s102
1687805302.029776000,4,rover_s102_2x2_n1_1fps_1sp_aldrich.json,s102
1687805302.030311000,5,rover_s102_2x2_n1_1fps_1sp_aldrich.json,s102
1687805302.030411000,6,rover_s102_2x2_n1_1fps_1sp_aldrich.json,s102
1687805302.030952000,7,rover_s102_2x2_n1_1fps_1sp_aldrich.json,s102
1687805302.031053000,8,rover_s102_2x2_n1_1fps_1sp_aldrich.json,s102
1687805302.031781000,9,rover_s102_2x2_n1_1fps_1sp_aldrich.json,s102
1687805302.031928000,10,rover_s102_2x2_n1_1fps_1sp_aldrich.json,s102
1687805302.032329000,11,rover_s102_2x2_n1_1fps_1sp_aldrich.json,s102
1687805302.032418000,12,rover_s102_2x2_n1_1fps_1sp_aldrich.json,s102
1687805302.033081000,13,rover_s102_2x2_n1_1fps_1sp_aldrich.json,s102
1687805302.033181000,14,rover_s102_2x2_n1_1fps_1sp_aldrich.json,s102
1687805302.033774000,15,rover_s102_2x2_n1_1fps_1sp_aldrich.json,s102
1687805302.034636000,16,rover_s102_2x2_n1_1fps_1sp_aldrich.json,s102
1687805302.034638000,17,rover_s102_2x2_n1_1fps_1sp_aldrich.json,s102
1687805302.035713000,18,rover_s102_2x2_n1_1fps_1sp_aldrich.json,s102
1687805303.058095000,0,rover_s102_2x2_n1_1fps_1sp_aldrich.json,s102
1687805303.058544000,1,rover_s102_2x2_n1_1fps_1sp_aldrich.json,s102
1687805303.060241000,2,rover_s102_2x2_n1_1fps_1sp_aldrich.json,s102
1687805303.060242000,3,rover_s102_2x2_n1_1fps_1sp_aldrich.json,s102
1687805303.060400000,4,rover_s102_2x2_n1_1fps_1sp_aldrich.json,s102
1687805303.060539000,5,rover_s102_2x2_n1_1fps_1sp_aldrich.json,s102
1687805303.060654000,6,rover_s102_2x2_n1_1fps_1sp_aldrich.json,s102
1687805303.060736000,7,rover_s102_2x2_n1_1fps_1sp_aldrich.json,s102
1687805303.061114000,8,rover_s102_2x2_n1_1fps_1sp_aldrich.json,s102
1687805304.082153000,0,rover_s102_2x2_n1_1fps_1sp_aldrich.json,s102
1687805304.082376000,1,rover_s102_2x2_n1_1fps_1sp_aldrich.json,s102
1687805304.083436000,2,rover_s102_2x2_n1_1fps_1sp_aldrich.json,s102
1687805304.083438000,3,rover_s102_2x2_n1_1fps_1sp_aldrich.json,s102
1687805304.083580000,4,rover_s102_2x2_n1_1fps_1sp_aldrich.json,s102
1687805304.084855000,5,rover_s102_2x2_n1_1fps_1sp_aldrich.json,s102
1687805305.111645000,0,rover_s102_2x2_n1_1fps_1sp_aldrich.json,s102
1687805305.112011000,1,rover_s102_2x2_n1_1fps_1sp_aldrich.json,s102
1687805305.113294000,2,rover_s102_2x2_n1_1fps_1sp_aldrich.json,s102
1687805305.113296000,3,rover_s102_2x2_n1_1fps_1sp_aldrich.json,s102
1687805305.113428000,4,rover_s102_2x2_n1_1fps_1sp_aldrich.json,s102
1687805305.113529000,5,rover_s102_2x2_n1_1fps_1sp_aldrich.json,s102
1687805305.113904000,6,rover_s102_2x2_n1_1fps_1sp_aldrich.json,s102
1687805305.113998000,7,rover_s102_2x2_n1_1fps_1sp_aldrich.json,s102
1687805306.137402000,0,rover_s102_2x2_n1_1fps_1sp_aldrich.json,s102
1687805306.138368000,1,rover_s102_2x2_n1_1fps_1sp_aldrich.json,s102
1687805306.138370000,2,rover_s102_2x2_n1_1fps_1sp_aldrich.json,s102
1687805306.138627000,3,rover_s102_2x2_n1_1fps_1sp_aldrich.json,s102
1687805306.139368000,4,rover_s102_2x2_n1_1fps_1sp_aldrich.json,s102
1687805306.139479000,5,rover_s102_2x2_n1_1fps_1sp_aldrich.json,s102
1687805306.139567000,6,rover_s102_2x2_n1_1fps_1sp_aldrich.json,s102
1687805307.163006000,0,rover_s102_2x2_n1_1fps_1sp_aldrich.json,s102
1687805307.163375000,1,rover_s102_2x2_n1_1fps_1sp_aldrich.json,s102
1687805307.164588000,2,rover_s102_2x2_n1_1fps_1sp_aldrich.json,s102
1687805307.164590000,3,rover_s102_2x2_n1_1fps_1sp_aldrich.json,s102
1687805307.164734000,4,rover_s102_2x2_n1_1fps_1sp_aldrich.json,s102
1687805307.164861000,5,rover_s102_2x2_n1_1fps_1sp_aldrich.json,s102
1687805307.164993000,6,rover_s102_2x2_n1_1fps_1sp_aldrich.json,s102
1687805307.165088000,7,rover_s102_2x2_n1_1fps_1sp_aldrich.json,s102
1687805307.165587000,8,rover_s102_2x2_n1_1fps_1sp_aldrich.json,s102
1687805307.165692000,9,rover_s102_2x2_n1_1fps_1sp_aldrich.json,s102
1687805307.166684000,10,rover_s102_2x2_n1_1fps_1sp_aldrich.json,s102
1687805308.185347000,0,rover_s102_2x2_n1_1fps_1sp_aldrich.json,s102
1687805308.185557000,1,rover_s102_2x2_n1_1fps_1sp_aldrich.json,s102
1687805308.185660000,2,rover_s102_2x2_n1_1fps_1sp_aldrich.json,s102
1687805308.185986000,3,rover_s102_2x2_n1_1fps_1sp_aldrich.json,s102
1687805308.186086000,4,rover_s102_2x2_n1_1fps_1sp_aldrich.json,s102
1687805308.186175000,5,rover_s102_2x2_n1_1fps_1sp_aldrich.json,s102
1687805308.189684000,6,rover_s102_2x2_n1_1fps_1sp_aldrich.json,s102
1687805308.189824000,7,rover_s102_2x2_n1_1fps_1sp_aldrich.json,s102
1687805308.190395000,8,rover_s102_2x2_n1_1fps_1sp_aldrich.json,s102
1687805308.190487000,9,rover_s102_2x2_n1_1fps_1sp_aldrich.json,s102
1687805308.190609000,10,rover_s102_2x2_n1_1fps_1sp_aldrich.json,s102
1687805308.190729000,11,rover_s102_2x2_n1_1fps_1sp_aldrich.json,s102
1687805308.190731000,12,rover_s102_2x2_n1_1fps_1sp_aldrich.json,s102
1687805308.191467000,13,rover_s102_2x2_n1_1fps_1sp_aldrich.json,s102
1687805308.191579000,14,rover_s102_2x2_n1_1fps_1sp_aldrich.json,s102
1687805308.192403000,15,rover_s102_2x2_n1_1fps_1sp_aldrich.json,s102
1687805309.240846000,0,rover_s102_2x2_n1_1fps_1sp_aldrich.json,s102
1687805309.241317000,1,rover_s102_2x2_n1_1fps_1sp_aldrich.json,s102
1687805309.242529000,2,rover_s102_2x2_n1_1fps_1sp_aldrich.json,s102
1687805309.242531000,3,rover_s102_2x2_n1_1fps_1sp_aldrich.json,s102
1687805309.242670000,4,rover_s102_2x2_n1_1fps_1sp_aldrich.json,s102
1687805309.242775000,5,rover_s102_2x2_n1_1fps_1sp_aldrich.json,s102
1687805309.242889000,6,rover_s102_2x2_n1_1fps_1sp_aldrich.json,s102
1687805309.243549000,7,rover_s102_2x2_n1_1fps_1sp_aldrich.json,s102
1687805309.243663000,8,rover_s102_2x2_n1_1fps_1sp_aldrich.json,s102
1687805309.243757000,9,rover_s102_2x2_n1_1fps_1sp_aldrich.json,s102
1687805310.285414000,0,rover_s102_2x2_n1_1fps_1sp_aldrich.json,s102
1687805310.285625000,1,rover_s102_2x2_n1_1fps_1sp_aldrich.json,s102
1687805310.286120000,2,rover_s102_2x2_n1_1fps_1sp_aldrich.json,s102
1687805310.286261000,3,rover_s102_2x2_n1_1fps_1sp_aldrich.json,s102
1687805310.286667000,4,rover_s102_2x2_n1_1fps_1sp_aldrich.json,s102
1687805310.286810000,5,rover_s102_2x2_n1_1fps_1sp_aldrich.json,s102
1687805310.287863000,6,rover_s102_2x2_n1_1fps_1sp_aldrich.json,s102
1687805310.287864000,7,rover_s102_2x2_n1_1fps_1sp_aldrich.json,s102
1687805310.288011000,8,rover_s102_2x2_n1_1fps_1sp_aldrich.json,s102
1687805310.288629000,9,rover_s102_2x2_n1_1fps_1sp_aldrich.json,s102
1687805310.288742000,10,rover_s102_2x2_n1_1fps_1sp_aldrich.json,s102
1687805310.288842000,11,rover_s102_2x2_n1_1fps_1sp_aldrich.json,s102
1687805310.289308000,12,rover_s102_2x2_n1_1fps_1sp_aldrich.json,s102
1687805310.289310000,13,rover_s102_2x2_n1_1fps_1sp_aldrich.json,s102
1687805310.289439000,14,rover_s102_2x2_n1_1fps_1sp_aldrich.json,s102
1687805310.291073000,15,rover_s102_2x2_n1_1fps_1sp_aldrich.json,s102
1687805310.291194000,16,rover_s102_2x2_n1_1fps_1sp_aldrich.json,s102
1687805310.291584000,17,rover_s102_2x2_n1_1fps_1sp_aldrich.json,s102
1687805310.291682000,18,rover_s102_2x2_n1_1fps_1sp_aldrich.json,s102
1687805310.291684000,19,rover_s102_2x2_n1_1fps_1sp_aldrich.json,s102
1687805310.291932000,20,rover_s102_2x2_n1_1fps_1sp_aldrich.json,s102
1687805310.291933000,21,rover_s102_2x2_n1_1fps_1sp_aldrich.json,s102
1687805310.292605000,22,rover_s102_2x2_n1_1fps_1sp_aldrich.json,s102
1687805310.292720000,23,rover_s102_2x2_n1_1fps_1sp_aldrich.json,s102
1687805310.293207000,24,rover_s102_2x2_n1_1fps_1sp_aldrich.json,s102
1687805310.293318000,25,rover_s102_2x2_n1_1fps_1sp_aldrich.json,s102
1687805310.293320000,26,rover_s102_2x2_n1_1fps_1sp_aldrich.json,s102
1687805310.294116000,27,rover_s102_2x2_n1_1fps_1sp_aldrich.json,s102
1687805310.294222000,28,rover_s102_2x2_n1_1fps_1sp_aldrich.json,s102
1687805310.294911000,29,rover_s102_2x2_n1_1fps_1sp_aldrich.json,s102
1687805311.319566000,0,rover_s102_2x2_n1_1fps_1sp_aldrich.json,s102
1687805311.320135000,1,rover_s102_2x2_n1_1fps_1sp_aldrich.json,s102
1687805311.321702000,2,rover_s102_2x2_n1_1fps_1sp_aldrich.json,s102
1687805311.321704000,3,rover_s102_2x2_n1_1fps_1sp_aldrich.json,s102
1687805311.321844000,4,rover_s102_2x2_n1_1fps_1sp_aldrich.json,s102
1687805311.321960000,5,rover_s102_2x2_n1_1fps_1sp_aldrich.json,s102
1687805311.322079000,6,rover_s102_2x2_n1_1fps_1sp_aldrich.json,s102
1687805311.322172000,7,rover_s102_2x2_n1_1fps_1sp_aldrich.json,s102
1687805311.323339000,8,rover_s102_2x2_n1_1fps_1sp_aldrich.json,s102
1687805312.349848000,0,rover_s102_2x2_n1_1fps_1sp_aldrich.json,s102
1687805312.350071000,1,rover_s102_2x2_n1_1fps_1sp_aldrich.json,s102
1687805312.350392000,2,rover_s102_2x2_n1_1fps_1sp_aldrich.json,s102
1687805312.350393000,3,rover_s102_2x2_n1_1fps_1sp_aldrich.json,s102
1687805312.350545000,4,rover_s102_2x2_n1_1fps_1sp_aldrich.json,s102
1687805312.352131000,5,rover_s102_2x2_n1_1fps_1sp_aldrich.json,s102
1687805312.352259000,6,rover_s102_2x2_n1_1fps_1sp_aldrich.json,s102
1687805312.353629000,7,rover_s102_2x2_n1_1fps_1sp_aldrich.json,s102
1687805313.374651000,0,rover_s102_2x2_n1_1fps_1sp_aldrich.json,s102
1687805313.374979000,1,rover_s102_2x2_n1_1fps_1sp_aldrich.json,s102
1687805313.376321000,2,rover_s102_2x2_n1_1fps_1sp_aldrich.json,s102
1687805313.376429000,3,rover_s102_2x2_n1_1fps_1sp_aldrich.json,s102
1687805313.376522000,4,rover_s102_2x2_n1_1fps_1sp_aldrich.json,s102
1687805313.376675000,5,rover_s102_2x2_n1_1fps_1sp_aldrich.json,s102
1687805313.376770000,6,rover_s102_2x2_n1_1fps_1sp_aldrich.json,s102
1687805313.377159000,7,rover_s102_2x2_n1_1fps_1sp_aldrich.json,s102
1687805313.377260000,8,rover_s102_2x2_n1_1fps_1sp_aldrich.json,s102
1687805314.398843000,0,rover_s102_2x2_n1_1fps_1sp_aldrich.json,s102
1687805314.399039000,1,rover_s102_2x2_n1_1fps_1sp_aldrich.json,s102
1687805314.399127000,2,rover_s102_2x2_n1_1fps_1sp_aldrich.json,s102
1687805314.399128000,3,rover_s102_2x2_n1_1fps_1sp_aldrich.json,s102
1687805314.399214000,4,rover_s102_2x2_n1_1fps_1sp_aldrich.json,s102
1687805314.399305000,5,rover_s102_2x2_n1_1fps_1sp_aldrich.json,s102
1687805314.399416000,6,rover_s102_2x2_n1_1fps_1sp_aldrich.json,s102
1687805314.400857000,7,rover_s102_2x2_n1_1fps_1sp_aldrich.json,s102
1687805314.400997000,8,rover_s102_2x2_n1_1fps_1sp_aldrich.json,s102
1687805314.401096000,9,rover_s102_2x2_n1_1fps_1sp_aldrich.json,s102
1687805314.401601000,10,rover_s102_2x2_n1_1fps_1sp_aldrich.json,s102
1687805314.401722000,11,rover_s102_2x2_n1_1fps_1sp_aldrich.json,s102
1687805314.401824000,12,rover_s102_2x2_n1_1fps_1sp_aldrich.json,s102
1687805314.404127000,13,rover_s102_2x2_n1_1fps_1sp_aldrich.json,s102
1687805315.427424000,0,rover_s102_2x2_n1_1fps_1sp_aldrich.json,s102
1687805315.427802000,1,rover_s102_2x2_n1_1fps_1sp_aldrich.json,s102
1687805315.430392000,2,rover_s102_2x2_n1_1fps_1sp_aldrich.json,s102
1687805315.430393000,3,rover_s102_2x2_n1_1fps_1sp_aldrich.json,s102
1687805315.430551000,4,rover_s102_2x2_n1_1fps_1sp_aldrich.json,s102
1687805315.430698000,5,rover_s102_2x2_n1_1fps_1sp_aldrich.json,s102
1687805315.430809000,6,rover_s102_2x2_n1_1fps_1sp_aldrich.json,s102
1687805316.450982000,0,rover_s102_2x2_n1_1fps_1sp_aldrich.json,s102
1687805316.451167000,1,rover_s102_2x2_n1_1fps_1sp_aldrich.json,s102
1687805316.451168000,2,rover_s102_2x2_n1_1fps_1sp_aldrich.json,s102
1687805316.451280000,3,rover_s102_2x2_n1_1fps_1sp_aldrich.json,s102
1687805316.451369000,4,rover_s102_2x2_n1_1fps_1sp_aldrich.json,s102
1687805316.451546000,5,rover_s102_2x2_n1_1fps_1sp_aldrich.json,s102
1687805316.451652000,6,rover_s102_2x2_n1_1fps_1sp_aldrich.json,s102
1687805316.452243000,7,rover_s102_2x2_n1_1fps_1sp_aldrich.json,s102
1687805316.452388000,8,rover_s102_2x2_n1_1fps_1sp_aldrich.json,s102
1687805316.452936000,9,rover_s102_2x2_n1_1fps_1sp_aldrich.json,s102
1687805316.453053000,10,rover_s102_2x2_n1_1fps_1sp_aldrich.json,s102
1687805317.481339000,0,rover_s102_2x2_n1_1fps_1sp_aldrich.json,s102
1687805317.483712000,1,rover_s102_2x2_n1_1fps_1sp_aldrich.json,s102
1687805317.483805000,2,rover_s102_2x2_n1_1fps_1sp_aldrich.json,s102
1687805317.483807000,3,rover_s102_2x2_n1_1fps_1sp_aldrich.json,s102
1687805317.483900000,4,rover_s102_2x2_n1_1fps_1sp_aldrich.json,s102
1687805317.483969000,5,rover_s102_2x2_n1_1fps_1sp_aldrich.json,s102
1687805317.484061000,6,rover_s102_2x2_n1_1fps_1sp_aldrich.json,s102
1687805317.484063000,7,rover_s102_2x2_n1_1fps_1sp_aldrich.json,s102
1687805317.484200000,8,rover_s102_2x2_n1_1fps_1sp_aldrich.json,s102
1687805317.484348000,9,rover_s102_2x2_n1_1fps_1sp_aldrich.json,s102
1687805317.484442000,10,rover_s102_2x2_n1_1fps_1sp_aldrich.json,s102
1687805317.485193000,11,rover_s102_2x2_n1_1fps_1sp_aldrich.json,s102
1687805317.485303000,12,rover_s102_2x2_n1_1fps_1sp_aldrich.json,s102
1687805317.485838000,13,rover_s102_2x2_n1_1fps_1sp_aldrich.json,s102
1687805317.485940000,14,rover_s102_2x2_n1_1fps_1sp_aldrich.json,s102
1687805317.486540000,15,rover_s102_2x2_n1_1fps_1sp_aldrich.json,s102
1687805317.486646000,16,rover_s102_2x2_n1_1fps_1sp_aldrich.json,s102
1687805318.509272000,0,rover_s102_2x2_n1_1fps_1sp_aldrich.json,s102
1687805318.509487000,1,rover_s102_2x2_n1_1fps_1sp_aldrich.json,s102
1687805318.509577000,2,rover_s102_2x2_n1_1fps_1sp_aldrich.json,s102
1687805318.511604000,3,rover_s102_2x2_n1_1fps_1sp_aldrich.json,s102
1687805318.511720000,4,rover_s102_2x2_n1_1fps_1sp_aldrich.json,s102
1687805318.511830000,5,rover_s102_2x2_n1_1fps_1sp_aldrich.json,s102
1687805318.512649000,6,rover_s102_2x2_n1_1fps_1sp_aldrich.json,s102
1687805318.512738000,7,rover_s102_2x2_n1_1fps_1sp_aldrich.json,s102
1687805318.512832000,8,rover_s102_2x2_n1_1fps_1sp_aldrich.json,s102
1687805318.512833000,9,rover_s102_2x2_n1_1fps_1sp_aldrich.json,s102
1687805319.534724000,0,rover_s102_2x2_n1_1fps_1sp_aldrich.json,s102
1687805319.536013000,1,rover_s102_2x2_n1_1fps_1sp_aldrich.json,s102
1687805319.540061000,2,rover_s102_2x2_n1_1fps_1sp_aldrich.json,s102
1687805319.540062000,3,rover_s102_2x2_n1_1fps_1sp_aldrich.json,s102
1687805319.540242000,4,rover_s102_2x2_n1_1fps_1sp_aldrich.json,s102
1687805319.540359000,5,rover_s102_2x2_n1_1fps_1sp_aldrich.json,s102
1687805319.540471000,6,rover_s102_2x2_n1_1fps_1sp_aldrich.json,s102
1687805319.542879000,7,rover_s102_2x2_n1_1fps_1sp_aldrich.json,s102
1687805319.543004000,8,rover_s102_2x2_n1_1fps_1sp_aldrich.json,s102
1687805320.562498000,0,rover_s102_2x2_n1_1fps_1sp_aldrich.json,s102
1687805320.562701000,1,rover_s102_2x2_n1_1fps_1sp_aldrich.json,s102
1687805320.563985000,2,rover_s102_2x2_n1_1fps_1sp_aldrich.json,s102
1687805320.564105000,3,rover_s102_2x2_n1_1fps_1sp_aldrich.json,s102
1687805320.564217000,4,rover_s102_2x2_n1_1fps_1sp_aldrich.json,s102
1687805320.564302000,5,rover_s102_2x2_n1_1fps_1sp_aldrich.json,s102
1687805320.565055000,6,rover_s102_2x2_n1_1fps_1sp_aldrich.json,s102
1687805320.565177000,7,rover_s102_2x2_n1_1fps_1sp_aldrich.json,s102
1687805321.589299000,0,rover_s102_2x2_n1_1fps_1sp_aldrich.json,s102
1687805321.590336000,1,rover_s102_2x2_n1_1fps_1sp_aldrich.json,s102
1687805321.593465000,2,rover_s102_2x2_n1_1fps_1sp_aldrich.json,s102
1687805321.593599000,3,rover_s102_2x2_n1_1fps_1sp_aldrich.json,s102
1687805321.593600000,4,rover_s102_2x2_n1_1fps_1sp_aldrich.json,s102
1687805321.593795000,5,rover_s102_2x2_n1_1fps_1sp_aldrich.json,s102
1687805321.593796000,6,rover_s102_2x2_n1_1fps_1sp_aldrich.json,s102
1687805321.595135000,7,rover_s102_2x2_n1_1fps_1sp_aldrich.json,s102
1687805321.595136000,8,rover_s102_2x2_n1_1fps_1sp_aldrich.json,s102
1687805321.595321000,9,rover_s102_2x2_n1_1fps_1sp_aldrich.json,s102
1687805322.617726000,0,rover_s102_2x2_n1_1fps_1sp_aldrich.json,s102
1687805322.617929000,1,rover_s102_2x2_n1_1fps_1sp_aldrich.json,s102
1687805322.618026000,2,rover_s102_2x2_n1_1fps_1sp_aldrich.json,s102
1687805322.618144000,3,rover_s102_2x2_n1_1fps_1sp_aldrich.json,s102
1687805322.618241000,4,rover_s102_2x2_n1_1fps_1sp_aldrich.json,s102
1687805322.618724000,5,rover_s102_2x2_n1_1fps_1sp_aldrich.json,s102
1687805322.618811000,6,rover_s102_2x2_n1_1fps_1sp_aldrich.json,s102
1687805322.621522000,7,rover_s102_2x2_n1_1fps_1sp_aldrich.json,s102
1687805322.621661000,8,rover_s102_2x2_n1_1fps_1sp_aldrich.json,s102
1687805323.647421000,0,rover_s102_2x2_n1_1fps_1sp_aldrich.json,s102
1687805323.647773000,1,rover_s102_2x2_n1_1fps_1sp_aldrich.json,s102
1687805323.650089000,2,rover_s102_2x2_n1_1fps_1sp_aldrich.json,s102
1687805323.650091000,3,rover_s102_2x2_n1_1fps_1sp_aldrich.json,s102
1687805323.650252000,4,rover_s102_2x2_n1_1fps_1sp_aldrich.json,s102
1687805323.650362000,5,rover_s102_2x2_n1_1fps_1sp_aldrich.json,s102
1687805323.650544000,6,rover_s102_2x2_n1_1fps_1sp_aldrich.json,s102
1687805323.650628000,7,rover_s102_2x2_n1_1fps_1sp_aldrich.json,s102
1687805323.651139000,8,rover_s102_2x2_n1_1fps_1sp_aldrich.json,s102
1687805323.651240000,9,rover_s102_2x2_n1_1fps_1sp_aldrich.json,s102
1687805323.658678000,10,rover_s102_2x2_n1_1fps_1sp_aldrich.json,s102
1687805324.683027000,0,rover_s102_2x2_n1_1fps_1sp_aldrich.json,s102
1687805324.683231000,1,rover_s102_2x2_n1_1fps_1sp_aldrich.json,s102
1687805324.683544000,2,rover_s102_2x2_n1_1fps_1sp_aldrich.json,s102
1687805324.683546000,3,rover_s102_2x2_n1_1fps_1sp_aldrich.json,s102
1687805324.683682000,4,rover_s102_2x2_n1_1fps_1sp_aldrich.json,s102
1687805324.684224000,5,rover_s102_2x2_n1_1fps_1sp_aldrich.json,s102
1687805324.684336000,6,rover_s102_2x2_n1_1fps_1sp_aldrich.json,s102
1687805324.684690000,7,rover_s102_2x2_n1_1fps_1sp_aldrich.json,s102
1687805325.708802000,0,rover_s102_2x2_n1_1fps_1sp_aldrich.json,s102
1687805325.709206000,1,rover_s102_2x2_n1_1fps_1sp_aldrich.json,s102
1687805325.710347000,2,rover_s102_2x2_n1_1fps_1sp_aldrich.json,s102
1687805325.710349000,3,rover_s102_2x2_n1_1fps_1sp_aldrich.json,s102
1687805325.710469000,4,rover_s102_2x2_n1_1fps_1sp_aldrich.json,s102
1687805325.710571000,5,rover_s102_2x2_n1_1fps_1sp_aldrich.json,s102
1687805325.710695000,6,rover_s102_2x2_n1_1fps_1sp_aldrich.json,s102
1687805325.710785000,7,rover_s102_2x2_n1_1fps_1sp_aldrich.json,s102
1687805325.711404000,8,rover_s102_2x2_n1_1fps_1sp_aldrich.json,s102
1687805325.711511000,9,rover_s102_2x2_n1_1fps_1sp_aldrich.json,s102
1687805325.713910000,10,rover_s102_2x2_n1_1fps_1sp_aldrich.json,s102
1687805326.735964000,0,rover_s102_2x2_n1_1fps_1sp_aldrich.json,s102
1687805326.736176000,1,rover_s102_2x2_n1_1fps_1sp_aldrich.json,s102
1687805326.736266000,2,rover_s102_2x2_n1_1fps_1sp_aldrich.json,s102
1687805326.736664000,3,rover_s102_2x2_n1_1fps_1sp_aldrich.json,s102
1687805326.736771000,4,rover_s102_2x2_n1_1fps_1sp_aldrich.json,s102
1687805326.737607000,5,rover_s102_2x2_n1_1fps_1sp_aldrich.json,s102
1687805326.737732000,6,rover_s102_2x2_n1_1fps_1sp_aldrich.json,s102
1687805326.737733000,7,rover_s102_2x2_n1_1fps_1sp_aldrich.json,s102
1687805326.741222000,8,rover_s102_2x2_n1_1fps_1sp_aldrich.json,s102
1687805326.741352000,9,rover_s102_2x2_n1_1fps_1sp_aldrich.json,s102
1687805327.763896000,0,rover_s102_2x2_n1_1fps_1sp_aldrich.json,s102
1687805327.764292000,1,rover_s102_2x2_n1_1fps_1sp_aldrich.json,s102
1687805327.765598000,2,rover_s102_2x2_n1_1fps_1sp_aldrich.json,s102
1687805327.765600000,3,rover_s102_2x2_n1_1fps_1sp_aldrich.json,s102
1687805327.765730000,4,rover_s102_2x2_n1_1fps_1sp_aldrich.json,s102
1687805327.765836000,5,rover_s102_2x2_n1_1fps_1sp_aldrich.json,s102
1687805327.766873000,6,rover_s102_2x2_n1_1fps_1sp_aldrich.json,s102
1687805328.784611000,0,rover_s102_2x2_n1_1fps_1sp_aldrich.json,s102
1687805328.784830000,1,rover_s102_2x2_n1_1fps_1sp_aldrich.json,s102
1687805328.785285000,2,rover_s102_2x2_n1_1fps_1sp_aldrich.json,s102
1687805328.785287000,3,rover_s102_2x2_n1_1fps_1sp_aldrich.json,s102
1687805328.786042000,4,rover_s102_2x2_n1_1fps_1sp_aldrich.json,s102
1687805328.786154000,5,rover_s102_2x2_n1_1fps_1sp_aldrich.json,s102
1687805328.786242000,6,rover_s102_2x2_n1_1fps_1sp_aldrich.json,s102
1687805329.806327000,0,rover_s102_2x2_n1_1fps_1sp_aldrich.json,s102
1687805329.806695000,1,rover_s102_2x2_n1_1fps_1sp_aldrich.json,s102
1687805329.809192000,2,rover_s102_2x2_n1_1fps_1sp_aldrich.json,s102
1687805329.809193000,3,rover_s102_2x2_n1_1fps_1sp_aldrich.json,s102
1687805329.809350000,4,rover_s102_2x2_n1_1fps_1sp_aldrich.json,s102
1687805329.809504000,5,rover_s102_2x2_n1_1fps_1sp_aldrich.json,s102
1687805329.809629000,6,rover_s102_2x2_n1_1fps_1sp_aldrich.json,s102
1687805329.809701000,7,rover_s102_2x2_n1_1fps_1sp_aldrich.json,s102
1687805330.829961000,0,rover_s102_2x2_n1_1fps_1sp_aldrich.json,s102
1687805330.830165000,1,rover_s102_2x2_n1_1fps_1sp_aldrich.json,s102
1687805330.830575000,2,rover_s102_2x2_n1_1fps_1sp_aldrich.json,s102
1687805330.830576000,3,rover_s102_2x2_n1_1fps_1sp_aldrich.json,s102
1687805330.830709000,4,rover_s102_2x2_n1_1fps_1sp_aldrich.json,s102
1687805330.831315000,5,rover_s102_2x2_n1_1fps_1sp_aldrich.json,s102
1687805330.831418000,6,rover_s102_2x2_n1_1fps_1sp_aldrich.json,s102
1687805330.831788000,7,rover_s102_2x2_n1_1fps_1sp_aldrich.json,s102
1687805331.850459000,0,rover_s102_2x2_n1_1fps_1sp_aldrich.json,s102
1687805331.850807000,1,rover_s102_2x2_n1_1fps_1sp_aldrich.json,s102
1687805331.852247000,2,rover_s102_2x2_n1_1fps_1sp_aldrich.json,s102
1687805331.852356000,3,rover_s102_2x2_n1_1fps_1sp_aldrich.json,s102
1687805331.852468000,4,rover_s102_2x2_n1_1fps_1sp_aldrich.json,s102
1687805331.852618000,5,rover_s102_2x2_n1_1fps_1sp_aldrich.json,s102
1687805331.852893000,6,rover_s102_2x2_n1_1fps_1sp_aldrich.json,s102
1687805331.852983000,7,rover_s102_2x2_n1_1fps_1sp_aldrich.json,s102
1687805332.876746000,0,rover_s102_2x2_n1_1fps_1sp_aldrich.json,s102
1687805332.876951000,1,rover_s102_2x2_n1_1fps_1sp_aldrich.json,s102
1687805332.877042000,2,rover_s102_2x2_n1_1fps_1sp_aldrich.json,s102
1687805332.877275000,3,rover_s102_2x2_n1_1fps_1sp_aldrich.json,s102
1687805332.877370000,4,rover_s102_2x2_n1_1fps_1sp_aldrich.json,s102
1687805332.880535000,5,rover_s102_2x2_n1_1fps_1sp_aldrich.json,s102
1687805332.880666000,6,rover_s102_2x2_n1_1fps_1sp_aldrich.json,s102
1687805332.883924000,7,rover_s102_2x2_n1_1fps_1sp_aldrich.json,s102
1687805332.884060000,8,rover_s102_2x2_n1_1fps_1sp_aldrich.json,s102
1687805332.884207000,9,rover_s102_2x2_n1_1fps_1sp_aldrich.json,s102
1687805332.884361000,10,rover_s102_2x2_n1_1fps_1sp_aldrich.json,s102
1687805332.884438000,11,rover_s102_2x2_n1_1fps_1sp_aldrich.json,s102
1687805333.902491000,0,rover_s102_2x2_n1_1fps_1sp_aldrich.json,s102
1687805333.903467000,1,rover_s102_2x2_n1_1fps_1sp_aldrich.json,s102
1687805333.903568000,2,rover_s102_2x2_n1_1fps_1sp_aldrich.json,s102
1687805333.903570000,3,rover_s102_2x2_n1_1fps_1sp_aldrich.json,s102
1687805333.903723000,4,rover_s102_2x2_n1_1fps_1sp_aldrich.json,s102
1687805333.903845000,5,rover_s102_2x2_n1_1fps_1sp_aldrich.json,s102
1687805333.905453000,6,rover_s102_2x2_n1_1fps_1sp_aldrich.json,s102
1687805333.905454000,7,rover_s102_2x2_n1_1fps_1sp_aldrich.json,s102
1687805333.905594000,8,rover_s102_2x2_n1_1fps_1sp_aldrich.json,s102
1687805333.905699000,9,rover_s102_2x2_n1_1fps_1sp_aldrich.json,s102
1687805334.933276000,0,rover_s102_2x2_n1_1fps_1sp_aldrich.json,s102
1687805334.933480000,1,rover_s102_2x2_n1_1fps_1sp_aldrich.json,s102
1687805334.933592000,2,rover_s102_2x2_n1_1fps_1sp_aldrich.json,s102
1687805334.933707000,3,rover_s102_2x2_n1_1fps_1sp_aldrich.json,s102
1687805334.933800000,4,rover_s102_2x2_n1_1fps_1sp_aldrich.json,s102
1687805334.934296000,5,rover_s102_2x2_n1_1fps_1sp_aldrich.json,s102
1687805334.934397000,6,rover_s102_2x2_n1_1fps_1sp_aldrich.json,s102
1687805334.935656000,7,rover_s102_2x2_n1_1fps_1sp_aldrich.json,s102
1687805334.935769000,8,rover_s102_2x2_n1_1fps_1sp_aldrich.json,s102
1687805335.960419000,0,rover_s102_2x2_n1_1fps_1sp_aldrich.json,s102
1687805335.960793000,1,rover_s102_2x2_n1_1fps_1sp_aldrich.json,s102
1687805335.962423000,2,rover_s102_2x2_n1_1fps_1sp_aldrich.json,s102
1687805335.964371000,3,rover_s102_2x2_n1_1fps_1sp_aldrich.json,s102
1687805335.964460000,4,rover_s102_2x2_n1_1fps_1sp_aldrich.json,s102
1687805335.964462000,5,rover_s102_2x2_n1_1fps_1sp_aldrich.json,s102
1687805335.964557000,6,rover_s102_2x2_n1_1fps_1sp_aldrich.json,s102
1687805335.964680000,7,rover_s102_2x2_n1_1fps_1sp_aldrich.json,s102
1687805335.965065000,8,rover_s102_2x2_n1_1fps_1sp_aldrich.json,s102
1687805335.965140000,9,rover_s102_2x2_n1_1fps_1sp_aldrich.json,s102
1687805336.986590000,0,rover_s102_2x2_n1_1fps_1sp_aldrich.json,s102
1687805336.986794000,1,rover_s102_2x2_n1_1fps_1sp_aldrich.json,s102
1687805336.987304000,2,rover_s102_2x2_n1_1fps_1sp_aldrich.json,s102
1687805336.987802000,3,rover_s102_2x2_n1_1fps_1sp_aldrich.json,s102
1687805336.987897000,4,rover_s102_2x2_n1_1fps_1sp_aldrich.json,s102
1687805336.987899000,5,rover_s102_2x2_n1_1fps_1sp_aldrich.json,s102
1687805336.988434000,6,rover_s102_2x2_n1_1fps_1sp_aldrich.json,s102
1687805336.988591000,7,rover_s102_2x2_n1_1fps_1sp_aldrich.json,s102
1687805338.010145000,0,rover_s102_2x2_n1_1fps_1sp_aldrich.json,s102
1687805338.013520000,1,rover_s102_2x2_n1_1fps_1sp_aldrich.json,s102
1687805338.013521000,2,rover_s102_2x2_n1_1fps_1sp_aldrich.json,s102
1687805338.013653000,3,rover_s102_2x2_n1_1fps_1sp_aldrich.json,s102
1687805338.013733000,4,rover_s102_2x2_n1_1fps_1sp_aldrich.json,s102
1687805338.013802000,5,rover_s102_2x2_n1_1fps_1sp_aldrich.json,s102
1687805338.013804000,6,rover_s102_2x2_n1_1fps_1sp_aldrich.json,s102
1687805338.013917000,7,rover_s102_2x2_n1_1fps_1sp_aldrich.json,s102
1687805338.014028000,8,rover_s102_2x2_n1_1fps_1sp_aldrich.json,s102
1687805338.015097000,9,rover_s102_2x2_n1_1fps_1sp_aldrich.json,s102
1687805338.015099000,10,rover_s102_2x2_n1_1fps_1sp_aldrich.json,s102
1687805339.033225000,0,rover_s102_2x2_n1_1fps_1sp_aldrich.json,s102
1687805339.033440000,1,rover_s102_2x2_n1_1fps_1sp_aldrich.json,s102
1687805339.033848000,2,rover_s102_2x2_n1_1fps_1sp_aldrich.json,s102
1687805339.033944000,3,rover_s102_2x2_n1_1fps_1sp_aldrich.json,s102
1687805339.034424000,4,rover_s102_2x2_n1_1fps_1sp_aldrich.json,s102
1687805339.034538000,5,rover_s102_2x2_n1_1fps_1sp_aldrich.json,s102
1687805339.034904000,6,rover_s102_2x2_n1_1fps_1sp_aldrich.json,s102
1687805340.055899000,0,rover_s102_2x2_n1_1fps_1sp_aldrich.json,s102
1687805340.056268000,1,rover_s102_2x2_n1_1fps_1sp_aldrich.json,s102
1687805340.057509000,2,rover_s102_2x2_n1_1fps_1sp_aldrich.json,s102
1687805340.057510000,3,rover_s102_2x2_n1_1fps_1sp_aldrich.json,s102
1687805340.057684000,4,rover_s102_2x2_n1_1fps_1sp_aldrich.json,s102
1687805340.057785000,5,rover_s102_2x2_n1_1fps_1sp_aldrich.json,s102
1687805340.058330000,6,rover_s102_2x2_n1_1fps_1sp_aldrich.json,s102
1687805340.058438000,7,rover_s102_2x2_n1_1fps_1sp_aldrich.json,s102
1687805340.058594000,8,rover_s102_2x2_n1_1fps_1sp_aldrich.json,s102
1687805340.059237000,9,rover_s102_2x2_n1_1fps_1sp_aldrich.json,s102
1687805341.080477000,0,rover_s102_2x2_n1_1fps_1sp_aldrich.json,s102
1687805341.080699000,1,rover_s102_2x2_n1_1fps_1sp_aldrich.json,s102
1687805341.081033000,2,rover_s102_2x2_n1_1fps_1sp_aldrich.json,s102
1687805341.081141000,3,rover_s102_2x2_n1_1fps_1sp_aldrich.json,s102
1687805341.081142000,4,rover_s102_2x2_n1_1fps_1sp_aldrich.json,s102
1687805341.081489000,5,rover_s102_2x2_n1_1fps_1sp_aldrich.json,s102
1687805341.082122000,6,rover_s102_2x2_n1_1fps_1sp_aldrich.json,s102
1687805341.082124000,7,rover_s102_2x2_n1_1fps_1sp_aldrich.json,s102
1687805341.082523000,8,rover_s102_2x2_n1_1fps_1sp_aldrich.json,s102
1687805341.082607000,9,rover_s102_2x2_n1_1fps_1sp_aldrich.json,s102
1687805342.103295000,0,rover_s102_2x2_n1_1fps_1sp_aldrich.json,s102
1687805342.103661000,1,rover_s102_2x2_n1_1fps_1sp_aldrich.json,s102
1687805342.105246000,2,rover_s102_2x2_n1_1fps_1sp_aldrich.json,s102
1687805342.105376000,3,rover_s102_2x2_n1_1fps_1sp_aldrich.json,s102
1687805342.105466000,4,rover_s102_2x2_n1_1fps_1sp_aldrich.json,s102
1687805342.105468000,5,rover_s102_2x2_n1_1fps_1sp_aldrich.json,s102
1687805342.106183000,6,rover_s102_2x2_n1_1fps_1sp_aldrich.json,s102
1687805342.106287000,7,rover_s102_2x2_n1_1fps_1sp_aldrich.json,s102
1687805342.106376000,8,rover_s102_2x2_n1_1fps_1sp_aldrich.json,s102
1687805342.107072000,9,rover_s102_2x2_n1_1fps_1sp_aldrich.json,s102
1687805342.107579000,10,rover_s102_2x2_n1_1fps_1sp_aldrich.json,s102
1687805342.107580000,11,rover_s102_2x2_n1_1fps_1sp_aldrich.json,s102
1687805342.108389000,12,rover_s102_2x2_n1_1fps_1sp_aldrich.json,s102
1687805342.108455000,13,rover_s102_2x2_n1_1fps_1sp_aldrich.json,s102
1687805342.108936000,14,rover_s102_2x2_n1_1fps_1sp_aldrich.json,s102
1687805342.108938000,15,rover_s102_2x2_n1_1fps_1sp_aldrich.json,s102
1687805342.109069000,16,rover_s102_2x2_n1_1fps_1sp_aldrich.json,s102
1687805343.132457000,0,rover_s102_2x2_n1_1fps_1sp_aldrich.json,s102
1687805343.132674000,1,rover_s102_2x2_n1_1fps_1sp_aldrich.json,s102
1687805343.133446000,2,rover_s102_2x2_n1_1fps_1sp_aldrich.json,s102
1687805343.133533000,3,rover_s102_2x2_n1_1fps_1sp_aldrich.json,s102
1687805343.133534000,4,rover_s102_2x2_n1_1fps_1sp_aldrich.json,s102
1687805343.133687000,5,rover_s102_2x2_n1_1fps_1sp_aldrich.json,s102
1687805343.134274000,6,rover_s102_2x2_n1_1fps_1sp_aldrich.json,s102
1687805344.153591000,0,rover_s102_2x2_n1_1fps_1sp_aldrich.json,s102
1687805344.153967000,1,rover_s102_2x2_n1_1fps_1sp_aldrich.json,s102
1687805344.155173000,2,rover_s102_2x2_n1_1fps_1sp_aldrich.json,s102
1687805344.155175000,3,rover_s102_2x2_n1_1fps_1sp_aldrich.json,s102
1687805344.155322000,4,rover_s102_2x2_n1_1fps_1sp_aldrich.json,s102
1687805344.155430000,5,rover_s102_2x2_n1_1fps_1sp_aldrich.json,s102
1687805344.155546000,6,rover_s102_2x2_n1_1fps_1sp_aldrich.json,s102
1687805344.156207000,7,rover_s102_2x2_n1_1fps_1sp_aldrich.json,s102
1687805344.156307000,8,rover_s102_2x2_n1_1fps_1sp_aldrich.json,s102
1687805344.156396000,9,rover_s102_2x2_n1_1fps_1sp_aldrich.json,s102
1687805344.156659000,10,rover_s102_2x2_n1_1fps_1sp_aldrich.json,s102
1687805345.179068000,0,rover_s102_2x2_n1_1fps_1sp_aldrich.json,s102
1687805345.179280000,1,rover_s102_2x2_n1_1fps_1sp_aldrich.json,s102
1687805345.179627000,2,rover_s102_2x2_n1_1fps_1sp_aldrich.json,s102
1687805345.179628000,3,rover_s102_2x2_n1_1fps_1sp_aldrich.json,s102
1687805345.179755000,4,rover_s102_2x2_n1_1fps_1sp_aldrich.json,s102
1687805345.180397000,5,rover_s102_2x2_n1_1fps_1sp_aldrich.json,s102
1687805345.180511000,6,rover_s102_2x2_n1_1fps_1sp_aldrich.json,s102
1687805345.181088000,7,rover_s102_2x2_n1_1fps_1sp_aldrich.json,s102
1687805345.181192000,8,rover_s102_2x2_n1_1fps_1sp_aldrich.json,s102
1687805345.181867000,9,rover_s102_2x2_n1_1fps_1sp_aldrich.json,s102
1687805345.181980000,10,rover_s102_2x2_n1_1fps_1sp_aldrich.json,s102
1687805345.182067000,11,rover_s102_2x2_n1_1fps_1sp_aldrich.json,s102
1687805345.182767000,12,rover_s102_2x2_n1_1fps_1sp_aldrich.json,s102
1687805345.182873000,13,rover_s102_2x2_n1_1fps_1sp_aldrich.json,s102
1687805346.206096000,0,rover_s102_2x2_n1_1fps_1sp_aldrich.json,s102
1687805346.206494000,1,rover_s102_2x2_n1_1fps_1sp_aldrich.json,s102
1687805346.208035000,2,rover_s102_2x2_n1_1fps_1sp_aldrich.json,s102
1687805346.208036000,3,rover_s102_2x2_n1_1fps_1sp_aldrich.json,s102
1687805346.208183000,4,rover_s102_2x2_n1_1fps_1sp_aldrich.json,s102
1687805346.208318000,5,rover_s102_2x2_n1_1fps_1sp_aldrich.json,s102
1687805346.208440000,6,rover_s102_2x2_n1_1fps_1sp_aldrich.json,s102
1687805346.208586000,7,rover_s102_2x2_n1_1fps_1sp_aldrich.json,s102
1687805346.208994000,8,rover_s102_2x2_n1_1fps_1sp_aldrich.json,s102
1687805347.226521000,0,rover_s102_2x2_n1_1fps_1sp_aldrich.json,s102
1687805347.226745000,1,rover_s102_2x2_n1_1fps_1sp_aldrich.json,s102
1687805347.226954000,2,rover_s102_2x2_n1_1fps_1sp_aldrich.json,s102
1687805347.227044000,3,rover_s102_2x2_n1_1fps_1sp_aldrich.json,s102
1687805347.228305000,4,rover_s102_2x2_n1_1fps_1sp_aldrich.json,s102
1687805347.228425000,5,rover_s102_2x2_n1_1fps_1sp_aldrich.json,s102
1687805347.229396000,6,rover_s102_2x2_n1_1fps_1sp_aldrich.json,s102
1687805347.229498000,7,rover_s102_2x2_n1_1fps_1sp_aldrich.json,s102
1687805348.252096000,0,rover_s102_2x2_n1_1fps_1sp_aldrich.json,s102
1687805348.253129000,1,rover_s102_2x2_n1_1fps_1sp_aldrich.json,s102
1687805348.256435000,2,rover_s102_2x2_n1_1fps_1sp_aldrich.json,s102
1687805348.256436000,3,rover_s102_2x2_n1_1fps_1sp_aldrich.json,s102
1687805348.256580000,4,rover_s102_2x2_n1_1fps_1sp_aldrich.json,s102
1687805348.256703000,5,rover_s102_2x2_n1_1fps_1sp_aldrich.json,s102
1687805348.256822000,6,rover_s102_2x2_n1_1fps_1sp_aldrich.json,s102
1687805348.256903000,7,rover_s102_2x2_n1_1fps_1sp_aldrich.json,s102
1687805348.257696000,8,rover_s102_2x2_n1_1fps_1sp_aldrich.json,s102
1687805349.277491000,0,rover_s102_2x2_n1_1fps_1sp_aldrich.json,s102
1687805349.277696000,1,rover_s102_2x2_n1_1fps_1sp_aldrich.json,s102
1687805349.277784000,2,rover_s102_2x2_n1_1fps_1sp_aldrich.json,s102
1687805349.278984000,3,rover_s102_2x2_n1_1fps_1sp_aldrich.json,s102
1687805349.279087000,4,rover_s102_2x2_n1_1fps_1sp_aldrich.json,s102
1687805349.279205000,5,rover_s102_2x2_n1_1fps_1sp_aldrich.json,s102
1687805349.279326000,6,rover_s102_2x2_n1_1fps_1sp_aldrich.json,s102
1687805349.279414000,7,rover_s102_2x2_n1_1fps_1sp_aldrich.json,s102
1687805349.280960000,8,rover_s102_2x2_n1_1fps_1sp_aldrich.json,s102
1687805349.281094000,9,rover_s102_2x2_n1_1fps_1sp_aldrich.json,s102
1687805349.281523000,10,rover_s102_2x2_n1_1fps_1sp_aldrich.json,s102
1687805349.281619000,11,rover_s102_2x2_n1_1fps_1sp_aldrich.json,s102
1687805350.309811000,0,rover_s102_2x2_n1_1fps_1sp_aldrich.json,s102
1687805350.310700000,1,rover_s102_2x2_n1_1fps_1sp_aldrich.json,s102
1687805350.310828000,2,rover_s102_2x2_n1_1fps_1sp_aldrich.json,s102
1687805350.310830000,3,rover_s102_2x2_n1_1fps_1sp_aldrich.json,s102
1687805350.311034000,4,rover_s102_2x2_n1_1fps_1sp_aldrich.json,s102
1687805350.311136000,5,rover_s102_2x2_n1_1fps_1sp_aldrich.json,s102
1687805350.311777000,6,rover_s102_2x2_n1_1fps_1sp_aldrich.json,s102
1687805350.311779000,7,rover_s102_2x2_n1_1fps_1sp_aldrich.json,s102
1687805350.311912000,8,rover_s102_2x2_n1_1fps_1sp_aldrich.json,s102
1687805350.314161000,9,rover_s102_2x2_n1_1fps_1sp_aldrich.json,s102
1687805351.337175000,0,rover_s102_2x2_n1_1fps_1sp_aldrich.json,s102
1687805351.337377000,1,rover_s102_2x2_n1_1fps_1sp_aldrich.json,s102
1687805351.337480000,2,rover_s102_2x2_n1_1fps_1sp_aldrich.json,s102
1687805351.338594000,3,rover_s102_2x2_n1_1fps_1sp_aldrich.json,s102
1687805351.338690000,4,rover_s102_2x2_n1_1fps_1sp_aldrich.json,s102
1687805351.338692000,5,rover_s102_2x2_n1_1fps_1sp_aldrich.json,s102
1687805351.338833000,6,rover_s102_2x2_n1_1fps_1sp_aldrich.json,s102
1687805351.339374000,7,rover_s102_2x2_n1_1fps_1sp_aldrich.json,s102
1687805351.339499000,8,rover_s102_2x2_n1_1fps_1sp_aldrich.json,s102
1687805351.342158000,9,rover_s102_2x2_n1_1fps_1sp_aldrich.json,s102
1687805352.367084000,0,rover_s102_2x2_n1_1fps_1sp_aldrich.json,s102
1687805352.368021000,1,rover_s102_2x2_n1_1fps_1sp_aldrich.json,s102
1687805352.368153000,2,rover_s102_2x2_n1_1fps_1sp_aldrich.json,s102
1687805352.368155000,3,rover_s102_2x2_n1_1fps_1sp_aldrich.json,s102
1687805352.368284000,4,rover_s102_2x2_n1_1fps_1sp_aldrich.json,s102
1687805352.368407000,5,rover_s102_2x2_n1_1fps_1sp_aldrich.json,s102
1687805352.369107000,6,rover_s102_2x2_n1_1fps_1sp_aldrich.json,s102
1687805352.369109000,7,rover_s102_2x2_n1_1fps_1sp_aldrich.json,s102
1687805352.369255000,8,rover_s102_2x2_n1_1fps_1sp_aldrich.json,s102
1687805353.391066000,0,rover_s102_2x2_n1_1fps_1sp_aldrich.json,s102
1687805353.391278000,1,rover_s102_2x2_n1_1fps_1sp_aldrich.json,s102
1687805353.391398000,2,rover_s102_2x2_n1_1fps_1sp_aldrich.json,s102
1687805353.391484000,3,rover_s102_2x2_n1_1fps_1sp_aldrich.json,s102
1687805353.392543000,4,rover_s102_2x2_n1_1fps_1sp_aldrich.json,s102
1687805353.392635000,5,rover_s102_2x2_n1_1fps_1sp_aldrich.json,s102
1687805353.392723000,6,rover_s102_2x2_n1_1fps_1sp_aldrich.json,s102
1687805353.393289000,7,rover_s102_2x2_n1_1fps_1sp_aldrich.json,s102
1687805353.393396000,8,rover_s102_2x2_n1_1fps_1sp_aldrich.json,s102
1687805353.393505000,9,rover_s102_2x2_n1_1fps_1sp_aldrich.json,s102
1687805353.394262000,10,rover_s102_2x2_n1_1fps_1sp_aldrich.json,s102
1687805353.394263000,11,rover_s102_2x2_n1_1fps_1sp_aldrich.json,s102
1687805353.394400000,12,rover_s102_2x2_n1_1fps_1sp_aldrich.json,s102
1687805353.395272000,13,rover_s102_2x2_n1_1fps_1sp_aldrich.json,s102
1687805353.395388000,14,rover_s102_2x2_n1_1fps_1sp_aldrich.json,s102
1687805353.395844000,15,rover_s102_2x2_n1_1fps_1sp_aldrich.json,s102
1687805353.395846000,16,rover_s102_2x2_n1_1fps_1sp_aldrich.json,s102
1687805353.395999000,17,rover_s102_2x2_n1_1fps_1sp_aldrich.json,s102
1687805353.396499000,18,rover_s102_2x2_n1_1fps_1sp_aldrich.json,s102
1687805353.397730000,19,rover_s102_2x2_n1_1fps_1sp_aldrich.json,s102
1687805354.420872000,0,rover_s102_2x2_n1_1fps_1sp_aldrich.json,s102
1687805354.421359000,1,rover_s102_2x2_n1_1fps_1sp_aldrich.json,s102
1687805354.422768000,2,rover_s102_2x2_n1_1fps_1sp_aldrich.json,s102
1687805354.422769000,3,rover_s102_2x2_n1_1fps_1sp_aldrich.json,s102
1687805354.422894000,4,rover_s102_2x2_n1_1fps_1sp_aldrich.json,s102
1687805354.423013000,5,rover_s102_2x2_n1_1fps_1sp_aldrich.json,s102
1687805354.423127000,6,rover_s102_2x2_n1_1fps_1sp_aldrich.json,s102
1687805354.424487000,7,rover_s102_2x2_n1_1fps_1sp_aldrich.json,s102
1687805354.424644000,8,rover_s102_2x2_n1_1fps_1sp_aldrich.json,s102
1687805354.424646000,9,rover_s102_2x2_n1_1fps_1sp_aldrich.json,s102
1687805354.424807000,10,rover_s102_2x2_n1_1fps_1sp_aldrich.json,s102
1687805354.425366000,11,rover_s102_2x2_n1_1fps_1sp_aldrich.json,s102
1687805354.425465000,12,rover_s102_2x2_n1_1fps_1sp_aldrich.json,s102
1687805354.425561000,13,rover_s102_2x2_n1_1fps_1sp_aldrich.json,s102
1687805354.426951000,14,rover_s102_2x2_n1_1fps_1sp_aldrich.json,s102
1687805354.427072000,15,rover_s102_2x2_n1_1fps_1sp_aldrich.json,s102
1687805354.427180000,16,rover_s102_2x2_n1_1fps_1sp_aldrich.json,s102
1687805354.427285000,17,rover_s102_2x2_n1_1fps_1sp_aldrich.json,s102
1687805354.427814000,18,rover_s102_2x2_n1_1fps_1sp_aldrich.json,s102
1687805354.427916000,19,rover_s102_2x2_n1_1fps_1sp_aldrich.json,s102
1687805354.429199000,20,rover_s102_2x2_n1_1fps_1sp_aldrich.json,s102
1687805355.450493000,0,rover_s102_2x2_n1_1fps_1sp_aldrich.json,s102
1687805355.450942000,1,rover_s102_2x2_n1_1fps_1sp_aldrich.json,s102
1687805355.451345000,2,rover_s102_2x2_n1_1fps_1sp_aldrich.json,s102
1687805355.451438000,3,rover_s102_2x2_n1_1fps_1sp_aldrich.json,s102
1687805355.452660000,4,rover_s102_2x2_n1_1fps_1sp_aldrich.json,s102
1687805355.452785000,5,rover_s102_2x2_n1_1fps_1sp_aldrich.json,s102
1687805356.472731000,0,rover_s102_2x2_n1_1fps_1sp_aldrich.json,s102
1687805356.473450000,1,rover_s102_2x2_n1_1fps_1sp_aldrich.json,s102
1687805356.474483000,2,rover_s102_2x2_n1_1fps_1sp_aldrich.json,s102
1687805356.474588000,3,rover_s102_2x2_n1_1fps_1sp_aldrich.json,s102
1687805356.474708000,4,rover_s102_2x2_n1_1fps_1sp_aldrich.json,s102
1687805356.474830000,5,rover_s102_2x2_n1_1fps_1sp_aldrich.json,s102
1687805356.474831000,6,rover_s102_2x2_n1_1fps_1sp_aldrich.json,s102
1687805356.477187000,7,rover_s102_2x2_n1_1fps_1sp_aldrich.json,s102
1687805356.477306000,8,rover_s102_2x2_n1_1fps_1sp_aldrich.json,s102
1687805357.494186000,0,rover_s102_2x2_n1_1fps_1sp_aldrich.json,s102
1687805357.494402000,1,rover_s102_2x2_n1_1fps_1sp_aldrich.json,s102
1687805357.494494000,2,rover_s102_2x2_n1_1fps_1sp_aldrich.json,s102
1687805357.494834000,3,rover_s102_2x2_n1_1fps_1sp_aldrich.json,s102
1687805357.494932000,4,rover_s102_2x2_n1_1fps_1sp_aldrich.json,s102
1687805357.495022000,5,rover_s102_2x2_n1_1fps_1sp_aldrich.json,s102
1687805357.496092000,6,rover_s102_2x2_n1_1fps_1sp_aldrich.json,s102
1687805357.496186000,7,rover_s102_2x2_n1_1fps_1sp_aldrich.json,s102
1687805357.496270000,8,rover_s102_2x2_n1_1fps_1sp_aldrich.json,s102
1687805357.497864000,9,rover_s102_2x2_n1_1fps_1sp_aldrich.json,s102
1687805357.497993000,10,rover_s102_2x2_n1_1fps_1sp_aldrich.json,s102
1687805357.498101000,11,rover_s102_2x2_n1_1fps_1sp_aldrich.json,s102
1687805357.498201000,12,rover_s102_2x2_n1_1fps_1sp_aldrich.json,s102
1687805357.498283000,13,rover_s102_2x2_n1_1fps_1sp_aldrich.json,s102
1687805357.498845000,14,rover_s102_2x2_n1_1fps_1sp_aldrich.json,s102
1687805357.498954000,15,rover_s102_2x2_n1_1fps_1sp_aldrich.json,s102
1687805358.517839000,0,rover_s102_2x2_n1_1fps_1sp_aldrich.json,s102
1687805358.518196000,1,rover_s102_2x2_n1_1fps_1sp_aldrich.json,s102
1687805358.519543000,2,rover_s102_2x2_n1_1fps_1sp_aldrich.json,s102
1687805358.519544000,3,rover_s102_2x2_n1_1fps_1sp_aldrich.json,s102
1687805358.519683000,4,rover_s102_2x2_n1_1fps_1sp_aldrich.json,s102
1687805358.519812000,5,rover_s102_2x2_n1_1fps_1sp_aldrich.json,s102
1687805358.519939000,6,rover_s102_2x2_n1_1fps_1sp_aldrich.json,s102
1687805358.520027000,7,rover_s102_2x2_n1_1fps_1sp_aldrich.json,s102
1687805358.520587000,8,rover_s102_2x2_n1_1fps_1sp_aldrich.json,s102
1687805358.520723000,9,rover_s102_2x2_n1_1fps_1sp_aldrich.json,s102
1687805358.521918000,10,rover_s102_2x2_n1_1fps_1sp_aldrich.json,s102
1687805359.540964000,0,rover_s102_2x2_n1_1fps_1sp_aldrich.json,s102
1687805359.541166000,1,rover_s102_2x2_n1_1fps_1sp_aldrich.json,s102
1687805359.541252000,2,rover_s102_2x2_n1_1fps_1sp_aldrich.json,s102
1687805359.541624000,3,rover_s102_2x2_n1_1fps_1sp_aldrich.json,s102
1687805359.541719000,4,rover_s102_2x2_n1_1fps_1sp_aldrich.json,s102
1687805359.542174000,5,rover_s102_2x2_n1_1fps_1sp_aldrich.json,s102
1687805359.542287000,6,rover_s102_2x2_n1_1fps_1sp_aldrich.json,s102
1687805359.542867000,7,rover_s102_2x2_n1_1fps_1sp_aldrich.json,s102
1687805359.542978000,8,rover_s102_2x2_n1_1fps_1sp_aldrich.json,s102
1687805359.543655000,9,rover_s102_2x2_n1_1fps_1sp_aldrich.json,s102
1687805360.566282000,0,rover_s102_2x2_n1_1fps_1sp_aldrich.json,s102
1687805360.566616000,1,rover_s102_2x2_n1_1fps_1sp_aldrich.json,s102
1687805360.567552000,2,rover_s102_2x2_n1_1fps_1sp_aldrich.json,s102
1687805360.569616000,3,rover_s102_2x2_n1_1fps_1sp_aldrich.json,s102
1687805360.569715000,4,rover_s102_2x2_n1_1fps_1sp_aldrich.json,s102
1687805360.569716000,5,rover_s102_2x2_n1_1fps_1sp_aldrich.json,s102
1687805360.569813000,6,rover_s102_2x2_n1_1fps_1sp_aldrich.json,s102
1687805360.569918000,7,rover_s102_2x2_n1_1fps_1sp_aldrich.json,s102
1687805360.570039000,8,rover_s102_2x2_n1_1fps_1sp_aldrich.json,s102
1687805360.570041000,9,rover_s102_2x2_n1_1fps_1sp_aldrich.json,s102
1687805360.570743000,10,rover_s102_2x2_n1_1fps_1sp_aldrich.json,s102
1687805360.570850000,11,rover_s102_2x2_n1_1fps_1sp_aldrich.json,s102
1687805361.593721000,0,rover_s102_2x2_n1_1fps_1sp_aldrich.json,s102
1687805361.593926000,1,rover_s102_2x2_n1_1fps_1sp_aldrich.json,s102
1687805361.594034000,2,rover_s102_2x2_n1_1fps_1sp_aldrich.json,s102
1687805361.594434000,3,rover_s102_2x2_n1_1fps_1sp_aldrich.json,s102
1687805361.594537000,4,rover_s102_2x2_n1_1fps_1sp_aldrich.json,s102
1687805361.594635000,5,rover_s102_2x2_n1_1fps_1sp_aldrich.json,s102
1687805361.595244000,6,rover_s102_2x2_n1_1fps_1sp_aldrich.json,s102
1687805361.595352000,7,rover_s102_2x2_n1_1fps_1sp_aldrich.json,s102
1687805361.596458000,8,rover_s102_2x2_n1_1fps_1sp_aldrich.json,s102
1687805361.596460000,9,rover_s102_2x2_n1_1fps_1sp_aldrich.json,s102
1687805362.615488000,0,rover_s102_2x2_n1_1fps_1sp_aldrich.json,s102
1687805362.615863000,1,rover_s102_2x2_n1_1fps_1sp_aldrich.json,s102
1687805362.617062000,2,rover_s102_2x2_n1_1fps_1sp_aldrich.json,s102
1687805362.617063000,3,rover_s102_2x2_n1_1fps_1sp_aldrich.json,s102
1687805362.617198000,4,rover_s102_2x2_n1_1fps_1sp_aldrich.json,s102
1687805362.617308000,5,rover_s102_2x2_n1_1fps_1sp_aldrich.json,s102
1687805362.617423000,6,rover_s102_2x2_n1_1fps_1sp_aldrich.json,s102
1687805362.618015000,7,rover_s102_2x2_n1_1fps_1sp_aldrich.json,s102
1687805362.618117000,8,rover_s102_2x2_n1_1fps_1sp_aldrich.json,s102
1687805362.618210000,9,rover_s102_2x2_n1_1fps_1sp_aldrich.json,s102
1687805362.619249000,10,rover_s102_2x2_n1_1fps_1sp_aldrich.json,s102
1687805363.639277000,0,rover_s102_2x2_n1_1fps_1sp_aldrich.json,s102
1687805363.639476000,1,rover_s102_2x2_n1_1fps_1sp_aldrich.json,s102
1687805363.639576000,2,rover_s102_2x2_n1_1fps_1sp_aldrich.json,s102
1687805363.640014000,3,rover_s102_2x2_n1_1fps_1sp_aldrich.json,s102
1687805363.640139000,4,rover_s102_2x2_n1_1fps_1sp_aldrich.json,s102
1687805363.640141000,5,rover_s102_2x2_n1_1fps_1sp_aldrich.json,s102
1687805363.640602000,6,rover_s102_2x2_n1_1fps_1sp_aldrich.json,s102
1687805363.640604000,7,rover_s102_2x2_n1_1fps_1sp_aldrich.json,s102
1687805363.640760000,8,rover_s102_2x2_n1_1fps_1sp_aldrich.json,s102
1687805363.642148000,9,rover_s102_2x2_n1_1fps_1sp_aldrich.json,s102
1687805363.643398000,10,rover_s102_2x2_n1_1fps_1sp_aldrich.json,s102
1687805363.643500000,11,rover_s102_2x2_n1_1fps_1sp_aldrich.json,s102
1687805364.662402000,0,rover_s102_2x2_n1_1fps_1sp_aldrich.json,s102
1687805364.663681000,1,rover_s102_2x2_n1_1fps_1sp_aldrich.json,s102
1687805364.663827000,2,rover_s102_2x2_n1_1fps_1sp_aldrich.json,s102
1687805364.663829000,3,rover_s102_2x2_n1_1fps_1sp_aldrich.json,s102
1687805364.663973000,4,rover_s102_2x2_n1_1fps_1sp_aldrich.json,s102
1687805364.664093000,5,rover_s102_2x2_n1_1fps_1sp_aldrich.json,s102
1687805364.664696000,6,rover_s102_2x2_n1_1fps_1sp_aldrich.json,s102
1687805364.664697000,7,rover_s102_2x2_n1_1fps_1sp_aldrich.json,s102
1687805364.664829000,8,rover_s102_2x2_n1_1fps_1sp_aldrich.json,s102
1687805364.667174000,9,rover_s102_2x2_n1_1fps_1sp_aldrich.json,s102
1687805365.689076000,0,rover_s102_2x2_n1_1fps_1sp_aldrich.json,s102
1687805365.689269000,1,rover_s102_2x2_n1_1fps_1sp_aldrich.json,s102
1687805365.689375000,2,rover_s102_2x2_n1_1fps_1sp_aldrich.json,s102
1687805365.689377000,3,rover_s102_2x2_n1_1fps_1sp_aldrich.json,s102
1687805365.689486000,4,rover_s102_2x2_n1_1fps_1sp_aldrich.json,s102
1687805365.689630000,5,rover_s102_2x2_n1_1fps_1sp_aldrich.json,s102
1687805365.689946000,6,rover_s102_2x2_n1_1fps_1sp_aldrich.json,s102
1687805365.690063000,7,rover_s102_2x2_n1_1fps_1sp_aldrich.json,s102
1687805365.691449000,8,rover_s102_2x2_n1_1fps_1sp_aldrich.json,s102
1687805365.691565000,9,rover_s102_2x2_n1_1fps_1sp_aldrich.json,s102
1687805365.691807000,10,rover_s102_2x2_n1_1fps_1sp_aldrich.json,s102
1687805366.711490000,0,rover_s102_2x2_n1_1fps_1sp_aldrich.json,s102
1687805366.711855000,1,rover_s102_2x2_n1_1fps_1sp_aldrich.json,s102
1687805366.713151000,2,rover_s102_2x2_n1_1fps_1sp_aldrich.json,s102
1687805366.713152000,3,rover_s102_2x2_n1_1fps_1sp_aldrich.json,s102
1687805366.713277000,4,rover_s102_2x2_n1_1fps_1sp_aldrich.json,s102
1687805366.715511000,5,rover_s102_2x2_n1_1fps_1sp_aldrich.json,s102
1687805366.715512000,6,rover_s102_2x2_n1_1fps_1sp_aldrich.json,s102
1687805367.735415000,0,rover_s102_2x2_n1_1fps_1sp_aldrich.json,s102
1687805367.735992000,1,rover_s102_2x2_n1_1fps_1sp_aldrich.json,s102
1687805367.735994000,2,rover_s102_2x2_n1_1fps_1sp_aldrich.json,s102
1687805367.737715000,3,rover_s102_2x2_n1_1fps_1sp_aldrich.json,s102
1687805367.737824000,4,rover_s102_2x2_n1_1fps_1sp_aldrich.json,s102
1687805367.737826000,5,rover_s102_2x2_n1_1fps_1sp_aldrich.json,s102
1687805367.738049000,6,rover_s102_2x2_n1_1fps_1sp_aldrich.json,s102
1687805367.738152000,7,rover_s102_2x2_n1_1fps_1sp_aldrich.json,s102
1687805367.740325000,8,rover_s102_2x2_n1_1fps_1sp_aldrich.json,s102
1687805368.756188000,0,rover_s102_2x2_n1_1fps_1sp_aldrich.json,s102
1687805368.756562000,1,rover_s102_2x2_n1_1fps_1sp_aldrich.json,s102
1687805368.757776000,2,rover_s102_2x2_n1_1fps_1sp_aldrich.json,s102
1687805368.757778000,3,rover_s102_2x2_n1_1fps_1sp_aldrich.json,s102
1687805368.757906000,4,rover_s102_2x2_n1_1fps_1sp_aldrich.json,s102
1687805368.758008000,5,rover_s102_2x2_n1_1fps_1sp_aldrich.json,s102
1687805368.758648000,6,rover_s102_2x2_n1_1fps_1sp_aldrich.json,s102
1687805368.758939000,7,rover_s102_2x2_n1_1fps_1sp_aldrich.json,s102
1687805368.759018000,8,rover_s102_2x2_n1_1fps_1sp_aldrich.json,s102
1687805368.759019000,9,rover_s102_2x2_n1_1fps_1sp_aldrich.json,s102
1687805369.784586000,0,rover_s102_2x2_n1_1fps_1sp_aldrich.json,s102
1687805369.784790000,1,rover_s102_2x2_n1_1fps_1sp_aldrich.json,s102
1687805369.784895000,2,rover_s102_2x2_n1_1fps_1sp_aldrich.json,s102
1687805369.785024000,3,rover_s102_2x2_n1_1fps_1sp_aldrich.json,s102
1687805369.785119000,4,rover_s102_2x2_n1_1fps_1sp_aldrich.json,s102
1687805369.785928000,5,rover_s102_2x2_n1_1fps_1sp_aldrich.json,s102
1687805369.786028000,6,rover_s102_2x2_n1_1fps_1sp_aldrich.json,s102
1687805370.810116000,0,rover_s102_2x2_n1_1fps_1sp_aldrich.json,s102
1687805370.810527000,1,rover_s102_2x2_n1_1fps_1sp_aldrich.json,s102
1687805370.811730000,2,rover_s102_2x2_n1_1fps_1sp_aldrich.json,s102
1687805370.811732000,3,rover_s102_2x2_n1_1fps_1sp_aldrich.json,s102
1687805370.811854000,4,rover_s102_2x2_n1_1fps_1sp_aldrich.json,s102
1687805370.811976000,5,rover_s102_2x2_n1_1fps_1sp_aldrich.json,s102
1687805370.812096000,6,rover_s102_2x2_n1_1fps_1sp_aldrich.json,s102
1687805370.812196000,7,rover_s102_2x2_n1_1fps_1sp_aldrich.json,s102
1687805370.812770000,8,rover_s102_2x2_n1_1fps_1sp_aldrich.json,s102
1687805370.812874000,9,rover_s102_2x2_n1_1fps_1sp_aldrich.json,s102
1687805371.836918000,0,rover_s102_2x2_n1_1fps_1sp_aldrich.json,s102
1687805371.837121000,1,rover_s102_2x2_n1_1fps_1sp_aldrich.json,s102
1687805371.837207000,2,rover_s102_2x2_n1_1fps_1sp_aldrich.json,s102
1687805371.837556000,3,rover_s102_2x2_n1_1fps_1sp_aldrich.json,s102
1687805371.837652000,4,rover_s102_2x2_n1_1fps_1sp_aldrich.json,s102
1687805371.837750000,5,rover_s102_2x2_n1_1fps_1sp_aldrich.json,s102
1687805371.838269000,6,rover_s102_2x2_n1_1fps_1sp_aldrich.json,s102
1687805371.838377000,7,rover_s102_2x2_n1_1fps_1sp_aldrich.json,s102
1687805371.841506000,8,rover_s102_2x2_n1_1fps_1sp_aldrich.json,s102
1687805372.861547000,0,rover_s102_2x2_n1_1fps_1sp_aldrich.json,s102
1687805372.861922000,1,rover_s102_2x2_n1_1fps_1sp_aldrich.json,s102
1687805372.863165000,2,rover_s102_2x2_n1_1fps_1sp_aldrich.json,s102
1687805372.863167000,3,rover_s102_2x2_n1_1fps_1sp_aldrich.json,s102
1687805372.863309000,4,rover_s102_2x2_n1_1fps_1sp_aldrich.json,s102
1687805372.863430000,5,rover_s102_2x2_n1_1fps_1sp_aldrich.json,s102
1687805372.863537000,6,rover_s102_2x2_n1_1fps_1sp_aldrich.json,s102
1687805372.863630000,7,rover_s102_2x2_n1_1fps_1sp_aldrich.json,s102
1687805372.864173000,8,rover_s102_2x2_n1_1fps_1sp_aldrich.json,s102
1687805372.864281000,9,rover_s102_2x2_n1_1fps_1sp_aldrich.json,s102
1687805373.884918000,0,rover_s102_2x2_n1_1fps_1sp_aldrich.json,s102
1687805373.889165000,1,rover_s102_2x2_n1_1fps_1sp_aldrich.json,s102
1687805373.889167000,2,rover_s102_2x2_n1_1fps_1sp_aldrich.json,s102
1687805373.889304000,3,rover_s102_2x2_n1_1fps_1sp_aldrich.json,s102
1687805373.889397000,4,rover_s102_2x2_n1_1fps_1sp_aldrich.json,s102
1687805373.889466000,5,rover_s102_2x2_n1_1fps_1sp_aldrich.json,s102
1687805373.889468000,6,rover_s102_2x2_n1_1fps_1sp_aldrich.json,s102
1687805374.906586000,0,rover_s102_2x2_n1_1fps_1sp_aldrich.json,s102
1687805374.906967000,1,rover_s102_2x2_n1_1fps_1sp_aldrich.json,s102
1687805374.908245000,2,rover_s102_2x2_n1_1fps_1sp_aldrich.json,s102
1687805374.908247000,3,rover_s102_2x2_n1_1fps_1sp_aldrich.json,s102
1687805374.908391000,4,rover_s102_2x2_n1_1fps_1sp_aldrich.json,s102
1687805374.908561000,5,rover_s102_2x2_n1_1fps_1sp_aldrich.json,s102
1687805374.908724000,6,rover_s102_2x2_n1_1fps_1sp_aldrich.json,s102
1687805374.909261000,7,rover_s102_2x2_n1_1fps_1sp_aldrich.json,s102
1687805374.909369000,8,rover_s102_2x2_n1_1fps_1sp_aldrich.json,s102
1687805374.909476000,9,rover_s102_2x2_n1_1fps_1sp_aldrich.json,s102
1687805374.909927000,10,rover_s102_2x2_n1_1fps_1sp_aldrich.json,s102
1687805374.910036000,11,rover_s102_2x2_n1_1fps_1sp_aldrich.json,s102
1687805374.910400000,12,rover_s102_2x2_n1_1fps_1sp_aldrich.json,s102
1687805375.930366000,0,rover_s102_2x2_n1_1fps_1sp_aldrich.json,s102
1687805375.930570000,1,rover_s102_2x2_n1_1fps_1sp_aldrich.json,s102
1687805375.930673000,2,rover_s102_2x2_n1_1fps_1sp_aldrich.json,s102
1687805375.931078000,3,rover_s102_2x2_n1_1fps_1sp_aldrich.json,s102
1687805375.931170000,4,rover_s102_2x2_n1_1fps_1sp_aldrich.json,s102
1687805375.931172000,5,rover_s102_2x2_n1_1fps_1sp_aldrich.json,s102
1687805375.931811000,6,rover_s102_2x2_n1_1fps_1sp_aldrich.json,s102
1687805375.931924000,7,rover_s102_2x2_n1_1fps_1sp_aldrich.json,s102
1687805375.932556000,8,rover_s102_2x2_n1_1fps_1sp_aldrich.json,s102
1687805375.932672000,9,rover_s102_2x2_n1_1fps_1sp_aldrich.json,s102
1687805375.933556000,10,rover_s102_2x2_n1_1fps_1sp_aldrich.json,s102
1687805376.955663000,0,rover_s102_2x2_n1_1fps_1sp_aldrich.json,s102
1687805376.956009000,1,rover_s102_2x2_n1_1fps_1sp_aldrich.json,s102
1687805376.957239000,2,rover_s102_2x2_n1_1fps_1sp_aldrich.json,s102
1687805376.957240000,3,rover_s102_2x2_n1_1fps_1sp_aldrich.json,s102
1687805376.957386000,4,rover_s102_2x2_n1_1fps_1sp_aldrich.json,s102
1687805376.957502000,5,rover_s102_2x2_n1_1fps_1sp_aldrich.json,s102
1687805376.957618000,6,rover_s102_2x2_n1_1fps_1sp_aldrich.json,s102
1687805376.958280000,7,rover_s102_2x2_n1_1fps_1sp_aldrich.json,s102
1687805376.958282000,8,rover_s102_2x2_n1_1fps_1sp_aldrich.json,s102
1687805376.958417000,9,rover_s102_2x2_n1_1fps_1sp_aldrich.json,s102
1687805377.979599000,0,rover_s102_2x2_n1_1fps_1sp_aldrich.json,s102
1687805377.979820000,1,rover_s102_2x2_n1_1fps_1sp_aldrich.json,s102
1687805377.980208000,2,rover_s102_2x2_n1_1fps_1sp_aldrich.json,s102
1687805377.980309000,3,rover_s102_2x2_n1_1fps_1sp_aldrich.json,s102
1687805377.980937000,4,rover_s102_2x2_n1_1fps_1sp_aldrich.json,s102
1687805377.981050000,5,rover_s102_2x2_n1_1fps_1sp_aldrich.json,s102
1687805377.981345000,6,rover_s102_2x2_n1_1fps_1sp_aldrich.json,s102
1687805377.981440000,7,rover_s102_2x2_n1_1fps_1sp_aldrich.json,s102
1687805377.982854000,8,rover_s102_2x2_n1_1fps_1sp_aldrich.json,s102
1687805377.982971000,9,rover_s102_2x2_n1_1fps_1sp_aldrich.json,s102
1687805379.000507000,0,rover_s102_2x2_n1_1fps_1sp_aldrich.json,s102
1687805379.000875000,1,rover_s102_2x2_n1_1fps_1sp_aldrich.json,s102
1687805379.002084000,2,rover_s102_2x2_n1_1fps_1sp_aldrich.json,s102
1687805379.002085000,3,rover_s102_2x2_n1_1fps_1sp_aldrich.json,s102
1687805379.002212000,4,rover_s102_2x2_n1_1fps_1sp_aldrich.json,s102
1687805379.002337000,5,rover_s102_2x2_n1_1fps_1sp_aldrich.json,s102
1687805379.002450000,6,rover_s102_2x2_n1_1fps_1sp_aldrich.json,s102
1687805379.002552000,7,rover_s102_2x2_n1_1fps_1sp_aldrich.json,s102
1687805379.003040000,8,rover_s102_2x2_n1_1fps_1sp_aldrich.json,s102
1687805379.003146000,9,rover_s102_2x2_n1_1fps_1sp_aldrich.json,s102
1687805379.003506000,10,rover_s102_2x2_n1_1fps_1sp_aldrich.json,s102
1687805380.024392000,0,rover_s102_2x2_n1_1fps_1sp_aldrich.json,s102
1687805380.024591000,1,rover_s102_2x2_n1_1fps_1sp_aldrich.json,s102
1687805380.024682000,2,rover_s102_2x2_n1_1fps_1sp_aldrich.json,s102
1687805380.025005000,3,rover_s102_2x2_n1_1fps_1sp_aldrich.json,s102
1687805380.025108000,4,rover_s102_2x2_n1_1fps_1sp_aldrich.json,s102
1687805380.025675000,5,rover_s102_2x2_n1_1fps_1sp_aldrich.json,s102
1687805380.025770000,6,rover_s102_2x2_n1_1fps_1sp_aldrich.json,s102
1687805380.026016000,7,rover_s102_2x2_n1_1fps_1sp_aldrich.json,s102
1687805380.027398000,8,rover_s102_2x2_n1_1fps_1sp_aldrich.json,s102
1687805380.027516000,9,rover_s102_2x2_n1_1fps_1sp_aldrich.json,s102
1687805381.047613000,0,rover_s102_2x2_n1_1fps_1sp_aldrich.json,s102
1687805381.047978000,1,rover_s102_2x2_n1_1fps_1sp_aldrich.json,s102
1687805381.049364000,2,rover_s102_2x2_n1_1fps_1sp_aldrich.json,s102
1687805381.049365000,3,rover_s102_2x2_n1_1fps_1sp_aldrich.json,s102
1687805381.049496000,4,rover_s102_2x2_n1_1fps_1sp_aldrich.json,s102
1687805381.049612000,5,rover_s102_2x2_n1_1fps_1sp_aldrich.json,s102
1687805381.049711000,6,rover_s102_2x2_n1_1fps_1sp_aldrich.json,s102
1687805381.050409000,7,rover_s102_2x2_n1_1fps_1sp_aldrich.json,s102
1687805382.070219000,0,rover_s102_2x2_n1_1fps_1sp_aldrich.json,s102
1687805382.070423000,1,rover_s102_2x2_n1_1fps_1sp_aldrich.json,s102
1687805382.070816000,2,rover_s102_2x2_n1_1fps_1sp_aldrich.json,s102
1687805382.070817000,3,rover_s102_2x2_n1_1fps_1sp_aldrich.json,s102
1687805382.071243000,4,rover_s102_2x2_n1_1fps_1sp_aldrich.json,s102
1687805382.071327000,5,rover_s102_2x2_n1_1fps_1sp_aldrich.json,s102
1687805382.071946000,6,rover_s102_2x2_n1_1fps_1sp_aldrich.json,s102
1687805382.072265000,7,rover_s102_2x2_n1_1fps_1sp_aldrich.json,s102
1687805383.093328000,0,rover_s102_2x2_n1_1fps_1sp_aldrich.json,s102
1687805383.093695000,1,rover_s102_2x2_n1_1fps_1sp_aldrich.json,s102
1687805383.095375000,2,rover_s102_2x2_n1_1fps_1sp_aldrich.json,s102
1687805383.095377000,3,rover_s102_2x2_n1_1fps_1sp_aldrich.json,s102
1687805383.095504000,4,rover_s102_2x2_n1_1fps_1sp_aldrich.json,s102
1687805383.095612000,5,rover_s102_2x2_n1_1fps_1sp_aldrich.json,s102
1687805383.095720000,6,rover_s102_2x2_n1_1fps_1sp_aldrich.json,s102
1687805384.120388000,0,rover_s102_2x2_n1_1fps_1sp_aldrich.json,s102
1687805384.120598000,1,rover_s102_2x2_n1_1fps_1sp_aldrich.json,s102
1687805384.120921000,2,rover_s102_2x2_n1_1fps_1sp_aldrich.json,s102
1687805384.121020000,3,rover_s102_2x2_n1_1fps_1sp_aldrich.json,s102
1687805384.121584000,4,rover_s102_2x2_n1_1fps_1sp_aldrich.json,s102
1687805384.121686000,5,rover_s102_2x2_n1_1fps_1sp_aldrich.json,s102
1687805384.122056000,6,rover_s102_2x2_n1_1fps_1sp_aldrich.json,s102
1687805385.144815000,0,rover_s102_2x2_n1_1fps_1sp_aldrich.json,s102
1687805385.145172000,1,rover_s102_2x2_n1_1fps_1sp_aldrich.json,s102
1687805385.146519000,2,rover_s102_2x2_n1_1fps_1sp_aldrich.json,s102
1687805385.146520000,3,rover_s102_2x2_n1_1fps_1sp_aldrich.json,s102
1687805385.146667000,4,rover_s102_2x2_n1_1fps_1sp_aldrich.json,s102
1687805385.146773000,5,rover_s102_2x2_n1_1fps_1sp_aldrich.json,s102
1687805385.146875000,6,rover_s102_2x2_n1_1fps_1sp_aldrich.json,s102
1687805386.166382000,0,rover_s102_2x2_n1_1fps_1sp_aldrich.json,s102
1687805386.166597000,1,rover_s102_2x2_n1_1fps_1sp_aldrich.json,s102
1687805386.166979000,2,rover_s102_2x2_n1_1fps_1sp_aldrich.json,s102
1687805386.167087000,3,rover_s102_2x2_n1_1fps_1sp_aldrich.json,s102
1687805386.167088000,4,rover_s102_2x2_n1_1fps_1sp_aldrich.json,s102
1687805386.167582000,5,rover_s102_2x2_n1_1fps_1sp_aldrich.json,s102
1687805386.167985000,6,rover_s102_2x2_n1_1fps_1sp_aldrich.json,s102
1687805386.167987000,7,rover_s102_2x2_n1_1fps_1sp_aldrich.json,s102
1687805387.190572000,0,rover_s102_2x2_n1_1fps_1sp_aldrich.json,s102
1687805387.190959000,1,rover_s102_2x2_n1_1fps_1sp_aldrich.json,s102
1687805387.191527000,2,rover_s102_2x2_n1_1fps_1sp_aldrich.json,s102
1687805387.192348000,3,rover_s102_2x2_n1_1fps_1sp_aldrich.json,s102
1687805388.221774000,0,rover_s102_2x2_n1_1fps_1sp_aldrich.json,s102
1687805388.221987000,1,rover_s102_2x2_n1_1fps_1sp_aldrich.json,s102
1687805388.222453000,2,rover_s102_2x2_n1_1fps_1sp_aldrich.json,s102
1687805388.222728000,3,rover_s102_2x2_n1_1fps_1sp_aldrich.json,s102
1687805388.223554000,4,rover_s102_2x2_n1_1fps_1sp_aldrich.json,s102
1687805389.257830000,0,rover_s102_2x2_n1_1fps_1sp_aldrich.json,s102
1687805389.258176000,1,rover_s102_2x2_n1_1fps_1sp_aldrich.json,s102
1687805389.259167000,2,rover_s102_2x2_n1_1fps_1sp_aldrich.json,s102
1687805389.259168000,3,rover_s102_2x2_n1_1fps_1sp_aldrich.json,s102
1687805390.287330000,0,rover_s102_2x2_n1_1fps_1sp_aldrich.json,s102
1687805390.287646000,1,rover_s102_2x2_n1_1fps_1sp_aldrich.json,s102
1687805390.288429000,2,rover_s102_2x2_n1_1fps_1sp_aldrich.json,s102
1687805391.316974000,0,rover_s102_2x2_n1_1fps_1sp_aldrich.json,s102
1687805391.317343000,1,rover_s102_2x2_n1_1fps_1sp_aldrich.json,s102
1687805391.318392000,2,rover_s102_2x2_n1_1fps_1sp_aldrich.json,s102
1687805391.318668000,3,rover_s102_2x2_n1_1fps_1sp_aldrich.json,s102
